{"type":"FeatureCollection","features":[{"type":"Feature","properties":{"id":"TR-P-01","region_id":"TR-R-AKD"},"geometry":{"type":"Polygon","coordinates":[[[36.400914,38.259659],[36.392901,38.250656],[36.38822,38.248045],[36.380297,38.239492],[36.377146,38.23247],[36.376606,38.224907],[36.372464,38.210412],[36.372554,38.20555],[36.383358,38.193486],[36.383718,38.189074],[36.378766,38.178991],[36.372644,38.173139],[36.355988,38.150991],[36.345815,38.141807],[36.343924,38.134605],[36.334111,38.117499],[36.3315,38.114798],[36.323757,38.099492],[36.317815,38.09319],[36.307461,38.084637],[36.302509,38.073833],[36.297197,38.068791],[36.278381,38.057898],[36.273424,38.058066],[36.269924,38.054801],[36.263036,38.051541],[36.259013,38.044182],[36.255591,38.041114],[36.257075,38.030377],[36.254996,38.028012],[36.239003,38.024858],[36.233435,38.022206],[36.227252,38.00238],[36.220431,37.98728],[36.205687,37.958529],[36.203561,37.947234],[36.204949,37.94531],[36.212166,37.943699],[36.224908,37.943537],[36.236441,37.946037],[36.243941,37.945231],[36.25128,37.940795],[36.263055,37.935714],[36.264345,37.929585],[36.269829,37.915633],[36.273378,37.909746],[36.282975,37.898858],[36.28741,37.884503],[36.288539,37.873777],[36.292653,37.859018],[36.290798,37.854663],[36.291362,37.845872],[36.288781,37.836679],[36.282088,37.829582],[36.27241,37.817323],[36.26741,37.806113],[36.261038,37.799419],[36.252651,37.794661],[36.237395,37.789231],[36.217932,37.78009],[36.212878,37.770735],[36.20234,37.761703],[36.199759,37.758369],[36.193845,37.746326],[36.186963,37.741809],[36.180834,37.732884],[36.180404,37.725357],[36.182662,37.71697],[36.186748,37.713636],[36.190314,37.707925],[36.178778,37.708491],[36.166274,37.706775],[36.149029,37.700809],[36.132194,37.692881],[36.113815,37.68902],[36.103369,37.681282],[36.097179,37.675189],[36.089151,37.671417],[36.073869,37.668128],[36.065552,37.66455],[36.052102,37.652672],[36.048747,37.645765],[36.042968,37.639641],[36.037706,37.628082],[36.03969,37.621354],[36.038138,37.61385],[36.02934,37.603499],[36.017695,37.597979],[36.014417,37.594442],[36.012692,37.586248],[36.002083,37.574],[35.997511,37.570895],[35.9844,37.569773],[35.974998,37.567013],[35.969392,37.562355],[35.96413,37.553816],[35.959645,37.544414],[35.949553,37.535961],[35.935062,37.525179],[35.935234,37.52078],[35.940582,37.51224],[35.941962,37.502407],[35.943946,37.496801],[35.934027,37.476703],[35.932733,37.464196],[35.929283,37.457382],[35.927299,37.445219],[35.928334,37.422189],[35.927903,37.410544],[35.919967,37.397434],[35.914188,37.38415],[35.913498,37.371902],[35.901681,37.347319],[35.898662,37.339211],[35.895901,37.325496],[35.898144,37.315922],[35.901077,37.31135],[35.900953,37.307205],[35.90597,37.300706],[35.90375,37.288596],[35.904089,37.282328],[35.910209,37.27131],[35.915581,37.255952],[35.916027,37.24239],[35.912074,37.233592],[35.903523,37.230831],[35.898516,37.225014],[35.886853,37.205145],[35.879837,37.19047],[35.879527,37.185725],[35.881799,37.177662],[35.884839,37.175391],[35.894329,37.175656],[35.899427,37.177051],[35.896967,37.184103],[35.900291,37.185948],[35.924383,37.191979],[35.930423,37.195247],[35.945668,37.213091],[35.956701,37.209498],[35.960762,37.210318],[35.973134,37.220262],[35.978364,37.220061],[35.982971,37.215314],[35.986597,37.214911],[35.99472,37.221286],[35.99961,37.221593],[36.004878,37.213962],[36.011457,37.211129],[36.028021,37.210197],[36.038418,37.211349],[36.072811,37.2022],[36.074325,37.199987],[36.07311,37.190841],[36.0738,37.184113],[36.07863,37.173158],[36.084582,37.16367],[36.091741,37.156856],[36.093639,37.149869],[36.088291,37.139087],[36.087256,37.123216],[36.09131,37.106913],[36.090965,37.098633],[36.085161,37.069307],[36.078758,37.065003],[36.074662,37.065424],[36.062069,37.06137],[36.058446,37.05861],[36.055772,37.049984],[36.054737,37.04041],[36.049734,37.028248],[36.048354,37.015655],[36.056324,36.999576],[36.048678,36.996211],[36.034153,36.986692],[36.029217,36.981827],[36.014622,36.969981],[36.006936,36.966103],[36.000096,36.964622],[35.992411,36.960391],[35.982116,36.947394],[35.965382,36.938933],[35.962561,36.93489],[35.962937,36.924736],[35.961621,36.920036],[35.956638,36.912326],[35.956638,36.90819],[35.963991,36.901427],[35.959326,36.89664],[35.938906,36.886051],[35.925391,36.874015],[35.902987,36.848683],[35.87117,36.824027],[35.855041,36.813758],[35.844162,36.800632],[35.829399,36.790433],[35.830544,36.789334],[35.804307,36.778281],[35.799663,36.768719],[35.780336,36.757371],[35.672828,36.767986],[35.64809,36.760211],[35.641395,36.756821],[35.633209,36.748337],[35.62199,36.724162],[35.6152,36.716408],[35.613557,36.721641],[35.620258,36.738121],[35.614158,36.74094],[35.608105,36.735954],[35.598267,36.71962],[35.592483,36.715103],[35.587375,36.714732],[35.580135,36.717521],[35.57391,36.716664],[35.570343,36.71358],[35.578941,36.705554],[35.579689,36.701442],[35.576816,36.695397],[35.579532,36.691795],[35.585178,36.692867],[35.590424,36.696686],[35.596817,36.706958],[35.602925,36.710568],[35.605316,36.707878],[35.600808,36.700179],[35.602688,36.696098],[35.611885,36.70071],[35.616382,36.695319],[35.619442,36.69701],[35.621738,36.703269],[35.62128,36.714047],[35.62392,36.718936],[35.629235,36.721145],[35.633999,36.716225],[35.629658,36.697747],[35.63181,36.6939],[35.63681,36.696788],[35.64772,36.721641],[35.648114,36.725785],[35.645107,36.729607],[35.636753,36.731907],[35.636547,36.73672],[35.649662,36.736382],[35.660228,36.742404],[35.661804,36.738774],[35.653606,36.723866],[35.655334,36.716563],[35.661698,36.714211],[35.668785,36.714858],[35.694603,36.723805],[35.705963,36.724559],[35.717449,36.722107],[35.721885,36.718094],[35.691223,36.716141],[35.678001,36.712348],[35.660412,36.704079],[35.652645,36.69928],[35.633774,36.681098],[35.623508,36.668197],[35.609761,36.663697],[35.607983,36.6586],[35.612031,36.650444],[35.616929,36.648972],[35.624013,36.64962],[35.630674,36.653472],[35.654869,36.686943],[35.678295,36.705241],[35.686653,36.70959],[35.697963,36.711498],[35.706482,36.711953],[35.711391,36.710243],[35.711793,36.707501],[35.690769,36.699601],[35.66346,36.67891],[35.648689,36.664746],[35.644257,36.655212],[35.64063,36.619766],[35.637509,36.612797],[35.617158,36.596641],[35.596314,36.592174],[35.589658,36.588318],[35.579606,36.577487],[35.574029,36.568382],[35.568616,36.568692],[35.561105,36.578125],[35.555899,36.580281],[35.536584,36.579974],[35.522477,36.584175],[35.516366,36.587448],[35.480999,36.592226],[35.445229,36.595546],[35.433896,36.594764],[35.417336,36.589852],[35.413129,36.582462],[35.418172,36.577785],[35.413785,36.574214],[35.401471,36.569961],[35.385912,36.562165],[35.377415,36.555259],[35.367234,36.554276],[35.351258,36.54325],[35.348714,36.542946],[35.345795,36.550896],[35.299791,36.577094],[35.293178,36.572889],[35.282694,36.577853],[35.286677,36.583688],[35.185857,36.6322],[35.159128,36.639294],[35.156146,36.637257],[35.110154,36.658484],[35.098077,36.665523],[35.082129,36.673414],[35.07535,36.678804],[35.071942,36.684065],[35.025034,36.709821],[35.005582,36.717237],[34.983105,36.722483],[34.948117,36.72732],[34.937894,36.726758],[34.924943,36.723809],[34.911855,36.7181],[34.907258,36.718866],[34.904904,36.721786],[34.909494,36.726119],[34.925315,36.738508],[34.931296,36.741307],[34.949005,36.739329],[34.955046,36.739688],[34.959375,36.742225],[34.968271,36.756689],[34.971353,36.758912],[34.98175,36.760104],[34.993231,36.759972],[34.999201,36.757186],[35.002868,36.752146],[35.006593,36.750825],[35.009686,36.755914],[35.003389,36.76433],[35.006967,36.767234],[35.020236,36.757767],[35.02544,36.756449],[35.03036,36.762115],[35.024878,36.769531],[35.025431,36.775643],[35.028049,36.77774],[35.033552,36.777631],[35.036892,36.773444],[35.038909,36.765129],[35.042992,36.764506],[35.046505,36.767353],[35.048533,36.774883],[35.052311,36.779205],[35.065036,36.784641],[35.06875,36.787196],[35.072832,36.795786],[35.078281,36.797807],[35.081049,36.796517],[35.089779,36.786446],[35.095447,36.783206],[35.100635,36.784048],[35.116789,36.790683],[35.125303,36.791947],[35.130979,36.787902],[35.135665,36.787512],[35.146066,36.792479],[35.15101,36.796361],[35.151431,36.813933],[35.14618,36.831087],[35.141979,36.880097],[35.140054,36.89095],[35.139004,36.908628],[35.118874,36.922281],[35.096995,36.944336],[35.099445,36.961315],[35.09717,36.971642],[35.097345,36.981094],[35.107672,36.991071],[35.111698,37.000698],[35.121675,37.021353],[35.12395,37.03168],[35.12325,37.043407],[35.115374,37.049359],[35.102946,37.051809],[35.096119,37.054435],[35.073693,37.066731],[35.062534,37.071457],[35.053476,37.073426],[35.039823,37.073032],[35.012386,37.065418],[35.00976,37.075527],[35.00976,37.091543],[35.015143,37.100076],[35.01173,37.113991],[35.01383,37.122918],[35.01278,37.126725],[35.006478,37.128694],[35.001359,37.128432],[34.976547,37.130532],[34.971821,37.133026],[34.956987,37.13749],[34.953967,37.141822],[34.946616,37.148517],[34.940314,37.159676],[34.930862,37.168471],[34.927843,37.177004],[34.921542,37.183175],[34.919835,37.18685],[34.922592,37.197615],[34.928499,37.204704],[34.936376,37.20838],[34.943334,37.20838],[34.953967,37.210218],[34.967358,37.217176],[34.969458,37.223608],[34.969327,37.229253],[34.965388,37.235161],[34.966307,37.241199],[34.965651,37.248945],[34.962632,37.255115],[34.964469,37.268243],[34.967358,37.273756],[34.962106,37.27822],[34.947591,37.284257],[34.938774,37.283657],[34.92099,37.289322],[34.91038,37.294431],[34.895811,37.29568],[34.88032,37.294892],[34.855377,37.29673],[34.836605,37.292923],[34.822689,37.292923],[34.814025,37.292004],[34.806673,37.294892],[34.798534,37.296599],[34.787769,37.303425],[34.776086,37.316947],[34.756656,37.33572],[34.748648,37.356199],[34.751274,37.361188],[34.769259,37.380879],[34.777792,37.394532],[34.778449,37.402803],[34.775257,37.421315],[34.776086,37.432734],[34.774641,37.455576],[34.776479,37.459909],[34.782387,37.464241],[34.799978,37.47028],[34.805754,37.474087],[34.815338,37.476975],[34.82072,37.480782],[34.825052,37.489052],[34.826496,37.496929],[34.827284,37.510844],[34.830566,37.52883],[34.833979,37.535525],[34.842381,37.545371],[34.846451,37.548653],[34.845663,37.561386],[34.8433,37.570051],[34.841856,37.580816],[34.838574,37.596832],[34.847238,37.609434],[34.849732,37.622956],[34.853802,37.633852],[34.865355,37.656694],[34.8752,37.671266],[34.886359,37.680062],[34.894236,37.688726],[34.901325,37.693321],[34.908414,37.690958],[34.916553,37.686494],[34.92246,37.685575],[34.938214,37.685838],[34.950948,37.682819],[34.95738,37.667328],[34.9604,37.662471],[34.969852,37.651574],[34.985343,37.654463],[34.999783,37.659451],[35.009892,37.666278],[35.02254,37.670216],[35.034223,37.677436],[35.039212,37.683475],[35.063498,37.684919],[35.078557,37.687841],[35.081217,37.690192],[35.09041,37.702904],[35.103538,37.712094],[35.122048,37.720233],[35.143841,37.728766],[35.163007,37.735592],[35.187218,37.742579],[35.188606,37.742944],[35.20436,37.75594],[35.21263,37.758435],[35.22799,37.759222],[35.235079,37.757647],[35.24545,37.758172],[35.259497,37.760141],[35.274171,37.756835],[35.283106,37.753216],[35.289752,37.752109],[35.309911,37.746054],[35.322391,37.739555],[35.325049,37.736232],[35.324089,37.721907],[35.338046,37.710609],[35.341886,37.709353],[35.352593,37.713488],[35.357319,37.717402],[35.363744,37.719322],[35.381023,37.713119],[35.388629,37.711052],[35.402512,37.704627],[35.40613,37.704701],[35.413145,37.708762],[35.415582,37.718879],[35.421416,37.722645],[35.428948,37.719174],[35.433046,37.722646],[35.433093,37.730674],[35.451422,37.729427],[35.461422,37.730429],[35.469877,37.727495],[35.479425,37.717843],[35.478153,37.711919],[35.483304,37.706769],[35.491427,37.703181],[35.495783,37.694156],[35.501296,37.691008],[35.515993,37.687104],[35.524626,37.686198],[35.532996,37.697741],[35.540282,37.70355],[35.543137,37.709261],[35.546977,37.724226],[35.546878,37.733777],[35.533685,37.742441],[35.52443,37.745198],[35.521968,37.751992],[35.514092,37.752878],[35.507987,37.759081],[35.50848,37.76292],[35.514682,37.771782],[35.527302,37.77654],[35.537279,37.786518],[35.546337,37.793344],[35.561565,37.793607],[35.566816,37.79597],[35.572199,37.79597],[35.583488,37.792819],[35.593991,37.799252],[35.598848,37.806866],[35.598848,37.823538],[35.601342,37.830627],[35.599111,37.849006],[35.599361,37.854141],[35.602367,37.85906],[35.601091,37.864162],[35.594077,37.86899],[35.586151,37.885844],[35.5877,37.894589],[35.595079,37.903517],[35.59435,37.908345],[35.586789,37.920644],[35.578499,37.92611],[35.575674,37.933945],[35.575766,37.94187],[35.582325,37.947792],[35.588064,37.950616],[35.592528,37.959817],[35.598085,37.965283],[35.605009,37.967925],[35.611932,37.968836],[35.619949,37.971569],[35.635527,37.973027],[35.644182,37.974849],[35.646551,37.976671],[35.657847,37.980588],[35.668597,37.983321],[35.686088,37.979039],[35.691372,37.98733],[35.695289,38.000175],[35.706586,38.009649],[35.711779,38.01803],[35.715331,38.021492],[35.730819,38.027232],[35.737833,38.034975],[35.746032,38.037526],[35.751954,38.041534],[35.768261,38.043356],[35.773271,38.049187],[35.777644,38.062032],[35.786299,38.070504],[35.789943,38.080525],[35.794771,38.082985],[35.809165,38.087267],[35.822739,38.086356],[35.828387,38.084807],[35.839046,38.079523],[35.851618,38.077155],[35.884232,38.084716],[35.892431,38.08754],[35.899628,38.09164],[35.909649,38.10075],[35.919579,38.108129],[35.94117,38.116237],[35.954926,38.126349],[35.967224,38.134275],[35.980616,38.144569],[35.992004,38.151857],[35.993461,38.156776],[35.991913,38.167709],[36.005669,38.189482],[36.005578,38.192579],[35.997925,38.196496],[35.993188,38.210617],[35.989999,38.214808],[35.989453,38.21918],[35.991548,38.225193],[36.000658,38.22993],[36.0074,38.234667],[36.020154,38.241136],[36.028171,38.247148],[36.03391,38.255074],[36.041289,38.263273],[36.044569,38.264822],[36.055501,38.27548],[36.068892,38.289692],[36.073994,38.295978],[36.084015,38.304815],[36.097407,38.313378],[36.109705,38.330141],[36.124282,38.33998],[36.137036,38.341893],[36.156531,38.353098],[36.172383,38.357289],[36.178577,38.357471],[36.196433,38.361024],[36.211191,38.369314],[36.227316,38.370589],[36.236791,38.373778],[36.242439,38.378424],[36.251185,38.387625],[36.263483,38.394458],[36.272411,38.400744],[36.281885,38.402475],[36.289902,38.400106],[36.292453,38.39218],[36.29719,38.386259],[36.297555,38.379426],[36.300197,38.375691],[36.309216,38.369678],[36.315866,38.363757],[36.32115,38.363848],[36.326889,38.367674],[36.333722,38.375873],[36.340554,38.379517],[36.349755,38.380155],[36.3626,38.37642],[36.371437,38.369861],[36.379272,38.369678],[36.388291,38.360568],[36.391024,38.354556],[36.391753,38.348816],[36.39567,38.339615],[36.395579,38.334331],[36.387926,38.320575],[36.378543,38.310827],[36.372804,38.308368],[36.370344,38.299258],[36.370617,38.293063],[36.375355,38.285501],[36.388837,38.273567],[36.400914,38.259659]]]}},{"type":"Feature","properties":{"id":"TR-P-02","region_id":"TR-R-GDA"},"geometry":{"type":"Polygon","coordinates":[[[39.132277,38.020341],[39.121739,38.020434],[39.104383,38.014919],[39.087469,38.006329],[39.062743,37.988851],[39.058392,37.979486],[39.057863,37.967765],[39.054381,37.959568],[39.048413,37.954823],[39.034913,37.926916],[39.028068,37.917188],[39.023463,37.914975],[39.011395,37.915431],[38.998988,37.912309],[38.981914,37.904024],[38.972426,37.896857],[38.973698,37.893295],[38.988851,37.88914],[38.99165,37.886109],[38.991758,37.880277],[38.988838,37.875067],[38.98268,37.868263],[38.975715,37.862528],[38.973948,37.853454],[38.975812,37.844677],[38.97756,37.828756],[38.972708,37.824443],[38.967012,37.823648],[38.942799,37.828021],[38.933467,37.827598],[38.924241,37.825061],[38.918685,37.821618],[38.906914,37.811958],[38.901482,37.80597],[38.898039,37.799241],[38.899245,37.795115],[38.902751,37.794416],[38.912533,37.796202],[38.934564,37.804727],[38.942984,37.806024],[38.949179,37.805037],[38.953887,37.801558],[38.956153,37.794666],[38.956959,37.77513],[38.962294,37.763705],[38.962764,37.758581],[38.96087,37.754652],[38.950596,37.75141],[38.927281,37.751982],[38.914029,37.748789],[38.909981,37.746095],[38.90663,37.739825],[38.907816,37.730489],[38.914326,37.724052],[38.915935,37.718953],[38.913201,37.712492],[38.896286,37.709393],[38.884703,37.704111],[38.878987,37.699245],[38.87061,37.694408],[38.861055,37.692641],[38.855619,37.692904],[38.831945,37.696997],[38.818551,37.697588],[38.814363,37.696929],[38.809871,37.693127],[38.807306,37.688339],[38.806965,37.682137],[38.810201,37.672989],[38.81853,37.666696],[38.829237,37.663221],[38.841272,37.661776],[38.855666,37.655991],[38.855245,37.649266],[38.846968,37.645844],[38.824259,37.642407],[38.807308,37.641685],[38.776744,37.63709],[38.762788,37.632503],[38.746817,37.628486],[38.727611,37.626176],[38.70674,37.627093],[38.685353,37.625773],[38.679008,37.624157],[38.659314,37.616499],[38.636381,37.604263],[38.601307,37.582472],[38.596346,37.578883],[38.573992,37.559484],[38.546015,37.532777],[38.526418,37.515261],[38.507007,37.503283],[38.484829,37.493003],[38.469566,37.489892],[38.421517,37.486822],[38.414277,37.486044],[38.377616,37.480518],[38.343421,37.477684],[38.332797,37.477798],[38.32019,37.482891],[38.314712,37.480452],[38.30783,37.47272],[38.300175,37.472848],[38.290001,37.475163],[38.277052,37.476342],[38.269399,37.473279],[38.247806,37.443627],[38.240017,37.442433],[38.229894,37.444454],[38.215698,37.451504],[38.202859,37.451221],[38.198719,37.449972],[38.192888,37.444864],[38.189429,37.434075],[38.192137,37.422707],[38.18909,37.415743],[38.181798,37.41076],[38.171478,37.408962],[38.169709,37.411712],[38.171262,37.417065],[38.165704,37.420458],[38.148615,37.417846],[38.131995,37.422043],[38.115777,37.428925],[38.104632,37.439999],[38.098365,37.44486],[38.089997,37.447791],[38.081224,37.447386],[38.079795,37.451358],[38.073894,37.454404],[38.067707,37.462589],[38.058284,37.469537],[38.051717,37.470965],[38.03449,37.471726],[37.977288,37.483243],[37.964534,37.490572],[37.959204,37.492571],[37.947211,37.49495],[37.941501,37.494474],[37.930269,37.491333],[37.914089,37.484766],[37.891627,37.47363],[37.881728,37.472012],[37.856411,37.472583],[37.837185,37.476105],[37.820909,37.482291],[37.812248,37.486479],[37.789786,37.495902],[37.772273,37.502374],[37.761994,37.507799],[37.751905,37.51627],[37.746099,37.525312],[37.739437,37.531784],[37.723447,37.531974],[37.710312,37.530832],[37.692799,37.531879],[37.680521,37.535496],[37.672431,37.536543],[37.64521,37.522837],[37.637976,37.51608],[37.635311,37.511035],[37.633408,37.499423],[37.633122,37.488288],[37.626365,37.481149],[37.611802,37.474487],[37.595008,37.471165],[37.576835,37.47226],[37.552183,37.472355],[37.558655,37.47997],[37.571219,37.486061],[37.577881,37.49339],[37.578548,37.499957],[37.572647,37.51471],[37.573789,37.524704],[37.58264,37.538695],[37.585686,37.546785],[37.589684,37.564583],[37.590826,37.573149],[37.589779,37.579241],[37.582355,37.587045],[37.568268,37.590567],[37.552278,37.59209],[37.538763,37.588188],[37.532767,37.584],[37.510876,37.574767],[37.497646,37.570294],[37.489651,37.565916],[37.478134,37.56563],[37.468046,37.569913],[37.461002,37.574672],[37.453103,37.577813],[37.449962,37.589996],[37.45158,37.593993],[37.449581,37.599704],[37.452817,37.607128],[37.461002,37.610079],[37.469378,37.610555],[37.474518,37.615313],[37.475279,37.621024],[37.473185,37.630637],[37.468046,37.637014],[37.45196,37.638727],[37.442157,37.641107],[37.439873,37.646151],[37.442538,37.649578],[37.453959,37.656145],[37.463287,37.664235],[37.472709,37.674134],[37.472424,37.677275],[37.45967,37.686792],[37.459575,37.689648],[37.463382,37.698119],[37.465856,37.707065],[37.465095,37.712205],[37.461383,37.718011],[37.464334,37.728005],[37.464809,37.734572],[37.472709,37.743995],[37.484036,37.751894],[37.488604,37.761508],[37.491364,37.771025],[37.497456,37.778735],[37.502405,37.781305],[37.511161,37.788062],[37.525153,37.805385],[37.536193,37.811952],[37.553611,37.825087],[37.562272,37.834319],[37.568459,37.839268],[37.590255,37.854211],[37.598916,37.859541],[37.602913,37.863824],[37.611575,37.877149],[37.626422,37.893806],[37.629468,37.898755],[37.629373,37.909224],[37.63042,37.914174],[37.642222,37.941395],[37.643929,37.943659],[37.65872,37.938168],[37.670712,37.930935],[37.679659,37.918657],[37.686607,37.915325],[37.698219,37.913231],[37.708118,37.912851],[37.72563,37.916753],[37.738004,37.916277],[37.754469,37.92075],[37.761989,37.920179],[37.771411,37.914278],[37.777217,37.906379],[37.785117,37.900573],[37.798537,37.89372],[37.809673,37.891245],[37.820238,37.891531],[37.828518,37.892958],[37.84803,37.892863],[37.854883,37.893625],[37.871349,37.897527],[37.88258,37.895814],[37.893049,37.895433],[37.900759,37.897146],[37.914179,37.905617],[37.924173,37.905903],[37.935689,37.909519],[37.94159,37.909519],[37.947777,37.907045],[37.957961,37.905141],[37.964909,37.901334],[37.975093,37.893815],[37.986324,37.896575],[37.997936,37.902],[38.008691,37.90457],[38.019827,37.905998],[38.031248,37.909044],[38.053139,37.924938],[38.060087,37.930935],[38.063609,37.935884],[38.067131,37.937692],[38.077505,37.937787],[38.095494,37.940167],[38.123952,37.951017],[38.136135,37.958156],[38.145558,37.966341],[38.14946,37.971766],[38.165164,37.985091],[38.166592,37.988898],[38.165355,37.996513],[38.158597,38.00565],[38.144415,38.013835],[38.136706,38.015358],[38.130139,38.01926],[38.116909,38.030206],[38.107867,38.033061],[38.089878,38.044768],[38.081978,38.053334],[38.079313,38.060377],[38.073793,38.068943],[38.073698,38.078461],[38.078457,38.08579],[38.081312,38.093499],[38.085595,38.095308],[38.098064,38.097878],[38.104821,38.101209],[38.10939,38.106634],[38.118337,38.110156],[38.12557,38.110536],[38.132899,38.108918],[38.146509,38.108728],[38.158883,38.110536],[38.174206,38.116057],[38.183439,38.122053],[38.190672,38.130809],[38.193147,38.139566],[38.196383,38.142516],[38.203141,38.144325],[38.214181,38.143563],[38.22941,38.140327],[38.243401,38.139851],[38.26158,38.138233],[38.273763,38.139851],[38.292799,38.138519],[38.296796,38.137281],[38.302412,38.132713],[38.310311,38.131],[38.321257,38.125289],[38.328966,38.118151],[38.339912,38.11501],[38.350096,38.115771],[38.362374,38.120625],[38.370464,38.118912],[38.379506,38.113106],[38.385407,38.106824],[38.395306,38.108633],[38.400445,38.112725],[38.411105,38.112821],[38.415484,38.113963],[38.420909,38.118436],[38.426144,38.127478],[38.457362,38.167548],[38.468403,38.176305],[38.479824,38.18192],[38.490579,38.182396],[38.497908,38.176209],[38.5089,38.160122],[38.516105,38.156841],[38.543777,38.150951],[38.566461,38.143993],[38.592265,38.143884],[38.586334,38.138488],[38.590484,38.132931],[38.592806,38.123504],[38.598797,38.113487],[38.601272,38.103493],[38.620308,38.088931],[38.622973,38.0856],[38.632491,38.068087],[38.637249,38.063518],[38.656666,38.055809],[38.683982,38.049051],[38.695308,38.04829],[38.718056,38.050288],[38.723481,38.050003],[38.752891,38.038105],[38.755176,38.032871],[38.755842,38.025637],[38.761362,38.014501],[38.773735,38.004507],[38.78449,38.0007],[38.795626,38.000415],[38.80543,38.005174],[38.823418,38.0086],[38.826464,38.010218],[38.836553,38.023638],[38.842454,38.028492],[38.852353,38.033251],[38.866154,38.03801],[38.885951,38.04829],[38.90156,38.052668],[38.908413,38.052763],[38.921357,38.05124],[38.928305,38.053239],[38.956573,38.06704],[38.964663,38.06999],[38.979416,38.072655],[38.999974,38.072846],[39.006827,38.073512],[39.021961,38.077985],[39.030622,38.083601],[39.039759,38.087408],[39.049087,38.096164],[39.052513,38.101685],[39.053465,38.114819],[39.05356,38.13119],[39.054607,38.134521],[39.060032,38.138995],[39.072691,38.145752],[39.08297,38.153652],[39.089157,38.157079],[39.114093,38.167072],[39.123897,38.173164],[39.126847,38.176495],[39.129276,38.186195],[39.136119,38.187226],[39.143136,38.18602],[39.153738,38.182001],[39.160154,38.182167],[39.170001,38.18622],[39.180777,38.194878],[39.192409,38.203137],[39.198671,38.205651],[39.219483,38.206304],[39.223074,38.205621],[39.229258,38.201281],[39.232762,38.193834],[39.235646,38.191376],[39.249378,38.184307],[39.256986,38.176732],[39.262478,38.150318],[39.261052,38.142411],[39.256957,38.134482],[39.247337,38.125441],[39.239069,38.121005],[39.2352,38.116367],[39.234233,38.103743],[39.228195,38.088677],[39.223066,38.073057],[39.217314,38.068627],[39.203474,38.06346],[39.198478,38.058157],[39.194342,38.048825],[39.184405,38.040934],[39.180579,38.036568],[39.178094,38.029419],[39.174778,38.026616],[39.158873,38.016638],[39.150085,38.014939],[39.137519,38.019488],[39.132277,38.020341]]]}},{"type":"Feature","properties":{"id":"TR-P-03","region_id":"TR-R-EGE"},"geometry":{"type":"Polygon","coordinates":[[[31.585975,39.067507],[31.592078,39.05522],[31.595371,39.041647],[31.599788,39.036025],[31.610068,39.027111],[31.623079,39.02173],[31.655444,39.015546],[31.670703,39.013137],[31.704675,39.006069],[31.714473,39.002375],[31.727724,38.988481],[31.733908,38.97788],[31.73182,38.973302],[31.725395,38.967681],[31.71632,38.964468],[31.70082,38.956919],[31.671988,38.958364],[31.665322,38.958204],[31.650143,38.952341],[31.642915,38.948807],[31.638739,38.94439],[31.635045,38.935155],[31.626291,38.920217],[31.616413,38.916844],[31.614807,38.910499],[31.62356,38.893312],[31.62605,38.884719],[31.63119,38.872833],[31.63368,38.862955],[31.633599,38.845045],[31.629503,38.823843],[31.622436,38.809869],[31.617939,38.804247],[31.609345,38.791076],[31.602358,38.778066],[31.592319,38.76891],[31.578265,38.76353],[31.571278,38.757908],[31.563327,38.748592],[31.558669,38.740079],[31.555858,38.731485],[31.556501,38.727791],[31.561962,38.718234],[31.563729,38.709882],[31.570716,38.689242],[31.574249,38.684262],[31.584382,38.677811],[31.598088,38.676954],[31.61233,38.674277],[31.624538,38.666032],[31.635246,38.663462],[31.636745,38.65618],[31.626251,38.635621],[31.62079,38.631016],[31.59327,38.622343],[31.564019,38.614454],[31.506189,38.580376],[31.457312,38.549921],[31.382115,38.506684],[31.342278,38.484202],[31.327021,38.475235],[31.320396,38.472826],[31.308351,38.465131],[31.285666,38.453354],[31.277896,38.441359],[31.27092,38.437394],[31.254257,38.433229],[31.247532,38.426905],[31.241413,38.427936],[31.226102,38.436842],[31.216215,38.438799],[31.180231,38.449238],[31.17466,38.457068],[31.16131,38.466051],[31.148613,38.476641],[31.12919,38.484922],[31.120106,38.491446],[31.114435,38.502788],[31.111624,38.504294],[31.093005,38.505047],[31.081211,38.507857],[31.067309,38.509915],[31.061939,38.509564],[31.049292,38.506051],[31.043319,38.506452],[31.036694,38.500931],[31.030321,38.497719],[31.018878,38.48974],[31.002968,38.473529],[30.990622,38.464746],[30.985202,38.46319],[30.97928,38.459426],[30.975165,38.451948],[30.969995,38.447231],[30.966984,38.441259],[30.966833,38.432877],[30.959456,38.417771],[30.926332,38.408938],[30.911677,38.407532],[30.89898,38.402714],[30.889846,38.400657],[30.87755,38.39629],[30.873635,38.390268],[30.863949,38.388762],[30.859633,38.382639],[30.859332,38.377771],[30.852807,38.367985],[30.843071,38.357245],[30.838203,38.347458],[30.832281,38.340683],[30.829621,38.333104],[30.823096,38.327132],[30.814866,38.32402],[30.794339,38.31042],[30.787714,38.306605],[30.780287,38.300533],[30.766836,38.293808],[30.758053,38.292202],[30.750375,38.292252],[30.744252,38.289291],[30.735519,38.278751],[30.729045,38.27293],[30.721868,38.268563],[30.704052,38.265652],[30.692458,38.262892],[30.685583,38.258676],[30.669021,38.252152],[30.65813,38.249291],[30.644529,38.241111],[30.63394,38.232378],[30.614668,38.225302],[30.597922,38.212169],[30.595201,38.210708],[30.584581,38.199956],[30.562347,38.18396],[30.557435,38.170553],[30.55166,38.165442],[30.538386,38.164115],[30.526173,38.167301],[30.51343,38.176194],[30.494779,38.179115],[30.480281,38.183539],[30.472212,38.187279],[30.468163,38.187611],[30.451307,38.171802],[30.442374,38.165579],[30.408447,38.132957],[30.400417,38.118352],[30.38777,38.107562],[30.37161,38.098428],[30.363479,38.091351],[30.3556,38.086734],[30.351535,38.08292],[30.348674,38.072029],[30.346014,38.069419],[30.338335,38.055116],[30.329251,38.051603],[30.32082,38.051101],[30.308674,38.046433],[30.300644,38.044526],[30.280921,38.04292],[30.274948,38.041415],[30.261749,38.035191],[30.256831,38.033987],[30.242578,38.023849],[30.237609,38.014916],[30.236555,38.005832],[30.22973,37.997601],[30.215828,37.991629],[30.190675,37.979199],[30.185389,37.966685],[30.173678,37.952968],[30.17147,37.942662],[30.167656,37.937911],[30.155837,37.929363],[30.149915,37.920229],[30.152926,37.90994],[30.152173,37.898046],[30.149664,37.887858],[30.15122,37.872701],[30.149664,37.867582],[30.144745,37.86171],[30.138422,37.851622],[30.1191,37.825073],[30.116841,37.818699],[30.110768,37.813279],[30.099526,37.805901],[30.087431,37.800782],[30.072626,37.793354],[30.059577,37.790193],[30.037276,37.78992],[30.024352,37.793027],[30.014605,37.800514],[30.011003,37.801644],[29.997161,37.801644],[29.983813,37.80009],[29.974984,37.797971],[29.952384,37.794934],[29.937623,37.790697],[29.916902,37.788267],[29.916736,37.794948],[29.908675,37.807165],[29.892649,37.81911],[29.884791,37.823165],[29.869582,37.821645],[29.82953,37.820884],[29.807984,37.830517],[29.780928,37.846852],[29.765649,37.853709],[29.751051,37.857305],[29.733062,37.855176],[29.72496,37.853254],[29.717956,37.854352],[29.709648,37.859021],[29.699624,37.862729],[29.693101,37.868153],[29.683076,37.879963],[29.681429,37.891635],[29.674013,37.901935],[29.672709,37.910174],[29.676416,37.930429],[29.680399,37.94217],[29.683145,37.957138],[29.684244,37.967094],[29.687471,37.98529],[29.691659,37.995932],[29.696465,38.002729],[29.70237,38.005751],[29.715073,38.007124],[29.725784,38.009458],[29.738967,38.015089],[29.743086,38.015226],[29.761625,38.021817],[29.781536,38.033314],[29.783643,38.053585],[29.786274,38.062533],[29.794857,38.07194],[29.803646,38.07757],[29.821086,38.086771],[29.846284,38.097894],[29.881508,38.122338],[29.906569,38.133941],[29.923391,38.139297],[29.928197,38.13964],[29.938771,38.137512],[29.958477,38.129478],[29.969875,38.126869],[29.978732,38.129547],[29.995348,38.142249],[30.004823,38.152892],[30.011072,38.166143],[30.025696,38.182279],[30.033798,38.18839],[30.047531,38.192647],[30.06298,38.195805],[30.070464,38.199307],[30.078291,38.210842],[30.102734,38.223201],[30.110425,38.244349],[30.115849,38.253893],[30.114956,38.258356],[30.101705,38.270097],[30.096624,38.277512],[30.092229,38.293304],[30.084745,38.306144],[30.075648,38.319762],[30.072626,38.335874],[30.06869,38.344114],[30.054775,38.358304],[30.050838,38.361233],[30.037838,38.367733],[30.013486,38.375057],[30.001036,38.386226],[29.996309,38.399752],[29.989787,38.406069],[29.967128,38.410738],[29.945706,38.409777],[29.938153,38.406344],[29.922704,38.402979],[29.913367,38.405245],[29.909796,38.407786],[29.901282,38.419046],[29.900596,38.430306],[29.902106,38.437585],[29.900596,38.44912],[29.878281,38.460998],[29.869492,38.46704],[29.849786,38.470611],[29.828776,38.478713],[29.80598,38.480223],[29.782979,38.474387],[29.772885,38.467521],[29.763342,38.456054],[29.758055,38.453033],[29.747321,38.455964],[29.748295,38.466462],[29.746953,38.480255],[29.743747,38.485176],[29.744269,38.49032],[29.7559,38.507692],[29.761939,38.514775],[29.789376,38.533712],[29.802871,38.544896],[29.815247,38.552352],[29.823896,38.56018],[29.830904,38.567934],[29.838509,38.581652],[29.842982,38.586797],[29.846934,38.588884],[29.863933,38.593805],[29.880261,38.604616],[29.884287,38.609388],[29.890549,38.613414],[29.90218,38.623852],[29.903,38.628027],[29.901509,38.646442],[29.89711,38.670599],[29.894128,38.679322],[29.898425,38.695091],[29.908322,38.712649],[29.91643,38.717402],[29.923252,38.718688],[29.930465,38.721987],[29.936337,38.727132],[29.945172,38.731549],[29.949813,38.732388],[29.957697,38.738259],[29.969775,38.743515],[29.980344,38.745584],[29.991751,38.750337],[30.003046,38.760906],[30.007785,38.763644],[30.011041,38.774905],[30.01282,38.789388],[30.013348,38.806362],[30.017167,38.810406],[30.025058,38.814318],[30.045088,38.820455],[30.051496,38.824097],[30.06377,38.828548],[30.070852,38.833472],[30.075438,38.84089],[30.085083,38.848039],[30.090343,38.85013],[30.102618,38.852761],[30.1097,38.857684],[30.115702,38.86571],[30.11759,38.87178],[30.115702,38.879671],[30.117928,38.887696],[30.136677,38.888641],[30.148952,38.888641],[30.157247,38.890124],[30.170804,38.900713],[30.182337,38.907525],[30.186653,38.912516],[30.195286,38.918653],[30.2023,38.92587],[30.215182,38.949407],[30.233122,38.960805],[30.238045,38.966471],[30.254434,38.978746],[30.257671,38.989806],[30.251264,39.001137],[30.240338,39.009635],[30.230896,39.023258],[30.230559,39.034387],[30.234268,39.048685],[30.244048,39.067771],[30.248904,39.074246],[30.25059,39.078832],[30.26826,39.106012],[30.27678,39.127212],[30.282783,39.133147],[30.296811,39.143331],[30.306388,39.147782],[30.322035,39.150615],[30.352452,39.150547],[30.364457,39.151626],[30.369043,39.153447],[30.378216,39.159517],[30.383341,39.164576],[30.392581,39.16842],[30.400944,39.173276],[30.403035,39.175906],[30.404789,39.183865],[30.424819,39.193914],[30.432036,39.200321],[30.435206,39.205447],[30.433452,39.221026],[30.438376,39.225545],[30.450381,39.226961],[30.466972,39.222442],[30.489565,39.220014],[30.493612,39.218463],[30.500963,39.206458],[30.502515,39.197151],[30.51054,39.185281],[30.519848,39.173681],[30.52639,39.169499],[30.529492,39.163699],[30.534416,39.15891],[30.540013,39.155808],[30.54116,39.147512],[30.540216,39.136249],[30.54578,39.128898],[30.559179,39.118377],[30.563371,39.111925],[30.570453,39.107069],[30.581042,39.101673],[30.594463,39.096412],[30.603366,39.095401],[30.612875,39.096952],[30.62805,39.096143],[30.643225,39.097087],[30.668651,39.089263],[30.672014,39.086396],[30.673305,39.080428],[30.680993,39.068221],[30.701968,39.055474],[30.71222,39.053855],[30.735909,39.06001],[30.76228,39.065001],[30.773341,39.070733],[30.791618,39.072891],[30.803589,39.079703],[30.806622,39.083216],[30.806408,39.089855],[30.813047,39.101205],[30.820221,39.108058],[30.833178,39.116197],[30.840032,39.119516],[30.850526,39.121229],[30.878795,39.117696],[30.896892,39.118552],[30.912633,39.123799],[30.916381,39.129368],[30.916059,39.143181],[30.91456,39.148107],[30.908885,39.15753],[30.896464,39.163098],[30.882543,39.164812],[30.879866,39.166846],[30.87933,39.172093],[30.880937,39.182266],[30.884149,39.189655],[30.891645,39.199613],[30.907707,39.203789],[30.925911,39.203789],[30.933835,39.201326],[30.948612,39.184408],[30.952131,39.182322],[30.957557,39.188605],[30.968979,39.195315],[30.985255,39.196743],[30.994964,39.194744],[31.005761,39.188033],[31.012828,39.181823],[31.019682,39.164904],[31.025785,39.157194],[31.033495,39.153232],[31.045488,39.155159],[31.050628,39.161691],[31.049664,39.169187],[31.042918,39.179467],[31.036493,39.185678],[31.035744,39.189104],[31.04174,39.195743],[31.050735,39.199705],[31.061872,39.202704],[31.065834,39.201954],[31.085001,39.186534],[31.090998,39.184607],[31.099886,39.1845],[31.10524,39.190068],[31.103848,39.209771],[31.10267,39.215768],[31.099243,39.219623],[31.098065,39.227547],[31.094532,39.235792],[31.094746,39.241039],[31.108345,39.268987],[31.113699,39.272307],[31.123337,39.271022],[31.141755,39.265239],[31.158245,39.257529],[31.174629,39.260635],[31.188656,39.259457],[31.205896,39.255281],[31.228598,39.242003],[31.23695,39.238255],[31.251085,39.236541],[31.267575,39.236756],[31.282674,39.234828],[31.29124,39.231401],[31.302163,39.213519],[31.315655,39.204631],[31.322722,39.197028],[31.331717,39.180538],[31.338035,39.174113],[31.342318,39.171864],[31.351581,39.164047],[31.369856,39.163762],[31.382991,39.159621],[31.391272,39.158622],[31.398554,39.161049],[31.418257,39.150055],[31.426681,39.141917],[31.430678,39.13592],[31.432677,39.126926],[31.43282,39.110649],[31.438388,39.105081],[31.444242,39.103225],[31.468514,39.100227],[31.479793,39.10094],[31.491072,39.100512],[31.514916,39.097371],[31.555933,39.086663],[31.565496,39.078671],[31.580755,39.071121],[31.585975,39.067507]]]}},{"type":"Feature","properties":{"id":"TR-P-04","region_id":"TR-R-DOA"},"geometry":{"type":"Polygon","coordinates":[[[44.484767,39.630316],[44.480377,39.610725],[44.466232,39.600097],[44.446009,39.576278],[44.441977,39.573596],[44.436693,39.573596],[44.4235,39.568074],[44.4217,39.557315],[44.422276,39.550111],[44.425906,39.544713],[44.425988,39.539081],[44.42388,39.532516],[44.428904,39.52931],[44.429793,39.526138],[44.434428,39.522286],[44.431278,39.510123],[44.439521,39.505252],[44.437785,39.499084],[44.432274,39.494485],[44.416174,39.483434],[44.412183,39.473969],[44.40718,39.471558],[44.419819,39.465702],[44.426253,39.44564],[44.4325,39.442631],[44.432184,39.437167],[44.426144,39.42736],[44.422132,39.411573],[44.398863,39.413073],[44.380391,39.411715],[44.374457,39.409553],[44.374173,39.407092],[44.369365,39.405215],[44.356924,39.395274],[44.348405,39.392517],[44.345115,39.39459],[44.339988,39.389392],[44.330416,39.386803],[44.320965,39.391219],[44.317032,39.390736],[44.312104,39.386035],[44.306251,39.383425],[44.306164,39.380357],[44.300207,39.379187],[44.294525,39.373526],[44.290777,39.375894],[44.284778,39.383327],[44.277178,39.383185],[44.27105,39.390074],[44.270356,39.394921],[44.264322,39.399133],[44.246885,39.396808],[44.242784,39.40047],[44.239887,39.409637],[44.233288,39.412645],[44.233551,39.415617],[44.223587,39.417352],[44.21435,39.417587],[44.210516,39.414863],[44.206129,39.414977],[44.194338,39.410944],[44.191749,39.402972],[44.174454,39.400782],[44.169365,39.40252],[44.160126,39.402931],[44.155614,39.399021],[44.149054,39.396664],[44.145332,39.399712],[44.141207,39.395729],[44.135288,39.393304],[44.136761,39.399655],[44.140413,39.403457],[44.134199,39.406837],[44.127058,39.404275],[44.113076,39.402135],[44.109588,39.406414],[44.101657,39.407597],[44.098458,39.4122],[44.08867,39.410669],[44.084453,39.407346],[44.072779,39.412387],[44.065797,39.410753],[44.059611,39.405209],[44.052643,39.406075],[44.049123,39.40088],[44.05827,39.388731],[44.053285,39.385561],[44.04358,39.384402],[44.036639,39.377909],[44.033721,39.376889],[44.032478,39.370494],[44.03805,39.366304],[44.039543,39.359313],[44.058692,39.355879],[44.059963,39.351026],[44.053622,39.350121],[44.038513,39.350184],[44.031594,39.352342],[43.995917,39.360764],[43.966208,39.365335],[43.951311,39.365843],[43.918555,39.364742],[43.897649,39.360172],[43.866247,39.354501],[43.859128,39.356816],[43.852618,39.360536],[43.83216,39.37743],[43.820148,39.383242],[43.807052,39.385954],[43.789538,39.382312],[43.782641,39.379367],[43.771559,39.369603],[43.769157,39.364565],[43.772334,39.347439],[43.773652,39.333568],[43.774969,39.30288],[43.781014,39.289163],[43.782253,39.281104],[43.781168,39.265682],[43.777294,39.25987],[43.76098,39.248694],[43.750673,39.218006],[43.745093,39.205917],[43.739514,39.19933],[43.734322,39.196075],[43.722542,39.193363],[43.703634,39.191735],[43.689452,39.192588],[43.672326,39.195843],[43.661012,39.199795],[43.653572,39.20026],[43.653882,39.20336],[43.650473,39.211962],[43.634896,39.220718],[43.630091,39.224283],[43.613275,39.23335],[43.605448,39.239472],[43.590259,39.259466],[43.564144,39.277987],[43.55128,39.285891],[43.537098,39.289921],[43.531441,39.293098],[43.522297,39.300305],[43.503,39.317587],[43.480527,39.328668],[43.462316,39.33386],[43.446972,39.340525],[43.433643,39.350987],[43.408612,39.361758],[43.392416,39.374158],[43.381257,39.379892],[43.36878,39.382217],[43.33569,39.378265],[43.320423,39.377257],[43.29733,39.38059],[43.282606,39.381132],[43.279351,39.380047],[43.265867,39.371833],[43.25494,39.366563],[43.246261,39.358736],[43.240139,39.354706],[43.205344,39.341532],[43.191472,39.338278],[43.185195,39.338278],[43.15722,39.349902],[43.145208,39.350754],[43.130717,39.344555],[43.120255,39.337813],[43.117698,39.33417],[43.11731,39.326033],[43.119558,39.312704],[43.126222,39.302088],[43.139164,39.289998],[43.149238,39.279149],[43.163058,39.258587],[43.166778,39.254351],[43.168327,39.249495],[43.167501,39.243295],[43.161301,39.232549],[43.162541,39.22108],[43.160139,39.210541],[43.155722,39.206356],[43.153707,39.199769],[43.155257,39.191245],[43.149832,39.180163],[43.14557,39.174738],[43.119144,39.162184],[43.100391,39.15056],[43.082644,39.133279],[43.053506,39.112433],[43.045912,39.108868],[43.025686,39.104606],[43.018556,39.100576],[42.996238,39.081202],[42.993371,39.07291],[42.994301,39.062216],[43.011659,39.042068],[43.013829,39.034008],[43.013752,39.028739],[43.010113,39.022841],[43.008095,39.021997],[42.974462,39.025251],[42.963303,39.025949],[42.958808,39.024321],[42.955553,39.019052],[42.954933,39.008435],[42.956483,38.997818],[42.954778,38.985729],[42.948346,38.973175],[42.945092,38.963488],[42.941682,38.947137],[42.93277,38.942255],[42.921766,38.942177],[42.916806,38.943262],[42.8972,38.954499],[42.886583,38.955739],[42.857368,38.956591],[42.842101,38.959458],[42.836212,38.962326],[42.820713,38.976352],[42.815133,38.979065],[42.802579,38.980692],[42.787158,38.977825],[42.76112,38.970928],[42.733764,38.965581],[42.722605,38.961008],[42.714452,38.954903],[42.709387,38.961431],[42.70399,38.971311],[42.698981,38.984097],[42.696767,38.996163],[42.695992,39.015121],[42.698317,39.025997],[42.707699,39.048414],[42.713344,39.056965],[42.716997,39.067509],[42.718243,39.080129],[42.717911,39.099806],[42.715586,39.12214],[42.713593,39.131771],[42.707616,39.138579],[42.702468,39.142398],[42.690844,39.155599],[42.686112,39.167223],[42.68744,39.183828],[42.686195,39.192628],[42.683289,39.201844],[42.678972,39.209067],[42.670586,39.220359],[42.661703,39.229907],[42.641195,39.254648],[42.634221,39.270672],[42.630734,39.285949],[42.625338,39.302886],[42.619858,39.310939],[42.605744,39.323808],[42.596611,39.330616],[42.588558,39.341243],[42.58341,39.345893],[42.564397,39.36009],[42.539988,39.36092],[42.528862,39.367064],[42.524047,39.363162],[42.52056,39.367894],[42.522054,39.372959],[42.519232,39.380182],[42.511759,39.39521],[42.506529,39.407663],[42.508521,39.41937],[42.507691,39.428004],[42.503042,39.438134],[42.495071,39.446934],[42.487931,39.451667],[42.479629,39.459222],[42.4695,39.473585],[42.460865,39.484462],[42.450902,39.49484],[42.43795,39.506214],[42.42998,39.512275],[42.451981,39.53519],[42.466262,39.551961],[42.471243,39.563252],[42.477304,39.57114],[42.488512,39.582182],[42.495902,39.588243],[42.508438,39.593307],[42.51234,39.600531],[42.505948,39.612569],[42.506861,39.625272],[42.505948,39.634986],[42.501049,39.648187],[42.492331,39.659894],[42.480625,39.668611],[42.475311,39.670355],[42.46128,39.672763],[42.453725,39.675253],[42.439694,39.682227],[42.429149,39.691692],[42.4245,39.698251],[42.41736,39.710871],[42.407397,39.723408],[42.399094,39.727891],[42.386807,39.730465],[42.349362,39.748647],[42.331595,39.760354],[42.316982,39.763094],[42.306106,39.766996],[42.294234,39.772642],[42.289003,39.777789],[42.287093,39.786258],[42.284935,39.812826],[42.285848,39.821211],[42.288588,39.826442],[42.293818,39.832254],[42.299962,39.836986],[42.321217,39.848195],[42.333421,39.856995],[42.343135,39.860233],[42.369952,39.865381],[42.381908,39.868536],[42.398264,39.874597],[42.401917,39.878748],[42.411216,39.885473],[42.431225,39.904154],[42.445505,39.910629],[42.462858,39.916275],[42.469167,39.917355],[42.475394,39.916358],[42.485938,39.91229],[42.494407,39.911875],[42.514831,39.917271],[42.523715,39.922336],[42.535421,39.92574],[42.543641,39.926819],[42.55294,39.922917],[42.564978,39.921008],[42.583659,39.92408],[42.612967,39.928065],[42.646177,39.933129],[42.66602,39.93753],[42.700891,39.940851],[42.719156,39.944836],[42.746471,39.951893],[42.771794,39.955131],[42.794211,39.956874],[42.831572,39.962354],[42.860797,39.965343],[42.89218,39.972898],[42.910861,39.979042],[42.917503,39.982114],[42.926636,39.989337],[42.933527,39.992326],[42.943822,39.994485],[42.96682,39.996228],[42.994218,39.993073],[43.003019,39.99133],[43.013978,39.985767],[43.029006,39.979208],[43.034485,39.978129],[43.046856,39.981035],[43.05109,39.984356],[43.063793,39.990998],[43.072677,39.990666],[43.08566,39.986767],[43.102601,39.988028],[43.111342,39.98938],[43.124228,39.995778],[43.132878,40.001094],[43.149729,40.008123],[43.160992,40.009835],[43.18397,40.011727],[43.217491,40.011727],[43.247949,40.016413],[43.260294,40.019206],[43.272188,40.020468],[43.281289,40.017494],[43.291291,40.008844],[43.293905,40.003978],[43.296067,39.988299],[43.299582,39.979378],[43.304718,39.977215],[43.311026,39.979558],[43.320127,39.978026],[43.324452,39.979017],[43.324632,39.973521],[43.330309,39.972259],[43.335265,39.968835],[43.335896,39.965501],[43.343645,39.960094],[43.346979,39.955228],[43.357522,39.947389],[43.361397,39.941171],[43.368065,39.934773],[43.374103,39.925132],[43.378969,39.919274],[43.383023,39.917923],[43.390683,39.911165],[43.393026,39.901162],[43.403569,39.884312],[43.409606,39.872417],[43.411138,39.8662],[43.41303,39.827542],[43.420419,39.810061],[43.430962,39.801591],[43.451237,39.783479],[43.454661,39.781857],[43.460248,39.782668],[43.475476,39.787804],[43.484848,39.795103],[43.48692,39.799879],[43.49476,39.833039],[43.496292,39.836103],[43.504131,39.840428],[43.514494,39.843222],[43.526659,39.844934],[43.5354,39.844303],[43.545221,39.84223],[43.558378,39.836103],[43.563964,39.831417],[43.574958,39.812854],[43.587573,39.796995],[43.596314,39.790868],[43.626321,39.78492],[43.637404,39.783208],[43.648668,39.787894],[43.654975,39.788705],[43.669393,39.788795],[43.687055,39.786092],[43.700841,39.779514],[43.710393,39.77618],[43.719368,39.775231],[43.733191,39.771945],[43.753646,39.770142],[43.768514,39.769872],[43.776804,39.771674],[43.793024,39.780145],[43.801765,39.781136],[43.809784,39.783298],[43.816363,39.783208],[43.824563,39.779153],[43.838079,39.777621],[43.851505,39.771945],[43.865743,39.760771],[43.875565,39.754914],[43.906653,39.745993],[43.931433,39.740226],[43.942066,39.736621],[43.956574,39.733017],[43.968108,39.731035],[43.993339,39.728331],[44.026319,39.725718],[44.033798,39.730043],[44.044341,39.733918],[44.065787,39.731936],[44.070743,39.727881],[44.077141,39.719681],[44.085701,39.713013],[44.10084,39.705533],[44.109851,39.703461],[44.151422,39.7025],[44.164638,39.701779],[44.177373,39.702019],[44.193954,39.704302],[44.206929,39.708147],[44.242973,39.707546],[44.2646,39.706224],[44.295366,39.705576],[44.323242,39.674328],[44.338071,39.672593],[44.352032,39.66739],[44.382471,39.658545],[44.414904,39.647878],[44.422448,39.64493],[44.444215,39.63938],[44.484767,39.630316]]]}},{"type":"Feature","properties":{"id":"TR-P-05","region_id":"TR-R-KAR"},"geometry":{"type":"Polygon","coordinates":[[[36.427499,40.865325],[36.42532,40.857751],[36.417413,40.856442],[36.414096,40.850996],[36.411528,40.836422],[36.411311,40.822285],[36.413961,40.815026],[36.43275,40.800922],[36.451613,40.792815],[36.472324,40.787072],[36.486487,40.777908],[36.500498,40.776838],[36.508774,40.771296],[36.508276,40.76433],[36.503071,40.761713],[36.491669,40.760082],[36.48537,40.76304],[36.472733,40.756898],[36.464954,40.758074],[36.457251,40.760878],[36.440932,40.759008],[36.435778,40.751916],[36.43303,40.745572],[36.427965,40.742166],[36.419985,40.734194],[36.410563,40.719632],[36.404376,40.70821],[36.402092,40.696884],[36.398856,40.675945],[36.385626,40.644821],[36.381914,40.631496],[36.380962,40.621788],[36.377345,40.613698],[36.366495,40.599041],[36.356692,40.595995],[36.344509,40.594091],[36.323379,40.594187],[36.313576,40.590094],[36.305676,40.587905],[36.295111,40.587524],[36.290543,40.588952],[36.281025,40.587619],[36.271126,40.579434],[36.269128,40.57182],[36.271602,40.561255],[36.277598,40.545836],[36.285974,40.531083],[36.286694,40.525853],[36.280573,40.521524],[36.274282,40.514479],[36.266174,40.512655],[36.26185,40.513272],[36.254188,40.517885],[36.248737,40.517155],[36.244189,40.51299],[36.242378,40.506524],[36.235778,40.500992],[36.20764,40.491235],[36.19745,40.485768],[36.16459,40.479578],[36.147663,40.473679],[36.134609,40.471119],[36.113626,40.458747],[36.099048,40.449191],[36.086476,40.45721],[36.061021,40.466019],[36.034234,40.46959],[36.022438,40.473982],[36.024485,40.485883],[36.012145,40.495999],[35.984611,40.504384],[35.977215,40.501007],[35.972932,40.496438],[35.958656,40.484255],[35.951803,40.480543],[35.936479,40.475499],[35.924486,40.474357],[35.918966,40.47607],[35.909829,40.484731],[35.902215,40.487396],[35.893744,40.487111],[35.879657,40.48159],[35.872329,40.475689],[35.86262,40.4656],[35.84368,40.453037],[35.831592,40.448564],[35.814555,40.445613],[35.79276,40.436952],[35.777912,40.435619],[35.769822,40.43581],[35.755925,40.437713],[35.740602,40.44114],[35.732987,40.440569],[35.727277,40.437904],[35.725754,40.432574],[35.726611,40.422104],[35.724231,40.404496],[35.723565,40.387269],[35.722137,40.380987],[35.716522,40.372706],[35.709193,40.368518],[35.696439,40.365378],[35.665696,40.362903],[35.650468,40.360143],[35.631337,40.338632],[35.622771,40.334635],[35.586317,40.328068],[35.575943,40.32407],[35.567948,40.322071],[35.53949,40.317312],[35.526165,40.312744],[35.522453,40.31065],[35.514172,40.301894],[35.496659,40.291138],[35.478766,40.278384],[35.467059,40.269152],[35.466393,40.254019],[35.459159,40.241265],[35.451011,40.233825],[35.431714,40.238367],[35.416934,40.244356],[35.398714,40.246777],[35.386482,40.246658],[35.37211,40.252654],[35.369875,40.254585],[35.375194,40.267588],[35.381818,40.291963],[35.386482,40.30643],[35.386101,40.32242],[35.379439,40.331462],[35.369065,40.33565],[35.36383,40.339552],[35.362021,40.343454],[35.360689,40.354305],[35.362592,40.364108],[35.375822,40.38381],[35.385911,40.388188],[35.396571,40.395707],[35.401806,40.417598],[35.405613,40.423785],[35.407707,40.445295],[35.41218,40.451672],[35.42246,40.460524],[35.428075,40.46652],[35.447206,40.482986],[35.460079,40.495296],[35.471667,40.507352],[35.478805,40.511444],[35.506199,40.523462],[35.514089,40.530314],[35.51859,40.532098],[35.524586,40.537428],[35.533914,40.560652],[35.53201,40.563221],[35.522873,40.563507],[35.513653,40.561376],[35.507561,40.563526],[35.49681,40.562092],[35.492223,40.564171],[35.484268,40.564529],[35.469862,40.568543],[35.465502,40.568099],[35.462962,40.572413],[35.453393,40.580639],[35.450061,40.587206],[35.450537,40.605005],[35.4493,40.611858],[35.439497,40.620709],[35.422936,40.624231],[35.408088,40.628799],[35.397999,40.633178],[35.383056,40.641363],[35.372301,40.643076],[35.354693,40.639269],[35.343081,40.641934],[35.337656,40.644885],[35.333182,40.653355],[35.334413,40.662413],[35.333563,40.671249],[35.330137,40.681338],[35.320999,40.689428],[35.315955,40.691903],[35.307674,40.691998],[35.296539,40.689428],[35.290733,40.686477],[35.277693,40.684955],[35.267714,40.687588],[35.259731,40.692636],[35.252765,40.69935],[35.2481,40.700581],[35.241665,40.705617],[35.244575,40.707296],[35.239875,40.711716],[35.233105,40.713562],[35.230195,40.717199],[35.22197,40.71815],[35.199365,40.712499],[35.189183,40.706968],[35.181639,40.701273],[35.151179,40.690422],[35.140994,40.688709],[35.127192,40.690672],[35.119567,40.690417],[35.094258,40.691374],[35.078743,40.692802],[35.057487,40.697064],[35.048664,40.702891],[35.039923,40.71394],[35.030769,40.723452],[35.019995,40.736849],[35.010025,40.754305],[34.998505,40.771264],[34.992893,40.778005],[34.992513,40.787047],[34.995368,40.803227],[35.00184,40.822739],[35.003839,40.833494],[35.00705,40.842338],[35.010977,40.846533],[35.01278,40.852825],[35.011453,40.866901],[35.016307,40.874991],[35.022113,40.878323],[35.03658,40.884509],[35.047526,40.89574],[35.053903,40.899167],[35.059233,40.905829],[35.067037,40.911254],[35.069988,40.915823],[35.072272,40.926102],[35.071796,40.932765],[35.065229,40.945424],[35.061517,40.950087],[35.055901,40.952657],[35.046669,40.961414],[35.039055,40.972264],[35.036961,40.977975],[35.028205,40.987735],[35.028216,40.994314],[35.037563,41.011403],[35.046538,41.016985],[35.056785,41.019529],[35.070918,41.021084],[35.077702,41.023275],[35.087172,41.030836],[35.094875,41.039811],[35.095305,41.048502],[35.091022,41.0663],[35.085978,41.078388],[35.093211,41.080672],[35.11101,41.082005],[35.122804,41.081416],[35.140325,41.077626],[35.158694,41.069346],[35.168117,41.06373],[35.18136,41.054251],[35.201395,41.036595],[35.216028,41.026772],[35.237258,41.0228],[35.252391,41.022324],[35.261243,41.023276],[35.281546,41.027971],[35.286655,41.031081],[35.302675,41.03583],[35.312829,41.039837],[35.330367,41.040598],[35.33885,41.038962],[35.340818,41.03522],[35.349069,41.029596],[35.354869,41.021895],[35.353692,41.016401],[35.361147,41.007769],[35.366935,41.005218],[35.377726,41.005316],[35.384495,41.007278],[35.392441,41.002177],[35.405194,41.002569],[35.407058,41.004728],[35.417457,41.005512],[35.42658,41.010319],[35.441099,41.014145],[35.447574,41.013164],[35.467802,41.012105],[35.471334,41.009946],[35.471922,40.997782],[35.471137,40.995231],[35.46172,40.987285],[35.463191,40.980516],[35.462603,40.973355],[35.463976,40.970216],[35.474473,40.957659],[35.478789,40.955167],[35.483694,40.949772],[35.490267,40.945161],[35.501058,40.94055],[35.511653,40.938902],[35.521757,40.931545],[35.525485,40.930956],[35.534706,40.932624],[35.543241,40.929681],[35.554248,40.933311],[35.57014,40.940766],[35.584267,40.939098],[35.598099,40.939589],[35.606437,40.937136],[35.618916,40.937921],[35.62284,40.937136],[35.627745,40.928896],[35.628338,40.914321],[35.631098,40.910894],[35.634317,40.902115],[35.646874,40.898779],[35.660608,40.889656],[35.664434,40.885339],[35.681406,40.871507],[35.694659,40.865033],[35.698191,40.86464],[35.716535,40.866602],[35.72715,40.869349],[35.757169,40.8719],[35.765703,40.871703],[35.78395,40.872979],[35.78964,40.870036],[35.805434,40.867093],[35.811516,40.867191],[35.823681,40.864836],[35.82731,40.869545],[35.834177,40.873175],[35.846047,40.871213],[35.854484,40.871213],[35.869788,40.874548],[35.878028,40.872881],[35.884012,40.869643],[35.904515,40.868466],[35.911873,40.867191],[35.92129,40.867289],[35.935319,40.863365],[35.947679,40.862286],[35.959844,40.859049],[35.968869,40.855615],[35.983584,40.853163],[35.991236,40.847669],[36.00654,40.84502],[36.019685,40.840115],[36.027239,40.842077],[36.037147,40.840802],[36.047938,40.832954],[36.069128,40.828539],[36.0912,40.835799],[36.112292,40.839232],[36.123966,40.845511],[36.135738,40.853947],[36.142605,40.861893],[36.148589,40.874843],[36.154769,40.880925],[36.16144,40.890244],[36.163108,40.896327],[36.16919,40.909472],[36.170563,40.920263],[36.174684,40.924383],[36.178019,40.930662],[36.183218,40.935174],[36.185769,40.945965],[36.190478,40.959405],[36.189105,40.964104],[36.176396,40.969896],[36.173259,40.974079],[36.173661,40.977457],[36.177683,40.979468],[36.187933,40.979859],[36.206413,40.982247],[36.239635,40.980171],[36.245656,40.981209],[36.254065,40.985258],[36.263305,40.986296],[36.276518,40.984492],[36.28642,40.98962],[36.290932,40.990601],[36.298486,40.989816],[36.300878,40.987412],[36.302021,40.981604],[36.305258,40.977891],[36.312834,40.972973],[36.328015,40.969809],[36.33355,40.965333],[36.340224,40.954426],[36.349665,40.946857],[36.370339,40.94181],[36.378478,40.937415],[36.393987,40.923263],[36.39796,40.918105],[36.406397,40.898387],[36.410713,40.893384],[36.406495,40.887301],[36.400511,40.873862],[36.406777,40.870207],[36.407439,40.86594],[36.41281,40.86285],[36.418549,40.863071],[36.427499,40.865325]]]}},{"type":"Feature","properties":{"id":"TR-P-06","region_id":"TR-R-ICA"},"geometry":{"type":"Polygon","coordinates":[[[33.65929,40.324226],[33.656317,40.321858],[33.66001,40.305604],[33.658519,40.295725],[33.648732,40.291877],[33.646323,40.282285],[33.631476,40.278073],[33.625648,40.274681],[33.612228,40.259771],[33.612567,40.25396],[33.61765,40.247402],[33.61434,40.241476],[33.608372,40.237314],[33.605205,40.231817],[33.606564,40.22652],[33.60311,40.220468],[33.60212,40.196021],[33.60072,40.189998],[33.588476,40.159749],[33.584183,40.150409],[33.576198,40.142425],[33.571905,40.130825],[33.573336,40.119376],[33.578307,40.108605],[33.583613,40.094139],[33.585468,40.08081],[33.585188,40.065908],[33.583108,40.062315],[33.571636,40.052166],[33.560037,40.045043],[33.556381,40.039811],[33.544845,40.029473],[33.534192,40.018883],[33.523476,40.012895],[33.515849,40.010625],[33.49656,40.008608],[33.484079,40.004889],[33.478658,40.002368],[33.460882,39.999972],[33.455334,40.00035],[33.44632,39.998144],[33.420412,39.987428],[33.415117,39.984528],[33.404654,39.976082],[33.395072,39.972804],[33.372883,39.962214],[33.371055,39.960386],[33.365939,39.948955],[33.355349,39.935003],[33.345431,39.92912],[33.336438,39.926178],[33.321278,39.909579],[33.317685,39.901195],[33.314946,39.890369],[33.306349,39.877935],[33.305509,39.875077],[33.305845,39.860789],[33.304584,39.854906],[33.301222,39.848854],[33.295171,39.83381],[33.28332,39.825825],[33.283656,39.820362],[33.281471,39.815235],[33.284568,39.808565],[33.290028,39.804015],[33.30923,39.78536],[33.313689,39.773893],[33.31378,39.764884],[33.311414,39.760152],[33.306408,39.756057],[33.292212,39.747139],[33.284204,39.736947],[33.268193,39.728646],[33.264639,39.72457],[33.250709,39.714209],[33.244826,39.71236],[33.238102,39.707149],[33.233143,39.693786],[33.23348,39.686306],[33.240371,39.676472],[33.24844,39.671849],[33.263232,39.666134],[33.295339,39.657561],[33.307526,39.652939],[33.3124,39.646467],[33.317443,39.628481],[33.317695,39.607048],[33.319881,39.593517],[33.323327,39.581918],[33.324335,39.574774],[33.332824,39.556452],[33.3398,39.529976],[33.3425,39.516109],[33.344202,39.495307],[33.345841,39.487175],[33.34893,39.480304],[33.358125,39.473011],[33.365755,39.470191],[33.385323,39.465601],[33.391882,39.465639],[33.394059,39.457136],[33.390871,39.445973],[33.385969,39.43841],[33.386752,39.435635],[33.393023,39.431704],[33.395092,39.42457],[33.392517,39.421823],[33.385084,39.418653],[33.38327,39.414211],[33.385905,39.409644],[33.403543,39.397644],[33.407996,39.396734],[33.415556,39.398644],[33.419479,39.395837],[33.422542,39.383275],[33.427762,39.37423],[33.433814,39.366299],[33.440381,39.36003],[33.449624,39.35595],[33.454961,39.352155],[33.462679,39.343987],[33.464051,39.334757],[33.462015,39.330926],[33.447988,39.329078],[33.445367,39.326853],[33.443389,39.320894],[33.445421,39.318497],[33.456163,39.313214],[33.459117,39.304256],[33.461076,39.302156],[33.479452,39.294775],[33.485397,39.293944],[33.492666,39.294834],[33.504557,39.290993],[33.512824,39.283231],[33.515028,39.274253],[33.522267,39.262703],[33.535339,39.237729],[33.549623,39.217138],[33.599735,39.187039],[33.605912,39.183803],[33.635277,39.170917],[33.641678,39.166914],[33.658658,39.153783],[33.718548,39.111959],[33.742298,39.102341],[33.749784,39.096956],[33.757653,39.078383],[33.763723,39.072901],[33.776112,39.070534],[33.798863,39.069949],[33.823277,39.070658],[33.847662,39.070229],[33.856562,39.06773],[33.864107,39.059765],[33.867182,39.053258],[33.878758,39.043442],[33.895138,39.037832],[33.888277,39.030042],[33.879317,39.029959],[33.872763,39.028051],[33.855921,39.017598],[33.830036,38.996939],[33.814107,38.988975],[33.787226,38.989473],[33.778349,38.991962],[33.761507,38.99221],[33.749062,38.991298],[33.727824,38.985573],[33.721103,38.981093],[33.71961,38.976438],[33.720191,38.966316],[33.726496,38.960675],[33.732967,38.956775],[33.74201,38.944994],[33.759516,38.929397],[33.773786,38.919607],[33.778598,38.918114],[33.782995,38.914464],[33.790628,38.902766],[33.801413,38.89115],[33.79909,38.883933],[33.787641,38.860288],[33.784239,38.850664],[33.781585,38.834652],[33.780257,38.819054],[33.780257,38.803374],[33.777685,38.782218],[33.773371,38.772096],[33.767481,38.76239],[33.762005,38.74729],[33.759267,38.74198],[33.755202,38.738496],[33.743836,38.733518],[33.737696,38.723894],[33.726164,38.717921],[33.71289,38.708877],[33.704027,38.70401],[33.700266,38.700692],[33.674461,38.685382],[33.656956,38.678124],[33.641586,38.672574],[33.577546,38.653362],[33.525032,38.648239],[33.487462,38.649092],[33.454161,38.668732],[33.40971,38.696886],[33.403504,38.702614],[33.386797,38.722185],[33.362453,38.757031],[33.356432,38.762155],[33.355383,38.765654],[33.359779,38.780038],[33.364134,38.813957],[33.365217,38.819721],[33.374479,38.855819],[33.382094,38.895451],[33.383806,38.918691],[33.384141,38.934235],[33.388359,38.945003],[33.389681,38.956111],[33.391571,38.961333],[33.395389,38.982813],[33.392048,39.019568],[33.387275,39.036752],[33.373909,39.061574],[33.361976,39.07494],[33.342405,39.081145],[33.327547,39.083174],[33.305709,39.081026],[33.28161,39.082284],[33.267564,39.087042],[33.247854,39.094745],[33.2363,39.102221],[33.224519,39.112416],[33.200859,39.118108],[33.189135,39.12397],[33.170445,39.135439],[33.159061,39.143849],[33.144873,39.156168],[33.139351,39.163559],[33.132894,39.180381],[33.132554,39.201365],[33.130855,39.216062],[33.128221,39.228296],[33.129666,39.231949],[33.136292,39.240445],[33.139775,39.242654],[33.149376,39.243418],[33.172314,39.248346],[33.181829,39.255992],[33.185227,39.264742],[33.184802,39.272813],[33.183188,39.275192],[33.174438,39.277401],[33.168236,39.277401],[33.138246,39.284282],[33.134848,39.282583],[33.13111,39.271029],[33.127797,39.266866],[33.117517,39.25854],[33.113694,39.253868],[33.084129,39.238661],[33.078097,39.231269],[33.070281,39.225747],[33.066118,39.215298],[33.05244,39.202299],[33.045134,39.199411],[33.038253,39.198221],[33.028483,39.198986],[33.018458,39.203064],[33.014295,39.209351],[33.008178,39.223199],[33.006054,39.233308],[33.006224,39.23985],[33.008263,39.25013],[33.012851,39.265082],[33.011491,39.278505],[33.007668,39.286066],[32.992546,39.291503],[32.986089,39.289889],[32.97496,39.284707],[32.952022,39.284367],[32.94684,39.276806],[32.945056,39.270434],[32.944291,39.261259],[32.939448,39.253953],[32.927979,39.247156],[32.918974,39.246137],[32.912687,39.246647],[32.907505,39.251574],[32.884227,39.261344],[32.878875,39.264317],[32.86868,39.267631],[32.848715,39.272218],[32.827221,39.274342],[32.821869,39.271454],[32.817451,39.262958],[32.803094,39.250979],[32.797062,39.238831],[32.796552,39.221584],[32.795447,39.214193],[32.796722,39.206377],[32.806747,39.191765],[32.816602,39.18072],[32.824672,39.168232],[32.825182,39.161096],[32.822718,39.157697],[32.812099,39.150901],[32.802584,39.14249],[32.797741,39.139941],[32.786102,39.139007],[32.777012,39.136628],[32.749146,39.13204],[32.719327,39.124734],[32.714158,39.125244],[32.704077,39.129548],[32.686972,39.128416],[32.677457,39.124904],[32.662732,39.114936],[32.632034,39.088656],[32.626937,39.08186],[32.620706,39.076649],[32.612098,39.072231],[32.59522,39.059997],[32.582873,39.051842],[32.568034,39.045158],[32.554101,39.043119],[32.543453,39.038022],[32.532918,39.031565],[32.522723,39.021937],[32.515587,39.016726],[32.501952,38.99577],[32.49507,38.989229],[32.48479,38.982008],[32.477399,38.975721],[32.463891,38.972577],[32.449788,38.975296],[32.438149,38.97657],[32.423452,38.981243],[32.410029,38.993477],[32.403997,38.997979],[32.386241,39.003926],[32.374347,39.013102],[32.372818,39.02542],[32.371204,39.028224],[32.354213,39.027289],[32.336542,39.025335],[32.330425,39.022702],[32.325497,39.018794],[32.304258,39.005116],[32.294488,39.003332],[32.284209,38.999509],[32.270361,38.997215],[32.255972,39.000135],[32.242209,39.007016],[32.22972,39.010839],[32.206697,39.016361],[32.192764,39.018825],[32.184608,39.013388],[32.178491,39.005912],[32.177557,39.002259],[32.176707,38.986457],[32.175433,38.979575],[32.172629,38.974563],[32.159886,38.962754],[32.150626,38.958591],[32.134399,38.953494],[32.115624,38.95154],[32.086314,38.955872],[32.077223,38.957657],[32.068473,38.9608],[32.048508,38.972524],[32.03585,38.983993],[32.013166,38.998775],[31.99609,39.014577],[31.981223,39.029869],[31.964741,39.035731],[31.956416,39.040149],[31.94809,39.051788],[31.944607,39.063002],[31.944012,39.071158],[31.941123,39.075236],[31.920394,39.095796],[31.904507,39.109389],[31.895247,39.114486],[31.876302,39.126975],[31.864238,39.133091],[31.851579,39.135385],[31.843765,39.135487],[31.838563,39.142698],[31.838821,39.152247],[31.844671,39.159559],[31.848252,39.173257],[31.853042,39.176368],[31.864119,39.178197],[31.869229,39.181398],[31.872327,39.185567],[31.881618,39.18326],[31.88684,39.183909],[31.894757,39.192775],[31.915187,39.206475],[31.921942,39.212538],[31.926918,39.220238],[31.928111,39.225539],[31.931121,39.227517],[31.944244,39.230959],[31.951037,39.23401],[31.965133,39.243105],[31.970409,39.243057],[31.976095,39.239171],[31.984019,39.230881],[31.9974,39.221387],[32.004397,39.221544],[32.007436,39.227882],[32.009688,39.243691],[32.019304,39.280817],[32.020226,39.305869],[32.018291,39.320633],[32.015924,39.324894],[32.011817,39.326831],[32.003835,39.333496],[32.002982,39.341401],[31.996163,39.343416],[31.988878,39.347988],[31.984306,39.34698],[31.979733,39.348685],[31.972371,39.356435],[31.979036,39.366277],[31.98632,39.368447],[31.991745,39.376119],[31.982601,39.385651],[31.970744,39.394389],[31.971325,39.399213],[31.974928,39.401538],[31.982949,39.402177],[31.999049,39.405258],[32.006489,39.414499],[32.007477,39.420253],[32.004164,39.423683],[31.991264,39.431008],[31.995295,39.45285],[31.993722,39.46611],[31.987846,39.478342],[31.990604,39.485956],[31.997052,39.49307],[31.995564,39.497383],[31.989444,39.501859],[31.974042,39.508897],[31.968138,39.510443],[31.929523,39.514933],[31.924258,39.516688],[31.915588,39.524223],[31.912388,39.530417],[31.901653,39.557358],[31.89484,39.565719],[31.885859,39.574184],[31.884001,39.581616],[31.884517,39.592145],[31.871408,39.618157],[31.861808,39.629099],[31.847563,39.647163],[31.839099,39.663059],[31.819383,39.691962],[31.81288,39.702387],[31.804313,39.723135],[31.799874,39.732425],[31.798429,39.750077],[31.796468,39.764425],[31.795952,39.774231],[31.797706,39.77836],[31.812984,39.789611],[31.827022,39.797353],[31.831667,39.801998],[31.840338,39.808295],[31.871993,39.820509],[31.878186,39.827804],[31.884464,39.838839],[31.890658,39.843338],[31.897885,39.854649],[31.891202,39.856845],[31.880774,39.856384],[31.859224,39.849808],[31.852847,39.850124],[31.847517,39.85342],[31.846847,39.856335],[31.853129,39.863281],[31.868726,39.869245],[31.870112,39.871583],[31.859254,39.881959],[31.854734,39.8834],[31.845231,39.882249],[31.83409,39.878035],[31.810007,39.876106],[31.794542,39.880678],[31.789282,39.884373],[31.781861,39.892335],[31.77206,39.899913],[31.764398,39.914403],[31.75186,39.925877],[31.740816,39.933313],[31.738758,39.936302],[31.738797,39.948467],[31.740622,39.956124],[31.739023,39.964744],[31.735517,39.967973],[31.731384,39.968559],[31.723365,39.965886],[31.717584,39.966053],[31.705719,39.971435],[31.698288,39.980907],[31.695137,39.988258],[31.696072,39.99367],[31.702028,39.998964],[31.708279,40.0072],[31.710201,40.014483],[31.710247,40.02197],[31.707466,40.023373],[31.697833,40.020226],[31.688933,40.015694],[31.681267,40.010097],[31.672932,40.007941],[31.666162,40.00781],[31.660942,40.009557],[31.659567,40.016596],[31.66431,40.021137],[31.665897,40.025188],[31.666143,40.035331],[31.673176,40.046356],[31.674303,40.051711],[31.672178,40.056225],[31.667559,40.058673],[31.6605,40.056322],[31.657442,40.046153],[31.649478,40.035303],[31.633659,40.027463],[31.621673,40.026247],[31.608617,40.026473],[31.569475,40.03198],[31.541834,40.037617],[31.529292,40.038053],[31.5266,40.036993],[31.515951,40.024395],[31.512196,40.021219],[31.504456,40.019302],[31.494175,40.022643],[31.469421,40.042049],[31.464913,40.043533],[31.460739,40.041774],[31.457086,40.034707],[31.452983,40.030336],[31.437251,40.021158],[31.424417,40.019381],[31.416996,40.022895],[31.409895,40.021699],[31.404116,40.017436],[31.401077,40.018155],[31.39566,40.026522],[31.389203,40.029983],[31.388363,40.035005],[31.393591,40.037597],[31.40788,40.040249],[31.414589,40.038308],[31.42234,40.040271],[31.430591,40.045215],[31.430844,40.048121],[31.425115,40.05066],[31.413298,40.051778],[31.404538,40.057257],[31.394031,40.061653],[31.383478,40.061602],[31.370098,40.056518],[31.348984,40.050857],[31.341374,40.047086],[31.332275,40.048829],[31.325104,40.054606],[31.309283,40.05935],[31.298038,40.060386],[31.289452,40.058898],[31.28087,40.059316],[31.269173,40.062406],[31.261767,40.062451],[31.234047,40.060722],[31.212865,40.056887],[31.207125,40.054509],[31.200758,40.04815],[31.187613,40.047662],[31.167274,40.050683],[31.161597,40.053037],[31.156324,40.057408],[31.149611,40.066113],[31.141485,40.0671],[31.125297,40.067077],[31.118226,40.070898],[31.115271,40.06974],[31.105504,40.057017],[31.098149,40.053301],[31.079468,40.050592],[31.067552,40.05142],[31.053655,40.054053],[31.044864,40.053713],[31.021977,40.045105],[31.016761,40.041727],[31.014808,40.035796],[31.016669,40.029037],[31.015452,40.026883],[31.007208,40.025059],[30.998598,40.030463],[30.97252,40.030898],[30.958135,40.033376],[30.951324,40.033228],[30.938271,40.029318],[30.929259,40.035875],[30.923125,40.03778],[30.915458,40.037285],[30.911006,40.038479],[30.901988,40.045808],[30.893996,40.050794],[30.885681,40.048437],[30.880091,40.051336],[30.872584,40.058466],[30.860328,40.061849],[30.854719,40.066107],[30.85134,40.076087],[30.854484,40.08192],[30.848362,40.084297],[30.845145,40.091125],[30.837665,40.096024],[30.823832,40.120482],[30.817285,40.135281],[30.822307,40.144528],[30.834443,40.148396],[30.841571,40.153813],[30.850125,40.162082],[30.871415,40.175484],[30.874552,40.176814],[30.889569,40.177765],[30.903635,40.181281],[30.920078,40.187079],[30.942604,40.203617],[30.948877,40.213787],[30.957241,40.217398],[30.964523,40.218468],[30.993108,40.214119],[31.025827,40.215901],[31.043648,40.217826],[31.04764,40.218967],[31.056123,40.225097],[31.0604,40.232867],[31.060043,40.243773],[31.05263,40.251543],[31.050491,40.262735],[31.052986,40.287541],[31.055838,40.296238],[31.060043,40.303438],[31.066316,40.325607],[31.069595,40.334018],[31.075583,40.343142],[31.087773,40.353051],[31.095899,40.357684],[31.110156,40.361605],[31.123272,40.362246],[31.13204,40.360678],[31.137029,40.356187],[31.145156,40.351483],[31.155777,40.349772],[31.171602,40.350342],[31.187926,40.346778],[31.196195,40.345994],[31.20482,40.341004],[31.217437,40.337083],[31.227132,40.335159],[31.237967,40.334945],[31.248089,40.337867],[31.258283,40.345352],[31.272896,40.350627],[31.293069,40.354477],[31.317377,40.359965],[31.326956,40.364314],[31.334117,40.364979],[31.356072,40.364694],[31.368523,40.368115],[31.375461,40.371537],[31.396846,40.371727],[31.414703,40.37042],[31.430456,40.364005],[31.437585,40.355166],[31.440792,40.349605],[31.449275,40.329147],[31.464173,40.321163],[31.474011,40.314962],[31.487768,40.304982],[31.510021,40.291319],[31.52941,40.280959],[31.543952,40.274782],[31.562485,40.269554],[31.577312,40.266608],[31.585391,40.267178],[31.60459,40.273451],[31.62512,40.283431],[31.640422,40.289513],[31.650212,40.296072],[31.659625,40.30104],[31.667598,40.302302],[31.693268,40.310008],[31.703147,40.310211],[31.722838,40.315009],[31.731605,40.319072],[31.739447,40.326129],[31.75242,40.333543],[31.767319,40.331547],[31.778795,40.327341],[31.794691,40.320213],[31.808164,40.32114],[31.827553,40.318716],[31.840669,40.313441],[31.852146,40.311873],[31.859702,40.31337],[31.878236,40.32114],[31.889855,40.328125],[31.906963,40.339816],[31.927136,40.349724],[31.938755,40.353217],[31.946383,40.354286],[31.954438,40.356853],[31.969835,40.365264],[31.985018,40.371751],[31.996067,40.3756],[32.003315,40.376569],[32.007213,40.381766],[32.008772,40.388089],[32.017607,40.397184],[32.024797,40.402295],[32.032592,40.41243],[32.039176,40.417107],[32.046625,40.420312],[32.066288,40.421871],[32.090715,40.426636],[32.097385,40.429408],[32.102842,40.433479],[32.112024,40.44448],[32.11393,40.448551],[32.113555,40.459857],[32.118592,40.469457],[32.122394,40.488751],[32.130092,40.494644],[32.149481,40.503103],[32.162027,40.507665],[32.175429,40.513653],[32.185028,40.524298],[32.190256,40.538174],[32.194057,40.543592],[32.199095,40.547774],[32.214397,40.554617],[32.23122,40.559559],[32.244621,40.56013],[32.279503,40.568874],[32.295945,40.576097],[32.309537,40.578473],[32.328451,40.583986],[32.334153,40.583701],[32.339191,40.581325],[32.35877,40.568398],[32.367419,40.563646],[32.376828,40.56013],[32.39042,40.557848],[32.397263,40.558609],[32.413611,40.562981],[32.427487,40.569444],[32.436231,40.579043],[32.438227,40.586457],[32.438037,40.598718],[32.440318,40.611359],[32.438988,40.615826],[32.433855,40.624095],[32.427867,40.638066],[32.428248,40.646145],[32.435376,40.654509],[32.451534,40.669811],[32.459517,40.674468],[32.47501,40.67732],[32.485369,40.680171],[32.502097,40.691671],[32.514263,40.699275],[32.520263,40.704265],[32.524468,40.709896],[32.532096,40.723583],[32.54122,40.73064],[32.561251,40.738909],[32.568308,40.74454],[32.571587,40.750956],[32.582778,40.752096],[32.611906,40.751837],[32.628176,40.749912],[32.650223,40.749526],[32.665145,40.748756],[32.676505,40.746831],[32.683918,40.744039],[32.702691,40.731427],[32.708757,40.725362],[32.724738,40.693303],[32.735713,40.68175],[32.74226,40.677033],[32.751694,40.673856],[32.767194,40.665769],[32.792899,40.655853],[32.816005,40.64998],[32.83497,40.646611],[32.855284,40.641316],[32.86857,40.636695],[32.883107,40.630437],[32.889172,40.626586],[32.897451,40.619173],[32.905346,40.605984],[32.905827,40.598474],[32.904287,40.591832],[32.899569,40.585574],[32.889461,40.577391],[32.890038,40.56035],[32.892445,40.551301],[32.900532,40.536186],[32.910737,40.529254],[32.930088,40.523093],[32.938271,40.523093],[32.954734,40.520686],[32.960606,40.515198],[32.968404,40.502202],[32.984013,40.490601],[32.992966,40.486341],[33.022498,40.483814],[33.038166,40.479409],[33.049213,40.479842],[33.061921,40.481359],[33.078529,40.487135],[33.088132,40.489518],[33.109215,40.489662],[33.134343,40.484175],[33.141924,40.475293],[33.154488,40.462297],[33.16503,40.448794],[33.176366,40.432115],[33.190734,40.422367],[33.202071,40.408576],[33.205248,40.402511],[33.20893,40.389225],[33.213262,40.377528],[33.227414,40.354423],[33.237451,40.340054],[33.241205,40.332473],[33.247632,40.328429],[33.258607,40.329079],[33.26756,40.331462],[33.298392,40.341137],[33.316876,40.366192],[33.321497,40.384388],[33.324746,40.390742],[33.33601,40.397673],[33.342148,40.398251],[33.358899,40.398034],[33.375867,40.39854],[33.387275,40.397818],[33.41067,40.394713],[33.417024,40.393197],[33.436158,40.384099],[33.454823,40.373509],[33.462236,40.365422],[33.506714,40.348671],[33.520962,40.345108],[33.53781,40.343472],[33.546571,40.343568],[33.559568,40.347419],[33.571024,40.348478],[33.588064,40.347708],[33.594322,40.346745],[33.60703,40.341161],[33.621279,40.339525],[33.636201,40.335674],[33.645539,40.331727],[33.65929,40.324226]]]}},{"type":"Feature","properties":{"id":"TR-P-07","region_id":"TR-R-AKD"},"geometry":{"type":"MultiPolygon","coordinates":[[[[31.361254,37.424705],[31.364167,37.414658],[31.363035,37.404321],[31.367487,37.390514],[31.37058,37.384026],[31.377944,37.377807],[31.395691,37.36558],[31.409224,37.360594],[31.442226,37.351038],[31.463059,37.347773],[31.470894,37.345458],[31.487395,37.342194],[31.490481,37.340829],[31.51262,37.336199],[31.527934,37.332163],[31.550845,37.32783],[31.570788,37.326702],[31.58076,37.328661],[31.593343,37.329433],[31.608896,37.331783],[31.622488,37.330892],[31.635784,37.332376],[31.649257,37.336472],[31.661425,37.339083],[31.675077,37.347037],[31.681012,37.354159],[31.694901,37.367099],[31.700243,37.370126],[31.722857,37.374637],[31.734966,37.372322],[31.738883,37.37066],[31.756452,37.366683],[31.768204,37.360095],[31.79165,37.34947],[31.798713,37.347512],[31.806607,37.343535],[31.811669,37.332277],[31.814597,37.314946],[31.817762,37.305844],[31.82718,37.297297],[31.843325,37.280124],[31.858836,37.261131],[31.865484,37.248389],[31.873239,37.226546],[31.877196,37.218553],[31.88424,37.209215],[31.89437,37.19774],[31.89714,37.19307],[31.904816,37.184919],[31.913601,37.180408],[31.931486,37.175897],[31.933227,37.174631],[31.937263,37.155954],[31.939638,37.148673],[31.945177,37.142104],[31.959977,37.13055],[31.965279,37.124377],[31.970265,37.114564],[31.988942,37.094462],[31.998201,37.091534],[32.012921,37.085282],[32.019964,37.078397],[32.026612,37.070087],[32.032627,37.065101],[32.036346,37.056633],[32.047584,37.043101],[32.050275,37.03392],[32.053045,37.029647],[32.068002,37.018171],[32.079082,37.008596],[32.093169,37.00171],[32.10963,36.994509],[32.120076,36.991027],[32.134401,36.989285],[32.139703,36.989523],[32.151178,36.987544],[32.176819,36.979472],[32.198425,36.963723],[32.21354,36.955097],[32.226361,36.942118],[32.24021,36.933729],[32.245592,36.929377],[32.252724,36.916457],[32.257067,36.906505],[32.280809,36.885217],[32.283975,36.879914],[32.287299,36.87018],[32.292997,36.859496],[32.2964,36.847309],[32.302414,36.842481],[32.32117,36.823329],[32.3313,36.81589],[32.340718,36.807581],[32.351164,36.801962],[32.373086,36.788983],[32.377043,36.782652],[32.383453,36.775608],[32.391446,36.771097],[32.400231,36.761996],[32.408461,36.744902],[32.412011,36.733983],[32.421678,36.708339],[32.424364,36.698526],[32.423085,36.695401],[32.410319,36.68128],[32.41146,36.674861],[32.418878,36.663949],[32.420589,36.655034],[32.420375,36.64512],[32.419142,36.640829],[32.415803,36.618339],[32.41469,36.606157],[32.410532,36.596844],[32.406666,36.584076],[32.411176,36.580503],[32.417619,36.578512],[32.430387,36.570488],[32.434252,36.559243],[32.437708,36.557134],[32.447899,36.554909],[32.459906,36.546241],[32.464825,36.538217],[32.470389,36.531364],[32.475192,36.52867],[32.488722,36.525214],[32.516903,36.508542],[32.531975,36.495422],[32.541814,36.490581],[32.559151,36.484333],[32.565789,36.482615],[32.568597,36.480086],[32.57227,36.477461],[32.588045,36.471058],[32.601633,36.467309],[32.608114,36.458407],[32.612097,36.454893],[32.636149,36.447474],[32.643542,36.443049],[32.649711,36.434224],[32.652288,36.426493],[32.652601,36.41845],[32.655881,36.399864],[32.660254,36.38776],[32.660332,36.381903],[32.656896,36.369017],[32.652445,36.341451],[32.643933,36.3149],[32.640262,36.306622],[32.631438,36.291004],[32.622379,36.279836],[32.618464,36.26731],[32.610114,36.259639],[32.594567,36.249998],[32.591037,36.248912],[32.578138,36.239136],[32.569109,36.237439],[32.562252,36.232891],[32.561234,36.226441],[32.563067,36.206821],[32.5575,36.189238],[32.559265,36.17634],[32.563949,36.165206],[32.563992,36.156194],[32.560428,36.141683],[32.562974,36.137609],[32.571018,36.133943],[32.573564,36.131397],[32.574786,36.117599],[32.578596,36.111913],[32.588773,36.106283],[32.592401,36.101777],[32.59011,36.095514],[32.585305,36.089641],[32.573638,36.094368],[32.564852,36.101625],[32.556145,36.099852],[32.548416,36.093221],[32.532955,36.094412],[32.517163,36.097072],[32.510978,36.105899],[32.502435,36.104668],[32.49781,36.110216],[32.493393,36.111164],[32.488876,36.108927],[32.488576,36.113468],[32.481619,36.115259],[32.47832,36.121587],[32.469087,36.125155],[32.461741,36.133448],[32.436504,36.142531],[32.430681,36.147506],[32.42312,36.150026],[32.420599,36.153561],[32.416074,36.153128],[32.412713,36.156414],[32.4154,36.160107],[32.412954,36.163135],[32.400835,36.162045],[32.39873,36.164915],[32.389247,36.163484],[32.389996,36.168358],[32.387792,36.170904],[32.380987,36.171819],[32.377369,36.17661],[32.375447,36.182848],[32.369732,36.190143],[32.364176,36.193412],[32.359626,36.201789],[32.354427,36.203777],[32.351906,36.207553],[32.346158,36.210182],[32.339121,36.215896],[32.336085,36.214191],[32.332117,36.216146],[32.333223,36.218525],[32.327825,36.222184],[32.322551,36.222268],[32.314965,36.22557],[32.311611,36.228982],[32.300185,36.231952],[32.285621,36.254493],[32.27731,36.26076],[32.280384,36.265108],[32.278447,36.276205],[32.274423,36.284023],[32.277002,36.28546],[32.274343,36.290317],[32.254062,36.309096],[32.248764,36.307667],[32.246238,36.313976],[32.243209,36.316906],[32.235551,36.318603],[32.230588,36.32264],[32.22815,36.327275],[32.220325,36.33421],[32.213431,36.33891],[32.20751,36.35001],[32.1981,36.365281],[32.193905,36.369147],[32.194746,36.373342],[32.181468,36.393008],[32.174635,36.401036],[32.170585,36.41187],[32.162155,36.420238],[32.149777,36.431034],[32.13978,36.436255],[32.135426,36.437413],[32.123622,36.449969],[32.123083,36.455455],[32.117433,36.465759],[32.097401,36.483345],[32.074986,36.50558],[32.064506,36.512151],[32.051068,36.524041],[32.032241,36.535304],[32.019031,36.541696],[32.010237,36.543141],[32.004439,36.542617],[31.998959,36.539721],[32.000053,36.531146],[31.994052,36.529243],[31.98816,36.529851],[31.987242,36.53457],[31.988363,36.541303],[31.973625,36.552584],[31.961169,36.558716],[31.954868,36.558315],[31.950049,36.56],[31.938589,36.559058],[31.924153,36.563933],[31.918476,36.563804],[31.902593,36.572065],[31.899231,36.571568],[31.865956,36.584805],[31.856065,36.5882],[31.829932,36.595006],[31.821982,36.595058],[31.815906,36.593548],[31.808402,36.59588],[31.802062,36.599489],[31.784756,36.607227],[31.777781,36.60366],[31.772064,36.605948],[31.775486,36.60878],[31.77372,36.614968],[31.765031,36.620925],[31.758682,36.622801],[31.753321,36.626829],[31.75458,36.630364],[31.750611,36.634224],[31.742936,36.638694],[31.74007,36.637187],[31.735857,36.641493],[31.730289,36.640628],[31.72603,36.637865],[31.717426,36.641542],[31.701696,36.642686],[31.693617,36.647595],[31.687973,36.649008],[31.681136,36.648441],[31.677605,36.644772],[31.671861,36.644325],[31.674295,36.646605],[31.670042,36.649943],[31.664599,36.648976],[31.663956,36.650895],[31.648516,36.664092],[31.642726,36.666765],[31.635478,36.672162],[31.620807,36.677859],[31.604353,36.685789],[31.582906,36.700655],[31.572901,36.7058],[31.52546,36.72584],[31.503193,36.733858],[31.494436,36.734873],[31.493282,36.736543],[31.475247,36.742944],[31.462667,36.745958],[31.427974,36.755183],[31.416905,36.755018],[31.412348,36.756347],[31.405984,36.761058],[31.391548,36.765587],[31.391208,36.763243],[31.384833,36.766752],[31.391208,36.770452],[31.391883,36.772802],[31.385327,36.780867],[31.379452,36.784057],[31.361826,36.797147],[31.32489,36.809742],[31.302495,36.814543],[31.285779,36.815947],[31.270514,36.817967],[31.268169,36.816281],[31.263134,36.818631],[31.244817,36.820987],[31.226208,36.821826],[31.218658,36.821316],[31.215112,36.823501],[31.194631,36.828036],[31.182221,36.82887],[31.170577,36.828715],[31.136208,36.833069],[31.129679,36.833069],[31.123979,36.835924],[31.107359,36.836594],[31.093753,36.840124],[31.080657,36.840284],[31.069901,36.845335],[31.056311,36.849854],[31.046076,36.851029],[31.03951,36.852874],[31.014861,36.855564],[31.00629,36.857743],[30.996863,36.857908],[30.964787,36.857068],[30.950553,36.856052],[30.940005,36.853888],[30.922469,36.854038],[30.921237,36.852857],[30.897213,36.853559],[30.858824,36.851682],[30.821877,36.847431],[30.805013,36.84639],[30.79915,36.847318],[30.794823,36.85123],[30.788575,36.852762],[30.781964,36.849741],[30.765972,36.847526],[30.75777,36.845353],[30.746826,36.850932],[30.743611,36.854802],[30.740745,36.853381],[30.730557,36.857835],[30.724113,36.86611],[30.71948,36.866974],[30.715304,36.87366],[30.707633,36.87477],[30.703307,36.879858],[30.7023,36.885231],[30.692316,36.883429],[30.678513,36.883774],[30.660355,36.874664],[30.643025,36.863553],[30.635487,36.859435],[30.612264,36.841362],[30.609249,36.835995],[30.606041,36.834159],[30.605113,36.830175],[30.593735,36.820113],[30.592549,36.817582],[30.576123,36.798383],[30.573005,36.785528],[30.575566,36.782864],[30.57385,36.779166],[30.572849,36.762884],[30.568986,36.755008],[30.568501,36.749974],[30.570214,36.744746],[30.564426,36.731702],[30.563896,36.724148],[30.565034,36.71964],[30.571201,36.711319],[30.574846,36.702583],[30.572851,36.697573],[30.570309,36.683563],[30.570574,36.676185],[30.55862,36.657479],[30.554733,36.648671],[30.555767,36.644393],[30.559975,36.6444],[30.556379,36.634205],[30.558221,36.630797],[30.55658,36.62175],[30.560863,36.610906],[30.568561,36.601873],[30.575299,36.600033],[30.577536,36.596085],[30.585362,36.596463],[30.588773,36.599048],[30.592597,36.591516],[30.58577,36.583347],[30.588025,36.578959],[30.58025,36.568272],[30.559298,36.544153],[30.557492,36.540709],[30.560369,36.5372],[30.557001,36.534923],[30.565538,36.533617],[30.555642,36.530607],[30.551595,36.528238],[30.554553,36.522253],[30.55157,36.520114],[30.547754,36.524186],[30.541333,36.522019],[30.543999,36.511483],[30.541071,36.510205],[30.524249,36.486394],[30.521809,36.481822],[30.523014,36.479089],[30.516642,36.479833],[30.51673,36.475807],[30.512723,36.469322],[30.507583,36.469611],[30.506492,36.464893],[30.511499,36.462379],[30.509951,36.460042],[30.515965,36.45802],[30.515791,36.454832],[30.511612,36.4551],[30.511722,36.450428],[30.508477,36.44066],[30.503703,36.437302],[30.498599,36.438841],[30.497081,36.436323],[30.490195,36.440013],[30.483497,36.437506],[30.479296,36.433293],[30.485681,36.430114],[30.491211,36.421721],[30.485344,36.419373],[30.477594,36.403201],[30.476201,36.395103],[30.485592,36.392596],[30.487255,36.389732],[30.483913,36.387564],[30.485258,36.380852],[30.49079,36.377477],[30.495333,36.367419],[30.500598,36.363882],[30.503203,36.365069],[30.501632,36.369926],[30.507653,36.361557],[30.503127,36.362208],[30.501126,36.357515],[30.504628,36.35265],[30.507998,36.355496],[30.508337,36.348274],[30.510178,36.344755],[30.519079,36.341742],[30.527473,36.34392],[30.529484,36.340855],[30.528476,36.335024],[30.519573,36.330472],[30.514037,36.330322],[30.510003,36.332338],[30.505815,36.324099],[30.5006,36.323944],[30.498083,36.327631],[30.493053,36.326623],[30.487351,36.317056],[30.476276,36.315872],[30.475776,36.314367],[30.467552,36.315205],[30.465024,36.306815],[30.470592,36.297465],[30.476953,36.297912],[30.479798,36.301441],[30.484172,36.301444],[30.488105,36.298423],[30.484076,36.28886],[30.486593,36.279102],[30.478193,36.274238],[30.47284,36.272572],[30.462421,36.266187],[30.459737,36.261831],[30.460414,36.256618],[30.452352,36.258974],[30.448815,36.25341],[30.44363,36.251087],[30.441424,36.24688],[30.437906,36.246043],[30.433899,36.241858],[30.435394,36.236986],[30.43322,36.233472],[30.426841,36.229088],[30.422312,36.230438],[30.419622,36.222207],[30.416593,36.222213],[30.414242,36.216178],[30.410379,36.215667],[30.404172,36.211132],[30.402332,36.216011],[30.404516,36.221551],[30.405171,36.23346],[30.408038,36.239839],[30.405349,36.243201],[30.400319,36.243696],[30.398307,36.247725],[30.400825,36.253604],[30.405181,36.255788],[30.408377,36.253937],[30.414417,36.26654],[30.408381,36.275098],[30.395944,36.27408],[30.393382,36.279776],[30.388069,36.27862],[30.387724,36.274419],[30.381693,36.276262],[30.377328,36.272907],[30.37395,36.273246],[30.369761,36.269557],[30.367425,36.272229],[30.320574,36.300438],[30.319533,36.300125],[30.302902,36.30819],[30.276168,36.315466],[30.272428,36.314454],[30.25976,36.315882],[30.229267,36.315706],[30.222653,36.314366],[30.213092,36.315122],[30.19382,36.315032],[30.181997,36.313865],[30.162153,36.307845],[30.149374,36.301369],[30.147945,36.294297],[30.152371,36.286131],[30.150615,36.283714],[30.152775,36.27952],[30.152281,36.274865],[30.146042,36.268416],[30.140011,36.267415],[30.139989,36.271399],[30.143906,36.276229],[30.138876,36.278543],[30.130449,36.268302],[30.13144,36.266146],[30.127278,36.262118],[30.121172,36.262379],[30.121918,36.259944],[30.120012,36.25118],[30.112156,36.246723],[30.108312,36.249709],[30.107236,36.247302],[30.096438,36.247624],[30.090549,36.250828],[30.084253,36.250889],[30.083746,36.253563],[30.078737,36.254572],[30.07322,36.259323],[30.063448,36.258651],[30.046513,36.252434],[30.039054,36.248575],[30.020948,36.237712],[30.009538,36.231687],[29.99102,36.224217],[29.986292,36.219882],[29.985781,36.216278],[29.979605,36.214966],[29.980745,36.218741],[29.975101,36.221234],[29.967335,36.21925],[29.951224,36.222227],[29.94732,36.219858],[29.942601,36.221291],[29.942564,36.226982],[29.930151,36.23361],[29.921978,36.233532],[29.923646,36.230866],[29.912738,36.227762],[29.90893,36.225595],[29.906131,36.227388],[29.904019,36.222523],[29.908276,36.217214],[29.89659,36.212393],[29.888399,36.212185],[29.897536,36.202281],[29.888118,36.200361],[29.889787,36.197567],[29.883997,36.193285],[29.876227,36.193307],[29.871624,36.191355],[29.869458,36.193121],[29.862289,36.189661],[29.856468,36.189376],[29.856054,36.193063],[29.864517,36.1963],[29.848597,36.197169],[29.8393,36.194905],[29.837086,36.192277],[29.827852,36.188577],[29.83173,36.185885],[29.837814,36.188034],[29.843177,36.192019],[29.84999,36.192076],[29.846655,36.189032],[29.838712,36.18799],[29.831841,36.181634],[29.832254,36.178459],[29.823258,36.181232],[29.822506,36.176482],[29.815062,36.175893],[29.816352,36.173677],[29.809073,36.171084],[29.800646,36.165455],[29.801303,36.162985],[29.811954,36.167301],[29.818239,36.166358],[29.821809,36.168508],[29.828505,36.169279],[29.822695,36.16182],[29.819834,36.163835],[29.81124,36.153829],[29.800188,36.148377],[29.794817,36.146899],[29.792966,36.14317],[29.787021,36.143416],[29.777045,36.137143],[29.769158,36.140064],[29.756781,36.14246],[29.762453,36.147368],[29.773278,36.154566],[29.779139,36.155305],[29.787931,36.158743],[29.780111,36.158254],[29.771429,36.160501],[29.762208,36.155564],[29.755285,36.154472],[29.747627,36.161691],[29.745517,36.159009],[29.736003,36.156378],[29.732565,36.157699],[29.729438,36.163069],[29.720099,36.163183],[29.713793,36.157468],[29.713204,36.152322],[29.70952,36.149281],[29.700326,36.148626],[29.700294,36.144403],[29.694747,36.148772],[29.692579,36.142057],[29.684052,36.131048],[29.683698,36.134754],[29.678806,36.141007],[29.679695,36.146971],[29.676096,36.148532],[29.678553,36.152754],[29.670473,36.152635],[29.665244,36.150329],[29.665051,36.146483],[29.653665,36.148397],[29.652832,36.150646],[29.657607,36.152976],[29.650759,36.158391],[29.644282,36.159343],[29.641642,36.165604],[29.631514,36.169151],[29.630953,36.172353],[29.635427,36.175953],[29.639783,36.182299],[29.643649,36.174124],[29.650426,36.172658],[29.651254,36.18029],[29.650274,36.186895],[29.651622,36.191414],[29.647487,36.192539],[29.645828,36.196078],[29.641123,36.199043],[29.631046,36.197634],[29.624694,36.199888],[29.616974,36.196955],[29.614315,36.197802],[29.608891,36.191716],[29.60967,36.188103],[29.596394,36.188096],[29.588772,36.184507],[29.58398,36.18698],[29.585599,36.190659],[29.591864,36.191832],[29.592724,36.194564],[29.603607,36.196955],[29.611426,36.20366],[29.616114,36.204622],[29.624463,36.20076],[29.631623,36.201048],[29.634532,36.202781],[29.631567,36.205091],[29.611275,36.208322],[29.60235,36.207025],[29.595342,36.202526],[29.585674,36.201081],[29.583556,36.203094],[29.57387,36.202656],[29.570272,36.20534],[29.571883,36.208767],[29.543672,36.211176],[29.517205,36.209635],[29.499528,36.209372],[29.482339,36.212723],[29.477725,36.211819],[29.470411,36.214197],[29.460306,36.221101],[29.453892,36.220772],[29.455386,36.225592],[29.448631,36.228967],[29.424575,36.23192],[29.412927,36.224889],[29.406019,36.236177],[29.405115,36.244737],[29.407813,36.243408],[29.411579,36.249893],[29.413633,36.249683],[29.41687,36.25625],[29.417169,36.260471],[29.413989,36.263095],[29.403578,36.258783],[29.400239,36.258668],[29.396566,36.263217],[29.389943,36.264439],[29.387487,36.261423],[29.374884,36.261783],[29.370905,36.263459],[29.368201,36.259368],[29.373357,36.256399],[29.374406,36.250585],[29.370387,36.244514],[29.367586,36.236333],[29.358736,36.231202],[29.353414,36.230043],[29.349926,36.234991],[29.33809,36.242337],[29.333192,36.243345],[29.330156,36.247865],[29.316339,36.247778],[29.312823,36.252203],[29.283451,36.275186],[29.285899,36.278517],[29.272838,36.286963],[29.267921,36.2962],[29.273764,36.298207],[29.28065,36.295204],[29.283157,36.300079],[29.278795,36.304406],[29.282951,36.309504],[29.301425,36.307925],[29.304925,36.308658],[29.315014,36.320131],[29.315343,36.323235],[29.3116,36.341915],[29.316417,36.350818],[29.315051,36.366005],[29.310966,36.37196],[29.315631,36.384243],[29.331635,36.392675],[29.33292,36.39692],[29.327876,36.40386],[29.325446,36.411052],[29.325054,36.420527],[29.316402,36.427193],[29.316308,36.433755],[29.322839,36.440889],[29.330073,36.437886],[29.33964,36.4383],[29.346713,36.4449],[29.34985,36.449792],[29.362255,36.460763],[29.378656,36.468109],[29.390006,36.471305],[29.401957,36.472399],[29.407569,36.469534],[29.423713,36.471249],[29.431709,36.470917],[29.442262,36.474669],[29.449063,36.472949],[29.46415,36.474435],[29.47572,36.478343],[29.489243,36.48061],[29.499718,36.485613],[29.514492,36.488271],[29.520589,36.490929],[29.526296,36.503983],[29.534035,36.51094],[29.540288,36.521103],[29.543415,36.523526],[29.559206,36.527825],[29.563427,36.535017],[29.569446,36.541505],[29.578279,36.545101],[29.585706,36.550651],[29.594773,36.555029],[29.604857,36.564487],[29.613222,36.569803],[29.617834,36.579027],[29.622602,36.592238],[29.627605,36.599899],[29.643943,36.613422],[29.65473,36.62077],[29.658561,36.622099],[29.668254,36.621395],[29.681152,36.624288],[29.700616,36.629994],[29.707417,36.630229],[29.727507,36.636092],[29.736809,36.647739],[29.737591,36.658214],[29.74447,36.677522],[29.744939,36.684635],[29.741109,36.70066],[29.74275,36.709416],[29.742594,36.718483],[29.746112,36.729349],[29.746972,36.736932],[29.74619,36.746312],[29.746893,36.754598],[29.750411,36.757647],[29.756665,36.758507],[29.760495,36.783443],[29.75471,36.797279],[29.755727,36.798921],[29.773784,36.806816],[29.776755,36.809943],[29.776051,36.819323],[29.778396,36.823545],[29.795389,36.841856],[29.802424,36.848071],[29.809577,36.857979],[29.811924,36.873195],[29.810826,36.878533],[29.807621,36.882894],[29.808268,36.891547],[29.801486,36.901833],[29.798379,36.904471],[29.796327,36.912327],[29.795916,36.919538],[29.790698,36.927922],[29.778621,36.940996],[29.748017,36.958584],[29.734033,36.962425],[29.751689,36.972243],[29.756731,36.977669],[29.764263,36.982073],[29.78003,36.984754],[29.794892,36.99252],[29.800849,37.000265],[29.838212,37.015329],[29.854638,37.023755],[29.86034,37.028266],[29.86417,37.038649],[29.864099,37.049684],[29.871815,37.059784],[29.872383,37.074309],[29.862893,37.091671],[29.855233,37.098224],[29.843754,37.103756],[29.834371,37.113267],[29.832967,37.117544],[29.841456,37.128523],[29.85218,37.138736],[29.861244,37.144991],[29.871904,37.155523],[29.887479,37.162226],[29.896351,37.168736],[29.903947,37.175949],[29.911798,37.179779],[29.919203,37.181949],[29.925331,37.185269],[29.934012,37.191779],[29.94499,37.197333],[29.962416,37.203716],[29.975789,37.205439],[29.985662,37.211312],[29.992725,37.218801],[29.995704,37.225695],[30.006343,37.235057],[30.01213,37.245355],[30.021949,37.258036],[30.02629,37.267292],[30.031269,37.273228],[30.038099,37.278334],[30.04212,37.284335],[30.057759,37.286122],[30.070716,37.289313],[30.085589,37.290462],[30.092044,37.289489],[30.114832,37.289585],[30.123066,37.291404],[30.132258,37.296095],[30.14188,37.298298],[30.150019,37.312229],[30.158301,37.316154],[30.166439,37.317974],[30.172806,37.322234],[30.178431,37.324197],[30.1859,37.329495],[30.187815,37.332367],[30.195921,37.338495],[30.212772,37.34558],[30.218007,37.346729],[30.232432,37.347368],[30.24022,37.342453],[30.256688,37.32624],[30.264539,37.321325],[30.280753,37.314048],[30.314519,37.309452],[30.330094,37.310793],[30.33469,37.312069],[30.355563,37.305814],[30.364371,37.301665],[30.368776,37.293494],[30.37318,37.291707],[30.38301,37.290622],[30.392265,37.285707],[30.408606,37.280728],[30.422841,37.27243],[30.436245,37.261834],[30.439947,37.260302],[30.45565,37.257621],[30.473714,37.247536],[30.49031,37.241025],[30.513162,37.239493],[30.524715,37.237451],[30.546673,37.235919],[30.560588,37.236748],[30.570035,37.240259],[30.621993,37.24594],[30.626781,37.246068],[30.647462,37.244153],[30.671654,37.244727],[30.706187,37.241919],[30.716017,37.239366],[30.742953,37.243259],[30.746911,37.240004],[30.751443,37.232982],[30.762103,37.231323],[30.770528,37.231706],[30.778571,37.236174],[30.79038,37.239238],[30.797912,37.236876],[30.805125,37.237259],[30.815785,37.242429],[30.823189,37.248876],[30.836285,37.251111],[30.844879,37.253783],[30.859468,37.256527],[30.862718,37.262522],[30.871962,37.271838],[30.881568,37.27321],[30.884529,37.281588],[30.88294,37.287438],[30.88749,37.291194],[30.892473,37.292494],[30.894279,37.297838],[30.907928,37.308527],[30.905762,37.324126],[30.908506,37.332937],[30.917173,37.339221],[30.931689,37.344132],[30.946251,37.351859],[30.944897,37.360526],[30.973893,37.347976],[30.991064,37.335908],[31.00378,37.33445],[31.013337,37.337123],[31.022003,37.341659],[31.035,37.344693],[31.042204,37.355211],[31.052212,37.363243],[31.059352,37.366558],[31.072483,37.366303],[31.08332,37.367833],[31.09046,37.372487],[31.096644,37.378096],[31.106779,37.389762],[31.109584,37.390718],[31.123609,37.388168],[31.134382,37.389252],[31.146876,37.395818],[31.16192,37.401237],[31.168869,37.401364],[31.176965,37.403468],[31.192264,37.405316],[31.222926,37.414305],[31.244728,37.418321],[31.257414,37.425078],[31.266274,37.425078],[31.278004,37.428967],[31.288713,37.43158],[31.301654,37.437572],[31.314212,37.435915],[31.326579,37.431134],[31.335504,37.425715],[31.346341,37.421126],[31.353393,37.42052],[31.361254,37.424705]]],[[[29.913773,36.197835],[29.907423,36.191364],[29.899793,36.189205],[29.899809,36.184965],[29.894855,36.182647],[29.886915,36.183226],[29.892942,36.178328],[29.884224,36.174215],[29.880667,36.170063],[29.87954,36.173009],[29.881962,36.177614],[29.874324,36.173755],[29.869933,36.175319],[29.867949,36.173469],[29.854161,36.169177],[29.847369,36.170651],[29.843388,36.166954],[29.841619,36.170999],[29.852171,36.176032],[29.858198,36.177795],[29.869083,36.184258],[29.885136,36.18872],[29.892877,36.188839],[29.903508,36.195151],[29.913773,36.197835]]],[[[31.988187,36.530849],[31.988187,36.530849],[31.988187,36.530849],[31.988187,36.530849]]],[[[31.988131,36.530913],[31.988131,36.530913],[31.988131,36.530913],[31.988131,36.530913]]],[[[31.988853,36.531605],[31.988853,36.531605],[31.988853,36.531605],[31.988853,36.531605]]],[[[31.988777,36.531622],[31.988777,36.531622],[31.988777,36.531622],[31.988777,36.531622]]],[[[31.988726,36.532309],[31.988726,36.532309],[31.988726,36.532309],[31.988726,36.532309]]],[[[32.036423,36.532713],[32.036423,36.532713],[32.036423,36.532713],[32.036423,36.532713]]],[[[32.036073,36.532945],[32.036073,36.532945],[32.036073,36.532945],[32.036073,36.532945]]],[[[32.023263,36.539724],[32.023263,36.539724],[32.023263,36.539724],[32.023263,36.539724]]],[[[32.000581,36.54019],[32.000581,36.54019],[32.000581,36.54019],[32.000581,36.54019]]],[[[31.962278,36.558195],[31.962278,36.558195],[31.962278,36.558195],[31.962278,36.558195]]],[[[31.962178,36.558276],[31.962178,36.558276],[31.962178,36.558276],[31.962178,36.558276]]],[[[31.961325,36.558303],[31.961325,36.558303],[31.961325,36.558303],[31.961325,36.558303]]],[[[31.961439,36.558317],[31.961439,36.558317],[31.961439,36.558317],[31.961439,36.558317]]],[[[31.961493,36.558488],[31.961493,36.558488],[31.961493,36.558488],[31.961493,36.558488]]],[[[31.961104,36.558687],[31.961104,36.558687],[31.961104,36.558687],[31.961104,36.558687]]],[[[31.957335,36.558875],[31.957335,36.558875],[31.957335,36.558875],[31.957335,36.558875]]],[[[31.942155,36.558935],[31.942155,36.558935],[31.942155,36.558935],[31.942155,36.558935]]],[[[31.94516,36.559086],[31.94516,36.559086],[31.94516,36.559086],[31.94516,36.559086]]],[[[31.945053,36.559104],[31.945053,36.559104],[31.945053,36.559104],[31.945053,36.559104]]],[[[31.944133,36.5592],[31.944133,36.5592],[31.944133,36.5592],[31.944133,36.5592]]],[[[31.942771,36.559211],[31.942771,36.559211],[31.942771,36.559211],[31.942771,36.559211]]],[[[31.943499,36.559315],[31.943499,36.559315],[31.943499,36.559315],[31.943499,36.559315]]],[[[31.928983,36.56153],[31.928983,36.56153],[31.928983,36.56153],[31.928983,36.56153]]],[[[31.92632,36.561659],[31.92632,36.561659],[31.92632,36.561659],[31.92632,36.561659]]],[[[31.894754,36.572138],[31.894754,36.572138],[31.894754,36.572138],[31.894754,36.572138]]],[[[31.881648,36.578075],[31.881648,36.578075],[31.881648,36.578075],[31.881648,36.578075]]],[[[31.751673,36.626936],[31.751673,36.626936],[31.751673,36.626936],[31.751673,36.626936]]],[[[31.748509,36.628538],[31.748509,36.628538],[31.748509,36.628538],[31.748509,36.628538]]],[[[31.733737,36.634165],[31.733737,36.634165],[31.733737,36.634165],[31.733737,36.634165]]],[[[31.728878,36.638561],[31.728878,36.638561],[31.728878,36.638561],[31.728878,36.638561]]],[[[31.687262,36.644992],[31.687262,36.644992],[31.687262,36.644992],[31.687262,36.644992]]],[[[31.688303,36.646268],[31.688303,36.646268],[31.688303,36.646268],[31.688303,36.646268]]],[[[31.663696,36.646426],[31.663696,36.646426],[31.663696,36.646426],[31.663696,36.646426]]]]}},{"type":"Feature","properties":{"id":"TR-P-08","region_id":"TR-R-KAR"},"geometry":{"type":"Polygon","coordinates":[[[42.5243,41.443921],[42.530822,41.440965],[42.541176,41.434104],[42.543421,41.428553],[42.545479,41.416017],[42.544091,41.410028],[42.542702,41.393954],[42.545579,41.379865],[42.549449,41.369745],[42.567308,41.354763],[42.587847,41.335911],[42.60144,41.322318],[42.612354,41.314182],[42.616323,41.306443],[42.615033,41.299001],[42.605309,41.27757],[42.601043,41.269533],[42.589434,41.256436],[42.581497,41.249193],[42.572071,41.244431],[42.554013,41.239768],[42.543694,41.235997],[42.530697,41.229449],[42.518195,41.21655],[42.51115,41.202957],[42.50232,41.19373],[42.473447,41.174581],[42.444971,41.151959],[42.428203,41.135786],[42.405978,41.111279],[42.3905,41.089649],[42.373831,41.056311],[42.372045,41.049068],[42.371648,41.040436],[42.375617,41.025256],[42.381173,41.017417],[42.385241,41.002237],[42.382562,40.980905],[42.379288,40.970189],[42.36758,40.945979],[42.363413,40.940026],[42.354384,40.929906],[42.341585,40.921075],[42.318816,40.927268],[42.295117,40.928696],[42.282553,40.929933],[42.266468,40.932408],[42.247337,40.938118],[42.234393,40.946018],[42.218022,40.953823],[42.201747,40.9602],[42.191658,40.962389],[42.17919,40.963721],[42.154729,40.962674],[42.139595,40.960009],[42.13398,40.960676],[42.120465,40.96591],[42.09667,40.966577],[42.08068,40.964387],[42.054125,40.966386],[42.042989,40.96553],[42.025572,40.962674],[42.018053,40.960009],[42.004823,40.958582],[41.985311,40.960295],[41.970052,40.958216],[41.948192,40.943543],[41.939054,40.936595],[41.928014,40.923556],[41.916212,40.914324],[41.896129,40.904996],[41.882328,40.896145],[41.871573,40.884247],[41.856249,40.862832],[41.857201,40.850173],[41.860818,40.842274],[41.872715,40.833826],[41.880996,40.825118],[41.881567,40.821905],[41.880639,40.803702],[41.874785,40.795636],[41.868503,40.792495],[41.851229,40.787498],[41.849444,40.785571],[41.843947,40.767796],[41.829599,40.742741],[41.826744,40.739528],[41.825816,40.720969],[41.820462,40.702837],[41.829813,40.68749],[41.830242,40.681993],[41.827529,40.677996],[41.817678,40.669786],[41.805043,40.661387],[41.797429,40.654534],[41.791718,40.651774],[41.787911,40.652821],[41.767353,40.663576],[41.759072,40.664813],[41.747746,40.662529],[41.737847,40.662624],[41.723475,40.665289],[41.703964,40.674617],[41.679312,40.68423],[41.659515,40.692701],[41.645524,40.69746],[41.628963,40.700696],[41.619921,40.698506],[41.61383,40.694414],[41.606406,40.692034],[41.589178,40.690607],[41.561386,40.679661],[41.556342,40.675378],[41.548347,40.665004],[41.544159,40.662244],[41.53388,40.659769],[41.527693,40.65244],[41.513512,40.644731],[41.497141,40.638354],[41.4861,40.632357],[41.470872,40.619889],[41.45669,40.612751],[41.444698,40.608277],[41.441652,40.605898],[41.441652,40.597903],[41.434609,40.589337],[41.415919,40.57263],[41.411731,40.570155],[41.397264,40.570682],[41.388694,40.569221],[41.363701,40.562116],[41.352755,40.561925],[41.335147,40.565352],[41.332958,40.569635],[41.329341,40.590384],[41.3262,40.59638],[41.322393,40.608087],[41.316683,40.618176],[41.31554,40.623125],[41.314969,40.639591],[41.316016,40.645207],[41.314398,40.650917],[41.308212,40.657485],[41.309259,40.662053],[41.314684,40.67081],[41.31773,40.679376],[41.322108,40.684325],[41.327152,40.68718],[41.344665,40.694414],[41.354754,40.700315],[41.361892,40.707263],[41.364938,40.721159],[41.36351,40.728012],[41.356943,40.735721],[41.344189,40.73753],[41.335909,40.741908],[41.326772,40.749712],[41.312875,40.75628],[41.288129,40.760848],[41.275851,40.764084],[41.267475,40.767606],[41.262145,40.771223],[41.25672,40.7776],[41.248154,40.782644],[41.223217,40.789212],[41.196853,40.798729],[41.173915,40.805106],[41.16611,40.806534],[41.153166,40.811007],[41.154784,40.827188],[41.15802,40.836325],[41.164778,40.848698],[41.172868,40.858501],[41.17915,40.863927],[41.189048,40.868495],[41.200089,40.879155],[41.203325,40.884485],[41.208655,40.898191],[41.213795,40.908089],[41.215222,40.917893],[41.222456,40.923603],[41.226453,40.930171],[41.228643,40.937975],[41.226453,40.944257],[41.22712,40.949016],[41.231307,40.95377],[41.245013,40.963192],[41.265551,40.980002],[41.276832,40.986155],[41.290751,40.992748],[41.302471,41.000952],[41.328916,41.015456],[41.347302,41.027324],[41.360635,41.042853],[41.37089,41.050618],[41.382318,41.055233],[41.387372,41.059628],[41.394112,41.077502],[41.395577,41.087538],[41.391914,41.106877],[41.39228,41.118598],[41.390815,41.129],[41.386127,41.137937],[41.365836,41.163429],[41.355727,41.182988],[41.353163,41.191851],[41.348768,41.19969],[41.336314,41.212729],[41.32833,41.219175],[41.318953,41.228112],[41.316096,41.23346],[41.311628,41.250015],[41.304376,41.259245],[41.295732,41.266497],[41.286868,41.270892],[41.276539,41.279023],[41.272584,41.283419],[41.26709,41.295212],[41.263134,41.309277],[41.249727,41.327466],[41.258528,41.337222],[41.27288,41.345896],[41.281757,41.348873],[41.301008,41.353552],[41.306855,41.35435],[41.318388,41.360903],[41.329969,41.365313],[41.342438,41.373032],[41.359393,41.377863],[41.366999,41.37885],[41.380816,41.377978],[41.393596,41.380424],[41.401975,41.382897],[41.419297,41.395524],[41.427652,41.404289],[41.441281,41.423841],[41.457906,41.445132],[41.463795,41.4511],[41.47078,41.454239],[41.474332,41.461248],[41.484726,41.464498],[41.488922,41.468622],[41.496929,41.471721],[41.5023,41.471314],[41.510131,41.478063],[41.520446,41.481721],[41.523209,41.484829],[41.531104,41.497707],[41.537468,41.509815],[41.542651,41.512241],[41.547435,41.519689],[41.558575,41.517695],[41.569752,41.519398],[41.578208,41.516527],[41.584377,41.508165],[41.593527,41.507171],[41.601478,41.503684],[41.615393,41.501696],[41.619511,41.500198],[41.628748,41.490447],[41.633939,41.486998],[41.657332,41.485173],[41.665539,41.482367],[41.674714,41.484096],[41.680341,41.487246],[41.687408,41.487028],[41.693187,41.48898],[41.705015,41.496483],[41.710297,41.496674],[41.71697,41.490314],[41.714602,41.480175],[41.708224,41.474151],[41.722675,41.473413],[41.727132,41.471908],[41.735877,41.472447],[41.750318,41.469445],[41.754678,41.469674],[41.757947,41.467102],[41.773862,41.460799],[41.776082,41.463378],[41.786773,41.461011],[41.788552,41.45063],[41.794934,41.447496],[41.800483,41.448149],[41.805316,41.446524],[41.8124,41.439698],[41.814714,41.434255],[41.823443,41.430829],[41.828504,41.434748],[41.834232,41.435472],[41.845489,41.440936],[41.846418,41.448252],[41.852388,41.449019],[41.859071,41.452085],[41.880693,41.460149],[41.883838,41.463503],[41.888066,41.471938],[41.895114,41.475011],[41.892817,41.480198],[41.897589,41.48365],[41.901278,41.489492],[41.909897,41.494648],[41.910615,41.498272],[41.918051,41.500953],[41.92463,41.506949],[41.937479,41.510033],[41.942263,41.515613],[41.94896,41.517609],[41.955107,41.523434],[41.962308,41.524856],[41.972566,41.521232],[41.984593,41.522082],[41.991439,41.51615],[41.99072,41.510686],[41.994579,41.504462],[42.016655,41.503135],[42.028202,41.499288],[42.031932,41.495483],[42.039134,41.494093],[42.047843,41.49511],[42.050622,41.49815],[42.058754,41.498859],[42.07027,41.506984],[42.081626,41.509408],[42.090832,41.513316],[42.103041,41.506773],[42.111644,41.510685],[42.117258,41.509703],[42.126598,41.505063],[42.13839,41.507322],[42.146526,41.505447],[42.158723,41.506456],[42.170873,41.513323],[42.178172,41.514523],[42.182686,41.510921],[42.194162,41.507512],[42.200885,41.497812],[42.202038,41.493202],[42.208136,41.491569],[42.211539,41.495285],[42.219776,41.496308],[42.22528,41.498676],[42.22892,41.49679],[42.233347,41.497572],[42.242567,41.494066],[42.255244,41.494499],[42.262976,41.491809],[42.268306,41.491665],[42.271331,41.49397],[42.284105,41.493202],[42.293755,41.489904],[42.302448,41.483118],[42.317239,41.479276],[42.330396,41.468039],[42.341777,41.471497],[42.353247,41.470363],[42.358152,41.467079],[42.366887,41.464872],[42.375919,41.465206],[42.382162,41.467607],[42.384563,41.463429],[42.392342,41.466022],[42.400938,41.466455],[42.413015,41.457977],[42.417841,41.458531],[42.425716,41.451952],[42.43388,41.443741],[42.439967,41.441534],[42.446191,41.441603],[42.448517,41.438217],[42.45717,41.439106],[42.461718,41.436815],[42.471534,41.435481],[42.475775,41.437943],[42.483296,41.438393],[42.48942,41.440735],[42.490913,41.445032],[42.495571,41.444698],[42.503187,41.440452],[42.506996,41.442047],[42.515745,41.439294],[42.520079,41.43648],[42.5243,41.443921]]]}},{"type":"Feature","properties":{"id":"TR-P-09","region_id":"TR-R-EGE"},"geometry":{"type":"Polygon","coordinates":[[[28.48468,38.121812],[28.487441,38.12287],[28.50025,38.123563],[28.507,38.117851],[28.510722,38.116812],[28.532791,38.101321],[28.546205,38.102965],[28.553735,38.105042],[28.559446,38.104523],[28.573726,38.098638],[28.594843,38.099244],[28.602026,38.098551],[28.60895,38.093099],[28.621845,38.089291],[28.629591,38.085662],[28.632404,38.076742],[28.636471,38.070771],[28.646857,38.067482],[28.656117,38.062982],[28.671522,38.062982],[28.685455,38.065664],[28.697655,38.064603],[28.719752,38.061482],[28.723679,38.057657],[28.727343,38.038316],[28.73444,38.02144],[28.73669,38.011228],[28.736344,38.002487],[28.738767,37.995131],[28.744219,37.989678],[28.748719,37.987774],[28.761268,37.986563],[28.774077,37.983274],[28.798829,37.982236],[28.824879,37.974187],[28.825052,37.951079],[28.820638,37.930309],[28.816311,37.932386],[28.815099,37.928751],[28.810858,37.929963],[28.81008,37.93403],[28.80532,37.932386],[28.799002,37.936713],[28.787665,37.937232],[28.78152,37.940434],[28.779183,37.944675],[28.773471,37.941213],[28.769836,37.945368],[28.763086,37.94632],[28.761355,37.94831],[28.755037,37.946579],[28.747162,37.937838],[28.744565,37.933338],[28.737209,37.927539],[28.727603,37.917587],[28.727949,37.909105],[28.730718,37.903047],[28.735478,37.897941],[28.743267,37.892056],[28.742575,37.888162],[28.73193,37.882623],[28.72968,37.879247],[28.728208,37.867564],[28.729247,37.861246],[28.738074,37.850947],[28.739632,37.846447],[28.738853,37.836148],[28.741882,37.829225],[28.743873,37.82057],[28.757893,37.810444],[28.765076,37.808887],[28.77927,37.798242],[28.780308,37.789414],[28.783164,37.784914],[28.787838,37.782231],[28.799002,37.781885],[28.80255,37.780673],[28.808435,37.773403],[28.818301,37.772451],[28.822282,37.770721],[28.842707,37.766566],[28.853006,37.756441],[28.865122,37.7522],[28.867286,37.748738],[28.865987,37.736709],[28.859583,37.730997],[28.843659,37.723986],[28.837255,37.719919],[28.834139,37.714207],[28.827821,37.70936],[28.819426,37.706678],[28.804627,37.707716],[28.797963,37.705812],[28.795627,37.703043],[28.794675,37.668165],[28.791473,37.659338],[28.787059,37.653453],[28.774856,37.646875],[28.757807,37.643154],[28.755557,37.639952],[28.755124,37.624806],[28.75772,37.61745],[28.755903,37.60066],[28.753133,37.593996],[28.747941,37.589583],[28.732189,37.587073],[28.729593,37.585515],[28.725352,37.577034],[28.718169,37.570456],[28.711332,37.5676],[28.6961,37.564831],[28.680436,37.557302],[28.670916,37.551417],[28.651184,37.543974],[28.637683,37.54207],[28.62998,37.542156],[28.620807,37.543974],[28.611719,37.541637],[28.60445,37.536012],[28.60194,37.53255],[28.598478,37.519309],[28.598323,37.513243],[28.602854,37.507088],[28.605177,37.495572],[28.608792,37.489552],[28.617938,37.479446],[28.6112,37.477421],[28.604969,37.473007],[28.599776,37.472055],[28.58541,37.47569],[28.579611,37.474651],[28.564639,37.474825],[28.554254,37.476555],[28.541705,37.475171],[28.529156,37.475171],[28.519723,37.476988],[28.510895,37.480969],[28.495317,37.483306],[28.491422,37.485296],[28.47169,37.485729],[28.463469,37.486854],[28.457237,37.500096],[28.45291,37.504769],[28.446939,37.504856],[28.435861,37.500961],[28.425735,37.500355],[28.417167,37.501653],[28.39406,37.494816],[28.384194,37.497759],[28.375972,37.505461],[28.368529,37.508923],[28.361432,37.514375],[28.351393,37.517318],[28.348018,37.519395],[28.343085,37.525713],[28.324911,37.52303],[28.314352,37.51853],[28.30189,37.51602],[28.288908,37.515674],[28.28285,37.519135],[28.28285,37.527444],[28.293235,37.552109],[28.289254,37.554446],[28.278263,37.557907],[28.262599,37.553926],[28.251434,37.547522],[28.247886,37.544147],[28.234991,37.52052],[28.232568,37.511952],[28.228933,37.507452],[28.225644,37.499749],[28.220624,37.494816],[28.214826,37.494211],[28.204354,37.490749],[28.199421,37.486941],[28.195007,37.488066],[28.182891,37.493778],[28.175621,37.494384],[28.162899,37.493864],[28.156841,37.492047],[28.151302,37.480363],[28.148706,37.468074],[28.141696,37.452669],[28.137628,37.450679],[28.131743,37.450506],[28.118156,37.456564],[28.095048,37.460545],[28.083019,37.461497],[28.0722,37.465305],[28.062334,37.472055],[28.049093,37.473786],[28.038015,37.474219],[28.026851,37.47344],[28.018024,37.474565],[28.012917,37.472921],[28.002792,37.4737],[27.99483,37.467728],[27.977607,37.464872],[27.970337,37.462622],[27.954067,37.461583],[27.944374,37.464526],[27.941258,37.467122],[27.942297,37.481056],[27.936239,37.488239],[27.935373,37.493172],[27.929662,37.494643],[27.923084,37.490403],[27.910276,37.49023],[27.905169,37.491787],[27.89314,37.491787],[27.888466,37.490403],[27.870205,37.490662],[27.85956,37.487893],[27.849088,37.476988],[27.839569,37.473613],[27.835068,37.47344],[27.823644,37.476123],[27.814211,37.471363],[27.802095,37.467641],[27.795171,37.46842],[27.782363,37.47318],[27.770419,37.482094],[27.769035,37.48547],[27.769641,37.505981],[27.759688,37.514549],[27.752678,37.523203],[27.747399,37.526059],[27.72308,37.526751],[27.708627,37.525626],[27.704213,37.52277],[27.680846,37.523463],[27.663277,37.52554],[27.64943,37.524328],[27.636275,37.528482],[27.627881,37.533415],[27.609879,37.542589],[27.605812,37.542849],[27.593966,37.535016],[27.587605,37.534432],[27.560408,37.539106],[27.558071,37.545012],[27.553723,37.54631],[27.536587,37.547998],[27.529966,37.547998],[27.511597,37.545532],[27.510039,37.539755],[27.506989,37.538132],[27.49868,37.537353],[27.494331,37.538262],[27.477196,37.537418],[27.471613,37.52898],[27.468108,37.516777],[27.471886,37.488382],[27.46945,37.476959],[27.470853,37.456644],[27.463586,37.452763],[27.46433,37.449542],[27.471266,37.440045],[27.471184,37.435668],[27.465321,37.430548],[27.463421,37.416757],[27.463917,37.405444],[27.462017,37.395699],[27.46433,37.391405],[27.463917,37.384386],[27.453924,37.376127],[27.44451,37.375136],[27.437739,37.372907],[27.429976,37.368035],[27.414781,37.361924],[27.399421,37.359776],[27.391538,37.36538],[27.401978,37.368108],[27.410344,37.373899],[27.412103,37.38182],[27.414885,37.386219],[27.420755,37.384362],[27.428222,37.385353],[27.427143,37.401853],[27.420277,37.410301],[27.413337,37.414517],[27.40504,37.414589],[27.399783,37.413088],[27.3954,37.409483],[27.391986,37.410865],[27.376562,37.405469],[27.367911,37.398423],[27.363195,37.388903],[27.36518,37.383321],[27.361123,37.379327],[27.359531,37.372903],[27.347263,37.368894],[27.342697,37.369],[27.336366,37.37262],[27.338457,37.374832],[27.333636,37.375153],[27.329217,37.377825],[27.331575,37.37287],[27.329115,37.371113],[27.322587,37.371233],[27.32022,37.361469],[27.324011,37.356522],[27.329901,37.354904],[27.333785,37.348071],[27.332842,37.344484],[27.325759,37.341377],[27.314092,37.34551],[27.31348,37.341037],[27.305989,37.348946],[27.308656,37.35278],[27.299618,37.35157],[27.296827,37.349653],[27.291727,37.351616],[27.288177,37.355968],[27.278086,37.354833],[27.275868,37.349116],[27.262177,37.342211],[27.261876,37.336571],[27.250233,37.336056],[27.241128,37.338385],[27.236692,37.338099],[27.235104,37.342218],[27.230531,37.342228],[27.232479,37.344621],[27.231674,37.349671],[27.224126,37.346103],[27.215783,37.345341],[27.212988,37.34767],[27.218303,37.35001],[27.221479,37.354023],[27.209928,37.352339],[27.209314,37.356511],[27.202613,37.353134],[27.192015,37.353875],[27.193296,37.356479],[27.203064,37.36061],[27.207634,37.368458],[27.203802,37.370552],[27.205143,37.373123],[27.2123,37.376615],[27.20888,37.381042],[27.216268,37.388707],[27.217957,37.393844],[27.209509,37.39556],[27.21416,37.400643],[27.22639,37.400525],[27.231902,37.405312],[27.231261,37.407732],[27.225274,37.408039],[27.220201,37.413329],[27.222406,37.414799],[27.218838,37.419481],[27.220353,37.42382],[27.221121,37.44628],[27.21974,37.452011],[27.229035,37.464958],[27.230245,37.476895],[27.224662,37.481451],[27.228563,37.487032],[27.225289,37.488059],[27.217787,37.48581],[27.208328,37.480041],[27.205673,37.474098],[27.20443,37.477942],[27.20845,37.487444],[27.185277,37.473907],[27.178626,37.471213],[27.175301,37.471964],[27.176495,37.480362],[27.180862,37.485953],[27.187678,37.50095],[27.188578,37.510594],[27.188795,37.527056],[27.186825,37.536896],[27.180835,37.549013],[27.18227,37.551838],[27.174885,37.554231],[27.176074,37.559272],[27.184596,37.553928],[27.191097,37.556858],[27.196702,37.561753],[27.207168,37.564727],[27.214912,37.558422],[27.219003,37.562076],[27.211455,37.572357],[27.21794,37.575772],[27.216672,37.581535],[27.217961,37.584583],[27.224153,37.587182],[27.21931,37.592468],[27.212995,37.596489],[27.20957,37.601419],[27.202373,37.602694],[27.18934,37.611529],[27.179209,37.608596],[27.178654,37.612032],[27.165733,37.618347],[27.157959,37.618483],[27.119472,37.630188],[27.115073,37.634107],[27.105175,37.634851],[27.099573,37.638976],[27.085173,37.64231],[27.077567,37.642436],[27.070724,37.644546],[27.061708,37.642713],[27.02803,37.652948],[27.021257,37.651474],[27.01869,37.656862],[27.015421,37.659314],[27.010644,37.658559],[27.008603,37.661912],[27.012502,37.666922],[27.00572,37.667657],[27.013832,37.674378],[27.017346,37.686784],[27.020184,37.688286],[27.028399,37.688385],[27.036618,37.69043],[27.049716,37.684005],[27.068888,37.686825],[27.088195,37.685185],[27.099716,37.68356],[27.107055,37.68412],[27.128899,37.691597],[27.140203,37.693359],[27.159476,37.700471],[27.186336,37.70387],[27.192912,37.707437],[27.214376,37.713823],[27.2222,37.720218],[27.229051,37.721816],[27.233197,37.724649],[27.249052,37.742233],[27.253072,37.749176],[27.258522,37.761403],[27.264194,37.778984],[27.266868,37.790092],[27.26956,37.810696],[27.267869,37.815726],[27.262999,37.821573],[27.257177,37.825017],[27.250975,37.824209],[27.242515,37.82597],[27.242514,37.830629],[27.239042,37.832472],[27.236139,37.839064],[27.241253,37.842256],[27.243475,37.847034],[27.242709,37.858318],[27.249665,37.861143],[27.253821,37.860897],[27.260741,37.863209],[27.26355,37.866852],[27.263617,37.872266],[27.265909,37.87992],[27.26403,37.89032],[27.268814,37.893282],[27.267916,37.895271],[27.272689,37.898115],[27.271293,37.907607],[27.268616,37.910668],[27.267784,37.905391],[27.264359,37.905429],[27.261042,37.913413],[27.263886,37.914868],[27.266485,37.921271],[27.263929,37.923465],[27.266706,37.924605],[27.276395,37.923122],[27.283288,37.919647],[27.287527,37.91478],[27.288712,37.90322],[27.293559,37.900364],[27.29953,37.891623],[27.303252,37.889027],[27.316493,37.884527],[27.319263,37.881411],[27.331033,37.87769],[27.339168,37.876045],[27.352496,37.869814],[27.354486,37.862112],[27.360544,37.852678],[27.36617,37.841341],[27.372141,37.838831],[27.379584,37.831994],[27.392393,37.82533],[27.39871,37.826628],[27.409875,37.831302],[27.414462,37.834417],[27.421645,37.84411],[27.428568,37.844803],[27.432636,37.84688],[27.43653,37.851813],[27.435838,37.870593],[27.428309,37.878122],[27.428136,37.8847],[27.426145,37.893354],[27.426491,37.906682],[27.423376,37.918106],[27.423895,37.920529],[27.438694,37.925376],[27.446223,37.930482],[27.455051,37.933078],[27.461109,37.93628],[27.474004,37.939136],[27.479543,37.949349],[27.479197,37.959474],[27.481274,37.970465],[27.485082,37.975225],[27.485688,37.980072],[27.497891,37.996948],[27.517882,37.998073],[27.53121,37.996256],[27.538999,38.00015],[27.547913,38.006901],[27.563751,38.010795],[27.574742,38.011055],[27.582358,38.008632],[27.589541,38.002833],[27.59984,37.998419],[27.603648,37.99565],[27.617668,37.991669],[27.626063,37.992967],[27.637141,37.997121],[27.65921,37.983101],[27.675653,37.982409],[27.686817,37.983793],[27.695558,37.986649],[27.702136,37.986822],[27.707069,37.983966],[27.718666,37.983101],[27.731821,37.980418],[27.736234,37.978514],[27.743677,37.977995],[27.751985,37.979466],[27.759342,37.978341],[27.779593,37.970812],[27.787382,37.967177],[27.801056,37.963975],[27.803393,37.96484],[27.811961,37.963109],[27.818106,37.964321],[27.824164,37.967783],[27.825548,37.970898],[27.849175,37.98137],[27.85506,37.985265],[27.867609,37.986217],[27.873667,37.991755],[27.875311,38.00067],[27.879293,38.005862],[27.879639,38.010968],[27.885351,38.012007],[27.900756,38.011141],[27.911401,38.015555],[27.922132,38.010709],[27.934508,37.998679],[27.950951,37.996342],[27.95926,37.999112],[27.969039,37.996775],[27.976828,37.988207],[27.991887,37.978514],[28.001667,37.974706],[28.015341,37.982236],[28.021831,37.992102],[28.033169,38.001621],[28.03438,38.014517],[28.036977,38.021873],[28.042083,38.02897],[28.050305,38.031133],[28.063546,38.028104],[28.068133,38.025767],[28.073585,38.026719],[28.07722,38.024383],[28.089163,38.02421],[28.095654,38.030181],[28.101453,38.031566],[28.114521,38.026114],[28.130445,38.025594],[28.131916,38.027498],[28.133907,38.038057],[28.139965,38.041951],[28.154072,38.041345],[28.169303,38.034595],[28.17865,38.032778],[28.188689,38.033903],[28.197863,38.029662],[28.209547,38.028623],[28.214739,38.026633],[28.222875,38.026719],[28.244078,38.036066],[28.252819,38.035807],[28.263464,38.031306],[28.277571,38.034335],[28.298688,38.060126],[28.302322,38.067309],[28.304746,38.086262],[28.310977,38.092407],[28.32569,38.096994],[28.330623,38.10158],[28.329844,38.110668],[28.330882,38.121226],[28.343085,38.121572],[28.350355,38.124688],[28.360567,38.125726],[28.373203,38.118803],[28.381251,38.118457],[28.390425,38.111273],[28.398993,38.105994],[28.401849,38.10158],[28.409119,38.096388],[28.41786,38.096215],[28.424264,38.09033],[28.434649,38.087474],[28.440707,38.088512],[28.448583,38.096301],[28.457324,38.103052],[28.474314,38.113724],[28.48468,38.121812]]]}},{"type":"Feature","properties":{"id":"TR-P-10","region_id":"TR-R-MAR"},"geometry":{"type":"MultiPolygon","coordinates":[[[[28.180489,40.397169],[28.183618,40.389157],[28.183618,40.382309],[28.186029,40.366491],[28.188537,40.358968],[28.192202,40.336301],[28.189501,40.328585],[28.177831,40.311031],[28.17677,40.288075],[28.175323,40.278719],[28.175805,40.271678],[28.171465,40.262226],[28.164713,40.260393],[28.127772,40.264251],[28.107613,40.266662],[28.100861,40.266373],[28.095942,40.261647],[28.09546,40.254606],[28.099993,40.23628],[28.107324,40.229335],[28.11504,40.224513],[28.126036,40.209755],[28.131148,40.200207],[28.139346,40.173296],[28.143686,40.157575],[28.151981,40.122755],[28.152946,40.116968],[28.168089,40.099124],[28.175998,40.091119],[28.185474,40.083451],[28.205908,40.064042],[28.199641,40.055643],[28.190129,40.050348],[28.187938,40.047129],[28.191037,40.039214],[28.201082,40.033356],[28.197772,40.029503],[28.192401,40.027767],[28.194071,40.019949],[28.192238,40.016573],[28.194553,40.007796],[28.212927,39.992701],[28.226817,39.984671],[28.23721,39.976886],[28.257633,39.965067],[28.267471,39.957616],[28.268195,39.950744],[28.265663,39.933382],[28.265229,39.916093],[28.280417,39.900574],[28.290909,39.893523],[28.304509,39.891208],[28.323679,39.878694],[28.349504,39.86777],[28.383431,39.8588],[28.395006,39.858439],[28.408533,39.860464],[28.430018,39.858583],[28.439784,39.854894],[28.449188,39.847226],[28.45295,39.836013],[28.45373,39.820813],[28.455644,39.811671],[28.459822,39.805106],[28.471161,39.792953],[28.482283,39.784544],[28.485267,39.780583],[28.491941,39.775755],[28.501544,39.771089],[28.510659,39.76154],[28.525579,39.75465],[28.535453,39.75427],[28.575113,39.745318],[28.588808,39.744301],[28.595024,39.740543],[28.604248,39.737288],[28.616564,39.734738],[28.625841,39.73425],[28.635064,39.735009],[28.644179,39.741791],[28.649225,39.743039],[28.659967,39.749387],[28.666733,39.758344],[28.67684,39.768647],[28.686444,39.775321],[28.700141,39.77708],[28.710215,39.780808],[28.721906,39.776285],[28.729759,39.768939],[28.730614,39.766334],[28.729498,39.753446],[28.726578,39.739734],[28.726214,39.722374],[28.729941,39.707931],[28.730571,39.701432],[28.737768,39.696332],[28.749981,39.693027],[28.758384,39.684064],[28.763481,39.660815],[28.769021,39.648935],[28.773174,39.647167],[28.792897,39.63189],[28.829499,39.618019],[28.848557,39.617961],[28.867523,39.618947],[28.880935,39.621221],[28.917381,39.624681],[28.940608,39.6241],[28.957124,39.621458],[28.972999,39.614197],[28.985408,39.609614],[28.99765,39.587198],[28.997965,39.582775],[28.988715,39.578622],[28.986209,39.575679],[28.985706,39.569203],[28.970288,39.563193],[28.955644,39.559884],[28.95255,39.557192],[28.950775,39.551309],[28.954644,39.542103],[28.953534,39.539395],[28.943666,39.530477],[28.93342,39.524987],[28.928012,39.523639],[28.92547,39.516368],[28.923859,39.493492],[28.925354,39.489228],[28.930567,39.483171],[28.938964,39.477093],[28.950015,39.461885],[28.951017,39.458393],[28.94484,39.441547],[28.948969,39.435307],[28.951199,39.428383],[28.952297,39.419948],[28.950314,39.41247],[28.925997,39.409179],[28.901103,39.402753],[28.880277,39.391445],[28.875396,39.384367],[28.873525,39.373466],[28.869132,39.366388],[28.863275,39.359799],[28.849526,39.349955],[28.833174,39.334743],[28.828537,39.327258],[28.820972,39.312696],[28.81227,39.301936],[28.782764,39.283762],[28.77029,39.279532],[28.755263,39.272778],[28.738508,39.269011],[28.708137,39.272482],[28.696748,39.274976],[28.684599,39.278664],[28.670824,39.287342],[28.664424,39.293091],[28.65618,39.304046],[28.652493,39.31153],[28.638175,39.307734],[28.613552,39.291084],[28.612332,39.280915],[28.616481,39.261391],[28.629904,39.243168],[28.636819,39.228687],[28.641374,39.222667],[28.651706,39.216891],[28.663909,39.212905],[28.667488,39.202167],[28.668302,39.191021],[28.667,39.182561],[28.664437,39.180126],[28.660914,39.182092],[28.637897,39.184058],[28.634784,39.184959],[28.624217,39.184467],[28.608408,39.168412],[28.604721,39.16661],[28.596448,39.167265],[28.570563,39.163333],[28.551887,39.157599],[28.546153,39.154896],[28.535914,39.14736],[28.512896,39.139496],[28.506261,39.13835],[28.491844,39.131551],[28.473168,39.121066],[28.461945,39.117789],[28.449003,39.108451],[28.433603,39.104437],[28.424101,39.098294],[28.412388,39.099686],[28.389534,39.100505],[28.369792,39.097229],[28.36586,39.097229],[28.357669,39.087235],[28.35259,39.083222],[28.345955,39.081256],[28.334569,39.07372],[28.321627,39.071508],[28.312698,39.066839],[28.296561,39.061351],[28.278213,39.063153],[28.270677,39.065364],[28.257652,39.070853],[28.253802,39.073392],[28.241269,39.088464],[28.229392,39.091495],[28.223085,39.091003],[28.206538,39.079454],[28.191548,39.074784],[28.179588,39.07503],[28.167465,39.077242],[28.15698,39.076832],[28.151082,39.077733],[28.141171,39.090266],[28.137075,39.09772],[28.130112,39.103127],[28.12446,39.113448],[28.121184,39.128438],[28.114139,39.140398],[28.100541,39.156043],[28.095217,39.158664],[28.083995,39.166856],[28.071872,39.170542],[28.059257,39.172999],[28.051557,39.180453],[28.02985,39.189054],[28.018709,39.188399],[28.009371,39.193969],[27.994135,39.196017],[27.988074,39.197655],[27.979309,39.203307],[27.97251,39.211171],[27.96907,39.219199],[27.974967,39.233124],[27.971855,39.240578],[27.960878,39.247049],[27.943676,39.250162],[27.937942,39.254504],[27.932044,39.2672],[27.933929,39.269494],[27.943267,39.2749],[27.953506,39.276866],[27.962926,39.28301],[27.971199,39.291529],[27.972182,39.299147],[27.966448,39.304635],[27.954735,39.311188],[27.950557,39.316676],[27.9481,39.325605],[27.943758,39.329209],[27.936877,39.338547],[27.918447,39.344691],[27.894036,39.346001],[27.883388,39.344363],[27.878719,39.34125],[27.876097,39.33609],[27.864547,39.325113],[27.853981,39.325605],[27.840137,39.31897],[27.828014,39.314792],[27.821297,39.314874],[27.810239,39.31684],[27.796559,39.322328],[27.787958,39.322902],[27.779767,39.325441],[27.770183,39.330192],[27.763302,39.343052],[27.753226,39.350507],[27.735369,39.359599],[27.727751,39.360418],[27.717021,39.357469],[27.702768,39.35149],[27.693347,39.344445],[27.689825,39.343462],[27.671067,39.334615],[27.657633,39.334124],[27.641086,39.335516],[27.630274,39.338793],[27.615939,39.345756],[27.60701,39.348786],[27.596689,39.350097],[27.584812,39.34895],[27.573999,39.3451],[27.566545,39.344937],[27.561384,39.349933],[27.56163,39.361893],[27.558927,39.371477],[27.553111,39.376064],[27.544182,39.380323],[27.535417,39.381061],[27.524932,39.378603],[27.51928,39.385156],[27.513874,39.394494],[27.50429,39.401703],[27.49315,39.405225],[27.472426,39.405143],[27.457026,39.409812],[27.439087,39.410304],[27.428929,39.408584],[27.425079,39.402686],[27.414676,39.394331],[27.40811,39.382262],[27.390744,39.373634],[27.38288,39.367627],[27.376731,39.364325],[27.372547,39.370514],[27.369409,39.378359],[27.368886,39.384548],[27.355288,39.38786],[27.341167,39.386814],[27.333671,39.392218],[27.323473,39.393613],[27.310921,39.392829],[27.303076,39.388645],[27.297497,39.380189],[27.283028,39.370601],[27.278495,39.365546],[27.262108,39.363628],[27.240578,39.360141],[27.222273,39.362146],[27.21652,39.365284],[27.210331,39.366766],[27.196559,39.363192],[27.18915,39.363105],[27.182029,39.365263],[27.156654,39.364948],[27.138593,39.363279],[27.124908,39.360664],[27.113925,39.359618],[27.108957,39.355347],[27.099194,39.34419],[27.093528,39.343231],[27.070255,39.336432],[27.052734,39.328413],[27.04672,39.323793],[27.042187,39.317081],[27.026759,39.314379],[27.023882,39.310979],[27.018217,39.309236],[27.00889,39.303745],[27.000783,39.301217],[26.986924,39.294941],[26.966266,39.291716],[26.933753,39.279251],[26.922595,39.275939],[26.913443,39.270709],[26.907503,39.268779],[26.905208,39.2636],[26.897407,39.260002],[26.886621,39.252055],[26.887484,39.24583],[26.879617,39.236736],[26.87143,39.233554],[26.856696,39.235934],[26.841555,39.235573],[26.828607,39.229322],[26.824885,39.219655],[26.818525,39.212344],[26.807097,39.206443],[26.795514,39.19886],[26.782265,39.180873],[26.76984,39.166833],[26.770737,39.166624],[26.762472,39.168525],[26.758386,39.179036],[26.736453,39.203106],[26.727887,39.21005],[26.726386,39.216552],[26.727841,39.219751],[26.730226,39.21359],[26.734055,39.212459],[26.734891,39.222272],[26.733406,39.22535],[26.73297,39.241661],[26.727914,39.250078],[26.721196,39.256873],[26.704233,39.264088],[26.683476,39.266446],[26.657741,39.267128],[26.642077,39.266424],[26.636083,39.267438],[26.635875,39.270739],[26.627035,39.272528],[26.614396,39.271828],[26.608946,39.273383],[26.611906,39.282573],[26.620636,39.286011],[26.6238,39.295968],[26.626491,39.298559],[26.622765,39.305874],[26.626546,39.312392],[26.638763,39.31477],[26.642189,39.318888],[26.652242,39.323234],[26.653748,39.317988],[26.657732,39.316873],[26.6519,39.308511],[26.656492,39.304771],[26.654218,39.30216],[26.649365,39.303259],[26.647685,39.30736],[26.644306,39.307534],[26.641987,39.301652],[26.634725,39.304481],[26.634666,39.301694],[26.630583,39.297304],[26.635323,39.292268],[26.645263,39.292697],[26.651087,39.298086],[26.657658,39.29468],[26.658966,39.291639],[26.654521,39.287128],[26.662262,39.28119],[26.670108,39.278691],[26.673882,39.284201],[26.664877,39.295522],[26.661045,39.292179],[26.661799,39.30238],[26.675012,39.312299],[26.684556,39.311886],[26.689028,39.313083],[26.690387,39.318937],[26.697158,39.328297],[26.698921,39.333152],[26.70266,39.336955],[26.70092,39.340716],[26.695883,39.343073],[26.689921,39.34192],[26.684531,39.343642],[26.684298,39.337206],[26.690706,39.334717],[26.688413,39.332329],[26.680869,39.332557],[26.669712,39.329184],[26.655725,39.331665],[26.648191,39.325158],[26.634865,39.324671],[26.622798,39.326623],[26.623277,39.330461],[26.616571,39.335008],[26.613095,39.340751],[26.61585,39.35331],[26.608317,39.351607],[26.610239,39.356589],[26.613799,39.35789],[26.622867,39.355878],[26.62372,39.359347],[26.620792,39.364347],[26.614008,39.370618],[26.617915,39.372688],[26.617282,39.37993],[26.609201,39.384472],[26.600105,39.385004],[26.599065,39.386373],[26.604877,39.39084],[26.612173,39.393021],[26.61419,39.395762],[26.617365,39.393132],[26.625421,39.395387],[26.629959,39.393959],[26.628029,39.389124],[26.637308,39.39069],[26.639797,39.388035],[26.64584,39.388793],[26.643599,39.385752],[26.645786,39.38367],[26.653575,39.384863],[26.661013,39.388462],[26.67023,39.389826],[26.664382,39.386046],[26.668282,39.383105],[26.662906,39.381165],[26.661549,39.3753],[26.641721,39.376645],[26.637763,39.378252],[26.62951,39.378754],[26.625179,39.380688],[26.621627,39.378955],[26.624079,39.369107],[26.631006,39.363092],[26.630149,39.360442],[26.633959,39.357065],[26.642525,39.362342],[26.649696,39.364077],[26.653682,39.363127],[26.656715,39.358683],[26.652319,39.355095],[26.652943,39.352192],[26.657695,39.349237],[26.65925,39.344214],[26.66475,39.339026],[26.675441,39.340872],[26.675654,39.343489],[26.679783,39.342655],[26.695177,39.349049],[26.696616,39.343812],[26.705731,39.340239],[26.709197,39.342112],[26.713843,39.340856],[26.719042,39.345038],[26.734963,39.35227],[26.738907,39.357768],[26.747323,39.357562],[26.752881,39.359508],[26.758308,39.363568],[26.768565,39.367954],[26.783729,39.37802],[26.789269,39.386979],[26.798818,39.392864],[26.803251,39.398212],[26.805406,39.404251],[26.797903,39.406976],[26.799143,39.419787],[26.79591,39.421822],[26.793368,39.427758],[26.798513,39.436767],[26.802559,39.436218],[26.809857,39.439756],[26.813296,39.438993],[26.816325,39.43405],[26.82627,39.433025],[26.834675,39.433636],[26.837999,39.436137],[26.847352,39.437872],[26.851899,39.446778],[26.848884,39.466856],[26.853298,39.472106],[26.85564,39.478158],[26.86376,39.478734],[26.871741,39.476234],[26.884142,39.476585],[26.900687,39.478188],[26.90255,39.4769],[26.92037,39.48242],[26.928253,39.48408],[26.931129,39.487253],[26.931906,39.50508],[26.933883,39.506587],[26.931009,39.51756],[26.939546,39.533996],[26.938401,39.535828],[26.942897,39.542826],[26.952054,39.547846],[26.952453,39.555338],[26.946729,39.565121],[26.942496,39.569701],[26.927057,39.581474],[26.921337,39.583828],[26.907312,39.582305],[26.897132,39.584489],[26.889236,39.582182],[26.88075,39.585281],[26.877258,39.58475],[26.872645,39.579657],[26.871187,39.574466],[26.867608,39.569822],[26.867077,39.565271],[26.852599,39.566593],[26.841735,39.561912],[26.837714,39.557377],[26.824318,39.565905],[26.818175,39.568147],[26.804762,39.566001],[26.799129,39.568748],[26.788568,39.569843],[26.784529,39.569002],[26.775299,39.571096],[26.771404,39.570748],[26.759556,39.56341],[26.747069,39.565928],[26.727777,39.567162],[26.718902,39.562373],[26.703771,39.560752],[26.696721,39.556281],[26.690132,39.555032],[26.680177,39.557667],[26.668807,39.557623],[26.657548,39.552068],[26.654286,39.563094],[26.648998,39.576754],[26.652022,39.587822],[26.658535,39.597916],[26.659609,39.605048],[26.655185,39.612039],[26.660064,39.620904],[26.667839,39.627349],[26.66847,39.632906],[26.674467,39.644782],[26.678321,39.646625],[26.68142,39.652322],[26.681253,39.657097],[26.696248,39.682815],[26.69985,39.690103],[26.706803,39.699988],[26.720709,39.711046],[26.736123,39.720345],[26.74383,39.722104],[26.751705,39.722271],[26.760334,39.719256],[26.764857,39.713643],[26.773151,39.70736],[26.781109,39.703506],[26.802303,39.697977],[26.811518,39.698396],[26.820482,39.700658],[26.83531,39.70669],[26.846368,39.708616],[26.860609,39.716156],[26.876693,39.722355],[26.897552,39.727633],[26.918579,39.73467],[26.925114,39.738523],[26.931648,39.746733],[26.944968,39.757707],[26.958539,39.764241],[26.972612,39.769016],[26.982749,39.769938],[26.99322,39.768932],[27.005619,39.765246],[27.018352,39.758628],[27.033263,39.75],[27.048761,39.744471],[27.065348,39.743885],[27.092574,39.745644],[27.111088,39.749162],[27.138649,39.750586],[27.15088,39.748911],[27.167215,39.740869],[27.174838,39.737853],[27.187153,39.735759],[27.225856,39.711213],[27.233479,39.70493],[27.242861,39.700072],[27.257187,39.696218],[27.272014,39.694375],[27.292538,39.694962],[27.30812,39.697726],[27.316246,39.701244],[27.342215,39.709873],[27.352184,39.71691],[27.358886,39.725287],[27.366509,39.731486],[27.377567,39.737937],[27.397086,39.745895],[27.413673,39.754775],[27.421966,39.757539],[27.442574,39.757623],[27.451287,39.762398],[27.456732,39.766754],[27.463015,39.778147],[27.472565,39.802525],[27.48379,39.813918],[27.487811,39.827154],[27.485717,39.840139],[27.485968,39.848013],[27.489487,39.863763],[27.491665,39.869627],[27.49778,39.880852],[27.50289,39.887889],[27.506911,39.896015],[27.512022,39.902382],[27.519058,39.90791],[27.523666,39.915115],[27.526179,39.927011],[27.524252,39.944686],[27.520231,39.958341],[27.516294,39.962949],[27.504733,39.969986],[27.490492,39.974928],[27.46712,39.981379],[27.453465,39.983389],[27.447852,39.985735],[27.443245,39.993023],[27.442745,39.999599],[27.445837,40.02065],[27.450768,40.030292],[27.452167,40.042437],[27.447382,40.057306],[27.441788,40.066433],[27.425963,40.086012],[27.421694,40.095139],[27.416541,40.103089],[27.407267,40.110155],[27.395564,40.123625],[27.392031,40.130544],[27.39284,40.144235],[27.397404,40.156969],[27.404102,40.164403],[27.415805,40.172205],[27.421768,40.178315],[27.426405,40.190901],[27.431484,40.197158],[27.445101,40.208125],[27.457982,40.215854],[27.472703,40.229618],[27.487571,40.236316],[27.49714,40.243309],[27.504354,40.254055],[27.506837,40.268541],[27.50591,40.273107],[27.510167,40.279286],[27.511403,40.288109],[27.50543,40.295352],[27.508575,40.306629],[27.525203,40.304461],[27.532381,40.302383],[27.547258,40.302125],[27.559201,40.305037],[27.571478,40.310922],[27.59336,40.322892],[27.603037,40.325314],[27.62229,40.326581],[27.626248,40.323665],[27.621657,40.320749],[27.620255,40.316133],[27.632657,40.320325],[27.633916,40.323652],[27.652938,40.315475],[27.668573,40.309816],[27.693004,40.312856],[27.710264,40.314432],[27.719744,40.30999],[27.753439,40.309603],[27.770454,40.3121],[27.781432,40.316922],[27.807781,40.338633],[27.858712,40.360729],[27.865054,40.365719],[27.87101,40.367617],[27.878226,40.373991],[27.877254,40.377641],[27.86979,40.383623],[27.860122,40.387402],[27.837994,40.393869],[27.826253,40.399059],[27.819428,40.400436],[27.815817,40.398352],[27.809888,40.390951],[27.805069,40.391694],[27.8021,40.389333],[27.801535,40.383823],[27.795121,40.383704],[27.793889,40.387349],[27.79701,40.388905],[27.794775,40.393493],[27.788366,40.396203],[27.787481,40.403933],[27.779323,40.411764],[27.76908,40.415356],[27.765097,40.4198],[27.759088,40.423332],[27.746831,40.432594],[27.749009,40.437711],[27.755249,40.442621],[27.750462,40.449976],[27.74017,40.456232],[27.731915,40.453239],[27.716351,40.455343],[27.708683,40.46353],[27.694217,40.471876],[27.68775,40.474394],[27.685035,40.480742],[27.684374,40.489906],[27.679933,40.50047],[27.695545,40.507189],[27.699617,40.513076],[27.705995,40.516589],[27.716567,40.52061],[27.730687,40.52044],[27.733602,40.524477],[27.737339,40.524739],[27.743788,40.516937],[27.749573,40.518646],[27.749349,40.525964],[27.751907,40.526399],[27.753722,40.522295],[27.76172,40.522874],[27.768519,40.52101],[27.776043,40.524061],[27.774894,40.515449],[27.778935,40.507139],[27.787908,40.505814],[27.791913,40.515455],[27.797505,40.51653],[27.803346,40.513991],[27.813493,40.518413],[27.827936,40.514561],[27.830688,40.510757],[27.840487,40.509656],[27.844851,40.515449],[27.861109,40.515912],[27.867761,40.514271],[27.882359,40.514657],[27.89491,40.512117],[27.90498,40.507927],[27.913369,40.508371],[27.919651,40.507263],[27.928806,40.50222],[27.933709,40.503508],[27.942698,40.500818],[27.942934,40.498215],[27.9497,40.496895],[27.956052,40.50008],[27.957725,40.495762],[27.9692,40.493834],[27.970993,40.49087],[27.977504,40.492687],[27.983841,40.490764],[27.987469,40.487771],[27.989764,40.490944],[27.996559,40.488519],[28.013892,40.488254],[28.02202,40.486812],[28.027848,40.481643],[28.031161,40.481493],[28.034593,40.477192],[28.028496,40.471784],[28.026265,40.467045],[28.027311,40.463169],[28.023053,40.460721],[28.026273,40.458146],[28.024063,40.453075],[28.0162,40.447331],[28.01173,40.446733],[28.003393,40.440595],[27.999313,40.440698],[27.991505,40.434374],[27.978341,40.429783],[27.970543,40.422979],[27.969695,40.424156],[27.959696,40.424995],[27.955767,40.422437],[27.951354,40.422395],[27.946061,40.413434],[27.940067,40.413755],[27.934998,40.410158],[27.933139,40.41235],[27.926491,40.411871],[27.91838,40.406219],[27.916529,40.402917],[27.907143,40.400508],[27.905592,40.394644],[27.901929,40.394398],[27.896973,40.391017],[27.896221,40.385105],[27.900379,40.380165],[27.909222,40.379501],[27.918683,40.372039],[27.927613,40.362112],[27.933696,40.359535],[27.946142,40.356162],[27.947195,40.357223],[27.966443,40.352508],[27.967968,40.356686],[27.957426,40.358828],[27.95804,40.360262],[27.96902,40.357355],[27.972598,40.360774],[27.983638,40.361881],[27.986199,40.365725],[27.994453,40.367103],[27.996023,40.365998],[28.021579,40.370991],[28.043904,40.374799],[28.054085,40.378366],[28.063063,40.379288],[28.067271,40.377565],[28.076651,40.379368],[28.091841,40.383978],[28.10619,40.385781],[28.112644,40.389268],[28.129518,40.39015],[28.142888,40.393707],[28.152284,40.39492],[28.162024,40.394759],[28.180489,40.397169]]],[[[26.636283,39.299185],[26.636283,39.299185],[26.636283,39.299185],[26.636283,39.299185]]],[[[26.600049,39.302203],[26.600322,39.296632],[26.59607,39.29288],[26.598821,39.286809],[26.602937,39.282898],[26.597775,39.281829],[26.590999,39.283398],[26.589043,39.278509],[26.579444,39.27621],[26.576878,39.279851],[26.585724,39.285786],[26.586588,39.289515],[26.592409,39.292516],[26.594023,39.297223],[26.59234,39.302226],[26.600049,39.302203]]],[[[26.65863,39.324496],[26.65863,39.324496],[26.65863,39.324496],[26.65863,39.324496]]],[[[26.615441,39.324838],[26.615441,39.324838],[26.615441,39.324838],[26.615441,39.324838]]],[[[26.619753,39.329457],[26.619753,39.329457],[26.619753,39.329457],[26.619753,39.329457]]],[[[26.594902,39.33065],[26.594902,39.33065],[26.594902,39.33065],[26.594902,39.33065]]],[[[26.533183,39.324402],[26.527998,39.328716],[26.531056,39.333181],[26.538736,39.331154],[26.538486,39.325106],[26.533183,39.324402]]],[[[26.58313,39.334013],[26.58313,39.334013],[26.58313,39.334013],[26.58313,39.334013]]],[[[26.568704,39.333926],[26.568704,39.333926],[26.568704,39.333926],[26.568704,39.333926]]],[[[26.561656,39.335985],[26.561656,39.335985],[26.561656,39.335985],[26.561656,39.335985]]],[[[26.59529,39.337359],[26.59529,39.337359],[26.59529,39.337359],[26.59529,39.337359]]],[[[26.68873,39.338455],[26.68873,39.338455],[26.68873,39.338455],[26.68873,39.338455]]],[[[26.613794,39.334909],[26.608663,39.332781],[26.602259,39.332886],[26.595834,39.336765],[26.602509,39.342877],[26.610415,39.340374],[26.613794,39.334909]]],[[[26.676233,39.343919],[26.676233,39.343919],[26.676233,39.343919],[26.676233,39.343919]]],[[[26.578898,39.343935],[26.58001,39.339384],[26.575841,39.334267],[26.572614,39.334458],[26.576037,39.338722],[26.574882,39.341086],[26.578898,39.343935]]],[[[26.679861,39.349483],[26.679861,39.349483],[26.679861,39.349483],[26.679861,39.349483]]],[[[26.713641,39.349445],[26.713641,39.349445],[26.713641,39.349445],[26.713641,39.349445]]],[[[26.596877,39.349489],[26.600152,39.348405],[26.601633,39.344003],[26.592935,39.344441],[26.586469,39.343232],[26.586761,39.349343],[26.596877,39.349489]]],[[[26.682324,39.35137],[26.682324,39.35137],[26.682324,39.35137],[26.682324,39.35137]]],[[[26.598317,39.352692],[26.598317,39.352692],[26.598317,39.352692],[26.598317,39.352692]]],[[[26.5904,39.352321],[26.5904,39.352321],[26.5904,39.352321],[26.5904,39.352321]]],[[[26.673607,39.353907],[26.667418,39.351643],[26.666243,39.353319],[26.673607,39.353907]]],[[[26.700601,39.358276],[26.700601,39.358276],[26.700601,39.358276],[26.700601,39.358276]]],[[[26.591338,39.358105],[26.591338,39.358105],[26.591338,39.358105],[26.591338,39.358105]]],[[[26.721856,39.358455],[26.721856,39.358455],[26.721856,39.358455],[26.721856,39.358455]]],[[[26.633613,39.367554],[26.633613,39.367554],[26.633613,39.367554],[26.633613,39.367554]]],[[[26.697678,39.372141],[26.695778,39.367608],[26.694172,39.371969],[26.697678,39.372141]]],[[[26.727615,39.377118],[26.727615,39.377118],[26.727615,39.377118],[26.727615,39.377118]]],[[[26.761621,39.371519],[26.760063,39.375053],[26.76848,39.37938],[26.7693,39.375345],[26.761357,39.37355],[26.761621,39.371519]]],[[[26.708334,39.38215],[26.710029,39.375819],[26.707818,39.372656],[26.703281,39.373718],[26.703839,39.379852],[26.708334,39.38215]]],[[[26.570532,39.378274],[26.568799,39.384199],[26.571715,39.384959],[26.575127,39.381934],[26.570532,39.378274]]],[[[26.592113,39.396337],[26.602715,39.39492],[26.594592,39.385195],[26.59556,39.376826],[26.592301,39.377605],[26.591191,39.372974],[26.59324,39.369823],[26.589496,39.367907],[26.58427,39.37218],[26.589177,39.374951],[26.584958,39.379365],[26.579504,39.379669],[26.576536,39.382877],[26.578351,39.386418],[26.576184,39.390372],[26.580793,39.392008],[26.584496,39.386698],[26.584774,39.391536],[26.59005,39.393134],[26.588912,39.396691],[26.592113,39.396337]]],[[[26.71231,39.409767],[26.711737,39.406912],[26.706959,39.40514],[26.706476,39.407607],[26.71231,39.409767]]],[[[26.937598,39.537151],[26.937598,39.537151],[26.937598,39.537151],[26.937598,39.537151]]],[[[27.787727,40.393144],[27.787727,40.393144],[27.787727,40.393144],[27.787727,40.393144]]],[[[27.564851,40.470023],[27.569088,40.467181],[27.561555,40.467246],[27.564851,40.470023]]],[[[27.601201,40.510637],[27.605806,40.508637],[27.616024,40.508431],[27.621995,40.503938],[27.621925,40.501079],[27.631698,40.495074],[27.640017,40.497767],[27.645206,40.493266],[27.648229,40.492948],[27.647603,40.487561],[27.640008,40.480666],[27.632069,40.471344],[27.63257,40.469058],[27.638834,40.463769],[27.637883,40.461014],[27.648793,40.455546],[27.655563,40.461248],[27.658646,40.461186],[27.661945,40.464782],[27.665207,40.459759],[27.663854,40.452735],[27.660091,40.446285],[27.6519,40.450288],[27.639482,40.454088],[27.63572,40.456608],[27.628028,40.458239],[27.628047,40.460852],[27.609124,40.460305],[27.603694,40.46149],[27.58641,40.462634],[27.576383,40.465557],[27.57893,40.47157],[27.577775,40.475865],[27.581374,40.482456],[27.595718,40.480234],[27.600569,40.478439],[27.607617,40.480672],[27.608359,40.486977],[27.599088,40.501774],[27.59868,40.510044],[27.601201,40.510637]]],[[[27.577164,40.496341],[27.570932,40.49799],[27.570433,40.500375],[27.575127,40.505023],[27.575192,40.515207],[27.577317,40.520059],[27.581467,40.521704],[27.583713,40.516852],[27.580395,40.511399],[27.580459,40.507167],[27.583186,40.506973],[27.580653,40.499718],[27.577164,40.496341]]],[[[27.586462,40.526457],[27.581223,40.52526],[27.580354,40.529347],[27.586462,40.526457]]],[[[27.540532,40.521845],[27.549397,40.521626],[27.548989,40.519906],[27.527647,40.508513],[27.523871,40.503422],[27.524772,40.497373],[27.52833,40.493189],[27.535179,40.489393],[27.514905,40.483734],[27.507037,40.480304],[27.497645,40.477767],[27.491374,40.470583],[27.487355,40.469268],[27.485629,40.472219],[27.488155,40.47912],[27.485462,40.484686],[27.477839,40.489272],[27.478373,40.497743],[27.491921,40.508121],[27.495722,40.512182],[27.497289,40.521471],[27.51473,40.537492],[27.527,40.528524],[27.534554,40.526685],[27.540532,40.521845]]],[[[27.46646,40.541381],[27.463562,40.548103],[27.479829,40.552344],[27.493294,40.554596],[27.500241,40.553202],[27.503767,40.550397],[27.482943,40.54804],[27.470475,40.542141],[27.46646,40.541381]]],[[[27.487644,40.640667],[27.485612,40.637777],[27.47731,40.644753],[27.483508,40.648837],[27.488416,40.645823],[27.487644,40.640667]]],[[[27.678029,40.663129],[27.674159,40.66125],[27.67674,40.665607],[27.678029,40.663129]]],[[[27.638559,40.665028],[27.641398,40.65946],[27.650378,40.661518],[27.658074,40.660591],[27.658188,40.65567],[27.667184,40.657044],[27.670508,40.660458],[27.675261,40.65257],[27.679506,40.651139],[27.688499,40.652624],[27.70146,40.651645],[27.706,40.650444],[27.714549,40.644942],[27.73014,40.640561],[27.735119,40.633068],[27.73368,40.630079],[27.722742,40.621477],[27.711734,40.616077],[27.704777,40.617824],[27.700616,40.612147],[27.695256,40.609411],[27.680839,40.605851],[27.674154,40.606978],[27.673682,40.604987],[27.66523,40.604102],[27.659748,40.601123],[27.663366,40.59419],[27.657138,40.590449],[27.635329,40.584562],[27.630158,40.580719],[27.625764,40.582261],[27.611185,40.57834],[27.601336,40.577423],[27.601294,40.579681],[27.592223,40.580153],[27.580393,40.575666],[27.57331,40.575666],[27.566341,40.580344],[27.556228,40.584846],[27.55679,40.588436],[27.544113,40.595807],[27.535963,40.597069],[27.5283,40.602911],[27.5264,40.606775],[27.532389,40.613837],[27.533333,40.618197],[27.531696,40.623551],[27.526384,40.631486],[27.526239,40.637316],[27.528769,40.644446],[27.531278,40.646424],[27.541606,40.648513],[27.550205,40.653666],[27.548839,40.648043],[27.550139,40.644167],[27.555422,40.643441],[27.569062,40.645459],[27.57104,40.650745],[27.581307,40.655463],[27.59358,40.658143],[27.599242,40.660505],[27.609112,40.656748],[27.621638,40.661488],[27.626826,40.664874],[27.634903,40.666926],[27.638559,40.665028]]]]}},{"type":"Feature","properties":{"id":"TR-P-11","region_id":"TR-R-MAR"},"geometry":{"type":"Polygon","coordinates":[[[30.559918,40.294266],[30.56448,40.281649],[30.570254,40.275376],[30.574959,40.26454],[30.57945,40.258838],[30.590142,40.253492],[30.600478,40.250284],[30.608676,40.246149],[30.610529,40.241017],[30.609389,40.233603],[30.605254,40.222198],[30.60668,40.214286],[30.611812,40.212005],[30.626996,40.207585],[30.629847,40.201597],[30.630703,40.183848],[30.62999,40.176149],[30.631415,40.17009],[30.636476,40.164031],[30.652943,40.149418],[30.645922,40.147411],[30.635731,40.148091],[30.625965,40.145543],[30.618576,40.148515],[30.613821,40.146647],[30.605265,40.147242],[30.590679,40.145458],[30.575775,40.141127],[30.566413,40.134248],[30.557878,40.129408],[30.540809,40.116478],[30.537879,40.113485],[30.531828,40.102912],[30.527815,40.091957],[30.521828,40.08062],[30.515905,40.073295],[30.50616,40.05699],[30.494887,40.045589],[30.4896,40.027437],[30.483486,40.02317],[30.469155,40.022087],[30.46183,40.019539],[30.455206,40.015272],[30.442532,40.011896],[30.426099,40.012087],[30.407629,40.013743],[30.382789,40.01266],[30.379859,40.010622],[30.378139,40.005081],[30.374537,39.982109],[30.374311,39.974976],[30.376122,39.963879],[30.374311,39.956859],[30.358713,39.941941],[30.349626,39.939478],[30.317356,39.941007],[30.309118,39.939393],[30.304108,39.934128],[30.298503,39.924362],[30.294087,39.905509],[30.299947,39.886486],[30.298588,39.876211],[30.288652,39.859226],[30.280499,39.855405],[30.268582,39.845327],[30.261675,39.841251],[30.253296,39.839666],[30.245256,39.840572],[30.231669,39.848498],[30.225894,39.850083],[30.214458,39.849517],[30.208796,39.851442],[30.196228,39.852234],[30.178451,39.854386],[30.173582,39.856311],[30.157503,39.855971],[30.140179,39.854612],[30.135083,39.8528],[30.122968,39.846346],[30.104964,39.841364],[30.087753,39.835137],[30.071335,39.829928],[30.060238,39.8237],[30.055483,39.81985],[30.05101,39.811132],[30.046254,39.798393],[30.042348,39.795336],[30.032582,39.793298],[30.014238,39.783872],[30.00651,39.769774],[29.999207,39.725275],[29.997264,39.721666],[29.99074,39.703857],[29.989581,39.695363],[29.993056,39.690841],[30.001549,39.685933],[30.015512,39.680011],[30.024748,39.672018],[30.026477,39.666519],[30.02372,39.660177],[30.019253,39.657144],[30.008829,39.654166],[30.00177,39.653835],[29.980151,39.658633],[29.965297,39.65935],[29.956252,39.661188],[29.950222,39.664203],[29.941545,39.671998],[29.931544,39.68744],[29.919632,39.700897],[29.905954,39.707368],[29.891909,39.712074],[29.874702,39.718692],[29.860436,39.720384],[29.847935,39.720236],[29.841464,39.718545],[29.831684,39.714207],[29.814404,39.710236],[29.809109,39.709721],[29.792858,39.710309],[29.781092,39.712295],[29.775136,39.714574],[29.759106,39.716927],[29.75109,39.719942],[29.747984,39.723613],[29.747487,39.731781],[29.743516,39.742444],[29.743296,39.749797],[29.745134,39.765681],[29.748517,39.777446],[29.746678,39.787888],[29.741531,39.798477],[29.729986,39.803772],[29.722485,39.810758],[29.709176,39.826126],[29.699984,39.841421],[29.699101,39.847231],[29.704456,39.86117],[29.707411,39.863702],[29.727633,39.872306],[29.733589,39.880101],[29.740134,39.89319],[29.748002,39.902529],[29.752855,39.910838],[29.754546,39.919736],[29.758591,39.931869],[29.758738,39.942899],[29.755502,39.965254],[29.750723,39.98599],[29.750796,39.991285],[29.753149,40.003786],[29.75712,40.015257],[29.758297,40.022537],[29.757047,40.028126],[29.748958,40.040112],[29.746384,40.051583],[29.746531,40.055775],[29.753811,40.075997],[29.752855,40.080997],[29.74837,40.084674],[29.737633,40.090115],[29.726971,40.092836],[29.716897,40.100043],[29.714838,40.103205],[29.713514,40.112543],[29.715794,40.122397],[29.715353,40.125927],[29.710646,40.13431],[29.710352,40.142987],[29.718073,40.160929],[29.723735,40.169239],[29.730354,40.175268],[29.738957,40.177916],[29.744987,40.177842],[29.762047,40.174607],[29.771459,40.17696],[29.77793,40.182107],[29.786313,40.196079],[29.789622,40.220051],[29.797491,40.232993],[29.812198,40.242479],[29.822934,40.256304],[29.824772,40.274908],[29.82889,40.286526],[29.828743,40.295498],[29.832861,40.301674],[29.834184,40.309322],[29.833817,40.321896],[29.835729,40.328294],[29.835582,40.338589],[29.83014,40.349251],[29.822272,40.354031],[29.81308,40.35609],[29.809403,40.360208],[29.806903,40.367267],[29.807638,40.373665],[29.81183,40.377047],[29.830066,40.385136],[29.844626,40.392857],[29.862569,40.409256],[29.872349,40.413079],[29.885806,40.416094],[29.89088,40.420139],[29.894703,40.427639],[29.893968,40.438375],[29.890144,40.443081],[29.869996,40.459921],[29.866098,40.467936],[29.865069,40.482275],[29.867569,40.487202],[29.876761,40.493158],[29.904851,40.507792],[29.918234,40.51213],[29.938233,40.520023],[29.950957,40.52066],[29.968459,40.516984],[29.975738,40.513675],[29.9946,40.499958],[29.993075,40.493572],[29.993932,40.480611],[29.997364,40.463741],[30.00232,40.454782],[30.007943,40.440868],[30.014328,40.432195],[30.023001,40.42924],[30.029482,40.428954],[30.042634,40.436579],[30.046447,40.442392],[30.055501,40.448206],[30.063888,40.451256],[30.06932,40.451351],[30.073228,40.448016],[30.078851,40.4402],[30.082187,40.431337],[30.08476,40.417899],[30.089394,40.409964],[30.101189,40.400314],[30.106192,40.388949],[30.113885,40.375903],[30.122201,40.370786],[30.138192,40.365988],[30.151305,40.357417],[30.157958,40.355754],[30.173374,40.357673],[30.181625,40.356777],[30.190069,40.352364],[30.198389,40.345498],[30.204617,40.341748],[30.215669,40.337104],[30.22136,40.336567],[30.226891,40.34147],[30.228996,40.345365],[30.229712,40.35378],[30.233738,40.356545],[30.247129,40.362202],[30.257377,40.364584],[30.281606,40.366983],[30.308708,40.379114],[30.330421,40.384366],[30.342704,40.385362],[30.348639,40.384206],[30.355435,40.380976],[30.364445,40.378819],[30.376077,40.378526],[30.392877,40.382109],[30.421023,40.391902],[30.429779,40.396019],[30.434076,40.39631],[30.444197,40.394105],[30.445584,40.389014],[30.444665,40.384423],[30.447619,40.378167],[30.464128,40.368262],[30.466734,40.360181],[30.475684,40.350884],[30.479333,40.344193],[30.480029,40.330378],[30.479681,40.320299],[30.483504,40.315085],[30.494974,40.310393],[30.512004,40.298489],[30.523821,40.294319],[30.532075,40.292407],[30.559918,40.294266]]]}},{"type":"Feature","properties":{"id":"TR-P-12","region_id":"TR-R-DOA"},"geometry":{"type":"Polygon","coordinates":[[[41.17264,39.380558],[41.164835,39.376656],[41.156555,39.370089],[41.152843,39.361998],[41.153033,39.349816],[41.147703,39.335444],[41.147894,39.322309],[41.150368,39.31479],[41.149512,39.305843],[41.150463,39.288235],[41.155413,39.278622],[41.164264,39.268819],[41.17007,39.259967],[41.173497,39.252734],[41.176447,39.23998],[41.175305,39.226084],[41.176542,39.212188],[41.175591,39.200861],[41.17283,39.19201],[41.17283,39.181255],[41.174544,39.176305],[41.181872,39.167549],[41.197767,39.158507],[41.21271,39.144801],[41.219944,39.132333],[41.230889,39.118246],[41.23955,39.103684],[41.261251,39.091406],[41.265344,39.086076],[41.274576,39.079604],[41.283618,39.070372],[41.287044,39.058284],[41.281429,39.046387],[41.276765,39.041723],[41.267438,39.036774],[41.254208,39.033347],[41.234792,39.031063],[41.219848,39.026114],[41.214994,39.023639],[41.203383,39.012694],[41.186917,39.002509],[41.179683,38.990136],[41.176257,38.972433],[41.173211,38.967008],[41.144372,38.947591],[41.138947,38.941881],[41.133712,38.929222],[41.125622,38.923797],[41.117436,38.915707],[41.112963,38.905427],[41.11144,38.896005],[41.112202,38.88563],[41.1142,38.876588],[41.11934,38.864786],[41.126003,38.842419],[41.132284,38.826715],[41.133522,38.805109],[41.133712,38.792451],[41.131999,38.782552],[41.123433,38.763612],[41.12467,38.758567],[41.134759,38.753618],[41.154556,38.749716],[41.155793,38.747051],[41.156269,38.735534],[41.155413,38.713738],[41.158714,38.69724],[41.150389,38.698978],[41.142888,38.702546],[41.129806,38.707211],[41.116816,38.709864],[41.101265,38.710321],[41.087268,38.703735],[41.068241,38.69852],[41.05644,38.694221],[41.049945,38.690196],[41.042443,38.682969],[41.029728,38.682695],[41.017561,38.676017],[41.004479,38.674553],[40.985177,38.675193],[40.973742,38.674827],[40.964228,38.673089],[40.955355,38.669887],[40.923611,38.654244],[40.91858,38.649853],[40.916019,38.644639],[40.908975,38.63604],[40.903394,38.632472],[40.896991,38.625245],[40.883177,38.62369],[40.866437,38.624605],[40.855185,38.616189],[40.85116,38.610426],[40.847775,38.597344],[40.837072,38.587281],[40.82399,38.572645],[40.812647,38.566058],[40.806426,38.565692],[40.78191,38.576487],[40.774957,38.583073],[40.764894,38.590941],[40.756204,38.6107],[40.748977,38.615732],[40.742208,38.61317],[40.732968,38.607041],[40.720618,38.600546],[40.717874,38.600454],[40.70772,38.607315],[40.702231,38.607407],[40.692626,38.601827],[40.687594,38.60201],[40.674604,38.615549],[40.670762,38.622227],[40.660333,38.6311],[40.65457,38.633113],[40.644782,38.631009],[40.641214,38.628447],[40.637646,38.621586],[40.637646,38.615],[40.644416,38.602924],[40.644233,38.597436],[40.637646,38.591032],[40.62301,38.585818],[40.590077,38.590849],[40.576904,38.591398],[40.566109,38.590575],[40.532628,38.593776],[40.519546,38.599448],[40.498506,38.61317],[40.485882,38.622318],[40.469599,38.629728],[40.464476,38.633021],[40.458072,38.632472],[40.44435,38.634942],[40.435843,38.630094],[40.435385,38.621861],[40.440325,38.612621],[40.44124,38.602193],[40.436666,38.579872],[40.431452,38.570358],[40.425963,38.568071],[40.414619,38.566516],[40.40538,38.564046],[40.388182,38.557368],[40.361836,38.544286],[40.349669,38.531753],[40.347748,38.524618],[40.348297,38.518031],[40.357262,38.499827],[40.358634,38.494521],[40.354342,38.489239],[40.337651,38.488372],[40.323659,38.486983],[40.305052,38.489259],[40.301231,38.495027],[40.288912,38.501263],[40.2747,38.503845],[40.272762,38.506392],[40.277052,38.522277],[40.275106,38.523791],[40.256878,38.52558],[40.248692,38.527864],[40.244504,38.533099],[40.238984,38.548898],[40.232417,38.560415],[40.226706,38.566982],[40.222708,38.569267],[40.214523,38.569171],[40.204244,38.572693],[40.194821,38.58421],[40.188539,38.587922],[40.178165,38.589444],[40.173025,38.592014],[40.169218,38.599248],[40.156179,38.608575],[40.151039,38.618284],[40.147708,38.633607],[40.14866,38.647979],[40.155513,38.663303],[40.169218,38.675676],[40.172835,38.679864],[40.179307,38.681482],[40.186541,38.678817],[40.198248,38.67263],[40.204625,38.671679],[40.210526,38.674439],[40.214333,38.683195],[40.23394,38.701755],[40.244409,38.707846],[40.248311,38.717745],[40.257925,38.726406],[40.272296,38.730404],[40.278293,38.738589],[40.299993,38.746584],[40.303325,38.748964],[40.316459,38.753722],[40.333687,38.762384],[40.337874,38.767904],[40.339302,38.779611],[40.339207,38.802644],[40.334638,38.81635],[40.330926,38.822822],[40.32198,38.831293],[40.309511,38.835576],[40.295139,38.837479],[40.277246,38.837955],[40.257639,38.840906],[40.251262,38.845189],[40.245742,38.870221],[40.240126,38.884498],[40.232702,38.897537],[40.227182,38.908863],[40.225659,38.918191],[40.226325,38.927423],[40.229181,38.94465],[40.227658,38.963115],[40.231275,38.981675],[40.24013,38.991283],[40.241566,38.996852],[40.240234,39.013318],[40.24347,39.03873],[40.253178,39.058623],[40.258508,39.064999],[40.271167,39.076992],[40.27821,39.089651],[40.284967,39.09736],[40.298007,39.115444],[40.300481,39.122582],[40.301148,39.129055],[40.298959,39.135717],[40.298388,39.147329],[40.293343,39.158084],[40.287537,39.163414],[40.274878,39.166174],[40.257366,39.166555],[40.242708,39.169125],[40.234332,39.17217],[40.226468,39.172361],[40.206151,39.177338],[40.202933,39.175794],[40.189067,39.173198],[40.155566,39.168829],[40.141127,39.162614],[40.119085,39.158749],[40.107412,39.151746],[40.08652,39.136447],[40.066393,39.131783],[40.051244,39.125716],[40.026747,39.109376],[40.004838,39.100826],[39.96432,39.101757],[39.952973,39.099074],[39.937633,39.107266],[39.94694,39.111993],[39.9576,39.12094],[39.958647,39.12589],[39.95741,39.132933],[39.954174,39.136454],[39.946655,39.1395],[39.940278,39.143783],[39.938089,39.147114],[39.937327,39.158631],[39.929618,39.163961],[39.926667,39.178523],[39.92781,39.186709],[39.933235,39.19794],[39.934662,39.204031],[39.939707,39.209361],[39.942848,39.217261],[39.94418,39.224399],[39.948654,39.239437],[39.948273,39.248575],[39.950462,39.252572],[39.964072,39.264564],[39.972924,39.266183],[39.985964,39.266468],[40.001668,39.267991],[40.010424,39.271798],[40.023464,39.280935],[40.026129,39.291976],[40.024511,39.295593],[40.018895,39.300732],[40.001192,39.311963],[39.995481,39.319007],[39.995196,39.32348],[39.999193,39.325859],[40.016471,39.328621],[40.019581,39.332169],[40.032066,39.327967],[40.046106,39.326891],[40.049364,39.325752],[40.052755,39.320601],[40.057469,39.317617],[40.065203,39.316015],[40.078752,39.315851],[40.087526,39.310563],[40.096228,39.308803],[40.115513,39.303284],[40.124453,39.318824],[40.126928,39.326057],[40.137778,39.330245],[40.144631,39.335195],[40.155101,39.335861],[40.168616,39.339573],[40.188603,39.338431],[40.194124,39.339763],[40.210685,39.351375],[40.215063,39.360036],[40.224771,39.365652],[40.235812,39.367841],[40.242855,39.367936],[40.255038,39.366318],[40.260844,39.366699],[40.278357,39.365081],[40.287303,39.362796],[40.291777,39.364319],[40.297107,39.370125],[40.299201,39.379928],[40.308434,39.390622],[40.31719,39.40566],[40.317,39.411942],[40.313764,39.41651],[40.299962,39.431991],[40.294727,39.444459],[40.280355,39.455405],[40.277976,39.458165],[40.274074,39.467683],[40.273312,39.478819],[40.274454,39.481103],[40.284448,39.489764],[40.28816,39.497093],[40.305958,39.505278],[40.319664,39.509086],[40.332132,39.513559],[40.356213,39.512988],[40.37325,39.513273],[40.382387,39.511941],[40.395712,39.512226],[40.406752,39.516414],[40.411987,39.520126],[40.421825,39.529747],[40.430489,39.521892],[40.445908,39.513969],[40.482028,39.516182],[40.504015,39.514825],[40.513937,39.517324],[40.518648,39.522535],[40.533353,39.529959],[40.546916,39.532885],[40.557767,39.5326],[40.580609,39.529959],[40.594886,39.52589],[40.610869,39.522228],[40.602788,39.508762],[40.597451,39.486566],[40.598467,39.466489],[40.59601,39.459542],[40.586861,39.448953],[40.585675,39.444971],[40.588979,39.439295],[40.592707,39.436246],[40.603804,39.433704],[40.617443,39.427266],[40.623289,39.421929],[40.628626,39.41405],[40.635657,39.412949],[40.655819,39.41693],[40.679879,39.413627],[40.689282,39.413542],[40.698601,39.410746],[40.711731,39.408628],[40.726726,39.412186],[40.73308,39.412695],[40.750023,39.411],[40.778063,39.410916],[40.804664,39.414474],[40.814237,39.418371],[40.830926,39.43201],[40.847954,39.442853],[40.862186,39.447428],[40.880569,39.446581],[40.899884,39.443192],[40.915641,39.441159],[40.920385,39.441583],[40.941987,39.448699],[40.952238,39.450817],[40.962997,39.450393],[40.96952,39.449122],[40.992732,39.442769],[41.00959,39.440735],[41.016113,39.439126],[41.042629,39.436669],[41.055591,39.43938],[41.066942,39.437855],[41.087105,39.432942],[41.098118,39.432603],[41.116247,39.433619],[41.128361,39.433111],[41.134969,39.431586],[41.143101,39.426334],[41.146914,39.418286],[41.15081,39.406426],[41.162247,39.39914],[41.169617,39.390076],[41.17264,39.380558]]]}},{"type":"Feature","properties":{"id":"TR-P-13","region_id":"TR-R-DOA"},"geometry":{"type":"Polygon","coordinates":[[[43.010113,39.022841],[43.027419,39.011513],[43.037056,39.001875],[43.046059,38.989801],[43.054425,38.968937],[43.059085,38.959512],[43.061521,38.951568],[43.063322,38.936953],[43.069147,38.925409],[43.074018,38.92022],[43.080967,38.916557],[43.090828,38.913867],[43.126687,38.913867],[43.149099,38.91835],[43.171511,38.920143],[43.19213,38.919246],[43.217231,38.914764],[43.230678,38.908488],[43.242332,38.896834],[43.245918,38.88518],[43.243229,38.864561],[43.234264,38.843942],[43.20737,38.815255],[43.167028,38.783878],[43.123997,38.751605],[43.063933,38.713057],[43.007455,38.684369],[42.846986,38.622512],[42.786026,38.593825],[42.761821,38.552587],[42.757339,38.515832],[42.759132,38.46025],[42.763365,38.440566],[42.768391,38.423693],[42.773057,38.415346],[42.776288,38.412474],[42.777545,38.407628],[42.777365,38.394524],[42.76866,38.384742],[42.765249,38.379177],[42.758339,38.363471],[42.753402,38.347855],[42.748915,38.341303],[42.718221,38.330175],[42.708708,38.323443],[42.698745,38.320571],[42.682501,38.310878],[42.680526,38.308366],[42.678911,38.299121],[42.675052,38.287723],[42.678013,38.278569],[42.682591,38.273094],[42.68654,38.259811],[42.690848,38.255593],[42.700899,38.256221],[42.704489,38.254516],[42.710772,38.244285],[42.720554,38.233605],[42.73644,38.223553],[42.739312,38.218437],[42.739222,38.214039],[42.733209,38.201475],[42.731863,38.189987],[42.730068,38.187833],[42.719567,38.184961],[42.707272,38.183704],[42.702694,38.180473],[42.697489,38.166832],[42.691027,38.159831],[42.688155,38.152562],[42.673077,38.144394],[42.665359,38.123034],[42.664192,38.113431],[42.665808,38.105713],[42.675141,38.097815],[42.684745,38.092968],[42.690578,38.086327],[42.684475,38.072326],[42.683309,38.064697],[42.677654,38.05303],[42.676308,38.043427],[42.672629,38.034721],[42.663474,38.029695],[42.656833,38.021169],[42.654769,38.014438],[42.654155,37.999693],[42.645822,37.992662],[42.640889,37.985811],[42.632394,37.979051],[42.62198,37.975763],[42.601701,37.975854],[42.579229,37.971835],[42.570551,37.969186],[42.561873,37.968272],[42.548445,37.968638],[42.540315,37.971104],[42.52981,37.9722],[42.520218,37.976037],[42.50204,37.980604],[42.498477,37.982614],[42.485049,37.99522],[42.483862,38.000518],[42.487333,38.014951],[42.486145,38.022807],[42.484136,38.025365],[42.476006,38.029384],[42.463765,38.032125],[42.45125,38.033678],[42.439649,38.037971],[42.423206,38.051125],[42.414802,38.061082],[42.40585,38.066289],[42.396167,38.070308],[42.388129,38.075424],[42.36584,38.100636],[42.355791,38.106665],[42.339988,38.10767],[42.327199,38.11178],[42.321079,38.11242],[42.307651,38.115708],[42.291665,38.12667],[42.282439,38.135805],[42.277415,38.144118],[42.270198,38.161017],[42.265996,38.165767],[42.252864,38.168287],[42.247206,38.171511],[42.242944,38.177307],[42.239961,38.187875],[42.24051,38.205504],[42.237313,38.213542],[42.230919,38.224778],[42.228361,38.227336],[42.216851,38.233182],[42.208447,38.235557],[42.197211,38.237201],[42.177754,38.238206],[42.155008,38.237932],[42.139753,38.235648],[42.127604,38.232999],[42.116094,38.228158],[42.109517,38.22359],[42.10705,38.215186],[42.100199,38.203859],[42.092526,38.194633],[42.082295,38.185864],[42.064025,38.180748],[42.048953,38.18358],[42.033789,38.183854],[42.029405,38.183032],[42.012596,38.177186],[42.000813,38.171979],[41.993231,38.167594],[41.974778,38.154805],[41.960437,38.155719],[41.950388,38.163483],[41.947009,38.170609],[41.94509,38.178739],[41.939518,38.184859],[41.929287,38.190705],[41.912844,38.189152],[41.904258,38.184402],[41.890373,38.187051],[41.876762,38.194907],[41.869363,38.195821],[41.853377,38.19509],[41.837848,38.200114],[41.822227,38.207787],[41.818847,38.213268],[41.816563,38.220485],[41.810534,38.226696],[41.787423,38.228249],[41.774178,38.229893],[41.747687,38.235557],[41.714941,38.237928],[41.690576,38.248207],[41.671826,38.258201],[41.661166,38.261056],[41.661327,38.267936],[41.645298,38.298195],[41.642398,38.315707],[41.641506,38.326639],[41.637602,38.342143],[41.636821,38.355863],[41.636726,38.377175],[41.63495,38.393647],[41.640474,38.404595],[41.643137,38.42008],[41.641953,38.455489],[41.643334,38.46338],[41.641263,38.472454],[41.632583,38.496914],[41.629526,38.502734],[41.62558,38.504213],[41.611476,38.504904],[41.592539,38.507172],[41.578829,38.511019],[41.558313,38.518712],[41.549535,38.523348],[41.534444,38.536367],[41.50842,38.55517],[41.515472,38.563849],[41.526864,38.572606],[41.554995,38.586942],[41.561892,38.589887],[41.605289,38.597094],[41.634892,38.600814],[41.655893,38.603991],[41.692702,38.608796],[41.723855,38.608873],[41.732845,38.607788],[41.755086,38.606703],[41.782984,38.604456],[41.817081,38.600194],[41.850869,38.59043],[41.8759,38.584075],[41.894963,38.581828],[41.921389,38.58082],[41.9334,38.583145],[41.940452,38.586477],[41.942002,38.5895],[41.9427,38.603991],[41.940297,38.616468],[41.941072,38.621737],[41.950372,38.629564],[41.966181,38.638631],[41.979975,38.645683],[42.002913,38.655525],[42.013452,38.66064],[42.01601,38.664437],[42.022752,38.684663],[42.027169,38.690088],[42.057857,38.704269],[42.062274,38.707136],[42.08157,38.723178],[42.097999,38.734337],[42.107841,38.738444],[42.116288,38.744799],[42.118225,38.748828],[42.114428,38.754175],[42.103423,38.76022],[42.08715,38.765955],[42.081957,38.772464],[42.083895,38.780989],[42.096139,38.787886],[42.100944,38.791993],[42.107531,38.800982],[42.11869,38.807492],[42.142636,38.810901],[42.159297,38.814466],[42.167589,38.817644],[42.170301,38.82578],[42.168751,38.834847],[42.164877,38.842054],[42.166039,38.849029],[42.173014,38.857398],[42.19045,38.870572],[42.195952,38.878554],[42.203469,38.893743],[42.206569,38.8963],[42.217728,38.898393],[42.222843,38.897308],[42.246091,38.895138],[42.270657,38.89661],[42.295067,38.903585],[42.313434,38.911799],[42.32312,38.914977],[42.343269,38.923734],[42.360008,38.928771],[42.378607,38.936365],[42.392711,38.941402],[42.405342,38.951244],[42.413944,38.954499],[42.425026,38.956746],[42.438975,38.954576],[42.455326,38.950159],[42.474545,38.944037],[42.488261,38.941325],[42.523134,38.943805],[42.535068,38.942875],[42.542507,38.941015],[42.553279,38.929546],[42.557076,38.922571],[42.561339,38.90839],[42.568701,38.890333],[42.57707,38.885219],[42.588462,38.887931],[42.596444,38.898005],[42.598458,38.904902],[42.596366,38.920246],[42.596986,38.923191],[42.603728,38.930398],[42.615585,38.934505],[42.661539,38.93528],[42.673008,38.937993],[42.694939,38.94427],[42.711368,38.952561],[42.714452,38.954903],[42.722605,38.961008],[42.733764,38.965581],[42.76112,38.970928],[42.787158,38.977825],[42.802579,38.980692],[42.815133,38.979065],[42.820713,38.976352],[42.836212,38.962326],[42.842101,38.959458],[42.857368,38.956591],[42.886583,38.955739],[42.8972,38.954499],[42.916806,38.943262],[42.921766,38.942177],[42.93277,38.942255],[42.941682,38.947137],[42.945092,38.963488],[42.948346,38.973175],[42.954778,38.985729],[42.956483,38.997818],[42.954933,39.008435],[42.955553,39.019052],[42.958808,39.024321],[42.963303,39.025949],[42.974462,39.025251],[43.008095,39.021997],[43.010113,39.022841]]]}},{"type":"Feature","properties":{"id":"TR-P-14","region_id":"TR-R-KAR"},"geometry":{"type":"Polygon","coordinates":[[[32.570316,40.797374],[32.569931,40.767774],[32.565599,40.757015],[32.567096,40.752738],[32.571587,40.750956],[32.568308,40.74454],[32.561251,40.738909],[32.54122,40.73064],[32.532096,40.723583],[32.524468,40.709896],[32.520263,40.704265],[32.514263,40.699275],[32.502097,40.691671],[32.485369,40.680171],[32.47501,40.67732],[32.459517,40.674468],[32.451534,40.669811],[32.435376,40.654509],[32.428248,40.646145],[32.427867,40.638066],[32.433855,40.624095],[32.438988,40.615826],[32.440318,40.611359],[32.438037,40.598718],[32.438227,40.586457],[32.436231,40.579043],[32.427487,40.569444],[32.413611,40.562981],[32.397263,40.558609],[32.39042,40.557848],[32.376828,40.56013],[32.367419,40.563646],[32.35877,40.568398],[32.339191,40.581325],[32.334153,40.583701],[32.328451,40.583986],[32.309537,40.578473],[32.295945,40.576097],[32.279503,40.568874],[32.244621,40.56013],[32.23122,40.559559],[32.214397,40.554617],[32.199095,40.547774],[32.194057,40.543592],[32.190256,40.538174],[32.185028,40.524298],[32.175429,40.513653],[32.162027,40.507665],[32.149481,40.503103],[32.130092,40.494644],[32.122394,40.488751],[32.118592,40.469457],[32.113555,40.459857],[32.11393,40.448551],[32.112024,40.44448],[32.102842,40.433479],[32.097385,40.429408],[32.090715,40.426636],[32.066288,40.421871],[32.046625,40.420312],[32.039176,40.417107],[32.032592,40.41243],[32.024797,40.402295],[32.017607,40.397184],[32.008772,40.388089],[32.007213,40.381766],[32.003315,40.376569],[31.996067,40.3756],[31.985018,40.371751],[31.969835,40.365264],[31.954438,40.356853],[31.946383,40.354286],[31.938755,40.353217],[31.927136,40.349724],[31.906963,40.339816],[31.889855,40.328125],[31.878236,40.32114],[31.859702,40.31337],[31.852146,40.311873],[31.840669,40.313441],[31.827553,40.318716],[31.808164,40.32114],[31.794691,40.320213],[31.778795,40.327341],[31.767319,40.331547],[31.75242,40.333543],[31.739447,40.326129],[31.731605,40.319072],[31.722838,40.315009],[31.703147,40.310211],[31.693268,40.310008],[31.667598,40.302302],[31.659625,40.30104],[31.650212,40.296072],[31.640422,40.289513],[31.62512,40.283431],[31.60459,40.273451],[31.585391,40.267178],[31.577312,40.266608],[31.562485,40.269554],[31.543952,40.274782],[31.52941,40.280959],[31.510021,40.291319],[31.487768,40.304982],[31.474011,40.314962],[31.464173,40.321163],[31.449275,40.329147],[31.440792,40.349605],[31.437585,40.355166],[31.430456,40.364005],[31.414703,40.37042],[31.396846,40.371727],[31.375461,40.371537],[31.368523,40.368115],[31.356072,40.364694],[31.334117,40.364979],[31.326956,40.364314],[31.317377,40.359965],[31.293069,40.354477],[31.272896,40.350627],[31.258283,40.345352],[31.248089,40.337867],[31.237967,40.334945],[31.227132,40.335159],[31.217437,40.337083],[31.20482,40.341004],[31.196195,40.345994],[31.187926,40.346778],[31.171602,40.350342],[31.155777,40.349772],[31.145156,40.351483],[31.137029,40.356187],[31.13204,40.360678],[31.123272,40.362246],[31.110156,40.361605],[31.095899,40.357684],[31.087773,40.353051],[31.075583,40.343142],[31.069595,40.334018],[31.066316,40.325607],[31.060043,40.303438],[31.055838,40.296238],[31.052986,40.287541],[31.050491,40.262735],[31.05263,40.251543],[31.060043,40.243773],[31.0604,40.232867],[31.056123,40.225097],[31.04764,40.218967],[31.043648,40.217826],[31.025827,40.215901],[30.993108,40.214119],[30.964523,40.218468],[30.957241,40.217398],[30.948877,40.213787],[30.942604,40.203617],[30.920078,40.187079],[30.903635,40.181281],[30.889569,40.177765],[30.874552,40.176814],[30.871415,40.175484],[30.850125,40.162082],[30.841571,40.153813],[30.834443,40.148396],[30.822307,40.144528],[30.802508,40.145544],[30.795439,40.14735],[30.786528,40.151556],[30.764288,40.153267],[30.749176,40.155049],[30.740051,40.153124],[30.731212,40.154621],[30.721874,40.153124],[30.703697,40.147992],[30.691294,40.146851],[30.672546,40.149703],[30.664348,40.152697],[30.657149,40.152483],[30.652943,40.149418],[30.636476,40.164031],[30.631415,40.17009],[30.62999,40.176149],[30.630703,40.183848],[30.629847,40.201597],[30.626996,40.207585],[30.611812,40.212005],[30.60668,40.214286],[30.605254,40.222198],[30.609389,40.233603],[30.610529,40.241017],[30.608676,40.246149],[30.600478,40.250284],[30.590142,40.253492],[30.57945,40.258838],[30.574959,40.26454],[30.570254,40.275376],[30.56448,40.281649],[30.559918,40.294266],[30.560702,40.30061],[30.56505,40.307952],[30.573177,40.316292],[30.574745,40.319856],[30.576384,40.343594],[30.575387,40.346588],[30.567688,40.35172],[30.562698,40.360132],[30.559847,40.370183],[30.560845,40.376527],[30.5689,40.386863],[30.568187,40.408676],[30.569327,40.417943],[30.579022,40.42999],[30.583156,40.436263],[30.584368,40.445957],[30.586934,40.454654],[30.589189,40.468536],[30.592076,40.475272],[30.600042,40.4811],[30.626773,40.503928],[30.637519,40.505479],[30.654253,40.502699],[30.662753,40.500453],[30.679755,40.498582],[30.686972,40.498903],[30.717232,40.497192],[30.732576,40.496818],[30.764974,40.499651],[30.774865,40.503982],[30.796624,40.50751],[30.80598,40.506922],[30.822874,40.501255],[30.831482,40.500988],[30.84998,40.50334],[30.85308,40.50473],[30.870456,40.521625],[30.874305,40.52232],[30.877085,40.525688],[30.876176,40.529965],[30.882378,40.535739],[30.880934,40.538626],[30.872541,40.542154],[30.871311,40.547821],[30.87345,40.557712],[30.874038,40.567442],[30.884142,40.570917],[30.886227,40.573109],[30.884142,40.576156],[30.874103,40.58528],[30.873176,40.596102],[30.874894,40.60183],[30.881271,40.611438],[30.895747,40.626494],[30.897749,40.63295],[30.896884,40.642007],[30.900521,40.64638],[30.910817,40.649293],[30.913594,40.642339],[30.916812,40.639697],[30.935857,40.635653],[30.958271,40.636936],[30.969221,40.638904],[30.982738,40.645234],[30.992576,40.64763],[31.009344,40.648913],[31.020038,40.654816],[31.051006,40.662173],[31.061615,40.663542],[31.081462,40.663542],[31.091728,40.661403],[31.114484,40.658323],[31.15204,40.656185],[31.161536,40.654388],[31.169407,40.649426],[31.180443,40.637364],[31.192591,40.626157],[31.197382,40.622649],[31.216203,40.621024],[31.223303,40.622392],[31.234767,40.630349],[31.245632,40.63283],[31.271125,40.634027],[31.282076,40.632658],[31.291572,40.629236],[31.303292,40.631033],[31.307741,40.632744],[31.317151,40.638989],[31.324765,40.642411],[31.342645,40.646004],[31.348719,40.65088],[31.353595,40.657211],[31.363861,40.665681],[31.372929,40.676631],[31.382682,40.69203],[31.388585,40.70375],[31.393033,40.716069],[31.396712,40.729415],[31.39945,40.744386],[31.405096,40.766886],[31.413651,40.784594],[31.417928,40.789471],[31.429221,40.806581],[31.436749,40.824033],[31.452576,40.833272],[31.46404,40.836437],[31.485427,40.838747],[31.491159,40.840886],[31.500911,40.846447],[31.511862,40.858509],[31.514599,40.869288],[31.520417,40.87579],[31.534532,40.878955],[31.545055,40.883062],[31.553867,40.883746],[31.564902,40.885971],[31.579275,40.890932],[31.583723,40.893242],[31.58937,40.902139],[31.596299,40.901883],[31.603229,40.904963],[31.607592,40.909582],[31.605196,40.917795],[31.609645,40.928831],[31.615548,40.934648],[31.624958,40.939781],[31.63069,40.947652],[31.63531,40.950475],[31.644121,40.951501],[31.650709,40.955266],[31.664653,40.955865],[31.668931,40.960056],[31.675005,40.960826],[31.683731,40.966473],[31.6922,40.969296],[31.703236,40.970066],[31.717352,40.978706],[31.728901,40.981358],[31.736771,40.984438],[31.745155,40.985807],[31.751119,40.988606],[31.757047,41.000179],[31.765516,41.010873],[31.76928,41.019243],[31.777656,41.015143],[31.801337,41.011013],[31.819372,41.009243],[31.827336,41.006294],[31.829064,41.008485],[31.840188,41.0068],[31.844655,41.007979],[31.849543,41.005872],[31.85738,41.00621],[31.858939,41.004229],[31.881651,41.00503],[31.886455,41.007137],[31.926064,41.01548],[31.932806,41.01784],[31.940897,41.02239],[31.955392,41.025172],[31.973174,41.02711],[31.98767,41.031239],[31.998036,41.031998],[32.010593,41.02711],[32.03419,41.022728],[32.045482,41.021801],[32.06318,41.013963],[32.089137,41.009581],[32.09925,41.008822],[32.127061,41.009833],[32.134814,41.008991],[32.141233,41.012967],[32.153641,41.016184],[32.162097,41.016],[32.173035,41.013059],[32.187833,41.013243],[32.195554,41.012508],[32.222853,41.021056],[32.240133,41.031718],[32.248589,41.03328],[32.268994,41.033188],[32.28177,41.030431],[32.29427,41.017379],[32.299693,41.013427],[32.308057,41.002121],[32.320282,40.988702],[32.325154,40.980981],[32.327359,40.965815],[32.332691,40.958554],[32.340595,40.958278],[32.353096,40.960668],[32.363022,40.963517],[32.366055,40.955429],[32.365228,40.948535],[32.362379,40.942009],[32.355485,40.931715],[32.352728,40.923534],[32.35236,40.910483],[32.349327,40.901751],[32.342403,40.890721],[32.33937,40.878772],[32.34277,40.873809],[32.351135,40.868937],[32.360786,40.866455],[32.368323,40.861308],[32.377135,40.860343],[32.413076,40.863221],[32.426105,40.866323],[32.436911,40.86591],[32.449785,40.872889],[32.459015,40.876181],[32.478162,40.884861],[32.492458,40.886223],[32.512796,40.885712],[32.519008,40.87967],[32.523774,40.869203],[32.529135,40.854907],[32.540368,40.841717],[32.562578,40.824102],[32.568365,40.815762],[32.56845,40.803764],[32.570316,40.797374]]]}},{"type":"Feature","properties":{"id":"TR-P-15","region_id":"TR-R-AKD"},"geometry":{"type":"Polygon","coordinates":[[[30.944897,37.360526],[30.946251,37.351859],[30.931689,37.344132],[30.917173,37.339221],[30.908506,37.332937],[30.905762,37.324126],[30.907928,37.308527],[30.894279,37.297838],[30.892473,37.292494],[30.88749,37.291194],[30.88294,37.287438],[30.884529,37.281588],[30.881568,37.27321],[30.871962,37.271838],[30.862718,37.262522],[30.859468,37.256527],[30.844879,37.253783],[30.836285,37.251111],[30.823189,37.248876],[30.815785,37.242429],[30.805125,37.237259],[30.797912,37.236876],[30.79038,37.239238],[30.778571,37.236174],[30.770528,37.231706],[30.762103,37.231323],[30.751443,37.232982],[30.746911,37.240004],[30.742953,37.243259],[30.716017,37.239366],[30.706187,37.241919],[30.671654,37.244727],[30.647462,37.244153],[30.626781,37.246068],[30.621993,37.24594],[30.570035,37.240259],[30.560588,37.236748],[30.546673,37.235919],[30.524715,37.237451],[30.513162,37.239493],[30.49031,37.241025],[30.473714,37.247536],[30.45565,37.257621],[30.439947,37.260302],[30.436245,37.261834],[30.422841,37.27243],[30.408606,37.280728],[30.392265,37.285707],[30.38301,37.290622],[30.37318,37.291707],[30.368776,37.293494],[30.364371,37.301665],[30.355563,37.305814],[30.33469,37.312069],[30.330094,37.310793],[30.314519,37.309452],[30.280753,37.314048],[30.264539,37.321325],[30.256688,37.32624],[30.24022,37.342453],[30.232432,37.347368],[30.218007,37.346729],[30.212772,37.34558],[30.195921,37.338495],[30.187815,37.332367],[30.1859,37.329495],[30.178431,37.324197],[30.172806,37.322234],[30.166439,37.317974],[30.158301,37.316154],[30.150019,37.312229],[30.14188,37.298298],[30.132258,37.296095],[30.123066,37.291404],[30.114832,37.289585],[30.092044,37.289489],[30.085589,37.290462],[30.070716,37.289313],[30.057759,37.286122],[30.04212,37.284335],[30.038099,37.278334],[30.031269,37.273228],[30.02629,37.267292],[30.021949,37.258036],[30.01213,37.245355],[30.006343,37.235057],[29.995704,37.225695],[29.992725,37.218801],[29.985662,37.211312],[29.975789,37.205439],[29.962416,37.203716],[29.94499,37.197333],[29.934012,37.191779],[29.925331,37.185269],[29.919203,37.181949],[29.911798,37.179779],[29.903947,37.175949],[29.896351,37.168736],[29.887479,37.162226],[29.871904,37.155523],[29.861244,37.144991],[29.85218,37.138736],[29.841456,37.128523],[29.832967,37.117544],[29.834371,37.113267],[29.843754,37.103756],[29.855233,37.098224],[29.862893,37.091671],[29.872383,37.074309],[29.871815,37.059784],[29.864099,37.049684],[29.86417,37.038649],[29.86034,37.028266],[29.854638,37.023755],[29.838212,37.015329],[29.800849,37.000265],[29.794892,36.99252],[29.78003,36.984754],[29.764263,36.982073],[29.756731,36.977669],[29.751689,36.972243],[29.734033,36.962425],[29.72269,36.973652],[29.710378,36.979984],[29.706157,36.984439],[29.698476,36.988074],[29.685754,36.985319],[29.677253,36.986491],[29.672211,36.989247],[29.662948,36.990419],[29.637445,36.989833],[29.627126,36.993175],[29.614169,36.992061],[29.605258,36.997103],[29.601154,36.996869],[29.594295,36.990654],[29.588959,36.98913],[29.588842,36.984029],[29.585676,36.981449],[29.585794,36.97072],[29.57612,36.966851],[29.572426,36.963157],[29.561991,36.959992],[29.556011,36.955536],[29.553372,36.948794],[29.539302,36.941993],[29.536546,36.938475],[29.534025,36.926222],[29.528045,36.921473],[29.525465,36.91391],[29.520013,36.909102],[29.512098,36.904823],[29.506998,36.900191],[29.504125,36.88782],[29.503421,36.876329],[29.495037,36.867008],[29.478094,36.852468],[29.47358,36.851178],[29.4676,36.846781],[29.45945,36.849185],[29.454115,36.849009],[29.449132,36.844143],[29.438168,36.83998],[29.43213,36.839042],[29.423394,36.83998],[29.416066,36.843439],[29.415245,36.853758],[29.399708,36.858331],[29.395429,36.8656],[29.38939,36.870408],[29.389331,36.877561],[29.379658,36.882368],[29.368577,36.881606],[29.363594,36.87844],[29.348233,36.878088],[29.341667,36.880609],[29.334924,36.887351],[29.327962,36.888893],[29.336833,36.906971],[29.341241,36.91439],[29.345993,36.926645],[29.354246,36.9404],[29.35708,36.946569],[29.361499,36.95057],[29.372169,36.957656],[29.379255,36.966743],[29.380172,36.982998],[29.377754,36.989167],[29.369251,37.001422],[29.353996,37.002755],[29.348494,37.00659],[29.349327,37.030682],[29.354329,37.036851],[29.382423,37.05169],[29.388342,37.053024],[29.408682,37.052857],[29.42177,37.054024],[29.432607,37.056692],[29.436109,37.058859],[29.439777,37.066612],[29.433858,37.076199],[29.433024,37.095205],[29.44086,37.118047],[29.443945,37.123716],[29.456866,37.135803],[29.461423,37.144556],[29.46184,37.16323],[29.465592,37.181236],[29.476512,37.206079],[29.478096,37.211831],[29.477846,37.230004],[29.47918,37.235506],[29.486182,37.249011],[29.495686,37.262265],[29.517527,37.280605],[29.542369,37.29261],[29.567712,37.311617],[29.579049,37.319036],[29.586468,37.325371],[29.590386,37.331124],[29.593137,37.340043],[29.605308,37.347463],[29.616979,37.353215],[29.623565,37.358884],[29.634569,37.365219],[29.639487,37.372222],[29.640821,37.381808],[29.640321,37.387561],[29.634736,37.397647],[29.630484,37.402066],[29.61798,37.407068],[29.616146,37.408985],[29.614812,37.416571],[29.612728,37.419322],[29.603891,37.422823],[29.590676,37.426814],[29.578109,37.427611],[29.571919,37.429534],[29.558796,37.43543],[29.549903,37.445489],[29.545769,37.45541],[29.541883,37.469301],[29.537583,37.475915],[29.538741,37.492948],[29.537914,37.510311],[29.538934,37.515465],[29.544887,37.521087],[29.545962,37.524725],[29.545962,37.536548],[29.54497,37.538781],[29.528103,37.544072],[29.518098,37.554408],[29.515948,37.564908],[29.517602,37.57483],[29.519669,37.58037],[29.526118,37.58963],[29.553486,37.604926],[29.559274,37.610466],[29.569278,37.617163],[29.58383,37.624521],[29.597224,37.628738],[29.61252,37.629234],[29.629687,37.628304],[29.641531,37.626382],[29.649469,37.619561],[29.662801,37.61522],[29.676381,37.613917],[29.686613,37.615902],[29.695109,37.627374],[29.698333,37.634567],[29.696411,37.648644],[29.693682,37.655713],[29.672165,37.662906],[29.669684,37.670099],[29.673405,37.678285],[29.700938,37.692858],[29.710611,37.699493],[29.723262,37.703647],[29.751043,37.706624],[29.763693,37.705942],[29.775103,37.704206],[29.793334,37.703895],[29.800589,37.702221],[29.809705,37.702159],[29.830541,37.708236],[29.855273,37.725579],[29.866931,37.733268],[29.871065,37.743934],[29.88016,37.755592],[29.901905,37.772128],[29.905326,37.772376],[29.913387,37.78112],[29.916902,37.788267],[29.937623,37.790697],[29.952384,37.794934],[29.974984,37.797971],[29.983813,37.80009],[29.997161,37.801644],[30.011003,37.801644],[30.014605,37.800514],[30.024352,37.793027],[30.037276,37.78992],[30.059577,37.790193],[30.072626,37.793354],[30.087431,37.800782],[30.099526,37.805901],[30.110768,37.813279],[30.112794,37.810144],[30.119382,37.805813],[30.123957,37.800323],[30.139207,37.790258],[30.145368,37.787635],[30.156652,37.789709],[30.163362,37.78977],[30.17239,37.784403],[30.185766,37.779177],[30.203008,37.77549],[30.217648,37.774839],[30.228384,37.775924],[30.241289,37.781671],[30.250723,37.783732],[30.27675,37.787852],[30.299414,37.79501],[30.316657,37.802926],[30.335851,37.812469],[30.356889,37.821253],[30.377819,37.832097],[30.385617,37.831596],[30.391472,37.826045],[30.406905,37.816041],[30.415445,37.806098],[30.425266,37.796399],[30.429719,37.788286],[30.430756,37.779685],[30.430329,37.768156],[30.433745,37.754676],[30.435148,37.745343],[30.437405,37.739365],[30.445823,37.727165],[30.465343,37.719235],[30.474248,37.71344],[30.47925,37.712098],[30.487546,37.705632],[30.505236,37.704534],[30.515606,37.700691],[30.523475,37.699959],[30.537932,37.695628],[30.549705,37.68904],[30.564093,37.686738],[30.573837,37.689025],[30.586739,37.686417],[30.592915,37.683215],[30.597307,37.67251],[30.602431,37.666516],[30.611169,37.661941],[30.631985,37.662536],[30.640449,37.661118],[30.650651,37.661896],[30.665466,37.659959],[30.676385,37.660325],[30.684254,37.657092],[30.687426,37.657519],[30.695111,37.653005],[30.702248,37.651541],[30.718108,37.660081],[30.725184,37.661179],[30.727197,37.656848],[30.723964,37.647088],[30.727807,37.640683],[30.736159,37.630683],[30.73686,37.626649],[30.743346,37.614696],[30.743901,37.611406],[30.741652,37.59836],[30.750119,37.591192],[30.752712,37.586438],[30.754305,37.571949],[30.759136,37.557232],[30.782716,37.533832],[30.78344,37.518283],[30.793313,37.51161],[30.798369,37.506323],[30.807523,37.491021],[30.82508,37.479913],[30.829538,37.473802],[30.832324,37.466907],[30.839907,37.459434],[30.841714,37.455618],[30.846699,37.437759],[30.847546,37.429519],[30.846434,37.42283],[30.846396,37.40534],[30.851233,37.400432],[30.866852,37.396279],[30.878279,37.398018],[30.883744,37.396652],[30.888837,37.392367],[30.894509,37.391544],[30.905464,37.387446],[30.911801,37.383438],[30.925884,37.38138],[30.937205,37.374176],[30.940347,37.370059],[30.944897,37.360526]]]}},{"type":"Feature","properties":{"id":"TR-P-16","region_id":"TR-R-MAR"},"geometry":{"type":"MultiPolygon","coordinates":[[[[29.938233,40.520023],[29.918234,40.51213],[29.904851,40.507792],[29.876761,40.493158],[29.867569,40.487202],[29.865069,40.482275],[29.866098,40.467936],[29.869996,40.459921],[29.890144,40.443081],[29.893968,40.438375],[29.894703,40.427639],[29.89088,40.420139],[29.885806,40.416094],[29.872349,40.413079],[29.862569,40.409256],[29.844626,40.392857],[29.830066,40.385136],[29.81183,40.377047],[29.807638,40.373665],[29.806903,40.367267],[29.809403,40.360208],[29.81308,40.35609],[29.822272,40.354031],[29.83014,40.349251],[29.835582,40.338589],[29.835729,40.328294],[29.833817,40.321896],[29.834184,40.309322],[29.832861,40.301674],[29.828743,40.295498],[29.82889,40.286526],[29.824772,40.274908],[29.822934,40.256304],[29.812198,40.242479],[29.797491,40.232993],[29.789622,40.220051],[29.786313,40.196079],[29.77793,40.182107],[29.771459,40.17696],[29.762047,40.174607],[29.744987,40.177842],[29.738957,40.177916],[29.730354,40.175268],[29.723735,40.169239],[29.718073,40.160929],[29.710352,40.142987],[29.710646,40.13431],[29.715353,40.125927],[29.715794,40.122397],[29.713514,40.112543],[29.714838,40.103205],[29.716897,40.100043],[29.726971,40.092836],[29.737633,40.090115],[29.74837,40.084674],[29.752855,40.080997],[29.753811,40.075997],[29.746531,40.055775],[29.746384,40.051583],[29.748958,40.040112],[29.757047,40.028126],[29.758297,40.022537],[29.75712,40.015257],[29.753149,40.003786],[29.750796,39.991285],[29.750723,39.98599],[29.755502,39.965254],[29.758738,39.942899],[29.758591,39.931869],[29.754546,39.919736],[29.752855,39.910838],[29.748002,39.902529],[29.740134,39.89319],[29.733589,39.880101],[29.727633,39.872306],[29.707411,39.863702],[29.704456,39.86117],[29.693502,39.862171],[29.680342,39.866272],[29.663764,39.868494],[29.658636,39.870289],[29.636674,39.874305],[29.60856,39.875502],[29.604458,39.874732],[29.590272,39.868067],[29.575232,39.864392],[29.569934,39.864051],[29.560961,39.866529],[29.538572,39.870203],[29.52695,39.870545],[29.496272,39.870118],[29.460893,39.868238],[29.45645,39.867042],[29.451408,39.860803],[29.444059,39.847643],[29.436453,39.8385],[29.432266,39.831321],[29.417055,39.817307],[29.40962,39.812949],[29.391162,39.80483],[29.346725,39.768597],[29.339868,39.760179],[29.323821,39.74877],[29.306847,39.734207],[29.28273,39.715748],[29.269558,39.709812],[29.257222,39.700629],[29.252027,39.689312],[29.242566,39.673451],[29.238299,39.664175],[29.227354,39.651097],[29.224108,39.643583],[29.2178,39.620487],[29.210194,39.609171],[29.204536,39.603791],[29.193127,39.595906],[29.180419,39.585425],[29.174297,39.582271],[29.167712,39.581715],[29.138957,39.583477],[29.109646,39.592567],[29.094805,39.595257],[29.069018,39.598782],[29.052374,39.600057],[29.042612,39.60199],[29.020507,39.604811],[29.004738,39.605646],[28.985408,39.609614],[28.972999,39.614197],[28.957124,39.621458],[28.940608,39.6241],[28.917381,39.624681],[28.880935,39.621221],[28.867523,39.618947],[28.848557,39.617961],[28.829499,39.618019],[28.792897,39.63189],[28.773174,39.647167],[28.769021,39.648935],[28.763481,39.660815],[28.758384,39.684064],[28.749981,39.693027],[28.737768,39.696332],[28.730571,39.701432],[28.729941,39.707931],[28.726214,39.722374],[28.726578,39.739734],[28.729498,39.753446],[28.730614,39.766334],[28.729759,39.768939],[28.721906,39.776285],[28.710215,39.780808],[28.700141,39.77708],[28.686444,39.775321],[28.67684,39.768647],[28.666733,39.758344],[28.659967,39.749387],[28.649225,39.743039],[28.644179,39.741791],[28.635064,39.735009],[28.625841,39.73425],[28.616564,39.734738],[28.604248,39.737288],[28.595024,39.740543],[28.588808,39.744301],[28.575113,39.745318],[28.535453,39.75427],[28.525579,39.75465],[28.510659,39.76154],[28.501544,39.771089],[28.491941,39.775755],[28.485267,39.780583],[28.482283,39.784544],[28.471161,39.792953],[28.459822,39.805106],[28.455644,39.811671],[28.45373,39.820813],[28.45295,39.836013],[28.449188,39.847226],[28.439784,39.854894],[28.430018,39.858583],[28.408533,39.860464],[28.395006,39.858439],[28.383431,39.8588],[28.349504,39.86777],[28.323679,39.878694],[28.304509,39.891208],[28.290909,39.893523],[28.280417,39.900574],[28.265229,39.916093],[28.265663,39.933382],[28.268195,39.950744],[28.267471,39.957616],[28.257633,39.965067],[28.23721,39.976886],[28.226817,39.984671],[28.212927,39.992701],[28.194553,40.007796],[28.192238,40.016573],[28.194071,40.019949],[28.192401,40.027767],[28.197772,40.029503],[28.201082,40.033356],[28.191037,40.039214],[28.187938,40.047129],[28.190129,40.050348],[28.199641,40.055643],[28.205908,40.064042],[28.185474,40.083451],[28.175998,40.091119],[28.168089,40.099124],[28.152946,40.116968],[28.151981,40.122755],[28.143686,40.157575],[28.139346,40.173296],[28.131148,40.200207],[28.126036,40.209755],[28.11504,40.224513],[28.107324,40.229335],[28.099993,40.23628],[28.09546,40.254606],[28.095942,40.261647],[28.100861,40.266373],[28.107613,40.266662],[28.127772,40.264251],[28.164713,40.260393],[28.171465,40.262226],[28.175805,40.271678],[28.175323,40.278719],[28.17677,40.288075],[28.177831,40.311031],[28.189501,40.328585],[28.192202,40.336301],[28.188537,40.358968],[28.186029,40.366491],[28.183618,40.382309],[28.183618,40.389157],[28.180489,40.397169],[28.194794,40.398018],[28.221609,40.397888],[28.232626,40.400497],[28.250872,40.40189],[28.261831,40.401543],[28.296581,40.395874],[28.314878,40.3988],[28.323143,40.398209],[28.331638,40.401154],[28.344685,40.4016],[28.361061,40.398224],[28.371622,40.398952],[28.38278,40.396416],[28.40049,40.394363],[28.425991,40.393696],[28.464328,40.396002],[28.510813,40.395554],[28.516216,40.394474],[28.551457,40.382078],[28.573454,40.375507],[28.58876,40.371768],[28.616151,40.366636],[28.632118,40.364536],[28.63743,40.362991],[28.648682,40.36282],[28.652348,40.361439],[28.665127,40.361538],[28.674337,40.364078],[28.677897,40.366848],[28.675104,40.374615],[28.684971,40.375691],[28.692293,40.375263],[28.700642,40.37767],[28.712688,40.376659],[28.725735,40.379063],[28.727783,40.383148],[28.734266,40.382061],[28.741568,40.385895],[28.752863,40.390072],[28.76009,40.390472],[28.77029,40.394077],[28.781096,40.393452],[28.796696,40.394238],[28.803873,40.390942],[28.814939,40.390896],[28.829702,40.383751],[28.836287,40.383701],[28.842094,40.381556],[28.852883,40.38115],[28.860244,40.384559],[28.865691,40.385441],[28.870509,40.383193],[28.879074,40.381721],[28.894571,40.370717],[28.902085,40.369019],[28.910807,40.362534],[28.926245,40.355772],[28.945303,40.356092],[28.952171,40.359041],[28.964415,40.3587],[28.972584,40.356014],[28.985437,40.356308],[28.992516,40.358433],[29.018497,40.360844],[29.027939,40.362412],[29.03126,40.365021],[29.049049,40.362495],[29.056993,40.363892],[29.063341,40.368167],[29.06807,40.374512],[29.069971,40.382892],[29.06704,40.38995],[29.075201,40.399681],[29.078733,40.407921],[29.082889,40.409158],[29.092868,40.418205],[29.096415,40.419059],[29.106825,40.415298],[29.108616,40.417078],[29.116706,40.418167],[29.121695,40.417493],[29.12399,40.419502],[29.13195,40.420823],[29.135629,40.423211],[29.141466,40.421965],[29.146184,40.423745],[29.154261,40.42381],[29.1547,40.427277],[29.15129,40.436599],[29.138592,40.441611],[29.13237,40.445166],[29.130992,40.447829],[29.123123,40.452667],[29.12111,40.45541],[29.115397,40.456475],[29.106363,40.462109],[29.102554,40.46656],[29.098415,40.467697],[29.093191,40.473534],[29.08449,40.475761],[29.083261,40.477375],[29.06974,40.476803],[29.062923,40.478554],[29.060608,40.477161],[29.054817,40.478947],[29.050695,40.478241],[29.031823,40.479842],[29.025122,40.47908],[29.020844,40.476536],[29.016216,40.47044],[29.002301,40.469991],[29.000452,40.468135],[28.989841,40.466232],[28.983707,40.47692],[28.986902,40.490458],[28.999831,40.512058],[29.004242,40.526432],[29.006676,40.54172],[29.011696,40.553508],[29.016791,40.558832],[29.041281,40.565373],[29.052613,40.565677],[29.067368,40.561646],[29.076571,40.560353],[29.094748,40.560657],[29.103647,40.562483],[29.111861,40.561722],[29.126996,40.554953],[29.151714,40.547652],[29.168066,40.541111],[29.185102,40.527421],[29.197043,40.524987],[29.211721,40.524759],[29.231724,40.526204],[29.244805,40.528182],[29.266025,40.534038],[29.287853,40.541035],[29.311278,40.55077],[29.328847,40.553964],[29.346796,40.561494],[29.369688,40.565221],[29.376153,40.563319],[29.386573,40.555257],[29.398209,40.550618],[29.405931,40.550086],[29.421558,40.544001],[29.433803,40.548412],[29.448406,40.556094],[29.46742,40.554801],[29.479132,40.556094],[29.483391,40.547728],[29.494876,40.543469],[29.49647,40.53225],[29.498116,40.530056],[29.506736,40.527862],[29.511516,40.528176],[29.529932,40.535463],[29.540276,40.535542],[29.56308,40.539538],[29.580712,40.539303],[29.594504,40.53993],[29.61002,40.543143],[29.616289,40.546121],[29.626711,40.548707],[29.63972,40.554898],[29.653904,40.566809],[29.661505,40.570179],[29.678771,40.58418],[29.681174,40.588255],[29.682741,40.602151],[29.6841,40.60445],[29.694339,40.61145],[29.706558,40.616361],[29.709803,40.616361],[29.723491,40.611137],[29.748881,40.608316],[29.758075,40.605077],[29.78357,40.593792],[29.793705,40.591494],[29.813244,40.592852],[29.829334,40.596195],[29.840932,40.597554],[29.849813,40.597554],[29.857023,40.594524],[29.861516,40.590971],[29.891398,40.581567],[29.906235,40.571641],[29.910101,40.570074],[29.91543,40.563805],[29.916266,40.538206],[29.921595,40.528176],[29.938233,40.520023]]],[[[28.536022,40.514144],[28.536022,40.514144],[28.536022,40.514144],[28.536022,40.514144]]],[[[28.537803,40.544128],[28.537803,40.544128],[28.537803,40.544128],[28.537803,40.544128]]],[[[28.548976,40.565372],[28.550514,40.562061],[28.542327,40.554921],[28.537231,40.55364],[28.535308,40.550881],[28.543406,40.523929],[28.538992,40.515439],[28.522964,40.511917],[28.518145,40.515072],[28.51462,40.521461],[28.520542,40.529269],[28.525035,40.544171],[28.52644,40.551404],[28.525808,40.55607],[28.519978,40.565438],[28.523571,40.565216],[28.540712,40.567251],[28.548976,40.565372]]]]}},{"type":"Feature","properties":{"id":"TR-P-17","region_id":"TR-R-MAR"},"geometry":{"type":"MultiPolygon","coordinates":[[[[27.508575,40.306629],[27.50543,40.295352],[27.511403,40.288109],[27.510167,40.279286],[27.50591,40.273107],[27.506837,40.268541],[27.504354,40.254055],[27.49714,40.243309],[27.487571,40.236316],[27.472703,40.229618],[27.457982,40.215854],[27.445101,40.208125],[27.431484,40.197158],[27.426405,40.190901],[27.421768,40.178315],[27.415805,40.172205],[27.404102,40.164403],[27.397404,40.156969],[27.39284,40.144235],[27.392031,40.130544],[27.395564,40.123625],[27.407267,40.110155],[27.416541,40.103089],[27.421694,40.095139],[27.425963,40.086012],[27.441788,40.066433],[27.447382,40.057306],[27.452167,40.042437],[27.450768,40.030292],[27.445837,40.02065],[27.442745,39.999599],[27.443245,39.993023],[27.447852,39.985735],[27.453465,39.983389],[27.46712,39.981379],[27.490492,39.974928],[27.504733,39.969986],[27.516294,39.962949],[27.520231,39.958341],[27.524252,39.944686],[27.526179,39.927011],[27.523666,39.915115],[27.519058,39.90791],[27.512022,39.902382],[27.506911,39.896015],[27.50289,39.887889],[27.49778,39.880852],[27.491665,39.869627],[27.489487,39.863763],[27.485968,39.848013],[27.485717,39.840139],[27.487811,39.827154],[27.48379,39.813918],[27.472565,39.802525],[27.463015,39.778147],[27.456732,39.766754],[27.451287,39.762398],[27.442574,39.757623],[27.421966,39.757539],[27.413673,39.754775],[27.397086,39.745895],[27.377567,39.737937],[27.366509,39.731486],[27.358886,39.725287],[27.352184,39.71691],[27.342215,39.709873],[27.316246,39.701244],[27.30812,39.697726],[27.292538,39.694962],[27.272014,39.694375],[27.257187,39.696218],[27.242861,39.700072],[27.233479,39.70493],[27.225856,39.711213],[27.187153,39.735759],[27.174838,39.737853],[27.167215,39.740869],[27.15088,39.748911],[27.138649,39.750586],[27.111088,39.749162],[27.092574,39.745644],[27.065348,39.743885],[27.048761,39.744471],[27.033263,39.75],[27.018352,39.758628],[27.005619,39.765246],[26.99322,39.768932],[26.982749,39.769938],[26.972612,39.769016],[26.958539,39.764241],[26.944968,39.757707],[26.931648,39.746733],[26.925114,39.738523],[26.918579,39.73467],[26.897552,39.727633],[26.876693,39.722355],[26.860609,39.716156],[26.846368,39.708616],[26.83531,39.70669],[26.820482,39.700658],[26.811518,39.698396],[26.802303,39.697977],[26.781109,39.703506],[26.773151,39.70736],[26.764857,39.713643],[26.760334,39.719256],[26.751705,39.722271],[26.74383,39.722104],[26.736123,39.720345],[26.720709,39.711046],[26.706803,39.699988],[26.69985,39.690103],[26.696248,39.682815],[26.681253,39.657097],[26.68142,39.652322],[26.678321,39.646625],[26.674467,39.644782],[26.66847,39.632906],[26.667839,39.627349],[26.660064,39.620904],[26.655185,39.612039],[26.659609,39.605048],[26.658535,39.597916],[26.652022,39.587822],[26.648998,39.576754],[26.654286,39.563094],[26.657548,39.552068],[26.64505,39.555175],[26.634529,39.555053],[26.620977,39.549923],[26.616698,39.546622],[26.60802,39.544272],[26.600874,39.545729],[26.590802,39.543372],[26.587167,39.540067],[26.576469,39.539503],[26.571783,39.537078],[26.553266,39.535312],[26.545058,39.533236],[26.534564,39.533313],[26.521812,39.532323],[26.510668,39.527485],[26.50384,39.526546],[26.49908,39.527873],[26.489743,39.528186],[26.477047,39.525455],[26.470331,39.521586],[26.461067,39.521686],[26.454671,39.518465],[26.442112,39.516948],[26.432537,39.510833],[26.427716,39.509762],[26.420256,39.505726],[26.417318,39.501434],[26.408031,39.502527],[26.396993,39.499985],[26.392602,39.497803],[26.385666,39.498132],[26.377534,39.496789],[26.373271,39.494098],[26.36909,39.487097],[26.367678,39.481239],[26.359888,39.484107],[26.354932,39.48773],[26.344863,39.487907],[26.335101,39.485164],[26.328222,39.481631],[26.323131,39.481416],[26.312626,39.484352],[26.302569,39.485253],[26.293399,39.484669],[26.289493,39.486004],[26.273777,39.482894],[26.264811,39.483526],[26.261755,39.480686],[26.255007,39.479532],[26.248883,39.473582],[26.242007,39.464311],[26.234943,39.466284],[26.23635,39.468086],[26.229857,39.474635],[26.221841,39.473909],[26.211496,39.469993],[26.20471,39.461449],[26.191839,39.461994],[26.175268,39.459913],[26.163358,39.459876],[26.158163,39.457379],[26.151184,39.458977],[26.146407,39.458014],[26.143587,39.454803],[26.131921,39.453305],[26.125582,39.455787],[26.116213,39.455618],[26.112393,39.458993],[26.104896,39.462549],[26.084928,39.467845],[26.081384,39.467591],[26.070051,39.472951],[26.064194,39.478512],[26.06305,39.488876],[26.068825,39.498273],[26.070356,39.505018],[26.079867,39.511591],[26.080506,39.518786],[26.078838,39.521851],[26.085079,39.530002],[26.091515,39.54568],[26.093247,39.559498],[26.100868,39.575298],[26.102206,39.585691],[26.106419,39.59131],[26.113932,39.59353],[26.128191,39.600136],[26.136517,39.607616],[26.147879,39.621835],[26.155279,39.641565],[26.157821,39.654303],[26.160259,39.660484],[26.159536,39.670744],[26.160297,39.68079],[26.158205,39.69378],[26.153598,39.706637],[26.153612,39.717017],[26.152041,39.723967],[26.147184,39.732833],[26.146942,39.740131],[26.140904,39.748529],[26.140886,39.761305],[26.152868,39.774736],[26.154418,39.781021],[26.152999,39.787628],[26.154463,39.805059],[26.156256,39.81126],[26.156087,39.824378],[26.151858,39.830166],[26.14469,39.833653],[26.138695,39.838173],[26.137913,39.841249],[26.141241,39.847774],[26.144233,39.857263],[26.143519,39.866609],[26.151584,39.874309],[26.156177,39.886659],[26.156902,39.899664],[26.149819,39.907487],[26.147804,39.913976],[26.154087,39.922116],[26.156825,39.928863],[26.160575,39.949194],[26.16317,39.955484],[26.164532,39.965301],[26.17356,39.980304],[26.176858,39.990018],[26.188702,40.002466],[26.197708,40.00941],[26.204736,40.012235],[26.211577,40.01174],[26.22283,40.006406],[26.232053,40.006009],[26.232154,40.001885],[26.251191,40.000628],[26.254485,40.002213],[26.265372,40.004098],[26.27414,40.003014],[26.278794,40.00631],[26.292808,40.008291],[26.298093,40.014216],[26.309452,40.017928],[26.316599,40.018],[26.322726,40.019909],[26.328893,40.024798],[26.334632,40.031182],[26.341661,40.045007],[26.348714,40.049088],[26.350115,40.053779],[26.356983,40.066341],[26.359542,40.076192],[26.36558,40.085425],[26.362068,40.091487],[26.363503,40.097247],[26.367016,40.103644],[26.374973,40.107945],[26.393589,40.106787],[26.399427,40.108579],[26.404432,40.114849],[26.407955,40.121895],[26.408304,40.128779],[26.400747,40.137855],[26.39743,40.143454],[26.400163,40.14994],[26.408957,40.154869],[26.408278,40.158455],[26.403264,40.163085],[26.40468,40.167316],[26.402001,40.176062],[26.407867,40.19013],[26.40906,40.197207],[26.40441,40.199095],[26.416099,40.202568],[26.429759,40.197538],[26.441984,40.197316],[26.44917,40.198201],[26.456835,40.20181],[26.463071,40.199588],[26.469191,40.199656],[26.475534,40.204648],[26.484449,40.201944],[26.495776,40.210799],[26.513965,40.219023],[26.52311,40.221354],[26.527642,40.224756],[26.530568,40.230463],[26.53689,40.233737],[26.545287,40.235962],[26.542267,40.243207],[26.549308,40.254038],[26.558169,40.257058],[26.55956,40.259913],[26.556155,40.261773],[26.566573,40.268677],[26.575886,40.271811],[26.581554,40.271191],[26.583675,40.273007],[26.579244,40.276139],[26.566983,40.275554],[26.570038,40.279651],[26.578767,40.283478],[26.591652,40.285543],[26.604632,40.284287],[26.6099,40.286649],[26.612524,40.291554],[26.619644,40.29722],[26.625939,40.29831],[26.62752,40.303339],[26.636909,40.31048],[26.63718,40.317581],[26.644724,40.321527],[26.649613,40.327557],[26.658259,40.331563],[26.662801,40.337866],[26.692235,40.353065],[26.689204,40.367416],[26.691029,40.369118],[26.702933,40.37382],[26.713262,40.382319],[26.719091,40.381917],[26.725617,40.386897],[26.738774,40.394332],[26.739573,40.396891],[26.733226,40.394623],[26.737842,40.400534],[26.750658,40.405449],[26.757264,40.406531],[26.763686,40.405778],[26.769856,40.40755],[26.782433,40.408066],[26.804628,40.405212],[26.809926,40.405079],[26.821786,40.399224],[26.839393,40.403967],[26.84551,40.402984],[26.852561,40.403828],[26.86252,40.400398],[26.872723,40.401548],[26.884918,40.397745],[26.892298,40.399958],[26.898066,40.403789],[26.900566,40.408805],[26.91287,40.410156],[26.924889,40.405211],[26.931318,40.397802],[26.937232,40.394411],[26.943335,40.39285],[26.956354,40.385824],[26.959331,40.385103],[26.971565,40.390232],[26.978625,40.39141],[26.989615,40.387614],[26.993057,40.387574],[26.998522,40.391061],[27.006356,40.389923],[27.018698,40.393366],[27.036713,40.397111],[27.049705,40.408218],[27.056752,40.413034],[27.06196,40.423883],[27.05998,40.429573],[27.06591,40.43185],[27.07281,40.431858],[27.077928,40.436069],[27.085467,40.439637],[27.088522,40.442778],[27.103609,40.444873],[27.121003,40.450096],[27.140659,40.45009],[27.149302,40.452069],[27.154574,40.45136],[27.166596,40.445994],[27.187759,40.435325],[27.199435,40.436209],[27.204012,40.438687],[27.205121,40.441794],[27.210585,40.444748],[27.223402,40.449662],[27.234356,40.452806],[27.237896,40.454923],[27.261353,40.463657],[27.273948,40.474615],[27.283526,40.475568],[27.292327,40.461519],[27.311172,40.447632],[27.315339,40.438082],[27.317999,40.428741],[27.325662,40.41204],[27.305638,40.402697],[27.304528,40.399737],[27.306739,40.392726],[27.31116,40.385492],[27.320577,40.375077],[27.330454,40.368859],[27.339687,40.365004],[27.355134,40.357131],[27.391125,40.341917],[27.404785,40.335089],[27.448559,40.321317],[27.46659,40.314031],[27.485068,40.311665],[27.508575,40.306629]]],[[[26.052304,39.850025],[26.059913,39.843552],[26.067883,39.841644],[26.076446,39.826311],[26.079985,39.823011],[26.075751,39.822322],[26.073779,39.819021],[26.075752,39.816043],[26.073674,39.813204],[26.07993,39.806698],[26.077624,39.804437],[26.081664,39.800053],[26.080585,39.79761],[26.073119,39.793082],[26.071492,39.794143],[26.066753,39.789955],[26.062692,39.791799],[26.058903,39.788833],[26.050632,39.788072],[26.049966,39.791733],[26.046438,39.792694],[26.046272,39.796372],[26.037478,39.798694],[26.023987,39.804818],[26.021232,39.808235],[26.015769,39.80864],[26.008555,39.81252],[26.005166,39.812168],[26.003241,39.817514],[25.990128,39.821858],[25.987576,39.819205],[25.975207,39.825339],[25.969636,39.829506],[25.963859,39.840305],[25.96598,39.843716],[25.974309,39.845931],[25.988221,39.844893],[26.000129,39.848675],[26.038037,39.847186],[26.04519,39.849865],[26.052304,39.850025]]],[[[26.067325,39.939041],[26.074662,39.938657],[26.068796,39.933135],[26.056447,39.934182],[26.055074,39.936684],[26.059784,39.93991],[26.067325,39.939041]]],[[[25.949912,40.245716],[25.949471,40.237018],[25.953469,40.230198],[25.968689,40.228752],[25.979222,40.222683],[25.975875,40.209842],[25.978574,40.191799],[25.970387,40.183258],[25.974645,40.178268],[25.969388,40.172496],[25.967736,40.164935],[25.971517,40.15308],[25.976346,40.149242],[25.983228,40.147021],[25.988238,40.149818],[25.995843,40.157435],[26.00738,40.161437],[26.01442,40.16745],[26.017833,40.159252],[26.015538,40.154198],[25.996476,40.138004],[25.99405,40.132717],[25.982893,40.132082],[25.975581,40.129378],[25.972674,40.125261],[25.969703,40.126392],[25.957983,40.1233],[25.956313,40.124703],[25.941902,40.128131],[25.934943,40.127508],[25.925293,40.124002],[25.917012,40.1232],[25.913138,40.120195],[25.905725,40.120529],[25.898112,40.118792],[25.894314,40.115949],[25.880517,40.114484],[25.871665,40.110177],[25.868693,40.110912],[25.855945,40.10751],[25.853269,40.104108],[25.849316,40.104319],[25.838362,40.100073],[25.821188,40.101804],[25.81835,40.10292],[25.799516,40.104576],[25.795587,40.102848],[25.792382,40.096311],[25.786016,40.096467],[25.782091,40.0996],[25.774811,40.097677],[25.764813,40.100222],[25.758911,40.099077],[25.757909,40.095865],[25.75014,40.09701],[25.739047,40.091412],[25.736725,40.093416],[25.731129,40.093469],[25.726062,40.105476],[25.723592,40.107819],[25.708327,40.112516],[25.707047,40.115743],[25.692285,40.120255],[25.6815,40.122196],[25.670959,40.126793],[25.668509,40.129955],[25.671678,40.134571],[25.673884,40.142372],[25.673377,40.151744],[25.679143,40.160049],[25.693389,40.16183],[25.719117,40.183193],[25.729417,40.188808],[25.75512,40.198269],[25.7872,40.216717],[25.793738,40.21748],[25.805399,40.215327],[25.821416,40.218716],[25.827079,40.218547],[25.836072,40.215679],[25.845881,40.216701],[25.853797,40.223193],[25.881862,40.235621],[25.889862,40.237994],[25.897601,40.238308],[25.904105,40.241123],[25.909753,40.241866],[25.916337,40.240336],[25.925786,40.24501],[25.936503,40.245578],[25.943116,40.242443],[25.948094,40.247298],[25.949912,40.245716]]],[[[26.956585,40.550379],[26.914048,40.543996],[26.907435,40.543382],[26.896562,40.539833],[26.890115,40.532687],[26.879728,40.527255],[26.86787,40.523074],[26.847598,40.513331],[26.838185,40.508034],[26.822924,40.502009],[26.805599,40.497489],[26.798539,40.49676],[26.787394,40.494008],[26.784011,40.48946],[26.758134,40.483007],[26.75467,40.483221],[26.740211,40.479353],[26.729437,40.472007],[26.7239,40.46427],[26.716902,40.458494],[26.704459,40.457922],[26.695066,40.452051],[26.69184,40.447497],[26.695047,40.431414],[26.694932,40.427987],[26.699826,40.42542],[26.697022,40.420355],[26.687595,40.419692],[26.682438,40.415957],[26.682523,40.410002],[26.677241,40.404954],[26.673555,40.403816],[26.658438,40.407716],[26.643424,40.402106],[26.638957,40.394694],[26.628242,40.390198],[26.624684,40.385731],[26.630972,40.374137],[26.632595,40.364037],[26.624516,40.355404],[26.618088,40.345145],[26.594649,40.331136],[26.588343,40.320531],[26.575929,40.320177],[26.570271,40.311735],[26.559173,40.305301],[26.554179,40.304528],[26.54901,40.301219],[26.534689,40.295436],[26.521852,40.293801],[26.515196,40.291099],[26.506782,40.285565],[26.502022,40.281019],[26.495477,40.279151],[26.495366,40.272233],[26.49079,40.266082],[26.478417,40.256334],[26.463539,40.245833],[26.464095,40.244113],[26.44708,40.234596],[26.437246,40.231636],[26.435275,40.229105],[26.429064,40.230138],[26.426599,40.228768],[26.423585,40.221059],[26.405682,40.21689],[26.400715,40.217116],[26.390692,40.213607],[26.386948,40.210189],[26.380418,40.208748],[26.375074,40.203658],[26.368069,40.202625],[26.363254,40.20509],[26.357709,40.202332],[26.361334,40.196361],[26.358009,40.191359],[26.361648,40.179422],[26.366986,40.172332],[26.371072,40.169042],[26.377361,40.156702],[26.377869,40.151497],[26.381277,40.14449],[26.375431,40.140554],[26.363682,40.134539],[26.355836,40.131997],[26.350374,40.127217],[26.347096,40.126549],[26.345132,40.121602],[26.340668,40.118656],[26.337532,40.11407],[26.328215,40.106222],[26.312585,40.100426],[26.30927,40.093104],[26.295893,40.084998],[26.272678,40.077453],[26.266093,40.074062],[26.249791,40.068397],[26.24498,40.063217],[26.239618,40.060933],[26.232771,40.060397],[26.226591,40.051544],[26.217616,40.048603],[26.212765,40.052565],[26.207277,40.053373],[26.200447,40.051362],[26.193719,40.043751],[26.18799,40.040971],[26.181906,40.044],[26.175465,40.042956],[26.170696,40.046234],[26.166167,40.053553],[26.172602,40.058309],[26.182048,40.070001],[26.186355,40.079927],[26.196861,40.089678],[26.209573,40.103384],[26.212536,40.111994],[26.211935,40.114863],[26.216185,40.121216],[26.221899,40.127186],[26.22424,40.133013],[26.230596,40.1421],[26.235926,40.154685],[26.246796,40.16268],[26.252336,40.169877],[26.252386,40.173113],[26.260287,40.180145],[26.261374,40.183765],[26.270438,40.193113],[26.271583,40.198063],[26.267379,40.206715],[26.273247,40.209505],[26.278544,40.216542],[26.27891,40.222192],[26.275844,40.232625],[26.27851,40.25399],[26.266277,40.267272],[26.253844,40.276422],[26.241036,40.284025],[26.229187,40.288851],[26.237495,40.290499],[26.241096,40.293545],[26.241996,40.297702],[26.24732,40.300575],[26.245964,40.308955],[26.239779,40.315094],[26.232583,40.317515],[26.218434,40.316894],[26.219179,40.319284],[26.233807,40.326676],[26.237736,40.330683],[26.249263,40.335313],[26.253453,40.340392],[26.267305,40.347288],[26.271322,40.346582],[26.28702,40.348855],[26.295338,40.351744],[26.301112,40.359374],[26.312581,40.366708],[26.320993,40.367464],[26.32475,40.362196],[26.332012,40.36353],[26.335169,40.369114],[26.347064,40.379015],[26.362767,40.384466],[26.364124,40.389946],[26.375232,40.394688],[26.379316,40.397655],[26.383478,40.397894],[26.391102,40.401734],[26.395825,40.40579],[26.396019,40.408557],[26.40262,40.410491],[26.411044,40.410563],[26.415271,40.414723],[26.426222,40.421397],[26.43627,40.432894],[26.445372,40.435849],[26.457067,40.442027],[26.465081,40.447239],[26.490302,40.451169],[26.509139,40.458585],[26.517747,40.463101],[26.536806,40.474754],[26.548775,40.483022],[26.552242,40.48425],[26.561376,40.483949],[26.568162,40.486525],[26.575899,40.492304],[26.585402,40.496006],[26.594824,40.503831],[26.607736,40.505098],[26.63189,40.515083],[26.641451,40.513167],[26.642906,40.510514],[26.648742,40.510006],[26.659401,40.510942],[26.662386,40.510111],[26.67623,40.513076],[26.682653,40.511873],[26.692879,40.513611],[26.696314,40.512893],[26.705662,40.515779],[26.712249,40.52351],[26.714886,40.528298],[26.716681,40.536188],[26.716328,40.541462],[26.722807,40.543117],[26.738254,40.551107],[26.744282,40.560671],[26.746858,40.562021],[26.749619,40.557298],[26.748071,40.554791],[26.751297,40.550864],[26.763712,40.549021],[26.77453,40.549944],[26.788431,40.555189],[26.802963,40.561915],[26.818161,40.571843],[26.836687,40.590324],[26.837425,40.602397],[26.844859,40.608573],[26.844665,40.613845],[26.838472,40.611963],[26.837514,40.609108],[26.832743,40.610763],[26.834987,40.617845],[26.831133,40.627855],[26.825129,40.63548],[26.823581,40.640766],[26.816811,40.647711],[26.79623,40.66293],[26.79131,40.664813],[26.777958,40.665867],[26.770987,40.663872],[26.765535,40.660378],[26.758939,40.653224],[26.749574,40.650451],[26.744845,40.646602],[26.741439,40.646174],[26.73807,40.657226],[26.732209,40.666529],[26.732767,40.677506],[26.735279,40.686251],[26.744489,40.690438],[26.746443,40.693415],[26.757886,40.697136],[26.766721,40.707188],[26.790884,40.714683],[26.796568,40.719165],[26.802836,40.720756],[26.809555,40.725235],[26.822131,40.726958],[26.847715,40.725666],[26.858397,40.729973],[26.863824,40.735572],[26.870198,40.737553],[26.879157,40.738415],[26.891131,40.737898],[26.908876,40.735773],[26.951343,40.732327],[26.9715,40.728193],[26.988987,40.722507],[27.005957,40.714065],[27.014312,40.70571],[27.018103,40.696234],[27.018189,40.691755],[27.015777,40.683744],[26.999841,40.660399],[26.992174,40.652733],[26.978305,40.640932],[26.964695,40.625168],[26.95901,40.603632],[26.958321,40.591573],[26.95677,40.581322],[26.961249,40.576498],[26.964867,40.569348],[26.964178,40.565127],[26.956585,40.550379]]]]}},{"type":"Feature","properties":{"id":"TR-P-18","region_id":"TR-R-ICA"},"geometry":{"type":"Polygon","coordinates":[[[34.087071,40.826913],[34.087219,40.820777],[34.089288,40.810058],[34.09402,40.801778],[34.096164,40.794681],[34.09949,40.789802],[34.100082,40.783814],[34.102743,40.7796],[34.104369,40.772281],[34.101338,40.76548],[34.096311,40.759566],[34.085666,40.756313],[34.06156,40.747005],[34.053502,40.741756],[34.047292,40.739168],[34.046109,40.734141],[34.057272,40.726675],[34.06326,40.7215],[34.066075,40.710775],[34.07125,40.705452],[34.082487,40.696802],[34.104591,40.683939],[34.116567,40.674698],[34.119303,40.668341],[34.119746,40.654886],[34.117676,40.642688],[34.108435,40.634926],[34.099934,40.622728],[34.09949,40.609273],[34.093428,40.600919],[34.091876,40.591161],[34.094907,40.576524],[34.098455,40.572901],[34.105996,40.569057],[34.115163,40.565878],[34.128137,40.563118],[34.130305,40.560654],[34.129909,40.548903],[34.127298,40.543147],[34.122168,40.538278],[34.123255,40.532441],[34.152085,40.509218],[34.154492,40.503594],[34.163139,40.495803],[34.163655,40.490943],[34.159057,40.485086],[34.160397,40.479185],[34.140822,40.473333],[34.143009,40.460595],[34.139763,40.453557],[34.139976,40.448569],[34.144838,40.433654],[34.152968,40.425121],[34.15808,40.423454],[34.161528,40.418607],[34.164059,40.400517],[34.161409,40.39674],[34.149567,40.397171],[34.137498,40.391993],[34.133416,40.388953],[34.12249,40.378092],[34.120414,40.369349],[34.113407,40.361098],[34.099879,40.357029],[34.087294,40.348555],[34.077897,40.340179],[34.056765,40.319444],[34.044431,40.310864],[34.027271,40.30236],[33.995631,40.285429],[33.984676,40.278381],[33.977705,40.270337],[33.972878,40.257467],[33.970828,40.248028],[33.957733,40.251555],[33.95052,40.255827],[33.945058,40.261009],[33.936584,40.266961],[33.92692,40.269622],[33.913334,40.270953],[33.890154,40.271373],[33.873977,40.269272],[33.854579,40.268782],[33.838542,40.267381],[33.829158,40.271653],[33.821665,40.280057],[33.817743,40.289721],[33.815852,40.300716],[33.815222,40.313461],[33.811511,40.318083],[33.784141,40.327709],[33.748036,40.324583],[33.738733,40.327887],[33.729216,40.326748],[33.712097,40.330627],[33.69227,40.332779],[33.684959,40.32937],[33.673644,40.330407],[33.669419,40.329812],[33.65929,40.324226],[33.645539,40.331727],[33.636201,40.335674],[33.621279,40.339525],[33.60703,40.341161],[33.594322,40.346745],[33.588064,40.347708],[33.571024,40.348478],[33.559568,40.347419],[33.546571,40.343568],[33.53781,40.343472],[33.520962,40.345108],[33.506714,40.348671],[33.462236,40.365422],[33.454823,40.373509],[33.436158,40.384099],[33.417024,40.393197],[33.41067,40.394713],[33.387275,40.397818],[33.375867,40.39854],[33.358899,40.398034],[33.342148,40.398251],[33.33601,40.397673],[33.324746,40.390742],[33.321497,40.384388],[33.316876,40.366192],[33.298392,40.341137],[33.26756,40.331462],[33.258607,40.329079],[33.247632,40.328429],[33.241205,40.332473],[33.237451,40.340054],[33.227414,40.354423],[33.213262,40.377528],[33.20893,40.389225],[33.205248,40.402511],[33.202071,40.408576],[33.190734,40.422367],[33.176366,40.432115],[33.16503,40.448794],[33.154488,40.462297],[33.141924,40.475293],[33.134343,40.484175],[33.109215,40.489662],[33.088132,40.489518],[33.078529,40.487135],[33.061921,40.481359],[33.049213,40.479842],[33.038166,40.479409],[33.022498,40.483814],[32.992966,40.486341],[32.984013,40.490601],[32.968404,40.502202],[32.960606,40.515198],[32.954734,40.520686],[32.938271,40.523093],[32.930088,40.523093],[32.910737,40.529254],[32.900532,40.536186],[32.892445,40.551301],[32.890038,40.56035],[32.889461,40.577391],[32.899569,40.585574],[32.904287,40.591832],[32.905827,40.598474],[32.905346,40.605984],[32.897451,40.619173],[32.889172,40.626586],[32.883107,40.630437],[32.86857,40.636695],[32.855284,40.641316],[32.83497,40.646611],[32.816005,40.64998],[32.792899,40.655853],[32.767194,40.665769],[32.751694,40.673856],[32.74226,40.677033],[32.735713,40.68175],[32.724738,40.693303],[32.708757,40.725362],[32.702691,40.731427],[32.683918,40.744039],[32.676505,40.746831],[32.665145,40.748756],[32.650223,40.749526],[32.628176,40.749912],[32.611906,40.751837],[32.582778,40.752096],[32.571587,40.750956],[32.567096,40.752738],[32.565599,40.757015],[32.569931,40.767774],[32.570316,40.797374],[32.588031,40.804209],[32.593711,40.810467],[32.598621,40.82356],[32.604493,40.828085],[32.611714,40.829818],[32.623074,40.830492],[32.630294,40.834824],[32.637419,40.836653],[32.644639,40.840504],[32.659016,40.851223],[32.680388,40.85748],[32.686357,40.858539],[32.697621,40.86239],[32.703012,40.865567],[32.720823,40.870862],[32.732953,40.873173],[32.759621,40.896182],[32.770115,40.90735],[32.776372,40.916784],[32.781956,40.931899],[32.785422,40.948073],[32.790813,40.955294],[32.799959,40.959048],[32.806121,40.959818],[32.821813,40.95953],[32.838757,40.956834],[32.850117,40.954042],[32.863981,40.953849],[32.908459,40.958663],[32.941576,40.963958],[32.963238,40.968772],[32.976042,40.97089],[33.000207,40.977918],[33.032939,40.992166],[33.038427,40.996306],[33.042952,41.003334],[33.048728,41.018545],[33.054408,41.024321],[33.066924,41.030964],[33.073952,41.037511],[33.082231,41.048293],[33.087004,41.060714],[33.098965,41.057462],[33.109223,41.053536],[33.115994,41.052561],[33.122691,41.055037],[33.137244,41.063889],[33.141811,41.065601],[33.154946,41.067341],[33.175946,41.074202],[33.184001,41.074266],[33.189998,41.072874],[33.206317,41.065625],[33.209646,41.061602],[33.224686,41.05545],[33.235273,41.054851],[33.244694,41.052463],[33.253533,41.046255],[33.2696,41.043342],[33.287569,41.038055],[33.302526,41.031796],[33.304431,41.023476],[33.317412,41.009035],[33.32469,41.003451],[33.321518,40.997066],[33.335299,40.983586],[33.345913,40.978387],[33.368342,40.976185],[33.389099,40.978013],[33.399747,40.97787],[33.412182,40.980443],[33.418113,40.983945],[33.42433,40.989519],[33.425045,40.994236],[33.423401,41.00567],[33.428199,41.014525],[33.436792,41.023984],[33.44755,41.037631],[33.465818,41.0494],[33.481631,41.054671],[33.497877,41.055465],[33.514267,41.050483],[33.529791,41.039797],[33.54907,41.032865],[33.554124,41.031638],[33.57167,41.031566],[33.579685,41.034526],[33.590082,41.039941],[33.608061,41.044418],[33.619181,41.045357],[33.63391,41.048389],[33.652611,41.048462],[33.677377,41.051061],[33.689652,41.055465],[33.695645,41.056549],[33.712325,41.055899],[33.731748,41.051566],[33.743734,41.050195],[33.761135,41.052433],[33.767561,41.052288],[33.797237,41.041963],[33.819115,41.032288],[33.823808,41.026367],[33.821065,41.01893],[33.820776,41.009327],[33.819115,41.005355],[33.812689,40.996546],[33.79823,40.987683],[33.792815,40.981041],[33.788627,40.962917],[33.789565,40.949271],[33.791515,40.940606],[33.797291,40.927826],[33.797941,40.914757],[33.79628,40.902338],[33.791298,40.893745],[33.784222,40.884431],[33.780829,40.878221],[33.77137,40.864358],[33.76776,40.854033],[33.769063,40.848497],[33.773813,40.841565],[33.783183,40.835275],[33.79533,40.83319],[33.834994,40.83319],[33.85396,40.836559],[33.869364,40.841469],[33.89478,40.846668],[33.904214,40.850422],[33.918848,40.851578],[33.943205,40.854851],[33.965155,40.853985],[33.992496,40.845609],[34.027732,40.829339],[34.036686,40.827991],[34.067686,40.828568],[34.080586,40.826739],[34.087071,40.826913]]]}},{"type":"Feature","properties":{"id":"TR-P-19","region_id":"TR-R-KAR"},"geometry":{"type":"Polygon","coordinates":[[[34.912259,41.253961],[34.909124,41.245718],[34.911429,41.241655],[34.918992,41.233968],[34.927051,41.227893],[34.929799,41.216198],[34.930984,41.19782],[34.939296,41.192084],[34.953261,41.187761],[34.960078,41.182857],[34.962821,41.176789],[34.963153,41.163156],[34.95775,41.143871],[34.955755,41.129407],[34.950352,41.124004],[34.939795,41.117603],[34.934475,41.109125],[34.940876,41.095825],[34.946528,41.090089],[34.976952,41.081776],[35.000975,41.079781],[35.0112,41.080031],[35.015689,41.078618],[35.02184,41.079532],[35.029488,41.082524],[35.039296,41.081943],[35.047027,41.080031],[35.058748,41.079615],[35.074025,41.076496],[35.080827,41.076158],[35.085978,41.078388],[35.091022,41.0663],[35.095305,41.048502],[35.094875,41.039811],[35.087172,41.030836],[35.077702,41.023275],[35.070918,41.021084],[35.056785,41.019529],[35.046538,41.016985],[35.037563,41.011403],[35.028216,40.994314],[35.028205,40.987735],[35.036961,40.977975],[35.039055,40.972264],[35.046669,40.961414],[35.055901,40.952657],[35.061517,40.950087],[35.065229,40.945424],[35.071796,40.932765],[35.072272,40.926102],[35.069988,40.915823],[35.067037,40.911254],[35.059233,40.905829],[35.053903,40.899167],[35.047526,40.89574],[35.03658,40.884509],[35.022113,40.878323],[35.016307,40.874991],[35.011453,40.866901],[35.01278,40.852825],[35.010977,40.846533],[35.00705,40.842338],[35.003839,40.833494],[35.00184,40.822739],[34.995368,40.803227],[34.992513,40.787047],[34.992893,40.778005],[34.998505,40.771264],[35.010025,40.754305],[35.019995,40.736849],[35.030769,40.723452],[35.039923,40.71394],[35.048664,40.702891],[35.057487,40.697064],[35.078743,40.692802],[35.094258,40.691374],[35.119567,40.690417],[35.127192,40.690672],[35.140994,40.688709],[35.151179,40.690422],[35.181639,40.701273],[35.189183,40.706968],[35.199365,40.712499],[35.22197,40.71815],[35.230195,40.717199],[35.233105,40.713562],[35.239875,40.711716],[35.244575,40.707296],[35.241665,40.705617],[35.2481,40.700581],[35.252765,40.69935],[35.259731,40.692636],[35.267714,40.687588],[35.277693,40.684955],[35.290733,40.686477],[35.296539,40.689428],[35.307674,40.691998],[35.315955,40.691903],[35.320999,40.689428],[35.330137,40.681338],[35.333563,40.671249],[35.334413,40.662413],[35.333182,40.653355],[35.337656,40.644885],[35.343081,40.641934],[35.354693,40.639269],[35.372301,40.643076],[35.383056,40.641363],[35.397999,40.633178],[35.408088,40.628799],[35.422936,40.624231],[35.439497,40.620709],[35.4493,40.611858],[35.450537,40.605005],[35.450061,40.587206],[35.453393,40.580639],[35.462962,40.572413],[35.465502,40.568099],[35.469862,40.568543],[35.484268,40.564529],[35.492223,40.564171],[35.49681,40.562092],[35.507561,40.563526],[35.513653,40.561376],[35.522873,40.563507],[35.53201,40.563221],[35.533914,40.560652],[35.524586,40.537428],[35.51859,40.532098],[35.514089,40.530314],[35.506199,40.523462],[35.478805,40.511444],[35.471667,40.507352],[35.460079,40.495296],[35.447206,40.482986],[35.428075,40.46652],[35.42246,40.460524],[35.41218,40.451672],[35.407707,40.445295],[35.405613,40.423785],[35.401806,40.417598],[35.396571,40.395707],[35.385911,40.388188],[35.375822,40.38381],[35.362592,40.364108],[35.360689,40.354305],[35.362021,40.343454],[35.36383,40.339552],[35.369065,40.33565],[35.379439,40.331462],[35.386101,40.32242],[35.386482,40.30643],[35.381818,40.291963],[35.375194,40.267588],[35.369875,40.254585],[35.350455,40.247914],[35.33019,40.243777],[35.320649,40.23964],[35.297598,40.228157],[35.255043,40.20291],[35.248542,40.199702],[35.242716,40.194889],[35.231233,40.195734],[35.22338,40.198351],[35.205649,40.20747],[35.187918,40.21946],[35.182345,40.224188],[35.172044,40.228916],[35.16284,40.229423],[35.156339,40.227312],[35.148487,40.219713],[35.146122,40.205444],[35.146291,40.193369],[35.148402,40.17834],[35.151526,40.169981],[35.159547,40.161537],[35.163516,40.159933],[35.180741,40.157907],[35.19881,40.15968],[35.207169,40.155289],[35.206915,40.146761],[35.199401,40.143215],[35.182092,40.140682],[35.166556,40.13646],[35.15617,40.130043],[35.148318,40.122866],[35.137003,40.116787],[35.131515,40.11189],[35.130249,40.106317],[35.131515,40.101673],[35.139959,40.092132],[35.152202,40.076258],[35.157774,40.06697],[35.172135,40.053079],[35.173741,40.04038],[35.169304,40.033341],[35.158197,40.027708],[35.148993,40.025428],[35.129826,40.023993],[35.112517,40.026188],[35.097319,40.024922],[35.075619,40.018758],[35.048262,40.009048],[35.040748,40.003138],[35.03585,40.002293],[35.017021,40.002462],[35.003512,40.001871],[34.9949,40.000351],[34.980968,40.001111],[34.967374,40.006008],[34.956904,40.007022],[34.944999,40.006515],[34.926507,40.001787],[34.914771,39.997565],[34.910043,39.998072],[34.903794,40.00128],[34.898137,40.010906],[34.898137,40.02222],[34.896449,40.037165],[34.883614,40.045355],[34.874327,40.046031],[34.867403,40.043244],[34.858706,40.036405],[34.852289,40.027961],[34.845112,40.022135],[34.834811,40.016478],[34.808383,40.009048],[34.800277,40.006346],[34.793269,40.005502],[34.773934,40.005924],[34.754429,40.011919],[34.742661,40.016901],[34.734429,40.018104],[34.711568,40.019687],[34.671799,40.024563],[34.663567,40.020067],[34.651471,40.007022],[34.649002,40.002399],[34.652041,39.99157],[34.651915,39.988277],[34.645029,39.975827],[34.641049,39.965635],[34.63134,39.956288],[34.617711,39.948147],[34.603902,39.947906],[34.589549,39.949534],[34.578634,39.95267],[34.555598,39.96051],[34.549508,39.963464],[34.533768,39.974018],[34.515134,39.982943],[34.502893,39.987103],[34.493907,39.988852],[34.481244,39.989094],[34.469484,39.993013],[34.453022,39.997536],[34.430769,40.001999],[34.425825,40.002059],[34.41491,39.998682],[34.399592,39.991385],[34.374385,39.98047],[34.367149,39.975947],[34.355933,39.964851],[34.349842,39.954539],[34.334886,39.945916],[34.327228,39.939524],[34.310343,39.936207],[34.296955,39.935604],[34.275789,39.937534],[34.259386,39.934096],[34.249557,39.931021],[34.244762,39.927902],[34.235309,39.935665],[34.230016,39.946137],[34.226892,39.955426],[34.216983,39.969163],[34.208276,39.97772],[34.19574,39.987929],[34.188758,39.996262],[34.179075,40.013227],[34.173595,40.019457],[34.164737,40.023961],[34.158282,40.030192],[34.151826,40.040926],[34.134711,40.05684],[34.123376,40.061044],[34.105093,40.065483],[34.098818,40.069062],[34.09361,40.067962],[34.089994,40.074883],[34.090302,40.081568],[34.084151,40.088405],[34.083209,40.103015],[34.078947,40.109491],[34.078551,40.11723],[34.076248,40.123122],[34.070773,40.128396],[34.063578,40.131051],[34.057434,40.135016],[34.054659,40.139496],[34.056459,40.145311],[34.055441,40.155374],[34.051484,40.161678],[34.06058,40.173649],[34.058914,40.181235],[34.049668,40.195187],[34.041768,40.202079],[34.03227,40.208971],[34.023361,40.212165],[34.00714,40.215611],[33.986285,40.22284],[33.978241,40.226747],[33.974793,40.230194],[33.970197,40.241532],[33.970828,40.248028],[33.972878,40.257467],[33.977705,40.270337],[33.984676,40.278381],[33.995631,40.285429],[34.027271,40.30236],[34.044431,40.310864],[34.056765,40.319444],[34.077897,40.340179],[34.087294,40.348555],[34.099879,40.357029],[34.113407,40.361098],[34.120414,40.369349],[34.12249,40.378092],[34.133416,40.388953],[34.137498,40.391993],[34.149567,40.397171],[34.161409,40.39674],[34.164059,40.400517],[34.161528,40.418607],[34.15808,40.423454],[34.152968,40.425121],[34.144838,40.433654],[34.139976,40.448569],[34.139763,40.453557],[34.143009,40.460595],[34.140822,40.473333],[34.160397,40.479185],[34.159057,40.485086],[34.163655,40.490943],[34.163139,40.495803],[34.154492,40.503594],[34.152085,40.509218],[34.123255,40.532441],[34.122168,40.538278],[34.127298,40.543147],[34.129909,40.548903],[34.130305,40.560654],[34.128137,40.563118],[34.115163,40.565878],[34.105996,40.569057],[34.098455,40.572901],[34.094907,40.576524],[34.091876,40.591161],[34.093428,40.600919],[34.09949,40.609273],[34.099934,40.622728],[34.108435,40.634926],[34.117676,40.642688],[34.119746,40.654886],[34.119303,40.668341],[34.116567,40.674698],[34.104591,40.683939],[34.082487,40.696802],[34.07125,40.705452],[34.066075,40.710775],[34.06326,40.7215],[34.057272,40.726675],[34.046109,40.734141],[34.047292,40.739168],[34.053502,40.741756],[34.06156,40.747005],[34.085666,40.756313],[34.096311,40.759566],[34.101338,40.76548],[34.104369,40.772281],[34.102743,40.7796],[34.100082,40.783814],[34.09949,40.789802],[34.096164,40.794681],[34.09402,40.801778],[34.089288,40.810058],[34.087219,40.820777],[34.087071,40.826913],[34.092541,40.827653],[34.114793,40.834897],[34.132314,40.842955],[34.135714,40.843842],[34.166542,40.843916],[34.180324,40.842355],[34.19273,40.844373],[34.199606,40.846615],[34.207338,40.854638],[34.219399,40.864764],[34.229084,40.870456],[34.236329,40.87844],[34.246087,40.905276],[34.248896,40.916069],[34.249623,40.92807],[34.255537,40.933294],[34.260268,40.943446],[34.260958,40.956359],[34.26017,40.96661],[34.264704,40.968877],[34.266873,40.974397],[34.286094,40.982184],[34.296739,40.988098],[34.308074,40.995786],[34.321184,41.008206],[34.327098,41.015599],[34.325225,41.026244],[34.315664,41.047634],[34.310144,41.052661],[34.303935,41.055421],[34.28825,41.056653],[34.280487,41.058944],[34.260601,41.068407],[34.238645,41.0775],[34.232435,41.081788],[34.227186,41.088145],[34.224525,41.103005],[34.224303,41.115572],[34.225708,41.121708],[34.229848,41.13021],[34.23103,41.14566],[34.217945,41.176118],[34.218324,41.182032],[34.222095,41.185969],[34.242886,41.191902],[34.261017,41.195228],[34.27072,41.198998],[34.280423,41.204543],[34.291179,41.216131],[34.301048,41.234594],[34.309143,41.245295],[34.319179,41.251394],[34.320898,41.25899],[34.326941,41.271909],[34.336755,41.281279],[34.340525,41.29076],[34.343963,41.293366],[34.368843,41.291423],[34.387162,41.285173],[34.39266,41.282206],[34.399902,41.275313],[34.405923,41.273655],[34.415522,41.272869],[34.418663,41.274789],[34.430007,41.290932],[34.435105,41.30098],[34.448781,41.309778],[34.453069,41.315987],[34.45567,41.322557],[34.469851,41.327076],[34.489811,41.33129],[34.495651,41.331808],[34.501343,41.330255],[34.510362,41.325376],[34.519455,41.316357],[34.531653,41.302533],[34.536385,41.299354],[34.558636,41.291592],[34.57357,41.29344],[34.579888,41.292262],[34.592583,41.284516],[34.598321,41.283297],[34.607072,41.286237],[34.612666,41.289393],[34.623712,41.291545],[34.631888,41.290828],[34.642145,41.28803],[34.655245,41.286939],[34.665344,41.288486],[34.679514,41.292692],[34.688364,41.29202],[34.693356,41.286524],[34.692639,41.278778],[34.690057,41.272323],[34.692711,41.265365],[34.704115,41.256113],[34.709853,41.252455],[34.724413,41.24643],[34.740121,41.242987],[34.750019,41.241696],[34.764148,41.235815],[34.779641,41.228427],[34.80331,41.223335],[34.820954,41.217669],[34.827911,41.213867],[34.840894,41.209277],[34.850811,41.208714],[34.861365,41.21223],[34.866361,41.215434],[34.872389,41.22336],[34.875172,41.231999],[34.872106,41.242696],[34.876016,41.247924],[34.8944,41.255611],[34.89899,41.256256],[34.912259,41.253961]]]}},{"type":"Feature","properties":{"id":"TR-P-20","region_id":"TR-R-EGE"},"geometry":{"type":"Polygon","coordinates":[[[29.916902,37.788267],[29.913387,37.78112],[29.905326,37.772376],[29.901905,37.772128],[29.88016,37.755592],[29.871065,37.743934],[29.866931,37.733268],[29.855273,37.725579],[29.830541,37.708236],[29.809705,37.702159],[29.800589,37.702221],[29.793334,37.703895],[29.775103,37.704206],[29.763693,37.705942],[29.751043,37.706624],[29.723262,37.703647],[29.710611,37.699493],[29.700938,37.692858],[29.673405,37.678285],[29.669684,37.670099],[29.672165,37.662906],[29.693682,37.655713],[29.696411,37.648644],[29.698333,37.634567],[29.695109,37.627374],[29.686613,37.615902],[29.676381,37.613917],[29.662801,37.61522],[29.649469,37.619561],[29.641531,37.626382],[29.629687,37.628304],[29.61252,37.629234],[29.597224,37.628738],[29.58383,37.624521],[29.569278,37.617163],[29.559274,37.610466],[29.553486,37.604926],[29.526118,37.58963],[29.519669,37.58037],[29.517602,37.57483],[29.515948,37.564908],[29.518098,37.554408],[29.528103,37.544072],[29.54497,37.538781],[29.545962,37.536548],[29.545962,37.524725],[29.544887,37.521087],[29.538934,37.515465],[29.537914,37.510311],[29.538741,37.492948],[29.537583,37.475915],[29.541883,37.469301],[29.545769,37.45541],[29.549903,37.445489],[29.558796,37.43543],[29.571919,37.429534],[29.578109,37.427611],[29.590676,37.426814],[29.603891,37.422823],[29.612728,37.419322],[29.614812,37.416571],[29.616146,37.408985],[29.61798,37.407068],[29.630484,37.402066],[29.634736,37.397647],[29.640321,37.387561],[29.640821,37.381808],[29.639487,37.372222],[29.634569,37.365219],[29.623565,37.358884],[29.616979,37.353215],[29.605308,37.347463],[29.593137,37.340043],[29.590386,37.331124],[29.586468,37.325371],[29.579049,37.319036],[29.567712,37.311617],[29.542369,37.29261],[29.517527,37.280605],[29.495686,37.262265],[29.486182,37.249011],[29.47918,37.235506],[29.477846,37.230004],[29.478096,37.211831],[29.476512,37.206079],[29.465592,37.181236],[29.46184,37.16323],[29.461423,37.144556],[29.456866,37.135803],[29.443945,37.123716],[29.44086,37.118047],[29.433024,37.095205],[29.433858,37.076199],[29.439777,37.066612],[29.436109,37.058859],[29.432607,37.056692],[29.42177,37.054024],[29.408682,37.052857],[29.388342,37.053024],[29.382423,37.05169],[29.354329,37.036851],[29.349327,37.030682],[29.348494,37.00659],[29.353996,37.002755],[29.369251,37.001422],[29.377754,36.989167],[29.380172,36.982998],[29.379255,36.966743],[29.372169,36.957656],[29.361499,36.95057],[29.35708,36.946569],[29.354246,36.9404],[29.345993,36.926645],[29.341241,36.91439],[29.336833,36.906971],[29.327962,36.888893],[29.304966,36.888407],[29.296875,36.886238],[29.292595,36.882134],[29.291188,36.878088],[29.28685,36.874688],[29.282218,36.86818],[29.274127,36.863314],[29.257184,36.860969],[29.253549,36.859327],[29.244227,36.859679],[29.237133,36.856748],[29.221772,36.853523],[29.216789,36.851471],[29.210516,36.852233],[29.204419,36.859269],[29.186654,36.866304],[29.178798,36.867418],[29.170766,36.863021],[29.153354,36.863842],[29.142801,36.860852],[29.131016,36.861848],[29.11976,36.866714],[29.116418,36.869822],[29.107565,36.881489],[29.096778,36.891631],[29.088921,36.90195],[29.086459,36.913206],[29.089684,36.921297],[29.093963,36.924873],[29.093025,36.931557],[29.085462,36.938006],[29.084173,36.942814],[29.074264,36.952135],[29.073561,36.954774],[29.074734,36.966616],[29.080069,36.975821],[29.096778,36.992589],[29.099475,37.005428],[29.105396,37.009884],[29.105865,37.016216],[29.101351,37.023192],[29.099768,37.031283],[29.094902,37.036501],[29.078544,37.046409],[29.072506,37.047054],[29.058142,37.043536],[29.045713,37.052624],[29.038677,37.055203],[29.035123,37.060341],[29.020891,37.062213],[29.017818,37.068413],[29.007239,37.077065],[28.99959,37.08649],[28.996189,37.093676],[28.987768,37.098243],[28.979009,37.099832],[28.973761,37.104326],[28.973978,37.111714],[28.970949,37.116651],[28.963227,37.124181],[28.947035,37.136872],[28.933727,37.140491],[28.924948,37.14086],[28.906654,37.144703],[28.900745,37.143665],[28.885214,37.135848],[28.879483,37.135434],[28.87507,37.138504],[28.87446,37.1418],[28.870432,37.142153],[28.859659,37.135742],[28.841024,37.130718],[28.834824,37.135675],[28.833248,37.14135],[28.835575,37.14353],[28.836491,37.15025],[28.83034,37.163849],[28.820819,37.174058],[28.817369,37.184417],[28.808216,37.186492],[28.799631,37.183701],[28.795533,37.184266],[28.785358,37.193876],[28.786842,37.202779],[28.784086,37.206312],[28.786064,37.210976],[28.781895,37.217759],[28.78345,37.222281],[28.780541,37.227108],[28.785145,37.23419],[28.784355,37.240251],[28.764084,37.25355],[28.755756,37.265222],[28.749569,37.268738],[28.739424,37.270133],[28.737704,37.272407],[28.740151,37.277493],[28.739304,37.280327],[28.73197,37.288602],[28.731235,37.291697],[28.736285,37.294698],[28.737823,37.302753],[28.742379,37.31739],[28.742159,37.324761],[28.729367,37.333947],[28.721909,37.336285],[28.718747,37.339585],[28.71776,37.344945],[28.713635,37.353996],[28.705904,37.363452],[28.702195,37.366278],[28.690841,37.365725],[28.673925,37.369012],[28.668034,37.372686],[28.656892,37.374264],[28.652805,37.372973],[28.649166,37.368181],[28.644636,37.369033],[28.642207,37.372149],[28.644993,37.376551],[28.628754,37.398187],[28.626743,37.403765],[28.630658,37.413419],[28.629114,37.416576],[28.6186,37.423654],[28.614696,37.429271],[28.615082,37.432219],[28.629677,37.455658],[28.630872,37.460713],[28.628961,37.470749],[28.624971,37.475938],[28.617938,37.479446],[28.608792,37.489552],[28.605177,37.495572],[28.602854,37.507088],[28.598323,37.513243],[28.598478,37.519309],[28.60194,37.53255],[28.60445,37.536012],[28.611719,37.541637],[28.620807,37.543974],[28.62998,37.542156],[28.637683,37.54207],[28.651184,37.543974],[28.670916,37.551417],[28.680436,37.557302],[28.6961,37.564831],[28.711332,37.5676],[28.718169,37.570456],[28.725352,37.577034],[28.729593,37.585515],[28.732189,37.587073],[28.747941,37.589583],[28.753133,37.593996],[28.755903,37.60066],[28.75772,37.61745],[28.755124,37.624806],[28.755557,37.639952],[28.757807,37.643154],[28.774856,37.646875],[28.787059,37.653453],[28.791473,37.659338],[28.794675,37.668165],[28.795627,37.703043],[28.797963,37.705812],[28.804627,37.707716],[28.819426,37.706678],[28.827821,37.70936],[28.834139,37.714207],[28.837255,37.719919],[28.843659,37.723986],[28.859583,37.730997],[28.865987,37.736709],[28.867286,37.748738],[28.865122,37.7522],[28.853006,37.756441],[28.842707,37.766566],[28.822282,37.770721],[28.818301,37.772451],[28.808435,37.773403],[28.80255,37.780673],[28.799002,37.781885],[28.787838,37.782231],[28.783164,37.784914],[28.780308,37.789414],[28.77927,37.798242],[28.765076,37.808887],[28.757893,37.810444],[28.743873,37.82057],[28.741882,37.829225],[28.738853,37.836148],[28.739632,37.846447],[28.738074,37.850947],[28.729247,37.861246],[28.728208,37.867564],[28.72968,37.879247],[28.73193,37.882623],[28.742575,37.888162],[28.743267,37.892056],[28.735478,37.897941],[28.730718,37.903047],[28.727949,37.909105],[28.727603,37.917587],[28.737209,37.927539],[28.744565,37.933338],[28.747162,37.937838],[28.755037,37.946579],[28.761355,37.94831],[28.763086,37.94632],[28.769836,37.945368],[28.773471,37.941213],[28.779183,37.944675],[28.78152,37.940434],[28.787665,37.937232],[28.799002,37.936713],[28.80532,37.932386],[28.81008,37.93403],[28.810858,37.929963],[28.815099,37.928751],[28.816311,37.932386],[28.820638,37.930309],[28.825052,37.951079],[28.824879,37.974187],[28.798829,37.982236],[28.774077,37.983274],[28.761268,37.986563],[28.748719,37.987774],[28.744219,37.989678],[28.738767,37.995131],[28.736344,38.002487],[28.73669,38.011228],[28.73444,38.02144],[28.727343,38.038316],[28.723679,38.057657],[28.719752,38.061482],[28.697655,38.064603],[28.685455,38.065664],[28.671522,38.062982],[28.656117,38.062982],[28.646857,38.067482],[28.636471,38.070771],[28.632404,38.076742],[28.629591,38.085662],[28.640511,38.089958],[28.647094,38.089978],[28.660555,38.094718],[28.670913,38.106072],[28.681447,38.107769],[28.701228,38.107593],[28.708953,38.120878],[28.719955,38.131295],[28.722472,38.143409],[28.726861,38.150666],[28.734059,38.157396],[28.736283,38.162663],[28.737395,38.174426],[28.741433,38.175304],[28.751967,38.172729],[28.765135,38.172905],[28.775201,38.18338],[28.788427,38.191222],[28.796503,38.197543],[28.810022,38.199532],[28.815415,38.20116],[28.82714,38.212244],[28.833499,38.21446],[28.848433,38.217435],[28.859225,38.220819],[28.864358,38.225369],[28.870658,38.238028],[28.870693,38.246454],[28.877481,38.246557],[28.888753,38.241538],[28.904552,38.241785],[28.916653,38.243239],[28.923811,38.241841],[28.934379,38.236808],[28.945619,38.234627],[28.955293,38.231608],[28.970726,38.231217],[28.981126,38.234068],[29.00752,38.237759],[29.01395,38.234963],[29.024574,38.227135],[29.036709,38.227638],[29.046997,38.229036],[29.059859,38.23569],[29.070539,38.242344],[29.087249,38.245326],[29.091349,38.242941],[29.114388,38.239735],[29.118265,38.240257],[29.119159,38.233546],[29.1249,38.233248],[29.128181,38.228402],[29.136456,38.224674],[29.146671,38.224972],[29.153381,38.219231],[29.168623,38.215073],[29.177595,38.214367],[29.18146,38.21237],[29.183224,38.20524],[29.183034,38.187201],[29.187884,38.176121],[29.201682,38.164647],[29.207983,38.161954],[29.210364,38.16734],[29.212646,38.177799],[29.220858,38.190952],[29.222763,38.202911],[29.220715,38.209783],[29.213184,38.211438],[29.209445,38.214239],[29.205092,38.222288],[29.205264,38.226866],[29.211206,38.228377],[29.213399,38.239115],[29.221144,38.240185],[29.226171,38.238031],[29.243101,38.243451],[29.25281,38.249021],[29.258442,38.255568],[29.260703,38.262757],[29.267574,38.270918],[29.27742,38.285484],[29.284224,38.291304],[29.306458,38.302394],[29.321007,38.30557],[29.327809,38.308518],[29.343352,38.311533],[29.349093,38.314664],[29.361022,38.319138],[29.380034,38.323835],[29.397405,38.324208],[29.408365,38.321896],[29.415299,38.318392],[29.426706,38.305196],[29.428645,38.300349],[29.432895,38.295876],[29.443183,38.292745],[29.454516,38.280666],[29.463761,38.275298],[29.47241,38.273285],[29.485233,38.271869],[29.49679,38.276044],[29.52624,38.277386],[29.547787,38.273136],[29.559194,38.266873],[29.564935,38.258299],[29.571645,38.24391],[29.577237,38.243761],[29.590731,38.252037],[29.60184,38.256286],[29.625326,38.269035],[29.635789,38.278504],[29.642872,38.283872],[29.642499,38.287153],[29.636832,38.296323],[29.633701,38.305643],[29.631763,38.316379],[29.628631,38.325028],[29.627587,38.333005],[29.628408,38.350824],[29.628184,38.365587],[29.623966,38.382917],[29.611856,38.400703],[29.612676,38.407264],[29.618641,38.41375],[29.625202,38.415316],[29.641753,38.421355],[29.649134,38.42225],[29.661063,38.425605],[29.677168,38.431495],[29.690215,38.43828],[29.721976,38.450432],[29.732042,38.452371],[29.744418,38.453489],[29.747321,38.455964],[29.758055,38.453033],[29.763342,38.456054],[29.772885,38.467521],[29.782979,38.474387],[29.80598,38.480223],[29.828776,38.478713],[29.849786,38.470611],[29.869492,38.46704],[29.878281,38.460998],[29.900596,38.44912],[29.902106,38.437585],[29.900596,38.430306],[29.901282,38.419046],[29.909796,38.407786],[29.913367,38.405245],[29.922704,38.402979],[29.938153,38.406344],[29.945706,38.409777],[29.967128,38.410738],[29.989787,38.406069],[29.996309,38.399752],[30.001036,38.386226],[30.013486,38.375057],[30.037838,38.367733],[30.050838,38.361233],[30.054775,38.358304],[30.06869,38.344114],[30.072626,38.335874],[30.075648,38.319762],[30.084745,38.306144],[30.092229,38.293304],[30.096624,38.277512],[30.101705,38.270097],[30.114956,38.258356],[30.115849,38.253893],[30.110425,38.244349],[30.102734,38.223201],[30.078291,38.210842],[30.070464,38.199307],[30.06298,38.195805],[30.047531,38.192647],[30.033798,38.18839],[30.025696,38.182279],[30.011072,38.166143],[30.004823,38.152892],[29.995348,38.142249],[29.978732,38.129547],[29.969875,38.126869],[29.958477,38.129478],[29.938771,38.137512],[29.928197,38.13964],[29.923391,38.139297],[29.906569,38.133941],[29.881508,38.122338],[29.846284,38.097894],[29.821086,38.086771],[29.803646,38.07757],[29.794857,38.07194],[29.786274,38.062533],[29.783643,38.053585],[29.781536,38.033314],[29.761625,38.021817],[29.743086,38.015226],[29.738967,38.015089],[29.725784,38.009458],[29.715073,38.007124],[29.70237,38.005751],[29.696465,38.002729],[29.691659,37.995932],[29.687471,37.98529],[29.684244,37.967094],[29.683145,37.957138],[29.680399,37.94217],[29.676416,37.930429],[29.672709,37.910174],[29.674013,37.901935],[29.681429,37.891635],[29.683076,37.879963],[29.693101,37.868153],[29.699624,37.862729],[29.709648,37.859021],[29.717956,37.854352],[29.72496,37.853254],[29.733062,37.855176],[29.751051,37.857305],[29.765649,37.853709],[29.780928,37.846852],[29.807984,37.830517],[29.82953,37.820884],[29.869582,37.821645],[29.884791,37.823165],[29.892649,37.81911],[29.908675,37.807165],[29.916736,37.794948],[29.916902,37.788267]]]}},{"type":"Feature","properties":{"id":"TR-P-21","region_id":"TR-R-GDA"},"geometry":{"type":"Polygon","coordinates":[[[41.158714,38.69724],[41.158167,38.672501],[41.1521,38.660009],[41.152457,38.642163],[41.156383,38.622889],[41.155312,38.613966],[41.156383,38.606471],[41.167804,38.591123],[41.171016,38.584342],[41.171373,38.57649],[41.174943,38.571136],[41.195644,38.56257],[41.207065,38.560428],[41.213847,38.555432],[41.227053,38.540798],[41.235619,38.537586],[41.251323,38.535444],[41.272025,38.530804],[41.300599,38.526082],[41.312765,38.515378],[41.338014,38.497723],[41.345606,38.49443],[41.36189,38.490496],[41.36564,38.487752],[41.37208,38.47847],[41.366159,38.478118],[41.360541,38.473143],[41.355767,38.459785],[41.346422,38.458974],[41.339126,38.462438],[41.331187,38.46313],[41.324227,38.460192],[41.318002,38.451698],[41.314217,38.450242],[41.301605,38.450527],[41.284834,38.44218],[41.272676,38.431826],[41.268775,38.426273],[41.265711,38.417481],[41.263069,38.415182],[41.253503,38.413905],[41.242744,38.409012],[41.240579,38.406647],[41.235653,38.396224],[41.233202,38.387086],[41.234376,38.381528],[41.240348,38.371116],[41.238345,38.368974],[41.220981,38.361877],[41.212781,38.343862],[41.200265,38.322909],[41.1941,38.315632],[41.185502,38.312625],[41.177889,38.312607],[41.178699,38.305811],[41.186205,38.289046],[41.183147,38.277293],[41.178358,38.245349],[41.172465,38.222626],[41.168198,38.203305],[41.16495,38.200182],[41.164389,38.189131],[41.166149,38.186173],[41.172554,38.183365],[41.181815,38.181719],[41.190254,38.172886],[41.202622,38.169368],[41.202079,38.152184],[41.203967,38.148451],[41.213346,38.144262],[41.217394,38.140498],[41.216316,38.132575],[41.221117,38.117384],[41.214942,38.109173],[41.213103,38.102043],[41.214418,38.097418],[41.209064,38.082661],[41.201792,38.069552],[41.197185,38.067246],[41.184781,38.064083],[41.174146,38.055819],[41.172295,38.051732],[41.172546,38.045442],[41.170584,38.038705],[41.167266,38.033315],[41.15759,38.022456],[41.145577,38.010708],[41.144169,38.007748],[41.146284,38.000191],[41.15405,37.989838],[41.154803,37.986185],[41.150584,37.981359],[41.143212,37.976509],[41.136138,37.965287],[41.133541,37.959077],[41.130844,37.947862],[41.124948,37.94191],[41.116297,37.940551],[41.106336,37.93416],[41.102673,37.921926],[41.099259,37.914722],[41.092972,37.9087],[41.08296,37.90749],[41.079529,37.904985],[41.077824,37.89948],[41.069661,37.894195],[41.051593,37.891259],[41.036782,37.884137],[41.031395,37.878983],[41.026494,37.869701],[41.022196,37.865365],[41.017041,37.862766],[41.009137,37.850903],[40.998903,37.845999],[40.999848,37.831501],[40.999477,37.818477],[40.995147,37.812002],[40.987211,37.808061],[40.987012,37.801087],[40.990606,37.791835],[40.991061,37.787382],[41.005432,37.781771],[41.011775,37.781616],[41.01587,37.783679],[41.022325,37.791248],[41.027197,37.793471],[41.031054,37.791569],[41.032071,37.785206],[41.028733,37.781139],[41.020197,37.776097],[41.017938,37.773475],[41.027338,37.770343],[41.039034,37.777761],[41.05128,37.778574],[41.052859,37.77076],[41.04911,37.749846],[41.044383,37.734425],[41.033379,37.725668],[41.01788,37.719236],[40.999591,37.714354],[40.986727,37.708852],[40.973631,37.687696],[40.958752,37.677699],[40.95325,37.675142],[40.927211,37.666927],[40.910085,37.658558],[40.894509,37.647244],[40.884202,37.642129],[40.875058,37.641664],[40.851654,37.646934],[40.835768,37.651893],[40.817789,37.659023],[40.800043,37.664757],[40.774237,37.6684],[40.752616,37.676304],[40.711544,37.69374],[40.69806,37.701645],[40.696045,37.705365],[40.692636,37.719934],[40.688761,37.729465],[40.681554,37.73768],[40.675044,37.742252],[40.664428,37.744422],[40.655671,37.743027],[40.650943,37.739617],[40.646681,37.728148],[40.638234,37.712727],[40.636297,37.702962],[40.637227,37.69684],[40.640637,37.686921],[40.640792,37.656853],[40.641257,37.647864],[40.639939,37.636394],[40.631182,37.62477],[40.617156,37.616943],[40.606694,37.613456],[40.595535,37.606792],[40.58732,37.605009],[40.55671,37.601599],[40.539274,37.59819],[40.521528,37.59757],[40.505254,37.600592],[40.478828,37.601522],[40.464802,37.604777],[40.447753,37.603537],[40.437214,37.600204],[40.429929,37.595787],[40.415903,37.579436],[40.41319,37.572926],[40.407843,37.564479],[40.398234,37.558512],[40.388625,37.555723],[40.365066,37.546656],[40.359099,37.543091],[40.346932,37.539681],[40.333448,37.533637],[40.322909,37.530149],[40.308418,37.526585],[40.299816,37.527205],[40.288657,37.52519],[40.266338,37.512326],[40.255799,37.507908],[40.245725,37.507134],[40.240377,37.508528],[40.226583,37.518293],[40.217904,37.528057],[40.195353,37.538674],[40.167765,37.547741],[40.151569,37.551538],[40.13483,37.553553],[40.125763,37.553863],[40.119409,37.55239],[40.104685,37.543014],[40.089573,37.538674],[40.080739,37.541076],[40.071362,37.541386],[40.057103,37.537124],[40.048269,37.539836],[40.044781,37.539604],[40.041139,37.534644],[40.022308,37.52147],[40.012079,37.515658],[39.994565,37.510621],[39.983173,37.509613],[39.959382,37.511706],[39.946208,37.513953],[39.931484,37.51806],[39.91552,37.524105],[39.894442,37.530149],[39.869644,37.532268],[39.859104,37.533611],[39.862096,37.544395],[39.8702,37.562403],[39.868463,37.570506],[39.855408,37.587613],[39.842353,37.610894],[39.836757,37.632052],[39.837529,37.649995],[39.83322,37.676234],[39.828333,37.685109],[39.827432,37.694049],[39.828911,37.718037],[39.824795,37.73135],[39.818043,37.741125],[39.811097,37.748649],[39.807238,37.755466],[39.806145,37.762905],[39.806488,37.774138],[39.81189,37.794632],[39.814977,37.808695],[39.816521,37.820014],[39.815234,37.831933],[39.812404,37.844024],[39.804171,37.855018],[39.794133,37.860455],[39.783677,37.862128],[39.759214,37.861993],[39.744663,37.856715],[39.721425,37.845053],[39.710363,37.83725],[39.699816,37.825159],[39.683867,37.809295],[39.678036,37.80698],[39.668089,37.806809],[39.655227,37.809981],[39.642107,37.81787],[39.631217,37.822672],[39.611323,37.833477],[39.594945,37.841451],[39.581997,37.853971],[39.568963,37.861345],[39.562275,37.863317],[39.545725,37.865547],[39.538094,37.868891],[39.528919,37.878152],[39.527804,37.882182],[39.522573,37.887756],[39.50448,37.899761],[39.49299,37.908335],[39.48613,37.911508],[39.475668,37.921026],[39.469837,37.923513],[39.450458,37.927114],[39.441369,37.93003],[39.424476,37.938691],[39.400981,37.953354],[39.38366,37.959785],[39.363166,37.963386],[39.343958,37.964501],[39.325093,37.964158],[39.317119,37.963386],[39.301941,37.959613],[39.293023,37.95584],[39.275959,37.945808],[39.26747,37.944607],[39.255293,37.945379],[39.240545,37.951381],[39.234971,37.955497],[39.223052,37.969217],[39.211647,37.984566],[39.203587,37.9982],[39.196727,38.001888],[39.191325,38.003002],[39.182321,38.002574],[39.175547,37.998801],[39.164142,37.996057],[39.153509,37.995113],[39.146131,37.997847],[39.134641,38.00462],[39.131677,38.011817],[39.132277,38.020341],[39.137519,38.019488],[39.150085,38.014939],[39.158873,38.016638],[39.174778,38.026616],[39.178094,38.029419],[39.180579,38.036568],[39.184405,38.040934],[39.194342,38.048825],[39.198478,38.058157],[39.203474,38.06346],[39.217314,38.068627],[39.223066,38.073057],[39.228195,38.088677],[39.234233,38.103743],[39.2352,38.116367],[39.239069,38.121005],[39.247337,38.125441],[39.256957,38.134482],[39.261052,38.142411],[39.262478,38.150318],[39.256986,38.176732],[39.249378,38.184307],[39.235646,38.191376],[39.232762,38.193834],[39.229258,38.201281],[39.223074,38.205621],[39.219483,38.206304],[39.198671,38.205651],[39.192409,38.203137],[39.180777,38.194878],[39.170001,38.18622],[39.160154,38.182167],[39.153738,38.182001],[39.143136,38.18602],[39.136119,38.187226],[39.129276,38.186195],[39.123031,38.186678],[39.110459,38.195291],[39.107826,38.199728],[39.109072,38.205545],[39.121804,38.211685],[39.127534,38.216284],[39.136854,38.22738],[39.139993,38.237064],[39.141222,38.254984],[39.145309,38.272421],[39.148739,38.283325],[39.151483,38.297696],[39.164148,38.303388],[39.194161,38.309144],[39.223159,38.307625],[39.235083,38.304943],[39.239082,38.305558],[39.258735,38.314885],[39.263214,38.320605],[39.276351,38.334093],[39.290362,38.34343],[39.312748,38.343488],[39.330313,38.345775],[39.339461,38.343031],[39.345864,38.339463],[39.353548,38.331139],[39.362879,38.325101],[39.369649,38.32254],[39.387304,38.31824],[39.410083,38.316319],[39.41978,38.313941],[39.451248,38.305067],[39.473021,38.296834],[39.479058,38.2929],[39.481894,38.289058],[39.486468,38.277532],[39.493055,38.268933],[39.499916,38.263718],[39.513455,38.260882],[39.525713,38.260425],[39.532574,38.26134],[39.549497,38.266304],[39.55462,38.275428],[39.558737,38.278355],[39.573191,38.282106],[39.580601,38.288143],[39.584992,38.293998],[39.592767,38.300493],[39.600543,38.30525],[39.612893,38.314489],[39.61765,38.319338],[39.626615,38.324461],[39.637318,38.326473],[39.650582,38.327662],[39.663298,38.331413],[39.667872,38.336719],[39.673818,38.338823],[39.679307,38.343854],[39.681777,38.349343],[39.686168,38.350166],[39.687083,38.346782],[39.69184,38.347331],[39.694584,38.342848],[39.700713,38.34358],[39.699067,38.340378],[39.702909,38.339372],[39.706385,38.343854],[39.714892,38.347331],[39.728706,38.347971],[39.735184,38.352744],[39.748342,38.353281],[39.761909,38.362839],[39.776531,38.36995],[39.802507,38.379961],[39.809275,38.37972],[39.816478,38.375057],[39.828858,38.37135],[39.845817,38.371371],[39.853042,38.37015],[39.857609,38.367326],[39.863844,38.373219],[39.868469,38.375495],[39.878092,38.389503],[39.889893,38.404322],[39.894192,38.418685],[39.904621,38.428016],[39.912305,38.437346],[39.921545,38.443567],[39.929869,38.450977],[39.93545,38.454545],[39.947799,38.455642],[39.961247,38.453996],[39.967559,38.454728],[39.982927,38.46104],[39.99052,38.465797],[40.001589,38.469181],[40.016683,38.470919],[40.022721,38.473115],[40.039919,38.477049],[40.048061,38.477597],[40.072029,38.475493],[40.082366,38.477049],[40.101759,38.477689],[40.116305,38.47531],[40.130758,38.467352],[40.14695,38.460948],[40.174766,38.458703],[40.184082,38.460173],[40.185953,38.462048],[40.204273,38.465694],[40.210765,38.465794],[40.226958,38.464099],[40.232581,38.461695],[40.248941,38.461154],[40.262736,38.463014],[40.273774,38.468338],[40.277914,38.47243],[40.281415,38.471732],[40.296479,38.478383],[40.300756,38.482004],[40.305052,38.489259],[40.323659,38.486983],[40.337651,38.488372],[40.354342,38.489239],[40.358634,38.494521],[40.357262,38.499827],[40.348297,38.518031],[40.347748,38.524618],[40.349669,38.531753],[40.361836,38.544286],[40.388182,38.557368],[40.40538,38.564046],[40.414619,38.566516],[40.425963,38.568071],[40.431452,38.570358],[40.436666,38.579872],[40.44124,38.602193],[40.440325,38.612621],[40.435385,38.621861],[40.435843,38.630094],[40.44435,38.634942],[40.458072,38.632472],[40.464476,38.633021],[40.469599,38.629728],[40.485882,38.622318],[40.498506,38.61317],[40.519546,38.599448],[40.532628,38.593776],[40.566109,38.590575],[40.576904,38.591398],[40.590077,38.590849],[40.62301,38.585818],[40.637646,38.591032],[40.644233,38.597436],[40.644416,38.602924],[40.637646,38.615],[40.637646,38.621586],[40.641214,38.628447],[40.644782,38.631009],[40.65457,38.633113],[40.660333,38.6311],[40.670762,38.622227],[40.674604,38.615549],[40.687594,38.60201],[40.692626,38.601827],[40.702231,38.607407],[40.70772,38.607315],[40.717874,38.600454],[40.720618,38.600546],[40.732968,38.607041],[40.742208,38.61317],[40.748977,38.615732],[40.756204,38.6107],[40.764894,38.590941],[40.774957,38.583073],[40.78191,38.576487],[40.806426,38.565692],[40.812647,38.566058],[40.82399,38.572645],[40.837072,38.587281],[40.847775,38.597344],[40.85116,38.610426],[40.855185,38.616189],[40.866437,38.624605],[40.883177,38.62369],[40.896991,38.625245],[40.903394,38.632472],[40.908975,38.63604],[40.916019,38.644639],[40.91858,38.649853],[40.923611,38.654244],[40.955355,38.669887],[40.964228,38.673089],[40.973742,38.674827],[40.985177,38.675193],[41.004479,38.674553],[41.017561,38.676017],[41.029728,38.682695],[41.042443,38.682969],[41.049945,38.690196],[41.05644,38.694221],[41.068241,38.69852],[41.087268,38.703735],[41.101265,38.710321],[41.116816,38.709864],[41.129806,38.707211],[41.142888,38.702546],[41.150389,38.698978],[41.158714,38.69724]]]}},{"type":"Feature","properties":{"id":"TR-P-22","region_id":"TR-R-MAR"},"geometry":{"type":"Polygon","coordinates":[[[26.939526,42.000074],[26.943898,41.984824],[26.949309,41.97252],[26.954275,41.957399],[26.955955,41.941019],[26.960179,41.92963],[26.968443,41.918799],[26.971251,41.903876],[26.972294,41.887749],[26.975824,41.877159],[26.986414,41.858518],[26.991335,41.84183],[26.996684,41.81284],[26.99861,41.787379],[26.996684,41.767589],[26.99294,41.758603],[26.98374,41.746194],[26.977322,41.732287],[26.968871,41.709287],[26.963843,41.692599],[26.957103,41.677168],[26.949642,41.671391],[26.942581,41.668182],[26.900059,41.657431],[26.897973,41.655024],[26.890511,41.637052],[26.890351,41.626863],[26.896368,41.618519],[26.90736,41.611458],[26.925572,41.605521],[26.933997,41.608891],[26.938409,41.614908],[26.955017,41.627986],[26.963281,41.629591],[26.971384,41.626783],[26.981654,41.619401],[26.983339,41.613946],[26.976279,41.593808],[26.964645,41.572707],[26.961195,41.558827],[26.960232,41.543422],[26.960794,41.534516],[26.959189,41.521278],[26.953092,41.512212],[26.932312,41.496567],[26.92469,41.485896],[26.913538,41.462549],[26.902064,41.444657],[26.891795,41.424198],[26.884734,41.412805],[26.881204,41.404541],[26.881204,41.393951],[26.890672,41.382478],[26.894683,41.375658],[26.897331,41.368357],[26.899497,41.35223],[26.903428,41.342121],[26.915463,41.328241],[26.925733,41.31059],[26.927658,41.30008],[26.931188,41.288928],[26.932954,41.283392],[26.939934,41.270555],[26.94555,41.263895],[26.950284,41.25499],[26.958708,41.229155],[26.957585,41.216238],[26.950444,41.182461],[26.946352,41.172752],[26.941699,41.165532],[26.936083,41.160076],[26.917068,41.144992],[26.907039,41.140981],[26.892276,41.13737],[26.882087,41.13368],[26.854968,41.120602],[26.844538,41.113702],[26.833226,41.107604],[26.826727,41.099822],[26.807311,41.079604],[26.801213,41.07503],[26.780835,41.07134],[26.77241,41.07142],[26.743126,41.076475],[26.719778,41.076876],[26.702529,41.065322],[26.693543,41.05401],[26.683487,41.038284],[26.684022,41.031545],[26.68905,41.02994],[26.70638,41.027908],[26.711515,41.028122],[26.724886,41.032187],[26.730342,41.03101],[26.737617,41.025554],[26.739863,41.022238],[26.741896,41.014215],[26.741575,41.008224],[26.732268,40.983941],[26.726598,40.973136],[26.725635,40.96383],[26.728096,40.954095],[26.733658,40.937621],[26.736654,40.922109],[26.735049,40.906277],[26.728845,40.886272],[26.724672,40.880068],[26.7205,40.868515],[26.719003,40.860491],[26.718789,40.850436],[26.723496,40.839417],[26.733124,40.829255],[26.746602,40.817915],[26.765002,40.804115],[26.770993,40.798446],[26.783509,40.788711],[26.792602,40.780474],[26.800904,40.768313],[26.80458,40.75616],[26.804774,40.734646],[26.803934,40.729801],[26.796568,40.719165],[26.790884,40.714683],[26.766721,40.707188],[26.757886,40.697136],[26.746443,40.693415],[26.744489,40.690438],[26.735279,40.686251],[26.732767,40.677506],[26.732209,40.666529],[26.73807,40.657226],[26.741439,40.646174],[26.734057,40.647968],[26.731336,40.647076],[26.721746,40.648317],[26.702076,40.640192],[26.701992,40.638025],[26.691883,40.638203],[26.685279,40.64167],[26.666321,40.639669],[26.659582,40.640759],[26.624261,40.639474],[26.606858,40.640083],[26.597734,40.633401],[26.587068,40.633032],[26.576224,40.622013],[26.573455,40.617912],[26.567848,40.61475],[26.557641,40.614835],[26.551768,40.61362],[26.547061,40.610336],[26.543792,40.603032],[26.535939,40.592544],[26.532888,40.592188],[26.520175,40.597731],[26.512395,40.595544],[26.505225,40.597527],[26.49164,40.605838],[26.478418,40.612689],[26.475498,40.612716],[26.470177,40.61817],[26.462983,40.619473],[26.450679,40.619909],[26.43965,40.615176],[26.429755,40.605624],[26.418006,40.602731],[26.402459,40.607307],[26.396827,40.608164],[26.394946,40.604064],[26.390837,40.604453],[26.38226,40.612029],[26.367664,40.60938],[26.348416,40.60687],[26.340704,40.602451],[26.334766,40.59596],[26.323116,40.594215],[26.283381,40.591238],[26.2762,40.593114],[26.269528,40.59671],[26.255044,40.595569],[26.215456,40.600934],[26.211524,40.598129],[26.198977,40.598933],[26.180799,40.597314],[26.177546,40.594285],[26.172245,40.595436],[26.156419,40.590905],[26.144408,40.590391],[26.136464,40.591343],[26.116366,40.596838],[26.095692,40.604736],[26.079522,40.612612],[26.068874,40.623948],[26.061126,40.638582],[26.064994,40.646729],[26.063293,40.660429],[26.065149,40.673073],[26.059369,40.688151],[26.05285,40.694998],[26.057051,40.700411],[26.061103,40.699033],[26.06723,40.705674],[26.058453,40.708075],[26.056885,40.710615],[26.053633,40.705879],[26.056952,40.700483],[26.054387,40.699084],[26.052062,40.711711],[26.044711,40.721314],[26.035237,40.729536],[26.06313,40.728665],[26.072836,40.726824],[26.084679,40.730286],[26.086678,40.733943],[26.095599,40.735303],[26.105349,40.738405],[26.113106,40.739578],[26.123721,40.742599],[26.124595,40.749131],[26.127716,40.754205],[26.128249,40.763402],[26.127239,40.772179],[26.13071,40.778996],[26.136226,40.781012],[26.141034,40.787908],[26.141457,40.79327],[26.146489,40.796967],[26.155934,40.80737],[26.165873,40.809237],[26.174078,40.817424],[26.179951,40.813142],[26.179777,40.819829],[26.185455,40.819361],[26.187277,40.822876],[26.189882,40.820843],[26.191843,40.826572],[26.194611,40.824277],[26.203378,40.821461],[26.201417,40.829353],[26.209071,40.829378],[26.208338,40.833374],[26.21178,40.836847],[26.213137,40.834606],[26.219037,40.833673],[26.219459,40.836356],[26.213452,40.838433],[26.212563,40.84058],[26.217181,40.841818],[26.21476,40.847442],[26.209636,40.847979],[26.206812,40.845941],[26.203619,40.84759],[26.205801,40.855004],[26.213262,40.852942],[26.212242,40.859383],[26.207178,40.859919],[26.205598,40.864592],[26.208622,40.866347],[26.21992,40.86529],[26.223404,40.866782],[26.224204,40.87524],[26.221269,40.883919],[26.221624,40.888546],[26.227483,40.89192],[26.228775,40.886828],[26.224175,40.885784],[26.225832,40.88277],[26.235393,40.885533],[26.247052,40.88131],[26.250826,40.881903],[26.252817,40.887224],[26.254684,40.905346],[26.257683,40.910467],[26.262446,40.914751],[26.264657,40.913302],[26.263793,40.90742],[26.265426,40.902488],[26.273769,40.896856],[26.27595,40.894074],[26.281224,40.892961],[26.290814,40.893348],[26.298029,40.897609],[26.301428,40.905233],[26.285177,40.92258],[26.288074,40.930539],[26.294531,40.931332],[26.299076,40.927763],[26.304804,40.926772],[26.318784,40.938633],[26.327746,40.942599],[26.334495,40.943075],[26.352169,40.941725],[26.356097,40.942297],[26.359801,40.945844],[26.358966,40.9519],[26.350845,40.960375],[26.346946,40.96634],[26.32822,40.976623],[26.326654,40.979223],[26.326671,40.987106],[26.331016,40.989937],[26.343092,40.98907],[26.349402,40.992094],[26.357065,41.000323],[26.363865,41.015172],[26.364594,41.020219],[26.360488,41.024699],[26.345354,41.030961],[26.342095,41.037342],[26.33485,41.040785],[26.329515,41.040632],[26.326415,41.043316],[26.330797,41.049037],[26.323017,41.059669],[26.314702,41.068132],[26.311179,41.076246],[26.311189,41.082956],[26.312924,41.084966],[26.330407,41.096403],[26.335959,41.106964],[26.330725,41.111835],[26.326,41.112228],[26.311134,41.108546],[26.305453,41.109705],[26.304013,41.115021],[26.307562,41.119669],[26.316536,41.123299],[26.323437,41.124748],[26.32081,41.132977],[26.324286,41.136671],[26.332245,41.138384],[26.336118,41.144952],[26.333531,41.148941],[26.3266,41.154485],[26.313207,41.160168],[26.313259,41.1635],[26.307465,41.174911],[26.308904,41.180592],[26.314543,41.183812],[26.321111,41.184037],[26.324646,41.186977],[26.32005,41.197031],[26.320638,41.20399],[26.324382,41.212697],[26.329991,41.217897],[26.330315,41.221205],[26.32355,41.226116],[26.319002,41.234016],[26.316879,41.240301],[26.317498,41.244557],[26.323612,41.250316],[26.327234,41.256124],[26.335619,41.256485],[26.342296,41.260114],[26.346894,41.259687],[26.354513,41.252227],[26.360652,41.249844],[26.379791,41.252185],[26.391919,41.251159],[26.401812,41.25288],[26.408694,41.256411],[26.414194,41.26324],[26.425097,41.269901],[26.435737,41.278818],[26.446798,41.279682],[26.453678,41.281289],[26.460076,41.284875],[26.464001,41.290636],[26.46481,41.300274],[26.473198,41.304255],[26.48712,41.305837],[26.491373,41.310447],[26.493328,41.320052],[26.496991,41.326978],[26.501566,41.329409],[26.512498,41.328117],[26.516992,41.334108],[26.517939,41.339014],[26.523805,41.340173],[26.527675,41.336783],[26.535205,41.337752],[26.543682,41.341969],[26.55251,41.340918],[26.559048,41.336188],[26.56533,41.329059],[26.5726,41.324438],[26.579611,41.322192],[26.588177,41.322682],[26.59807,41.327333],[26.603975,41.331775],[26.622399,41.342128],[26.62819,41.347526],[26.635154,41.385536],[26.630809,41.40064],[26.62877,41.411035],[26.630006,41.415645],[26.625415,41.421297],[26.615963,41.422197],[26.613083,41.424821],[26.611641,41.43803],[26.613364,41.449122],[26.612489,41.464759],[26.601579,41.476866],[26.59977,41.482249],[26.604518,41.494823],[26.602129,41.499686],[26.60166,41.506415],[26.591487,41.526194],[26.593134,41.535779],[26.597074,41.539204],[26.597918,41.546893],[26.591723,41.557759],[26.593024,41.56597],[26.586756,41.572758],[26.590278,41.578452],[26.597258,41.582491],[26.598351,41.592238],[26.594001,41.601307],[26.591662,41.610284],[26.567849,41.610594],[26.545804,41.617713],[26.530917,41.621879],[26.505093,41.641952],[26.489757,41.652949],[26.489253,41.656175],[26.494272,41.65856],[26.496189,41.662319],[26.492893,41.663598],[26.492926,41.668433],[26.48965,41.672773],[26.474685,41.66962],[26.470501,41.66953],[26.45807,41.673344],[26.454996,41.675293],[26.45006,41.682532],[26.445585,41.685212],[26.437855,41.686196],[26.43469,41.683615],[26.426175,41.685704],[26.421959,41.68483],[26.414034,41.689121],[26.40768,41.69111],[26.400599,41.691195],[26.395093,41.695147],[26.38651,41.695271],[26.377982,41.698582],[26.372428,41.708072],[26.367659,41.711134],[26.358855,41.709335],[26.357302,41.714285],[26.329021,41.736306],[26.331061,41.742931],[26.329821,41.751782],[26.33206,41.758433],[26.336816,41.764481],[26.337141,41.76931],[26.341851,41.776588],[26.346121,41.786757],[26.349909,41.790145],[26.352474,41.795887],[26.363408,41.808148],[26.369315,41.82004],[26.379011,41.822484],[26.5106,41.823112],[26.538798,41.82349],[26.552291,41.847948],[26.564225,41.854354],[26.562892,41.856277],[26.563679,41.863622],[26.569086,41.868922],[26.573992,41.867726],[26.580413,41.871587],[26.580173,41.877257],[26.569751,41.880948],[26.567253,41.886738],[26.577074,41.893125],[26.577486,41.897733],[26.581705,41.899717],[26.584293,41.90359],[26.577529,41.906611],[26.571046,41.912312],[26.570032,41.915426],[26.562634,41.923153],[26.562395,41.925979],[26.586517,41.94758],[26.608362,41.959564],[26.618823,41.965824],[26.624551,41.979738],[26.633594,41.976328],[26.63675,41.972908],[26.641579,41.97169],[26.646259,41.972823],[26.657767,41.970394],[26.666611,41.965231],[26.673547,41.969149],[26.684422,41.967401],[26.688139,41.969202],[26.693063,41.966427],[26.703387,41.9654],[26.714262,41.967994],[26.728113,41.961249],[26.746337,41.960359],[26.754554,41.958792],[26.757445,41.968258],[26.759435,41.970419],[26.763544,41.96936],[26.773273,41.979389],[26.778898,41.97894],[26.787364,41.989664],[26.792606,41.990114],[26.792715,41.985706],[26.798176,41.981834],[26.8056,41.979729],[26.811127,41.974915],[26.817564,41.972985],[26.828815,41.973983],[26.833136,41.969256],[26.846865,41.969794],[26.846196,41.973127],[26.848028,41.980759],[26.852123,41.983569],[26.857644,41.98398],[26.864743,41.986699],[26.864929,41.988503],[26.871324,41.990794],[26.878507,41.990064],[26.88512,41.987757],[26.891521,41.989059],[26.901561,41.98725],[26.910871,41.990773],[26.91358,41.995132],[26.920657,41.994084],[26.927407,42.001416],[26.937257,42.001558],[26.939526,42.000074]]]}},{"type":"Feature","properties":{"id":"TR-P-23","region_id":"TR-R-DOA"},"geometry":{"type":"Polygon","coordinates":[[[40.305052,38.489259],[40.300756,38.482004],[40.296479,38.478383],[40.281415,38.471732],[40.277914,38.47243],[40.273774,38.468338],[40.262736,38.463014],[40.248941,38.461154],[40.232581,38.461695],[40.226958,38.464099],[40.210765,38.465794],[40.204273,38.465694],[40.185953,38.462048],[40.184082,38.460173],[40.174766,38.458703],[40.14695,38.460948],[40.130758,38.467352],[40.116305,38.47531],[40.101759,38.477689],[40.082366,38.477049],[40.072029,38.475493],[40.048061,38.477597],[40.039919,38.477049],[40.022721,38.473115],[40.016683,38.470919],[40.001589,38.469181],[39.99052,38.465797],[39.982927,38.46104],[39.967559,38.454728],[39.961247,38.453996],[39.947799,38.455642],[39.93545,38.454545],[39.929869,38.450977],[39.921545,38.443567],[39.912305,38.437346],[39.904621,38.428016],[39.894192,38.418685],[39.889893,38.404322],[39.878092,38.389503],[39.868469,38.375495],[39.863844,38.373219],[39.857609,38.367326],[39.853042,38.37015],[39.845817,38.371371],[39.828858,38.37135],[39.816478,38.375057],[39.809275,38.37972],[39.802507,38.379961],[39.776531,38.36995],[39.761909,38.362839],[39.748342,38.353281],[39.735184,38.352744],[39.728706,38.347971],[39.714892,38.347331],[39.706385,38.343854],[39.702909,38.339372],[39.699067,38.340378],[39.700713,38.34358],[39.694584,38.342848],[39.69184,38.347331],[39.687083,38.346782],[39.686168,38.350166],[39.681777,38.349343],[39.679307,38.343854],[39.673818,38.338823],[39.667872,38.336719],[39.663298,38.331413],[39.650582,38.327662],[39.637318,38.326473],[39.626615,38.324461],[39.61765,38.319338],[39.612893,38.314489],[39.600543,38.30525],[39.592767,38.300493],[39.584992,38.293998],[39.580601,38.288143],[39.573191,38.282106],[39.558737,38.278355],[39.55462,38.275428],[39.549497,38.266304],[39.532574,38.26134],[39.525713,38.260425],[39.513455,38.260882],[39.499916,38.263718],[39.493055,38.268933],[39.486468,38.277532],[39.481894,38.289058],[39.479058,38.2929],[39.473021,38.296834],[39.451248,38.305067],[39.41978,38.313941],[39.410083,38.316319],[39.387304,38.31824],[39.369649,38.32254],[39.362879,38.325101],[39.353548,38.331139],[39.345864,38.339463],[39.339461,38.343031],[39.330313,38.345775],[39.312748,38.343488],[39.290362,38.34343],[39.276351,38.334093],[39.263214,38.320605],[39.258735,38.314885],[39.239082,38.305558],[39.235083,38.304943],[39.223159,38.307625],[39.194161,38.309144],[39.164148,38.303388],[39.151483,38.297696],[39.140788,38.312484],[39.131761,38.320909],[39.116493,38.331978],[39.113583,38.34001],[39.110124,38.34494],[39.104634,38.346103],[39.093477,38.340139],[39.078446,38.341798],[39.073014,38.341137],[39.049604,38.336155],[39.028387,38.3309],[39.023398,38.330588],[39.014904,38.33239],[39.006234,38.331348],[38.997133,38.323458],[38.99212,38.320341],[38.984037,38.318124],[38.972275,38.317034],[38.963239,38.320333],[38.93514,38.339378],[38.928929,38.347704],[38.922907,38.351934],[38.910768,38.356181],[38.899358,38.355287],[38.892967,38.35584],[38.887088,38.359757],[38.883157,38.372195],[38.877571,38.382908],[38.871283,38.390256],[38.85926,38.39768],[38.837913,38.405297],[38.830694,38.412206],[38.832719,38.430743],[38.830541,38.433559],[38.819356,38.439363],[38.811163,38.440614],[38.802476,38.438804],[38.790237,38.433918],[38.774523,38.433006],[38.766428,38.431169],[38.74809,38.425252],[38.733336,38.422112],[38.709822,38.419833],[38.688041,38.421984],[38.619983,38.437267],[38.591872,38.443202],[38.572735,38.449202],[38.5469,38.456489],[38.539716,38.457809],[38.509805,38.460973],[38.486172,38.462594],[38.464592,38.467809],[38.444355,38.475539],[38.427166,38.488409],[38.421183,38.494044],[38.414715,38.510254],[38.408843,38.515517],[38.400367,38.518991],[38.370537,38.533734],[38.366383,38.538295],[38.361786,38.546396],[38.358793,38.558173],[38.355023,38.582135],[38.355924,38.603473],[38.356908,38.614077],[38.363893,38.631493],[38.366141,38.634554],[38.389593,38.660385],[38.394108,38.664661],[38.414429,38.680384],[38.427826,38.686032],[38.462135,38.691821],[38.467724,38.693571],[38.475219,38.698498],[38.479562,38.707332],[38.478024,38.720839],[38.47054,38.734507],[38.466731,38.743587],[38.468489,38.748078],[38.474403,38.752099],[38.479543,38.753281],[38.485794,38.752589],[38.495219,38.748497],[38.503959,38.74616],[38.512599,38.748839],[38.523534,38.762239],[38.529559,38.764286],[38.542795,38.763217],[38.563924,38.754131],[38.572668,38.751931],[38.589062,38.750652],[38.603309,38.753482],[38.609874,38.751002],[38.622925,38.74381],[38.631446,38.745868],[38.641855,38.753337],[38.644963,38.757872],[38.642369,38.762386],[38.630666,38.769696],[38.626769,38.775902],[38.628892,38.778407],[38.637879,38.781203],[38.642563,38.780535],[38.639584,38.787231],[38.640746,38.801735],[38.646865,38.811417],[38.648308,38.818001],[38.646955,38.826389],[38.643623,38.831675],[38.614008,38.855858],[38.610962,38.860427],[38.607916,38.874228],[38.603443,38.882127],[38.597542,38.885744],[38.588881,38.887648],[38.578982,38.888029],[38.563087,38.894405],[38.554997,38.896785],[38.549572,38.902876],[38.548525,38.909444],[38.548906,38.919437],[38.551285,38.924387],[38.557567,38.929812],[38.566989,38.931525],[38.580124,38.936474],[38.590023,38.943137],[38.603824,38.95532],[38.613056,38.965884],[38.617434,38.975878],[38.61791,38.994628],[38.62048,39.002433],[38.626571,39.01157],[38.633519,39.014045],[38.645512,39.01671],[38.649509,39.022706],[38.65284,39.033176],[38.658932,39.038696],[38.665785,39.041266],[38.672708,39.048662],[38.683383,39.038096],[38.691985,39.028087],[38.701582,39.021979],[38.715422,39.015206],[38.751459,39.010964],[38.779151,39.006151],[38.786449,38.990955],[38.788815,38.978651],[38.783666,38.96659],[38.775045,38.951927],[38.764031,38.938299],[38.756403,38.917803],[38.754732,38.905413],[38.755649,38.893393],[38.761992,38.885993],[38.778561,38.878812],[38.786516,38.871265],[38.79284,38.874647],[38.803185,38.878133],[38.835787,38.885374],[38.876397,38.891247],[38.928081,38.897748],[38.933115,38.898101],[38.952788,38.896491],[38.974862,38.893944],[39.00886,38.887667],[39.02722,38.888291],[39.045712,38.890346],[39.064415,38.890078],[39.080906,38.885209],[39.096903,38.877922],[39.104645,38.877418],[39.120162,38.881552],[39.126541,38.880905],[39.146086,38.873401],[39.167048,38.868222],[39.191126,38.863007],[39.21013,38.861446],[39.246291,38.863718],[39.251174,38.863593],[39.265804,38.852491],[39.281066,38.835876],[39.29159,38.828676],[39.306728,38.81989],[39.330008,38.815091],[39.349829,38.813292],[39.365748,38.808731],[39.38029,38.797849],[39.388601,38.790225],[39.390402,38.785959],[39.388509,38.773464],[39.389487,38.768749],[39.392747,38.767971],[39.400337,38.770808],[39.410373,38.777353],[39.428818,38.78545],[39.435238,38.785819],[39.440803,38.7813],[39.448524,38.770519],[39.456713,38.765483],[39.469968,38.765486],[39.480256,38.763067],[39.500399,38.766894],[39.507795,38.769417],[39.510123,38.773778],[39.507122,38.787598],[39.508614,38.790714],[39.520352,38.79741],[39.522936,38.808262],[39.525826,38.812651],[39.530401,38.815452],[39.537342,38.814477],[39.544741,38.809214],[39.550759,38.80958],[39.570787,38.818281],[39.583805,38.829596],[39.588913,38.818404],[39.607862,38.81409],[39.615487,38.818258],[39.626908,38.822065],[39.638615,38.821018],[39.653273,38.81407],[39.658698,38.810453],[39.663933,38.809121],[39.68097,38.810073],[39.713616,38.80874],[39.719041,38.81131],[39.723134,38.815879],[39.732842,38.822636],[39.749498,38.842814],[39.757588,38.844527],[39.765298,38.840625],[39.776529,38.826919],[39.786713,38.822636],[39.795279,38.821399],[39.800419,38.827586],[39.79861,38.849953],[39.80013,38.858859],[39.806586,38.857837],[39.816963,38.858787],[39.820187,38.867174],[39.82669,38.876378],[39.832308,38.879227],[39.84202,38.879233],[39.846676,38.880774],[39.85069,38.885723],[39.849617,38.889794],[39.844019,38.896397],[39.864326,38.906039],[39.873064,38.914926],[39.874007,38.924175],[39.868122,38.93202],[39.867591,38.937468],[39.872887,38.950809],[39.879714,38.964229],[39.887014,38.974094],[39.884021,38.982362],[39.889655,38.996816],[39.896292,39.000048],[39.902682,39.006527],[39.890519,39.013725],[39.874912,39.027273],[39.870294,39.040362],[39.86548,39.050594],[39.869358,39.065593],[39.891035,39.088224],[39.909252,39.099855],[39.918564,39.107636],[39.931934,39.110237],[39.937633,39.107266],[39.952973,39.099074],[39.96432,39.101757],[40.004838,39.100826],[40.026747,39.109376],[40.051244,39.125716],[40.066393,39.131783],[40.08652,39.136447],[40.107412,39.151746],[40.119085,39.158749],[40.141127,39.162614],[40.155566,39.168829],[40.189067,39.173198],[40.202933,39.175794],[40.206151,39.177338],[40.226468,39.172361],[40.234332,39.17217],[40.242708,39.169125],[40.257366,39.166555],[40.274878,39.166174],[40.287537,39.163414],[40.293343,39.158084],[40.298388,39.147329],[40.298959,39.135717],[40.301148,39.129055],[40.300481,39.122582],[40.298007,39.115444],[40.284967,39.09736],[40.27821,39.089651],[40.271167,39.076992],[40.258508,39.064999],[40.253178,39.058623],[40.24347,39.03873],[40.240234,39.013318],[40.241566,38.996852],[40.24013,38.991283],[40.231275,38.981675],[40.227658,38.963115],[40.229181,38.94465],[40.226325,38.927423],[40.225659,38.918191],[40.227182,38.908863],[40.232702,38.897537],[40.240126,38.884498],[40.245742,38.870221],[40.251262,38.845189],[40.257639,38.840906],[40.277246,38.837955],[40.295139,38.837479],[40.309511,38.835576],[40.32198,38.831293],[40.330926,38.822822],[40.334638,38.81635],[40.339207,38.802644],[40.339302,38.779611],[40.337874,38.767904],[40.333687,38.762384],[40.316459,38.753722],[40.303325,38.748964],[40.299993,38.746584],[40.278293,38.738589],[40.272296,38.730404],[40.257925,38.726406],[40.248311,38.717745],[40.244409,38.707846],[40.23394,38.701755],[40.214333,38.683195],[40.210526,38.674439],[40.204625,38.671679],[40.198248,38.67263],[40.186541,38.678817],[40.179307,38.681482],[40.172835,38.679864],[40.169218,38.675676],[40.155513,38.663303],[40.14866,38.647979],[40.147708,38.633607],[40.151039,38.618284],[40.156179,38.608575],[40.169218,38.599248],[40.173025,38.592014],[40.178165,38.589444],[40.188539,38.587922],[40.194821,38.58421],[40.204244,38.572693],[40.214523,38.569171],[40.222708,38.569267],[40.226706,38.566982],[40.232417,38.560415],[40.238984,38.548898],[40.244504,38.533099],[40.248692,38.527864],[40.256878,38.52558],[40.275106,38.523791],[40.277052,38.522277],[40.272762,38.506392],[40.2747,38.503845],[40.288912,38.501263],[40.301231,38.495027],[40.305052,38.489259]]]}},{"type":"Feature","properties":{"id":"TR-P-24","region_id":"TR-R-DOA"},"geometry":{"type":"Polygon","coordinates":[[[40.308018,40.014369],[40.286413,39.992573],[40.275848,39.983532],[40.266806,39.977821],[40.257859,39.970492],[40.251007,39.961926],[40.253386,39.954407],[40.249198,39.9348],[40.254496,39.92254],[40.267355,39.9275],[40.275691,39.931937],[40.281576,39.932372],[40.286029,39.928927],[40.294112,39.92845],[40.305192,39.934483],[40.313215,39.935069],[40.322877,39.933478],[40.336769,39.929862],[40.339047,39.924521],[40.351515,39.914527],[40.380735,39.899774],[40.389491,39.899013],[40.406623,39.906913],[40.412048,39.910244],[40.4209,39.912053],[40.438223,39.909673],[40.465063,39.903582],[40.476579,39.89492],[40.509892,39.882738],[40.518077,39.877027],[40.526643,39.873315],[40.535685,39.871411],[40.545965,39.865225],[40.552341,39.85723],[40.560527,39.849044],[40.561383,39.836957],[40.563953,39.825726],[40.563477,39.805357],[40.562526,39.790986],[40.549962,39.773473],[40.542538,39.765002],[40.544442,39.758815],[40.564048,39.731594],[40.584321,39.713415],[40.601454,39.696378],[40.618681,39.685528],[40.632862,39.677533],[40.639525,39.675724],[40.652279,39.674868],[40.6637,39.672012],[40.672552,39.667063],[40.682736,39.659163],[40.682546,39.644125],[40.677691,39.628135],[40.673313,39.619379],[40.664366,39.609766],[40.662558,39.596726],[40.665223,39.588636],[40.672647,39.579975],[40.68759,39.572265],[40.706245,39.554562],[40.71405,39.550565],[40.720236,39.549327],[40.731087,39.550089],[40.737749,39.547234],[40.752216,39.537906],[40.755262,39.534194],[40.752692,39.524771],[40.740129,39.521345],[40.726042,39.522011],[40.682736,39.522106],[40.657204,39.519465],[40.637859,39.516895],[40.610869,39.522228],[40.594886,39.52589],[40.580609,39.529959],[40.557767,39.5326],[40.546916,39.532885],[40.533353,39.529959],[40.518648,39.522535],[40.513937,39.517324],[40.504015,39.514825],[40.482028,39.516182],[40.445908,39.513969],[40.430489,39.521892],[40.421825,39.529747],[40.417212,39.542379],[40.412996,39.561113],[40.413472,39.566348],[40.417089,39.577103],[40.421277,39.586049],[40.420801,39.596234],[40.412711,39.602991],[40.385299,39.602039],[40.369024,39.602039],[40.343706,39.598327],[40.3241,39.59414],[40.306967,39.587382],[40.296212,39.584051],[40.272513,39.584907],[40.26033,39.581671],[40.255095,39.581386],[40.24158,39.585669],[40.229302,39.581862],[40.221021,39.5811],[40.194752,39.57301],[40.19085,39.572724],[40.178286,39.577103],[40.170291,39.578435],[40.156988,39.576927],[40.15328,39.57761],[40.138544,39.566046],[40.13181,39.563899],[40.122832,39.564143],[40.121124,39.561118],[40.115659,39.561655],[40.105754,39.56024],[40.102631,39.556385],[40.093068,39.555263],[40.083797,39.556043],[40.075941,39.553067],[40.064133,39.550432],[40.053935,39.554775],[40.05091,39.551652],[40.045591,39.555507],[40.039687,39.556775],[40.031538,39.560874],[40.025146,39.562631],[40.018949,39.566046],[40.009337,39.568583],[39.98816,39.56468],[39.979524,39.566778],[39.970594,39.57156],[39.966496,39.572536],[39.96147,39.570779],[39.956591,39.574244],[39.949857,39.574488],[39.936097,39.579221],[39.92463,39.580538],[39.921117,39.583173],[39.91414,39.582831],[39.903991,39.585808],[39.899111,39.58532],[39.89389,39.588296],[39.885254,39.588247],[39.872762,39.589565],[39.871689,39.593712],[39.862564,39.5942],[39.857831,39.599763],[39.848365,39.601763],[39.848414,39.606399],[39.841876,39.606692],[39.838216,39.608595],[39.82553,39.60435],[39.81743,39.607082],[39.816747,39.609522],[39.808053,39.612026],[39.80402,39.61567],[39.795003,39.616887],[39.791005,39.613746],[39.783201,39.593569],[39.781392,39.586049],[39.78301,39.570821],[39.78282,39.564063],[39.784819,39.554069],[39.789197,39.54379],[39.789387,39.536366],[39.787103,39.529133],[39.776348,39.519329],[39.754076,39.518758],[39.747413,39.516855],[39.736658,39.504482],[39.714577,39.491823],[39.70049,39.486017],[39.692115,39.478307],[39.679932,39.470598],[39.660611,39.463364],[39.643098,39.453942],[39.63101,39.448802],[39.616829,39.448231],[39.602933,39.443472],[39.596365,39.43976],[39.576092,39.440331],[39.565052,39.443758],[39.557628,39.447755],[39.554582,39.451657],[39.550965,39.460699],[39.549252,39.471835],[39.546968,39.477736],[39.546111,39.489539],[39.547348,39.504767],[39.544112,39.510763],[39.536688,39.514666],[39.533262,39.514856],[39.522126,39.512001],[39.507373,39.505814],[39.487386,39.501626],[39.479772,39.50096],[39.466542,39.495725],[39.451313,39.492299],[39.431611,39.494488],[39.427043,39.494393],[39.415812,39.491728],[39.401821,39.484494],[39.394397,39.481448],[39.383641,39.481353],[39.368508,39.474691],[39.353755,39.467076],[39.337004,39.462508],[39.328914,39.458034],[39.322442,39.457939],[39.304453,39.453561],[39.29484,39.456416],[39.289224,39.459938],[39.285322,39.468219],[39.274757,39.470027],[39.267619,39.4745],[39.257054,39.47707],[39.247441,39.476214],[39.236115,39.472597],[39.227644,39.468314],[39.210512,39.467933],[39.197663,39.466981],[39.184814,39.468885],[39.172536,39.47431],[39.159496,39.474881],[39.15093,39.472597],[39.142174,39.468694],[39.134559,39.466886],[39.108766,39.463364],[39.102294,39.461461],[39.090016,39.455369],[39.077548,39.444614],[39.06803,39.430909],[39.047376,39.413015],[39.038715,39.404735],[39.033385,39.393028],[39.027579,39.38646],[39.021868,39.381892],[39.013492,39.378275],[39.008543,39.373897],[39.001595,39.363332],[39.001595,39.359239],[38.997217,39.352386],[38.989032,39.3462],[38.97466,39.341155],[38.963905,39.334017],[38.951341,39.328401],[38.943917,39.327164],[38.929069,39.326593],[38.920694,39.328021],[38.899754,39.335254],[38.889094,39.345153],[38.87339,39.356384],[38.867298,39.361904],[38.855687,39.365616],[38.843504,39.366092],[38.834557,39.365045],[38.828751,39.362761],[38.805908,39.348865],[38.797342,39.340679],[38.795534,39.330019],[38.795819,39.320977],[38.799627,39.31422],[38.804385,39.308699],[38.81771,39.298896],[38.825801,39.296707],[38.842266,39.297373],[38.848263,39.296707],[38.872248,39.291282],[38.878434,39.288141],[38.887952,39.280812],[38.901563,39.277005],[38.918124,39.276624],[38.934875,39.277576],[38.941633,39.276434],[38.952007,39.268439],[38.954196,39.262443],[38.959907,39.252544],[38.956671,39.243693],[38.945916,39.23446],[38.941633,39.22618],[38.934018,39.221135],[38.927546,39.219708],[38.921169,39.21552],[38.916315,39.209524],[38.906893,39.204955],[38.903085,39.204289],[38.893092,39.205526],[38.883859,39.203813],[38.879291,39.20762],[38.866727,39.208477],[38.854544,39.206573],[38.847596,39.208001],[38.828846,39.20743],[38.80962,39.20743],[38.796486,39.206478],[38.783256,39.204574],[38.77222,39.202065],[38.762054,39.197751],[38.759852,39.193697],[38.760269,39.189044],[38.770664,39.184571],[38.773229,39.175936],[38.763424,39.151744],[38.760439,39.147626],[38.750222,39.142129],[38.729804,39.136882],[38.732859,39.130418],[38.733539,39.116838],[38.734806,39.113816],[38.74245,39.108005],[38.744179,39.104012],[38.740311,39.083042],[38.740474,39.07335],[38.743853,39.056594],[38.745847,39.040199],[38.748891,39.031072],[38.773434,39.011374],[38.779151,39.006151],[38.751459,39.010964],[38.715422,39.015206],[38.701582,39.021979],[38.691985,39.028087],[38.683383,39.038096],[38.672708,39.048662],[38.665316,39.054418],[38.653571,39.057903],[38.64973,39.060809],[38.639314,39.077845],[38.634093,39.08394],[38.613146,39.104904],[38.608507,39.10872],[38.596717,39.112751],[38.57598,39.113134],[38.558288,39.115146],[38.54014,39.12459],[38.536154,39.129096],[38.532445,39.13784],[38.526313,39.145466],[38.515543,39.152824],[38.50054,39.156165],[38.483835,39.153212],[38.464357,39.146845],[38.438165,39.135604],[38.42392,39.125418],[38.417235,39.121967],[38.406292,39.119297],[38.381403,39.117333],[38.371835,39.117181],[38.357704,39.12107],[38.344487,39.126945],[38.328847,39.138645],[38.325638,39.142006],[38.314338,39.14751],[38.309648,39.157746],[38.310219,39.165361],[38.311932,39.167645],[38.32164,39.173165],[38.32383,39.177258],[38.323354,39.190202],[38.327066,39.194771],[38.333538,39.215996],[38.336964,39.219517],[38.350765,39.230177],[38.361235,39.249689],[38.362758,39.257303],[38.359807,39.271865],[38.354477,39.281669],[38.350004,39.293756],[38.350004,39.304512],[38.348957,39.311079],[38.338392,39.33278],[38.337059,39.336872],[38.330111,39.347532],[38.330206,39.350102],[38.33468,39.354861],[38.34277,39.360762],[38.35362,39.36514],[38.359997,39.369899],[38.367992,39.378275],[38.372085,39.385699],[38.376273,39.390267],[38.405969,39.405591],[38.40949,39.410636],[38.408158,39.426626],[38.405397,39.434621],[38.394262,39.448231],[38.385886,39.452704],[38.375226,39.455845],[38.36409,39.455941],[38.351907,39.45813],[38.341533,39.461366],[38.326209,39.469741],[38.319071,39.476309],[38.311837,39.49049],[38.299654,39.510383],[38.29185,39.518568],[38.281475,39.532274],[38.278144,39.539507],[38.277573,39.551309],[38.282237,39.55978],[38.284333,39.566858],[38.306455,39.567433],[38.317288,39.573799],[38.323432,39.573815],[38.335202,39.57124],[38.338863,39.578573],[38.345038,39.583337],[38.347377,39.58812],[38.346581,39.595275],[38.339222,39.608113],[38.332725,39.61518],[38.325748,39.630157],[38.319496,39.633296],[38.316612,39.637635],[38.315776,39.648008],[38.320183,39.651253],[38.327575,39.664898],[38.322986,39.671809],[38.331528,39.680145],[38.342823,39.686311],[38.351731,39.70333],[38.353385,39.710149],[38.353448,39.718184],[38.35988,39.727717],[38.361678,39.734313],[38.355834,39.749028],[38.354926,39.756163],[38.357779,39.763708],[38.366508,39.770845],[38.371968,39.773095],[38.380805,39.774007],[38.389742,39.777405],[38.409555,39.787875],[38.425706,39.800298],[38.435052,39.811178],[38.455028,39.831229],[38.457382,39.836367],[38.454985,39.854262],[38.448513,39.863495],[38.436521,39.870157],[38.41501,39.874916],[38.402828,39.88215],[38.386457,39.899853],[38.364947,39.910513],[38.358855,39.914891],[38.355524,39.91946],[38.355714,39.922791],[38.363804,39.931833],[38.366755,39.937829],[38.371038,39.937829],[38.38284,39.934688],[38.390169,39.935069],[38.396927,39.937258],[38.406349,39.942398],[38.429668,39.956389],[38.435283,39.961624],[38.439757,39.969428],[38.446134,39.976852],[38.457175,39.980374],[38.476781,39.980945],[38.487632,39.983039],[38.497149,39.982372],[38.510665,39.977804],[38.523895,39.971617],[38.530627,39.970308],[38.543857,39.969832],[38.550709,39.970498],[38.557086,39.97421],[38.566795,39.975257],[38.578406,39.972021],[38.584307,39.971545],[38.595919,39.980777],[38.606008,39.98249],[38.614764,39.985727],[38.619048,39.992484],[38.632087,39.998956],[38.642081,40.001241],[38.663305,40.002383],[38.674156,40.007332],[38.677996,40.012371],[38.683276,40.022372],[38.688726,40.023421],[38.701606,40.022156],[38.707498,40.023616],[38.722115,40.02255],[38.733971,40.020282],[38.742288,40.016755],[38.749206,40.011991],[38.759189,40.013452],[38.760705,40.022499],[38.764085,40.025479],[38.764375,40.03353],[38.766149,40.037998],[38.766871,40.055867],[38.768908,40.056918],[38.767134,40.062239],[38.768842,40.06664],[38.772061,40.067035],[38.763587,40.070385],[38.769433,40.074064],[38.76981,40.077574],[38.790559,40.076146],[38.813687,40.064915],[38.834627,40.059395],[38.84719,40.058443],[38.866321,40.061203],[38.87622,40.060727],[38.889925,40.052447],[38.900014,40.049115],[38.90839,40.048068],[38.920478,40.045213],[38.930471,40.04607],[38.944463,40.050638],[38.95379,40.058348],[38.962065,40.060508],[38.976157,40.061013],[38.989387,40.058062],[39.00709,40.049877],[39.013848,40.04607],[39.024127,40.037408],[39.032312,40.032174],[39.050872,40.023322],[39.060866,40.017706],[39.069813,40.009807],[39.078474,40.005333],[39.091608,40.002478],[39.112072,40.002668],[39.126634,40.001621],[39.14034,40.002097],[39.15357,39.997909],[39.161565,39.991913],[39.17232,39.978207],[39.178697,39.973544],[39.184407,39.96612],[39.186311,39.958696],[39.192593,39.946323],[39.199255,39.939184],[39.205537,39.937281],[39.216578,39.936519],[39.2339,39.932046],[39.264072,39.929095],[39.277111,39.925288],[39.306902,39.913772],[39.334028,39.909203],[39.365056,39.902731],[39.372766,39.89959],[39.39894,39.886741],[39.447576,39.874653],[39.456142,39.866849],[39.464327,39.864755],[39.474321,39.864755],[39.488503,39.868086],[39.496688,39.871227],[39.504207,39.875891],[39.512012,39.877033],[39.522196,39.875224],[39.541993,39.868752],[39.551415,39.862185],[39.56455,39.854475],[39.57245,39.848479],[39.578732,39.845243],[39.590534,39.844387],[39.602907,39.848479],[39.616518,39.855237],[39.628034,39.865421],[39.636315,39.870656],[39.649164,39.874368],[39.662013,39.879031],[39.671816,39.885408],[39.681144,39.886741],[39.698561,39.891214],[39.701607,39.892832],[39.712838,39.902541],[39.719691,39.903968],[39.74339,39.904063],[39.753955,39.906443],[39.768518,39.915866],[39.778416,39.921481],[39.791653,39.922992],[39.798023,39.925574],[39.808588,39.939565],[39.813918,39.941088],[39.819819,39.945942],[39.8261,39.957554],[39.83143,39.960504],[39.841424,39.963074],[39.84742,39.966405],[39.853988,39.97935],[39.862744,39.984965],[39.869597,39.992199],[39.87645,39.996196],[39.890156,39.997909],[39.897484,40.000194],[39.910809,40.009902],[39.924039,40.021514],[39.930416,40.033887],[39.933938,40.036552],[39.950975,40.041787],[39.958589,40.045308],[39.970486,40.054255],[39.974484,40.061203],[39.978576,40.064249],[40.008653,40.071006],[40.033304,40.07805],[40.045011,40.080715],[40.048913,40.078716],[40.058241,40.066533],[40.066426,40.063011],[40.09536,40.053398],[40.111541,40.052161],[40.129244,40.04093],[40.138095,40.030556],[40.146281,40.028081],[40.15104,40.029128],[40.158368,40.033601],[40.175596,40.038075],[40.199105,40.037408],[40.21262,40.039693],[40.225279,40.045499],[40.238223,40.049401],[40.245266,40.050258],[40.252785,40.048639],[40.274772,40.037313],[40.29533,40.02237],[40.308018,40.014369]]]}},{"type":"Feature","properties":{"id":"TR-P-25","region_id":"TR-R-DOA"},"geometry":{"type":"Polygon","coordinates":[[[42.341585,40.921075],[42.340493,40.91036],[42.344065,40.897461],[42.34476,40.888432],[42.349225,40.878411],[42.355376,40.867398],[42.360992,40.860781],[42.368175,40.845235],[42.369995,40.83917],[42.377778,40.83078],[42.389908,40.826837],[42.410641,40.823741],[42.449932,40.812331],[42.469677,40.810843],[42.490314,40.806279],[42.501427,40.796555],[42.513928,40.782565],[42.52385,40.774628],[42.541313,40.763615],[42.54806,40.757364],[42.555204,40.747442],[42.560462,40.736329],[42.561157,40.718371],[42.560958,40.707456],[42.564456,40.694335],[42.567953,40.689423],[42.573088,40.67588],[42.570812,40.659888],[42.570111,40.656235],[42.562372,40.639417],[42.561703,40.62312],[42.558428,40.608758],[42.550094,40.584425],[42.547117,40.581374],[42.539081,40.577355],[42.530448,40.567309],[42.528663,40.551459],[42.525016,40.534939],[42.526356,40.518493],[42.529704,40.502718],[42.532086,40.495276],[42.536923,40.486942],[42.538783,40.480021],[42.537592,40.468561],[42.527918,40.429717],[42.522561,40.421308],[42.515119,40.414983],[42.500385,40.416546],[42.487586,40.410444],[42.47501,40.406425],[42.450527,40.400547],[42.444351,40.3969],[42.430882,40.384622],[42.421357,40.378818],[42.408409,40.373832],[42.384745,40.374502],[42.372913,40.376362],[42.361602,40.379487],[42.339724,40.379636],[42.334441,40.378446],[42.318888,40.369962],[42.304824,40.367432],[42.249013,40.372641],[42.237777,40.376362],[42.216494,40.389012],[42.200197,40.394147],[42.191416,40.395189],[42.180477,40.395189],[42.173408,40.392956],[42.16552,40.386929],[42.15726,40.37093],[42.150935,40.363786],[42.144014,40.353442],[42.140963,40.343768],[42.137317,40.337741],[42.130099,40.311993],[42.129504,40.299864],[42.13129,40.286097],[42.134713,40.274563],[42.137764,40.268089],[42.148851,40.249857],[42.158674,40.239439],[42.167604,40.23237],[42.172292,40.229914],[42.1903,40.224036],[42.209276,40.21585],[42.227879,40.206697],[42.232493,40.201563],[42.241423,40.197767],[42.260771,40.194344],[42.272677,40.191591],[42.283095,40.188093],[42.289792,40.183926],[42.301103,40.17455],[42.305791,40.172392],[42.334069,40.164727],[42.345752,40.160932],[42.368597,40.154905],[42.391368,40.146645],[42.397395,40.141733],[42.409004,40.126181],[42.416297,40.114646],[42.425673,40.108991],[42.4413,40.091355],[42.449932,40.079225],[42.461615,40.069328],[42.468164,40.058761],[42.496888,40.039488],[42.511101,40.033684],[42.523677,40.030037],[42.532086,40.026242],[42.540643,40.019694],[42.550019,40.011062],[42.556121,40.004215],[42.566912,39.984421],[42.572865,39.962543],[42.5716,39.946395],[42.567581,39.932852],[42.564978,39.921008],[42.55294,39.922917],[42.543641,39.926819],[42.535421,39.92574],[42.523715,39.922336],[42.514831,39.917271],[42.494407,39.911875],[42.485938,39.91229],[42.475394,39.916358],[42.469167,39.917355],[42.462858,39.916275],[42.445505,39.910629],[42.431225,39.904154],[42.411216,39.885473],[42.401917,39.878748],[42.398264,39.874597],[42.381908,39.868536],[42.369952,39.865381],[42.343135,39.860233],[42.333421,39.856995],[42.321217,39.848195],[42.299962,39.836986],[42.293818,39.832254],[42.288588,39.826442],[42.285848,39.821211],[42.284935,39.812826],[42.287093,39.786258],[42.289003,39.777789],[42.294234,39.772642],[42.306106,39.766996],[42.316982,39.763094],[42.331595,39.760354],[42.349362,39.748647],[42.386807,39.730465],[42.399094,39.727891],[42.407397,39.723408],[42.41736,39.710871],[42.4245,39.698251],[42.429149,39.691692],[42.439694,39.682227],[42.453725,39.675253],[42.46128,39.672763],[42.475311,39.670355],[42.480625,39.668611],[42.492331,39.659894],[42.501049,39.648187],[42.505948,39.634986],[42.506861,39.625272],[42.505948,39.612569],[42.51234,39.600531],[42.508438,39.593307],[42.495902,39.588243],[42.488512,39.582182],[42.477304,39.57114],[42.471243,39.563252],[42.466262,39.551961],[42.451981,39.53519],[42.42998,39.512275],[42.417836,39.502077],[42.404487,39.497651],[42.382001,39.496723],[42.349878,39.501363],[42.336672,39.500792],[42.327749,39.499222],[42.312259,39.490799],[42.301337,39.480805],[42.284919,39.469312],[42.272712,39.461745],[42.248156,39.450395],[42.228883,39.440616],[42.221173,39.434548],[42.214891,39.427624],[42.20654,39.408636],[42.201043,39.401569],[42.188479,39.391718],[42.186623,39.388363],[42.185767,39.380154],[42.18748,39.375371],[42.200115,39.368304],[42.208181,39.35881],[42.215891,39.338537],[42.21689,39.326544],[42.215391,39.321904],[42.208253,39.315052],[42.199758,39.311197],[42.192977,39.306271],[42.18591,39.29899],[42.174774,39.296563],[42.167921,39.293851],[42.146363,39.291852],[42.11681,39.284714],[42.107602,39.283928],[42.087828,39.28764],[42.077549,39.287355],[42.070196,39.284],[42.0647,39.272435],[42.059203,39.254804],[42.047211,39.242383],[42.041643,39.238385],[42.008235,39.22261],[42.000954,39.218112],[41.994672,39.211117],[41.986749,39.207548],[41.977826,39.20148],[41.962835,39.197411],[41.942776,39.194556],[41.932283,39.191415],[41.916507,39.197554],[41.913009,39.197911],[41.899803,39.194484],[41.883813,39.183777],[41.874605,39.183063],[41.859971,39.184205],[41.837842,39.184419],[41.829062,39.183134],[41.819568,39.178994],[41.80422,39.178423],[41.79851,39.171784],[41.79387,39.170142],[41.783947,39.169429],[41.759605,39.164146],[41.741974,39.161505],[41.733051,39.161505],[41.720987,39.162933],[41.712278,39.162861],[41.693147,39.160363],[41.683225,39.157579],[41.663951,39.155509],[41.656242,39.156294],[41.649317,39.154224],[41.64275,39.156437],[41.635754,39.156936],[41.627331,39.155366],[41.61955,39.15558],[41.609914,39.163504],[41.605702,39.177424],[41.602989,39.191201],[41.60199,39.200481],[41.604274,39.21697],[41.606273,39.220468],[41.620835,39.230961],[41.624476,39.232175],[41.626903,39.236672],[41.627545,39.245381],[41.624833,39.251591],[41.618265,39.256446],[41.614553,39.257445],[41.604845,39.257017],[41.596779,39.258301],[41.583073,39.262085],[41.557589,39.270151],[41.530892,39.281573],[41.510619,39.294707],[41.500435,39.299942],[41.475117,39.311649],[41.460269,39.316598],[41.433239,39.324213],[41.414393,39.328305],[41.381366,39.330304],[41.367851,39.331827],[41.337108,39.337728],[41.321118,39.339251],[41.310649,39.338489],[41.283523,39.338013],[41.277717,39.337347],[41.258015,39.337442],[41.242501,39.339156],[41.233078,39.341154],[41.217755,39.350577],[41.199575,39.365044],[41.186917,39.373039],[41.17264,39.380558],[41.169617,39.390076],[41.162247,39.39914],[41.15081,39.406426],[41.146914,39.418286],[41.143101,39.426334],[41.134969,39.431586],[41.128361,39.433111],[41.116247,39.433619],[41.098118,39.432603],[41.087105,39.432942],[41.066942,39.437855],[41.055591,39.43938],[41.042629,39.436669],[41.016113,39.439126],[41.00959,39.440735],[40.992732,39.442769],[40.96952,39.449122],[40.962997,39.450393],[40.952238,39.450817],[40.941987,39.448699],[40.920385,39.441583],[40.915641,39.441159],[40.899884,39.443192],[40.880569,39.446581],[40.862186,39.447428],[40.847954,39.442853],[40.830926,39.43201],[40.814237,39.418371],[40.804664,39.414474],[40.778063,39.410916],[40.750023,39.411],[40.73308,39.412695],[40.726726,39.412186],[40.711731,39.408628],[40.698601,39.410746],[40.689282,39.413542],[40.679879,39.413627],[40.655819,39.41693],[40.635657,39.412949],[40.628626,39.41405],[40.623289,39.421929],[40.617443,39.427266],[40.603804,39.433704],[40.592707,39.436246],[40.588979,39.439295],[40.585675,39.444971],[40.586861,39.448953],[40.59601,39.459542],[40.598467,39.466489],[40.597451,39.486566],[40.602788,39.508762],[40.610869,39.522228],[40.637859,39.516895],[40.657204,39.519465],[40.682736,39.522106],[40.726042,39.522011],[40.740129,39.521345],[40.752692,39.524771],[40.755262,39.534194],[40.752216,39.537906],[40.737749,39.547234],[40.731087,39.550089],[40.720236,39.549327],[40.71405,39.550565],[40.706245,39.554562],[40.68759,39.572265],[40.672647,39.579975],[40.665223,39.588636],[40.662558,39.596726],[40.664366,39.609766],[40.673313,39.619379],[40.677691,39.628135],[40.682546,39.644125],[40.682736,39.659163],[40.672552,39.667063],[40.6637,39.672012],[40.652279,39.674868],[40.639525,39.675724],[40.632862,39.677533],[40.618681,39.685528],[40.601454,39.696378],[40.584321,39.713415],[40.564048,39.731594],[40.544442,39.758815],[40.542538,39.765002],[40.549962,39.773473],[40.562526,39.790986],[40.563477,39.805357],[40.563953,39.825726],[40.561383,39.836957],[40.560527,39.849044],[40.552341,39.85723],[40.545965,39.865225],[40.535685,39.871411],[40.526643,39.873315],[40.518077,39.877027],[40.509892,39.882738],[40.476579,39.89492],[40.465063,39.903582],[40.438223,39.909673],[40.4209,39.912053],[40.412048,39.910244],[40.406623,39.906913],[40.389491,39.899013],[40.380735,39.899774],[40.351515,39.914527],[40.339047,39.924521],[40.336769,39.929862],[40.322877,39.933478],[40.313215,39.935069],[40.305192,39.934483],[40.294112,39.92845],[40.286029,39.928927],[40.281576,39.932372],[40.275691,39.931937],[40.267355,39.9275],[40.254496,39.92254],[40.249198,39.9348],[40.253386,39.954407],[40.251007,39.961926],[40.257859,39.970492],[40.266806,39.977821],[40.275848,39.983532],[40.286413,39.992573],[40.308018,40.014369],[40.320296,40.015226],[40.330766,40.013322],[40.339047,40.018557],[40.357511,40.015036],[40.372571,40.010468],[40.389344,40.004531],[40.399144,40.002552],[40.411111,40.001893],[40.429486,40.005002],[40.442772,40.006133],[40.449556,40.0083],[40.469816,40.016498],[40.479144,40.025638],[40.491488,40.03214],[40.506282,40.053153],[40.506942,40.057394],[40.511559,40.062953],[40.525316,40.068795],[40.542749,40.071716],[40.56395,40.077653],[40.574692,40.081328],[40.612101,40.098006],[40.621053,40.102812],[40.637826,40.11035],[40.643103,40.113837],[40.652054,40.116192],[40.664022,40.117983],[40.674292,40.124296],[40.680417,40.131081],[40.687108,40.140692],[40.695211,40.155957],[40.699263,40.172259],[40.705859,40.18856],[40.712549,40.203072],[40.712078,40.214096],[40.707744,40.222954],[40.702373,40.226817],[40.693327,40.231152],[40.682867,40.231811],[40.667885,40.226723],[40.659122,40.220975],[40.650829,40.219562],[40.635847,40.222012],[40.628026,40.230209],[40.617001,40.23803],[40.603998,40.249244],[40.594198,40.253767],[40.586942,40.261211],[40.575352,40.266393],[40.564704,40.277512],[40.550853,40.283543],[40.545293,40.288349],[40.537472,40.307477],[40.528803,40.32491],[40.525882,40.329244],[40.526259,40.337065],[40.534928,40.344321],[40.545953,40.347148],[40.559239,40.347525],[40.570829,40.351671],[40.582231,40.36147],[40.584775,40.372495],[40.583079,40.384368],[40.580535,40.393979],[40.575917,40.400104],[40.562725,40.411883],[40.557072,40.420269],[40.55547,40.429033],[40.564516,40.448632],[40.564421,40.461353],[40.571489,40.476901],[40.579121,40.485193],[40.581854,40.490658],[40.585906,40.515723],[40.586377,40.535417],[40.589581,40.537019],[40.615211,40.553698],[40.618226,40.55709],[40.644045,40.576784],[40.652808,40.581401],[40.665529,40.586207],[40.675329,40.591766],[40.696813,40.598362],[40.701902,40.600718],[40.714528,40.604016],[40.736766,40.603262],[40.749299,40.604864],[40.756272,40.607502],[40.760889,40.610895],[40.76447,40.616171],[40.770783,40.629552],[40.772479,40.635394],[40.777191,40.642932],[40.78096,40.644817],[40.795,40.647644],[40.824305,40.660365],[40.827886,40.664605],[40.829582,40.673745],[40.829205,40.688634],[40.826943,40.700695],[40.822326,40.713604],[40.820913,40.727173],[40.82242,40.73556],[40.827697,40.741779],[40.835613,40.741213],[40.844282,40.738104],[40.865295,40.735654],[40.872833,40.735465],[40.896579,40.736596],[40.921549,40.73311],[40.937568,40.733015],[40.954435,40.736219],[40.975731,40.7447],[40.988358,40.754028],[40.993446,40.756667],[41.036132,40.761849],[41.049418,40.761001],[41.066285,40.763451],[41.073352,40.766467],[41.094742,40.77344],[41.103411,40.77702],[41.130078,40.79172],[41.139595,40.797656],[41.153166,40.811007],[41.16611,40.806534],[41.173915,40.805106],[41.196853,40.798729],[41.223217,40.789212],[41.248154,40.782644],[41.25672,40.7776],[41.262145,40.771223],[41.267475,40.767606],[41.275851,40.764084],[41.288129,40.760848],[41.312875,40.75628],[41.326772,40.749712],[41.335909,40.741908],[41.344189,40.73753],[41.356943,40.735721],[41.36351,40.728012],[41.364938,40.721159],[41.361892,40.707263],[41.354754,40.700315],[41.344665,40.694414],[41.327152,40.68718],[41.322108,40.684325],[41.31773,40.679376],[41.314684,40.67081],[41.309259,40.662053],[41.308212,40.657485],[41.314398,40.650917],[41.316016,40.645207],[41.314969,40.639591],[41.31554,40.623125],[41.316683,40.618176],[41.322393,40.608087],[41.3262,40.59638],[41.329341,40.590384],[41.332958,40.569635],[41.335147,40.565352],[41.352755,40.561925],[41.363701,40.562116],[41.388694,40.569221],[41.397264,40.570682],[41.411731,40.570155],[41.415919,40.57263],[41.434609,40.589337],[41.441652,40.597903],[41.441652,40.605898],[41.444698,40.608277],[41.45669,40.612751],[41.470872,40.619889],[41.4861,40.632357],[41.497141,40.638354],[41.513512,40.644731],[41.527693,40.65244],[41.53388,40.659769],[41.544159,40.662244],[41.548347,40.665004],[41.556342,40.675378],[41.561386,40.679661],[41.589178,40.690607],[41.606406,40.692034],[41.61383,40.694414],[41.619921,40.698506],[41.628963,40.700696],[41.645524,40.69746],[41.659515,40.692701],[41.679312,40.68423],[41.703964,40.674617],[41.723475,40.665289],[41.737847,40.662624],[41.747746,40.662529],[41.759072,40.664813],[41.767353,40.663576],[41.787911,40.652821],[41.791718,40.651774],[41.797429,40.654534],[41.805043,40.661387],[41.817678,40.669786],[41.827529,40.677996],[41.830242,40.681993],[41.829813,40.68749],[41.820462,40.702837],[41.825816,40.720969],[41.826744,40.739528],[41.829599,40.742741],[41.843947,40.767796],[41.849444,40.785571],[41.851229,40.787498],[41.868503,40.792495],[41.874785,40.795636],[41.880639,40.803702],[41.881567,40.821905],[41.880996,40.825118],[41.872715,40.833826],[41.860818,40.842274],[41.857201,40.850173],[41.856249,40.862832],[41.871573,40.884247],[41.882328,40.896145],[41.896129,40.904996],[41.916212,40.914324],[41.928014,40.923556],[41.939054,40.936595],[41.948192,40.943543],[41.970052,40.958216],[41.985311,40.960295],[42.004823,40.958582],[42.018053,40.960009],[42.025572,40.962674],[42.042989,40.96553],[42.054125,40.966386],[42.08068,40.964387],[42.09667,40.966577],[42.120465,40.96591],[42.13398,40.960676],[42.139595,40.960009],[42.154729,40.962674],[42.17919,40.963721],[42.191658,40.962389],[42.201747,40.9602],[42.218022,40.953823],[42.234393,40.946018],[42.247337,40.938118],[42.266468,40.932408],[42.282553,40.929933],[42.295117,40.928696],[42.318816,40.927268],[42.341585,40.921075]]]}},{"type":"Feature","properties":{"id":"TR-P-26","region_id":"TR-R-ICA"},"geometry":{"type":"Polygon","coordinates":[[[30.822307,40.144528],[30.817285,40.135281],[30.823832,40.120482],[30.837665,40.096024],[30.845145,40.091125],[30.848362,40.084297],[30.854484,40.08192],[30.85134,40.076087],[30.854719,40.066107],[30.860328,40.061849],[30.872584,40.058466],[30.880091,40.051336],[30.885681,40.048437],[30.893996,40.050794],[30.901988,40.045808],[30.911006,40.038479],[30.915458,40.037285],[30.923125,40.03778],[30.929259,40.035875],[30.938271,40.029318],[30.951324,40.033228],[30.958135,40.033376],[30.97252,40.030898],[30.998598,40.030463],[31.007208,40.025059],[31.015452,40.026883],[31.016669,40.029037],[31.014808,40.035796],[31.016761,40.041727],[31.021977,40.045105],[31.044864,40.053713],[31.053655,40.054053],[31.067552,40.05142],[31.079468,40.050592],[31.098149,40.053301],[31.105504,40.057017],[31.115271,40.06974],[31.118226,40.070898],[31.125297,40.067077],[31.141485,40.0671],[31.149611,40.066113],[31.156324,40.057408],[31.161597,40.053037],[31.167274,40.050683],[31.187613,40.047662],[31.200758,40.04815],[31.207125,40.054509],[31.212865,40.056887],[31.234047,40.060722],[31.261767,40.062451],[31.269173,40.062406],[31.28087,40.059316],[31.289452,40.058898],[31.298038,40.060386],[31.309283,40.05935],[31.325104,40.054606],[31.332275,40.048829],[31.341374,40.047086],[31.348984,40.050857],[31.370098,40.056518],[31.383478,40.061602],[31.394031,40.061653],[31.404538,40.057257],[31.413298,40.051778],[31.425115,40.05066],[31.430844,40.048121],[31.430591,40.045215],[31.42234,40.040271],[31.414589,40.038308],[31.40788,40.040249],[31.393591,40.037597],[31.388363,40.035005],[31.389203,40.029983],[31.39566,40.026522],[31.401077,40.018155],[31.404116,40.017436],[31.409895,40.021699],[31.416996,40.022895],[31.424417,40.019381],[31.437251,40.021158],[31.452983,40.030336],[31.457086,40.034707],[31.460739,40.041774],[31.464913,40.043533],[31.469421,40.042049],[31.494175,40.022643],[31.504456,40.019302],[31.512196,40.021219],[31.515951,40.024395],[31.5266,40.036993],[31.529292,40.038053],[31.541834,40.037617],[31.569475,40.03198],[31.608617,40.026473],[31.621673,40.026247],[31.633659,40.027463],[31.649478,40.035303],[31.657442,40.046153],[31.6605,40.056322],[31.667559,40.058673],[31.672178,40.056225],[31.674303,40.051711],[31.673176,40.046356],[31.666143,40.035331],[31.665897,40.025188],[31.66431,40.021137],[31.659567,40.016596],[31.660942,40.009557],[31.666162,40.00781],[31.672932,40.007941],[31.681267,40.010097],[31.688933,40.015694],[31.697833,40.020226],[31.707466,40.023373],[31.710247,40.02197],[31.710201,40.014483],[31.708279,40.0072],[31.702028,39.998964],[31.696072,39.99367],[31.695137,39.988258],[31.698288,39.980907],[31.705719,39.971435],[31.717584,39.966053],[31.723365,39.965886],[31.731384,39.968559],[31.735517,39.967973],[31.739023,39.964744],[31.740622,39.956124],[31.738797,39.948467],[31.738758,39.936302],[31.740816,39.933313],[31.75186,39.925877],[31.764398,39.914403],[31.77206,39.899913],[31.781861,39.892335],[31.789282,39.884373],[31.794542,39.880678],[31.810007,39.876106],[31.83409,39.878035],[31.845231,39.882249],[31.854734,39.8834],[31.859254,39.881959],[31.870112,39.871583],[31.868726,39.869245],[31.853129,39.863281],[31.846847,39.856335],[31.847517,39.85342],[31.852847,39.850124],[31.859224,39.849808],[31.880774,39.856384],[31.891202,39.856845],[31.897885,39.854649],[31.890658,39.843338],[31.884464,39.838839],[31.878186,39.827804],[31.871993,39.820509],[31.840338,39.808295],[31.831667,39.801998],[31.827022,39.797353],[31.812984,39.789611],[31.797706,39.77836],[31.795952,39.774231],[31.796468,39.764425],[31.798429,39.750077],[31.799874,39.732425],[31.804313,39.723135],[31.81288,39.702387],[31.819383,39.691962],[31.839099,39.663059],[31.847563,39.647163],[31.861808,39.629099],[31.871408,39.618157],[31.884517,39.592145],[31.884001,39.581616],[31.885859,39.574184],[31.89484,39.565719],[31.901653,39.557358],[31.912388,39.530417],[31.915588,39.524223],[31.924258,39.516688],[31.929523,39.514933],[31.968138,39.510443],[31.974042,39.508897],[31.989444,39.501859],[31.995564,39.497383],[31.997052,39.49307],[31.990604,39.485956],[31.987846,39.478342],[31.993722,39.46611],[31.995295,39.45285],[31.991264,39.431008],[32.004164,39.423683],[32.007477,39.420253],[32.006489,39.414499],[31.999049,39.405258],[31.982949,39.402177],[31.974928,39.401538],[31.971325,39.399213],[31.970744,39.394389],[31.982601,39.385651],[31.991745,39.376119],[31.98632,39.368447],[31.979036,39.366277],[31.972371,39.356435],[31.979733,39.348685],[31.984306,39.34698],[31.988878,39.347988],[31.996163,39.343416],[32.002982,39.341401],[32.003835,39.333496],[32.011817,39.326831],[32.015924,39.324894],[32.018291,39.320633],[32.020226,39.305869],[32.019304,39.280817],[32.009688,39.243691],[32.007436,39.227882],[32.004397,39.221544],[31.9974,39.221387],[31.984019,39.230881],[31.976095,39.239171],[31.970409,39.243057],[31.965133,39.243105],[31.951037,39.23401],[31.944244,39.230959],[31.931121,39.227517],[31.928111,39.225539],[31.926918,39.220238],[31.921942,39.212538],[31.915187,39.206475],[31.894757,39.192775],[31.88684,39.183909],[31.881618,39.18326],[31.872327,39.185567],[31.869229,39.181398],[31.864119,39.178197],[31.853042,39.176368],[31.848252,39.173257],[31.844671,39.159559],[31.838821,39.152247],[31.838563,39.142698],[31.843765,39.135487],[31.827452,39.137169],[31.806638,39.135895],[31.798124,39.133875],[31.792199,39.130562],[31.783151,39.122087],[31.776206,39.111701],[31.760276,39.101825],[31.734917,39.083602],[31.72332,39.076147],[31.713433,39.073068],[31.703069,39.072728],[31.692024,39.075616],[31.674523,39.082838],[31.664923,39.085301],[31.647932,39.085216],[31.636941,39.084091],[31.617698,39.07791],[31.605273,39.073068],[31.585975,39.067507],[31.580755,39.071121],[31.565496,39.078671],[31.555933,39.086663],[31.514916,39.097371],[31.491072,39.100512],[31.479793,39.10094],[31.468514,39.100227],[31.444242,39.103225],[31.438388,39.105081],[31.43282,39.110649],[31.432677,39.126926],[31.430678,39.13592],[31.426681,39.141917],[31.418257,39.150055],[31.398554,39.161049],[31.391272,39.158622],[31.382991,39.159621],[31.369856,39.163762],[31.351581,39.164047],[31.342318,39.171864],[31.338035,39.174113],[31.331717,39.180538],[31.322722,39.197028],[31.315655,39.204631],[31.302163,39.213519],[31.29124,39.231401],[31.282674,39.234828],[31.267575,39.236756],[31.251085,39.236541],[31.23695,39.238255],[31.228598,39.242003],[31.205896,39.255281],[31.188656,39.259457],[31.174629,39.260635],[31.158245,39.257529],[31.141755,39.265239],[31.123337,39.271022],[31.113699,39.272307],[31.108345,39.268987],[31.094746,39.241039],[31.094532,39.235792],[31.098065,39.227547],[31.099243,39.219623],[31.10267,39.215768],[31.103848,39.209771],[31.10524,39.190068],[31.099886,39.1845],[31.090998,39.184607],[31.085001,39.186534],[31.065834,39.201954],[31.061872,39.202704],[31.050735,39.199705],[31.04174,39.195743],[31.035744,39.189104],[31.036493,39.185678],[31.042918,39.179467],[31.049664,39.169187],[31.050628,39.161691],[31.045488,39.155159],[31.033495,39.153232],[31.025785,39.157194],[31.019682,39.164904],[31.012828,39.181823],[31.005761,39.188033],[30.994964,39.194744],[30.985255,39.196743],[30.968979,39.195315],[30.957557,39.188605],[30.952131,39.182322],[30.948612,39.184408],[30.933835,39.201326],[30.925911,39.203789],[30.907707,39.203789],[30.891645,39.199613],[30.884149,39.189655],[30.880937,39.182266],[30.87933,39.172093],[30.879866,39.166846],[30.882543,39.164812],[30.896464,39.163098],[30.908885,39.15753],[30.91456,39.148107],[30.916059,39.143181],[30.916381,39.129368],[30.912633,39.123799],[30.896892,39.118552],[30.878795,39.117696],[30.850526,39.121229],[30.840032,39.119516],[30.833178,39.116197],[30.820221,39.108058],[30.813047,39.101205],[30.806408,39.089855],[30.806622,39.083216],[30.803589,39.079703],[30.791618,39.072891],[30.773341,39.070733],[30.76228,39.065001],[30.735909,39.06001],[30.71222,39.053855],[30.701968,39.055474],[30.680993,39.068221],[30.673305,39.080428],[30.672014,39.086396],[30.668651,39.089263],[30.643225,39.097087],[30.62805,39.096143],[30.612875,39.096952],[30.603366,39.095401],[30.594463,39.096412],[30.581042,39.101673],[30.570453,39.107069],[30.563371,39.111925],[30.559179,39.118377],[30.54578,39.128898],[30.540216,39.136249],[30.54116,39.147512],[30.540013,39.155808],[30.534416,39.15891],[30.529492,39.163699],[30.52639,39.169499],[30.519848,39.173681],[30.51054,39.185281],[30.502515,39.197151],[30.500963,39.206458],[30.493612,39.218463],[30.489565,39.220014],[30.466972,39.222442],[30.450381,39.226961],[30.438376,39.225545],[30.429979,39.234527],[30.417881,39.244883],[30.408448,39.256776],[30.393787,39.270617],[30.383636,39.282716],[30.38015,39.29666],[30.381893,39.306502],[30.380766,39.318498],[30.375024,39.328444],[30.353493,39.348949],[30.341497,39.355716],[30.334935,39.363406],[30.332167,39.371608],[30.332064,39.386782],[30.337088,39.393549],[30.35339,39.398881],[30.37,39.403597],[30.379843,39.410056],[30.382611,39.416516],[30.385995,39.433125],[30.382406,39.437944],[30.365796,39.44953],[30.361183,39.459475],[30.35985,39.469215],[30.36108,39.473932],[30.370718,39.487158],[30.377382,39.498641],[30.375434,39.508484],[30.370923,39.514738],[30.35985,39.520787],[30.340677,39.533911],[30.323042,39.542421],[30.305612,39.548367],[30.289823,39.551238],[30.284901,39.553699],[30.265113,39.570411],[30.25199,39.585073],[30.232304,39.603015],[30.222461,39.613883],[30.219488,39.620137],[30.218258,39.628647],[30.214651,39.635555],[30.212588,39.64438],[30.203839,39.655426],[30.198311,39.659997],[30.193646,39.661545],[30.177826,39.663102],[30.174797,39.667759],[30.174341,39.675875],[30.171448,39.68164],[30.168447,39.682572],[30.157371,39.680761],[30.153058,39.681426],[30.131621,39.676221],[30.1267,39.674272],[30.103221,39.671709],[30.084355,39.673247],[30.072052,39.672735],[30.060876,39.670992],[30.049393,39.668121],[30.036782,39.66607],[30.026477,39.666519],[30.024748,39.672018],[30.015512,39.680011],[30.001549,39.685933],[29.993056,39.690841],[29.989581,39.695363],[29.99074,39.703857],[29.997264,39.721666],[29.999207,39.725275],[30.00651,39.769774],[30.014238,39.783872],[30.032582,39.793298],[30.042348,39.795336],[30.046254,39.798393],[30.05101,39.811132],[30.055483,39.81985],[30.060238,39.8237],[30.071335,39.829928],[30.087753,39.835137],[30.104964,39.841364],[30.122968,39.846346],[30.135083,39.8528],[30.140179,39.854612],[30.157503,39.855971],[30.173582,39.856311],[30.178451,39.854386],[30.196228,39.852234],[30.208796,39.851442],[30.214458,39.849517],[30.225894,39.850083],[30.231669,39.848498],[30.245256,39.840572],[30.253296,39.839666],[30.261675,39.841251],[30.268582,39.845327],[30.280499,39.855405],[30.288652,39.859226],[30.298588,39.876211],[30.299947,39.886486],[30.294087,39.905509],[30.298503,39.924362],[30.304108,39.934128],[30.309118,39.939393],[30.317356,39.941007],[30.349626,39.939478],[30.358713,39.941941],[30.374311,39.956859],[30.376122,39.963879],[30.374311,39.974976],[30.374537,39.982109],[30.378139,40.005081],[30.379859,40.010622],[30.382789,40.01266],[30.407629,40.013743],[30.426099,40.012087],[30.442532,40.011896],[30.455206,40.015272],[30.46183,40.019539],[30.469155,40.022087],[30.483486,40.02317],[30.4896,40.027437],[30.494887,40.045589],[30.50616,40.05699],[30.515905,40.073295],[30.521828,40.08062],[30.527815,40.091957],[30.531828,40.102912],[30.537879,40.113485],[30.540809,40.116478],[30.557878,40.129408],[30.566413,40.134248],[30.575775,40.141127],[30.590679,40.145458],[30.605265,40.147242],[30.613821,40.146647],[30.618576,40.148515],[30.625965,40.145543],[30.635731,40.148091],[30.645922,40.147411],[30.652943,40.149418],[30.657149,40.152483],[30.664348,40.152697],[30.672546,40.149703],[30.691294,40.146851],[30.703697,40.147992],[30.721874,40.153124],[30.731212,40.154621],[30.740051,40.153124],[30.749176,40.155049],[30.764288,40.153267],[30.786528,40.151556],[30.795439,40.14735],[30.802508,40.145544],[30.822307,40.144528]]]}},{"type":"Feature","properties":{"id":"TR-P-27","region_id":"TR-R-GDA"},"geometry":{"type":"Polygon","coordinates":[[[38.081224,37.447386],[38.075667,37.443427],[38.070341,37.432378],[38.067536,37.43015],[38.060884,37.429604],[38.04484,37.438426],[38.035228,37.440998],[38.024418,37.440555],[38.011576,37.435457],[38.004069,37.435502],[37.992213,37.439714],[37.985657,37.439167],[37.976538,37.435727],[37.970348,37.428988],[37.968144,37.422138],[37.96414,37.415444],[37.94346,37.403787],[37.938827,37.398124],[37.936509,37.391307],[37.931521,37.384198],[37.905551,37.360837],[37.890995,37.35205],[37.879085,37.346592],[37.874041,37.342401],[37.87327,37.335841],[37.875968,37.333389],[37.884965,37.330097],[37.886317,37.324112],[37.878624,37.319852],[37.864945,37.317376],[37.859427,37.309605],[37.858133,37.303117],[37.853241,37.288378],[37.849075,37.279521],[37.840693,37.269214],[37.8408,37.26142],[37.844604,37.25411],[37.848454,37.249696],[37.865005,37.241604],[37.880022,37.22576],[37.882683,37.21619],[37.879925,37.212179],[37.871561,37.21154],[37.865744,37.213699],[37.858953,37.219596],[37.849167,37.224648],[37.839554,37.221825],[37.834626,37.209786],[37.834739,37.202381],[37.838234,37.189387],[37.849898,37.169099],[37.860534,37.156617],[37.871104,37.146491],[37.876489,37.135393],[37.875634,37.122828],[37.867512,37.108685],[37.863582,37.094228],[37.861677,37.078995],[37.867391,37.068352],[37.877291,37.059553],[37.895637,37.049377],[37.911584,37.041531],[37.921829,37.039792],[37.936847,37.04106],[37.944896,37.045133],[37.953844,37.053432],[37.958505,37.055251],[37.969528,37.056147],[37.975232,37.054601],[37.980795,37.047101],[37.979738,37.037514],[37.970773,37.018525],[37.963091,37.008179],[37.961311,36.99648],[37.969235,36.981228],[37.974885,36.97585],[37.985546,36.969095],[37.99544,36.966409],[38.001516,36.957291],[38.000912,36.947157],[38.003557,36.93312],[38.011445,36.910942],[38.015175,36.905148],[38.033692,36.886338],[38.036922,36.876858],[38.037172,36.869733],[38.0346,36.865753],[38.025411,36.857014],[38.021961,36.847665],[38.021744,36.84015],[38.026943,36.831567],[38.019349,36.826145],[38.013963,36.825592],[38.00847,36.829067],[37.99545,36.831814],[37.991202,36.831041],[37.964249,36.820686],[37.941555,36.81855],[37.924802,36.810629],[37.904844,36.792182],[37.900779,36.790618],[37.879075,36.787804],[37.827069,36.768367],[37.801222,36.763573],[37.796636,36.761202],[37.78598,36.750545],[37.780268,36.7488],[37.727358,36.751541],[37.704995,36.75737],[37.698824,36.756547],[37.684551,36.744363],[37.675563,36.743414],[37.671797,36.744331],[37.663284,36.749522],[37.658727,36.749173],[37.648727,36.742812],[37.628662,36.72876],[37.622237,36.724931],[37.602173,36.716703],[37.579514,36.708443],[37.567072,36.703011],[37.562986,36.710535],[37.552516,36.724526],[37.539953,36.733378],[37.532053,36.736519],[37.521583,36.73709],[37.516063,36.740135],[37.510352,36.741087],[37.505118,36.744514],[37.502833,36.750605],[37.504261,36.763645],[37.501596,36.772401],[37.497027,36.780396],[37.491126,36.785536],[37.484369,36.788581],[37.466285,36.789628],[37.461526,36.792579],[37.451913,36.804095],[37.444774,36.814184],[37.43421,36.826272],[37.42926,36.829318],[37.422312,36.831221],[37.412794,36.830841],[37.407179,36.827414],[37.404514,36.821608],[37.401849,36.810187],[37.397661,36.804666],[37.388714,36.798289],[37.386145,36.792008],[37.385954,36.783251],[37.392712,36.77183],[37.397185,36.759837],[37.395567,36.752128],[37.390618,36.741278],[37.385669,36.734139],[37.380053,36.729666],[37.373676,36.727857],[37.36254,36.729095],[37.353498,36.737756],[37.345979,36.742515],[37.330846,36.747179],[37.322089,36.751367],[37.317806,36.755745],[37.313619,36.76907],[37.31162,36.772211],[37.301531,36.779825],[37.294488,36.791627],[37.295249,36.800288],[37.312096,36.826367],[37.312191,36.832459],[37.309145,36.841786],[37.303434,36.852351],[37.296582,36.859109],[37.287159,36.86244],[37.246898,36.871291],[37.232051,36.87586],[37.220915,36.881761],[37.207495,36.887186],[37.196549,36.887186],[37.187888,36.884807],[37.174848,36.88652],[37.160001,36.890517],[37.147247,36.896038],[37.136016,36.904128],[37.121644,36.910886],[37.099753,36.910219],[37.0929,36.911266],[37.085571,36.915169],[37.077957,36.928018],[37.072056,36.931159],[37.066059,36.937631],[37.063775,36.946006],[37.067202,36.961521],[37.066345,36.979033],[37.06349,36.989503],[37.055685,36.99312],[37.043217,36.99569],[37.022753,36.994547],[37.018085,36.995292],[37.017511,36.999738],[37.009766,37.004614],[37.005392,37.010064],[37.00532,37.015514],[37.001592,37.017737],[36.991122,37.018956],[36.989329,37.020749],[36.968263,37.019132],[36.960183,37.01516],[36.948603,37.012938],[36.940793,37.00129],[36.937494,36.988633],[36.930963,36.980284],[36.930087,36.974931],[36.92221,36.962105],[36.92019,36.954127],[36.911404,36.949633],[36.90287,36.939837],[36.901406,36.933625],[36.897265,36.928576],[36.888984,36.91272],[36.881763,36.906711],[36.884641,36.904136],[36.883429,36.901308],[36.873885,36.897925],[36.857626,36.895299],[36.845658,36.901207],[36.838992,36.906206],[36.828287,36.908125],[36.814754,36.920496],[36.798242,36.923324],[36.786325,36.921708],[36.7838,36.918527],[36.78077,36.907065],[36.774859,36.892698],[36.760089,36.880513],[36.748103,36.871907],[36.741229,36.870231],[36.730322,36.862022],[36.719301,36.857349],[36.713762,36.850277],[36.719769,36.837538],[36.719663,36.832872],[36.716753,36.827535],[36.711401,36.825902],[36.697665,36.827308],[36.685366,36.825569],[36.665018,36.830254],[36.664805,36.829024],[36.654145,36.835621],[36.640183,36.836684],[36.63808,36.838503],[36.630993,36.853528],[36.623811,36.863829],[36.616724,36.870066],[36.605667,36.877059],[36.60132,36.878476],[36.583271,36.878193],[36.573915,36.874885],[36.55322,36.871956],[36.531107,36.872901],[36.524303,36.877342],[36.507954,36.883579],[36.498505,36.881973],[36.481545,36.886409],[36.467831,36.896345],[36.462184,36.906659],[36.465135,36.913551],[36.47108,36.920915],[36.471523,36.926328],[36.46966,36.930409],[36.471878,36.943807],[36.471612,36.948509],[36.467619,36.955341],[36.467619,36.959068],[36.475693,36.968916],[36.488204,36.976547],[36.494148,36.981782],[36.495036,36.986307],[36.492906,36.995357],[36.498141,37.002189],[36.498407,37.008932],[36.506748,37.016119],[36.524759,37.020644],[36.534164,37.024991],[36.539221,37.030137],[36.542948,37.037235],[36.54836,37.041139],[36.550844,37.044955],[36.560959,37.050456],[36.567614,37.052762],[36.569477,37.055069],[36.578882,37.072637],[36.581987,37.081598],[36.593433,37.085857],[36.598402,37.091181],[36.605589,37.10236],[36.607186,37.108305],[36.614727,37.117799],[36.613663,37.125961],[36.615615,37.131906],[36.621382,37.137762],[36.62218,37.144771],[36.626494,37.154102],[36.635176,37.159446],[36.648216,37.162492],[36.660018,37.173152],[36.666585,37.17734],[36.679434,37.182955],[36.705417,37.207275],[36.707988,37.209795],[36.712461,37.218647],[36.716649,37.222835],[36.727975,37.227213],[36.747297,37.229212],[36.761383,37.226166],[36.765285,37.226547],[36.776231,37.234256],[36.791935,37.239586],[36.803357,37.24149],[36.830197,37.243203],[36.83962,37.246629],[36.862082,37.264999],[36.871409,37.275183],[36.876359,37.285938],[36.878167,37.29241],[36.877501,37.305164],[36.880832,37.310875],[36.896346,37.319822],[36.903484,37.319441],[36.919379,37.314206],[36.928421,37.310018],[36.937844,37.307068],[36.954405,37.307353],[36.971061,37.299168],[36.979532,37.291649],[36.98391,37.274326],[36.98391,37.25491],[36.994656,37.253023],[37.007437,37.25443],[37.027721,37.252071],[37.032106,37.247638],[37.033799,37.234773],[37.037532,37.223295],[37.043323,37.210528],[37.042893,37.19365],[37.049351,37.183967],[37.055042,37.180484],[37.059006,37.181432],[37.070618,37.179529],[37.074425,37.18029],[37.083562,37.188571],[37.09032,37.195995],[37.100599,37.199611],[37.108975,37.207321],[37.110688,37.213507],[37.110688,37.228736],[37.116684,37.239681],[37.12525,37.244536],[37.132103,37.252435],[37.136386,37.255671],[37.142668,37.257575],[37.147998,37.265094],[37.152376,37.26852],[37.163988,37.27366],[37.183404,37.278514],[37.191114,37.286129],[37.202916,37.30564],[37.204248,37.308781],[37.212814,37.319822],[37.220905,37.327531],[37.232326,37.333432],[37.247459,37.336478],[37.259166,37.335526],[37.278678,37.331148],[37.298285,37.321535],[37.313037,37.313064],[37.319224,37.311351],[37.33331,37.309638],[37.340925,37.311446],[37.347873,37.316681],[37.35168,37.322963],[37.357295,37.325342],[37.378425,37.3242],[37.386705,37.330958],[37.390893,37.340761],[37.394796,37.34276],[37.405456,37.344283],[37.419732,37.343236],[37.435532,37.341142],[37.444859,37.342379],[37.451141,37.347899],[37.454377,37.354467],[37.454948,37.363033],[37.454092,37.379499],[37.455615,37.384162],[37.472842,37.386542],[37.496922,37.395584],[37.513293,37.403198],[37.518813,37.407291],[37.532804,37.422329],[37.536707,37.427373],[37.544131,37.441174],[37.545902,37.446372],[37.547234,37.456937],[37.546853,37.462933],[37.548376,37.468072],[37.552183,37.472355],[37.576835,37.47226],[37.595008,37.471165],[37.611802,37.474487],[37.626365,37.481149],[37.633122,37.488288],[37.633408,37.499423],[37.635311,37.511035],[37.637976,37.51608],[37.64521,37.522837],[37.672431,37.536543],[37.680521,37.535496],[37.692799,37.531879],[37.710312,37.530832],[37.723447,37.531974],[37.739437,37.531784],[37.746099,37.525312],[37.751905,37.51627],[37.761994,37.507799],[37.772273,37.502374],[37.789786,37.495902],[37.812248,37.486479],[37.820909,37.482291],[37.837185,37.476105],[37.856411,37.472583],[37.881728,37.472012],[37.891627,37.47363],[37.914089,37.484766],[37.930269,37.491333],[37.941501,37.494474],[37.947211,37.49495],[37.959204,37.492571],[37.964534,37.490572],[37.977288,37.483243],[38.03449,37.471726],[38.051717,37.470965],[38.058284,37.469537],[38.067707,37.462589],[38.073894,37.454404],[38.079795,37.451358],[38.081224,37.447386]]]}},{"type":"Feature","properties":{"id":"TR-P-28","region_id":"TR-R-KAR"},"geometry":{"type":"Polygon","coordinates":[[[38.116324,40.958173],[38.124365,40.954823],[38.150714,40.952734],[38.154471,40.950422],[38.163963,40.9475],[38.177837,40.945257],[38.189953,40.938857],[38.193214,40.939524],[38.209858,40.937937],[38.223329,40.938926],[38.253812,40.944063],[38.269186,40.945449],[38.28509,40.944991],[38.28976,40.9437],[38.296806,40.938609],[38.305701,40.935769],[38.308546,40.929819],[38.325382,40.919079],[38.330404,40.918357],[38.357777,40.908884],[38.366387,40.909773],[38.377888,40.915162],[38.384987,40.920341],[38.384682,40.92295],[38.393041,40.923557],[38.395371,40.918933],[38.399935,40.916328],[38.407312,40.914617],[38.419921,40.916332],[38.424795,40.913398],[38.433604,40.912399],[38.435609,40.916601],[38.43928,40.914537],[38.453033,40.916301],[38.458989,40.91511],[38.470039,40.918649],[38.486356,40.914662],[38.505881,40.917779],[38.521035,40.917921],[38.536167,40.92068],[38.544628,40.92445],[38.554792,40.927681],[38.567184,40.935057],[38.579056,40.943015],[38.588455,40.945133],[38.593799,40.952715],[38.598103,40.953626],[38.610537,40.963421],[38.611968,40.966451],[38.619497,40.971468],[38.630071,40.973799],[38.649388,40.970073],[38.659532,40.96161],[38.661892,40.957919],[38.669522,40.953145],[38.683881,40.94903],[38.704394,40.951413],[38.718814,40.954813],[38.736764,40.962753],[38.753228,40.97241],[38.768378,40.9827],[38.774982,40.988227],[38.782767,40.992608],[38.791247,40.995596],[38.7942,41.000122],[38.805841,41.003568],[38.814689,41.010919],[38.822478,41.006825],[38.832021,41.007747],[38.845288,41.013889],[38.865187,41.013669],[38.879801,41.015776],[38.915626,41.038486],[38.928303,41.044745],[38.933159,41.045485],[38.940939,41.04092],[38.945671,41.040079],[38.965405,41.039018],[38.985722,41.04128],[38.998468,41.038229],[38.999727,41.039167],[39.009939,41.035762],[39.022488,41.035716],[39.030581,41.038687],[39.060001,41.041603],[39.076487,41.048124],[39.094911,41.04928],[39.125118,41.057465],[39.133926,41.06238],[39.14629,41.071126],[39.155846,41.076623],[39.165878,41.08122],[39.174915,41.080284],[39.175528,41.077487],[39.172788,41.070457],[39.165855,41.068056],[39.164237,41.062822],[39.16833,41.060918],[39.169852,41.057492],[39.159573,41.051305],[39.161953,41.044071],[39.155385,41.039408],[39.153958,41.034078],[39.153767,41.025512],[39.1551,41.020658],[39.153577,41.015232],[39.143488,41.006571],[39.146724,40.997815],[39.146343,40.995055],[39.141584,40.989153],[39.141013,40.978303],[39.145867,40.964122],[39.145867,40.961266],[39.140537,40.955175],[39.135207,40.944039],[39.133589,40.925384],[39.134827,40.899591],[39.138824,40.887788],[39.146439,40.88046],[39.146819,40.864279],[39.14463,40.85638],[39.141394,40.852668],[39.133304,40.848004],[39.12588,40.829254],[39.127022,40.824209],[39.131305,40.818403],[39.133399,40.812026],[39.135779,40.810028],[39.130779,40.806852],[39.109459,40.799523],[39.10194,40.798762],[39.076717,40.800189],[39.068151,40.802093],[39.061394,40.801998],[39.056064,40.800094],[39.047212,40.791242],[39.042643,40.783343],[39.035124,40.773634],[39.01942,40.769447],[39.013519,40.766972],[39.005619,40.760024],[38.99296,40.758406],[38.983062,40.760214],[38.97126,40.763641],[38.966215,40.764021],[38.935282,40.760881],[38.92091,40.759929],[38.915485,40.749745],[38.908347,40.745842],[38.903017,40.745747],[38.898734,40.743463],[38.895498,40.737467],[38.895117,40.726426],[38.89959,40.712435],[38.8994,40.697206],[38.894927,40.693114],[38.868467,40.685404],[38.860662,40.679693],[38.851716,40.669224],[38.846671,40.657326],[38.84096,40.650283],[38.833251,40.645619],[38.832204,40.642288],[38.842578,40.633056],[38.845434,40.628107],[38.846005,40.623157],[38.841246,40.618684],[38.822591,40.612117],[38.820116,40.609547],[38.807553,40.601171],[38.798035,40.593176],[38.799653,40.576805],[38.796322,40.567002],[38.789945,40.554058],[38.789945,40.54435],[38.793371,40.530644],[38.800319,40.519508],[38.803841,40.517129],[38.825827,40.506469],[38.833061,40.504375],[38.839913,40.505231],[38.850954,40.509038],[38.87037,40.506945],[38.877985,40.504375],[38.890929,40.501995],[38.896545,40.494476],[38.91282,40.482579],[38.917198,40.481627],[38.929191,40.483911],[38.935758,40.482579],[38.945181,40.47763],[38.973068,40.469444],[38.981158,40.46459],[38.987154,40.459165],[38.995625,40.448981],[39.007047,40.442414],[39.016755,40.43518],[39.026368,40.42452],[39.035981,40.411005],[39.042263,40.403866],[39.049306,40.394063],[39.054255,40.390732],[39.062916,40.388828],[39.07015,40.383974],[39.077479,40.371125],[39.080524,40.360179],[39.07824,40.354659],[39.073957,40.351137],[39.063488,40.347806],[39.052637,40.348092],[39.041216,40.345522],[39.02218,40.342857],[39.012472,40.33905],[39.008855,40.336004],[39.004572,40.327057],[38.999718,40.320395],[38.983918,40.304881],[38.969832,40.291841],[38.957839,40.285369],[38.950035,40.275471],[38.944895,40.271759],[38.93947,40.260908],[38.935473,40.255293],[38.928239,40.24825],[38.922623,40.244728],[38.913677,40.241397],[38.906633,40.237209],[38.89921,40.22969],[38.894641,40.21903],[38.888169,40.1979],[38.885789,40.19495],[38.872274,40.185622],[38.864755,40.177437],[38.863994,40.167157],[38.868467,40.160876],[38.880555,40.150501],[38.887407,40.146028],[38.915866,40.136986],[38.925764,40.131561],[38.932046,40.129372],[38.940327,40.12842],[38.95032,40.125374],[38.957078,40.121472],[38.964978,40.110336],[38.965073,40.105958],[38.961361,40.097201],[38.959172,40.079308],[38.962065,40.060508],[38.95379,40.058348],[38.944463,40.050638],[38.930471,40.04607],[38.920478,40.045213],[38.90839,40.048068],[38.900014,40.049115],[38.889925,40.052447],[38.87622,40.060727],[38.866321,40.061203],[38.84719,40.058443],[38.834627,40.059395],[38.813687,40.064915],[38.790559,40.076146],[38.76981,40.077574],[38.765986,40.082145],[38.753804,40.08462],[38.741335,40.082145],[38.721443,40.080717],[38.709926,40.082145],[38.699552,40.085381],[38.688797,40.091282],[38.679469,40.098706],[38.670713,40.103179],[38.656246,40.107843],[38.646537,40.107272],[38.634926,40.1087],[38.629405,40.110699],[38.62122,40.110984],[38.607705,40.108509],[38.594094,40.111841],[38.585909,40.110984],[38.574678,40.112317],[38.566112,40.112221],[38.556403,40.110128],[38.549265,40.110318],[38.543364,40.112126],[38.531181,40.117932],[38.527089,40.124119],[38.525946,40.129354],[38.527374,40.13297],[38.52785,40.152767],[38.503294,40.161143],[38.488732,40.170851],[38.477881,40.172755],[38.46646,40.168282],[38.460273,40.161905],[38.456371,40.154576],[38.447995,40.142679],[38.440571,40.133732],[38.43467,40.131067],[38.422583,40.131352],[38.415444,40.134017],[38.407017,40.139029],[38.403054,40.143415],[38.395116,40.145147],[38.386011,40.144018],[38.372517,40.148379],[38.361558,40.153741],[38.35046,40.162471],[38.338529,40.167408],[38.326917,40.166761],[38.321861,40.168265],[38.321687,40.173913],[38.318966,40.1809],[38.309606,40.182463],[38.301896,40.185509],[38.295043,40.191124],[38.281243,40.197501],[38.268489,40.197596],[38.259066,40.198643],[38.24774,40.203878],[38.240411,40.204069],[38.233463,40.202736],[38.224326,40.203878],[38.211382,40.208256],[38.199865,40.209018],[38.182352,40.213491],[38.174452,40.217774],[38.17074,40.223961],[38.171883,40.235668],[38.174928,40.246042],[38.18359,40.262794],[38.185112,40.277642],[38.184446,40.292585],[38.171692,40.301722],[38.173786,40.315713],[38.173405,40.320186],[38.159414,40.330085],[38.154655,40.340364],[38.156273,40.351214],[38.153513,40.371773],[38.152561,40.389],[38.150753,40.400802],[38.147612,40.408036],[38.142568,40.414318],[38.133716,40.430213],[38.131527,40.436685],[38.131051,40.448868],[38.129719,40.453246],[38.12515,40.458766],[38.123056,40.468474],[38.130004,40.48199],[38.13029,40.485321],[38.127244,40.489985],[38.106209,40.498265],[38.094788,40.498931],[38.07737,40.497028],[38.058906,40.498265],[38.046247,40.50607],[38.043109,40.506619],[38.040138,40.519922],[38.037378,40.524872],[38.036902,40.530297],[38.040994,40.54286],[38.048704,40.561801],[38.050022,40.579217],[38.046678,40.585188],[38.039562,40.589703],[38.034331,40.595991],[38.035218,40.601277],[38.030244,40.609402],[38.029586,40.615361],[38.010156,40.62519],[38.003399,40.629949],[37.997117,40.636897],[38.013171,40.637472],[38.034158,40.646467],[38.047714,40.654098],[38.0433,40.672072],[38.03977,40.689658],[38.035936,40.698419],[38.036763,40.715142],[38.029176,40.716942],[38.023775,40.720704],[38.022563,40.728653],[38.009174,40.732841],[37.995896,40.733269],[37.980335,40.735411],[37.975004,40.74067],[37.970206,40.75541],[37.972847,40.756917],[37.991692,40.757297],[38.011965,40.761009],[38.016343,40.766244],[38.018342,40.771955],[38.017009,40.781473],[38.016724,40.801175],[38.014725,40.808123],[38.011299,40.813643],[38.010918,40.820686],[38.014344,40.83087],[38.013393,40.841054],[38.015201,40.844576],[38.020341,40.846194],[38.021863,40.852761],[38.02151,40.886577],[38.027707,40.88809],[38.036358,40.896094],[38.047684,40.897903],[38.055489,40.894952],[38.063837,40.895592],[38.076686,40.90016],[38.081826,40.903777],[38.08411,40.910154],[38.090677,40.915579],[38.096864,40.916245],[38.1001,40.919577],[38.110094,40.91853],[38.116185,40.920433],[38.116756,40.928048],[38.112664,40.934139],[38.104859,40.934044],[38.101408,40.939011],[38.104872,40.941619],[38.106884,40.948659],[38.112472,40.951565],[38.116324,40.958173]]]}},{"type":"Feature","properties":{"id":"TR-P-29","region_id":"TR-R-KAR"},"geometry":{"type":"Polygon","coordinates":[[[40.128835,40.573844],[40.124658,40.565646],[40.121136,40.551084],[40.118852,40.546896],[40.106954,40.542708],[40.097436,40.53576],[40.09658,40.529002],[40.090298,40.520246],[40.078972,40.513298],[40.068122,40.508634],[40.053845,40.507207],[40.042804,40.504256],[40.037664,40.498165],[40.031097,40.495595],[40.018058,40.495595],[39.998736,40.492359],[39.985887,40.494072],[39.977131,40.493215],[39.963711,40.488742],[39.958381,40.486077],[39.940773,40.480747],[39.932587,40.4797],[39.925068,40.474656],[39.917549,40.464376],[39.903177,40.461616],[39.897371,40.458666],[39.887663,40.448672],[39.876432,40.443723],[39.871007,40.438773],[39.865296,40.420309],[39.865201,40.4106],[39.867295,40.402415],[39.872054,40.392326],[39.871673,40.383665],[39.868628,40.376527],[39.861489,40.369579],[39.857587,40.361488],[39.842168,40.346545],[39.826844,40.340359],[39.822085,40.332744],[39.818088,40.323893],[39.817897,40.315517],[39.823227,40.296672],[39.826463,40.292198],[39.826463,40.275637],[39.831984,40.269451],[39.83284,40.252985],[39.833221,40.22881],[39.831698,40.215961],[39.823894,40.194165],[39.809427,40.175319],[39.80619,40.167515],[39.802098,40.161899],[39.797434,40.159996],[39.764217,40.155332],[39.734331,40.154856],[39.717294,40.146766],[39.713296,40.1461],[39.695212,40.145909],[39.686266,40.144957],[39.68341,40.142959],[39.681412,40.135535],[39.678556,40.131537],[39.670561,40.12754],[39.662566,40.11726],[39.658283,40.105839],[39.657236,40.094418],[39.654095,40.08747],[39.651526,40.077666],[39.651906,40.072812],[39.662757,40.061486],[39.668753,40.045686],[39.670561,40.023224],[39.672179,40.019512],[39.682554,40.009518],[39.697592,40.002475],[39.706919,39.994766],[39.714534,39.990959],[39.723861,39.98896],[39.748417,39.982107],[39.753271,39.978205],[39.761361,39.969353],[39.770974,39.966593],[39.776114,39.960597],[39.784966,39.948128],[39.787631,39.943084],[39.788868,39.930996],[39.791653,39.922992],[39.778416,39.921481],[39.768518,39.915866],[39.753955,39.906443],[39.74339,39.904063],[39.719691,39.903968],[39.712838,39.902541],[39.701607,39.892832],[39.698561,39.891214],[39.681144,39.886741],[39.671816,39.885408],[39.662013,39.879031],[39.649164,39.874368],[39.636315,39.870656],[39.628034,39.865421],[39.616518,39.855237],[39.602907,39.848479],[39.590534,39.844387],[39.578732,39.845243],[39.57245,39.848479],[39.56455,39.854475],[39.551415,39.862185],[39.541993,39.868752],[39.522196,39.875224],[39.512012,39.877033],[39.504207,39.875891],[39.496688,39.871227],[39.488503,39.868086],[39.474321,39.864755],[39.464327,39.864755],[39.456142,39.866849],[39.447576,39.874653],[39.39894,39.886741],[39.372766,39.89959],[39.365056,39.902731],[39.334028,39.909203],[39.306902,39.913772],[39.277111,39.925288],[39.264072,39.929095],[39.2339,39.932046],[39.216578,39.936519],[39.205537,39.937281],[39.199255,39.939184],[39.192593,39.946323],[39.186311,39.958696],[39.184407,39.96612],[39.178697,39.973544],[39.17232,39.978207],[39.161565,39.991913],[39.15357,39.997909],[39.14034,40.002097],[39.126634,40.001621],[39.112072,40.002668],[39.091608,40.002478],[39.078474,40.005333],[39.069813,40.009807],[39.060866,40.017706],[39.050872,40.023322],[39.032312,40.032174],[39.024127,40.037408],[39.013848,40.04607],[39.00709,40.049877],[38.989387,40.058062],[38.976157,40.061013],[38.962065,40.060508],[38.959172,40.079308],[38.961361,40.097201],[38.965073,40.105958],[38.964978,40.110336],[38.957078,40.121472],[38.95032,40.125374],[38.940327,40.12842],[38.932046,40.129372],[38.925764,40.131561],[38.915866,40.136986],[38.887407,40.146028],[38.880555,40.150501],[38.868467,40.160876],[38.863994,40.167157],[38.864755,40.177437],[38.872274,40.185622],[38.885789,40.19495],[38.888169,40.1979],[38.894641,40.21903],[38.89921,40.22969],[38.906633,40.237209],[38.913677,40.241397],[38.922623,40.244728],[38.928239,40.24825],[38.935473,40.255293],[38.93947,40.260908],[38.944895,40.271759],[38.950035,40.275471],[38.957839,40.285369],[38.969832,40.291841],[38.983918,40.304881],[38.999718,40.320395],[39.004572,40.327057],[39.008855,40.336004],[39.012472,40.33905],[39.02218,40.342857],[39.041216,40.345522],[39.052637,40.348092],[39.063488,40.347806],[39.073957,40.351137],[39.07824,40.354659],[39.080524,40.360179],[39.077479,40.371125],[39.07015,40.383974],[39.062916,40.388828],[39.054255,40.390732],[39.049306,40.394063],[39.042263,40.403866],[39.035981,40.411005],[39.026368,40.42452],[39.016755,40.43518],[39.007047,40.442414],[38.995625,40.448981],[38.987154,40.459165],[38.981158,40.46459],[38.973068,40.469444],[38.945181,40.47763],[38.935758,40.482579],[38.929191,40.483911],[38.917198,40.481627],[38.91282,40.482579],[38.896545,40.494476],[38.890929,40.501995],[38.877985,40.504375],[38.87037,40.506945],[38.850954,40.509038],[38.839913,40.505231],[38.833061,40.504375],[38.825827,40.506469],[38.803841,40.517129],[38.800319,40.519508],[38.793371,40.530644],[38.789945,40.54435],[38.789945,40.554058],[38.796322,40.567002],[38.799653,40.576805],[38.798035,40.593176],[38.807553,40.601171],[38.820116,40.609547],[38.822591,40.612117],[38.841246,40.618684],[38.846005,40.623157],[38.845434,40.628107],[38.842578,40.633056],[38.832204,40.642288],[38.833251,40.645619],[38.84096,40.650283],[38.846671,40.657326],[38.851716,40.669224],[38.860662,40.679693],[38.868467,40.685404],[38.894927,40.693114],[38.8994,40.697206],[38.89959,40.712435],[38.895117,40.726426],[38.895498,40.737467],[38.898734,40.743463],[38.903017,40.745747],[38.908347,40.745842],[38.915485,40.749745],[38.92091,40.759929],[38.935282,40.760881],[38.966215,40.764021],[38.97126,40.763641],[38.983062,40.760214],[38.99296,40.758406],[39.005619,40.760024],[39.013519,40.766972],[39.01942,40.769447],[39.035124,40.773634],[39.042643,40.783343],[39.047212,40.791242],[39.056064,40.800094],[39.061394,40.801998],[39.068151,40.802093],[39.076717,40.800189],[39.10194,40.798762],[39.109459,40.799523],[39.130779,40.806852],[39.135779,40.810028],[39.150246,40.806411],[39.170614,40.798511],[39.183082,40.798987],[39.191172,40.796703],[39.199263,40.790897],[39.21649,40.785472],[39.222201,40.782616],[39.228102,40.775859],[39.231243,40.768339],[39.241427,40.761487],[39.247423,40.756061],[39.253134,40.748638],[39.264079,40.740928],[39.27274,40.725509],[39.276643,40.722273],[39.292728,40.716658],[39.299771,40.711708],[39.316998,40.694195],[39.322138,40.692292],[39.334606,40.689912],[39.356593,40.680585],[39.375247,40.677063],[39.396948,40.668497],[39.416745,40.661549],[39.427405,40.653078],[39.431688,40.644036],[39.435686,40.638421],[39.44311,40.632044],[39.452342,40.629855],[39.462145,40.62167],[39.47528,40.61948],[39.493078,40.613103],[39.514779,40.614246],[39.527628,40.616244],[39.543523,40.616054],[39.549234,40.618243],[39.556087,40.618433],[39.582165,40.613579],[39.591778,40.610819],[39.602058,40.606155],[39.617667,40.605013],[39.633276,40.60606],[39.654311,40.612405],[39.665351,40.612786],[39.684133,40.617609],[39.693143,40.62205],[39.705073,40.632583],[39.718651,40.640832],[39.731976,40.656314],[39.739971,40.664056],[39.749553,40.677508],[39.755358,40.689786],[39.762021,40.698256],[39.769635,40.705871],[39.780771,40.709963],[39.807421,40.717673],[39.821507,40.724145],[39.833119,40.724811],[39.839591,40.723669],[39.846539,40.720052],[39.851489,40.714151],[39.851869,40.708536],[39.850918,40.691784],[39.851108,40.678745],[39.849585,40.66837],[39.840924,40.651048],[39.840258,40.631917],[39.84159,40.624588],[39.845302,40.616784],[39.850822,40.610883],[39.857199,40.60698],[39.864243,40.606029],[39.875378,40.607551],[39.879281,40.60974],[39.894033,40.622209],[39.90003,40.621828],[39.909548,40.615832],[39.914402,40.605172],[39.917923,40.576809],[39.921826,40.567291],[39.924966,40.563864],[39.938577,40.553204],[39.947333,40.548255],[39.966274,40.539975],[39.970652,40.539023],[39.979408,40.539784],[40.006154,40.54835],[40.018812,40.554632],[40.035469,40.566339],[40.039276,40.570146],[40.040037,40.579283],[40.038609,40.583281],[40.033279,40.589753],[40.022429,40.596796],[40.008057,40.602602],[39.99892,40.609455],[39.985024,40.626397],[39.983216,40.631917],[39.983216,40.640864],[39.988926,40.646099],[39.995779,40.647812],[40.015576,40.649049],[40.023095,40.650858],[40.039181,40.651809],[40.045082,40.647146],[40.05498,40.622685],[40.054409,40.61469],[40.056217,40.609074],[40.064212,40.606124],[40.076871,40.604886],[40.096764,40.600603],[40.110564,40.593941],[40.116465,40.588421],[40.11913,40.581758],[40.123985,40.575952],[40.128835,40.573844]]]}},{"type":"Feature","properties":{"id":"TR-P-30","region_id":"TR-R-DOA"},"geometry":{"type":"Polygon","coordinates":[[[44.445932,37.77072],[44.453573,37.765782],[44.473505,37.763944],[44.48057,37.771028],[44.492352,37.769319],[44.497313,37.772757],[44.504986,37.774602],[44.516912,37.775294],[44.52067,37.780067],[44.530104,37.782247],[44.537581,37.780147],[44.548418,37.779475],[44.560543,37.779896],[44.565236,37.778436],[44.562195,37.769562],[44.567427,37.768839],[44.574833,37.765684],[44.584925,37.764666],[44.591783,37.760781],[44.589749,37.758877],[44.595746,37.746021],[44.601822,37.742683],[44.602109,37.739033],[44.611132,37.735095],[44.611419,37.731574],[44.616165,37.729958],[44.620735,37.726038],[44.62019,37.723319],[44.624768,37.707415],[44.629042,37.703508],[44.622387,37.694717],[44.615442,37.688398],[44.608162,37.686552],[44.604865,37.681148],[44.599081,37.677211],[44.59048,37.673704],[44.589772,37.67013],[44.574296,37.664667],[44.574498,37.659137],[44.568665,37.646493],[44.568058,37.63948],[44.573588,37.636209],[44.580399,37.636311],[44.583501,37.62987],[44.59309,37.619368],[44.594542,37.615469],[44.598348,37.615768],[44.607286,37.610038],[44.607671,37.606702],[44.614342,37.601827],[44.611657,37.593795],[44.611562,37.587201],[44.6072,37.584421],[44.599631,37.582796],[44.598601,37.580002],[44.602149,37.575496],[44.605628,37.575636],[44.612678,37.569917],[44.608219,37.569683],[44.614288,37.563776],[44.612047,37.560321],[44.603092,37.559151],[44.601793,37.552779],[44.605671,37.549391],[44.610795,37.54886],[44.613424,37.544493],[44.607222,37.53802],[44.605957,37.530202],[44.601547,37.522853],[44.601833,37.513198],[44.594382,37.509544],[44.587197,37.509462],[44.586482,37.507094],[44.58985,37.500031],[44.596239,37.498704],[44.601032,37.493698],[44.605023,37.483766],[44.602362,37.478025],[44.596643,37.473426],[44.587401,37.473963],[44.585814,37.467381],[44.588708,37.460193],[44.587051,37.45123],[44.580585,37.445955],[44.587657,37.438487],[44.600331,37.43746],[44.605512,37.435592],[44.617532,37.437016],[44.633637,37.42824],[44.636811,37.422592],[44.635154,37.417294],[44.642622,37.408845],[44.649718,37.405484],[44.65756,37.398878],[44.653802,37.392903],[44.656112,37.384734],[44.669089,37.38212],[44.673822,37.38344],[44.684067,37.381362],[44.687377,37.384092],[44.697671,37.382691],[44.701851,37.379767],[44.710744,37.379815],[44.721351,37.372759],[44.723982,37.364388],[44.725145,37.353259],[44.72773,37.348885],[44.73266,37.345744],[44.731814,37.34183],[44.738846,37.339075],[44.741769,37.334967],[44.750299,37.331053],[44.770124,37.332997],[44.772686,37.332044],[44.786668,37.321774],[44.796299,37.31603],[44.807546,37.305568],[44.815318,37.293671],[44.817931,37.281964],[44.805563,37.26682],[44.803911,37.2633],[44.797595,37.260354],[44.787026,37.257825],[44.777399,37.253408],[44.776622,37.248934],[44.767369,37.242106],[44.76638,37.237585],[44.759905,37.232805],[44.757998,37.227484],[44.762029,37.222037],[44.760446,37.206575],[44.766827,37.195956],[44.766898,37.181876],[44.772054,37.176578],[44.781496,37.171563],[44.785663,37.158825],[44.782791,37.155505],[44.785287,37.147288],[44.784745,37.144533],[44.777257,37.14837],[44.776598,37.150843],[44.770735,37.154751],[44.77203,37.156164],[44.76981,37.163898],[44.766404,37.166312],[44.75723,37.167709],[44.755634,37.16262],[44.752694,37.163805],[44.741219,37.164441],[44.733941,37.16685],[44.715787,37.174822],[44.709958,37.171983],[44.704546,37.173005],[44.699878,37.170697],[44.693759,37.176096],[44.684524,37.173484],[44.683086,37.170759],[44.677901,37.172563],[44.672463,37.170393],[44.672261,37.172576],[44.66671,37.174266],[44.661058,37.180473],[44.659204,37.179666],[44.64972,37.184893],[44.648992,37.188316],[44.643858,37.188671],[44.640612,37.186566],[44.636913,37.191838],[44.635654,37.188749],[44.627055,37.188962],[44.622083,37.186394],[44.622429,37.182258],[44.616459,37.177632],[44.614523,37.178284],[44.607146,37.173149],[44.60466,37.173353],[44.600218,37.169277],[44.600931,37.165854],[44.593452,37.163938],[44.58738,37.164509],[44.5818,37.161469],[44.576335,37.16241],[44.569284,37.157091],[44.569651,37.155196],[44.563966,37.15275],[44.559523,37.148084],[44.561398,37.145292],[44.558545,37.142826],[44.558667,37.138629],[44.550234,37.134352],[44.548924,37.1289],[44.552566,37.123763],[44.545774,37.119961],[44.538429,37.120319],[44.533604,37.124109],[44.531767,37.120871],[44.524943,37.120448],[44.524813,37.115379],[44.514869,37.112324],[44.517046,37.10641],[44.516936,37.101209],[44.511561,37.100196],[44.510097,37.097233],[44.503149,37.094159],[44.493373,37.087772],[44.484688,37.088006],[44.478457,37.082086],[44.478145,37.079321],[44.471329,37.07862],[44.465548,37.072756],[44.459469,37.07315],[44.451012,37.070358],[44.449028,37.07164],[44.441315,37.064982],[44.433262,37.066097],[44.419954,37.059733],[44.418421,37.055173],[44.414171,37.052146],[44.401049,37.051566],[44.398334,37.055194],[44.39707,37.05055],[44.39253,37.049991],[44.39197,37.053432],[44.384902,37.058656],[44.378144,37.057661],[44.373894,37.054903],[44.370391,37.055401],[44.364981,37.051276],[44.359177,37.051566],[44.355695,37.045472],[44.349269,37.043399],[44.348812,37.040103],[44.357454,37.030647],[44.361867,37.030792],[44.367626,37.02411],[44.361421,37.02351],[44.361007,37.021573],[44.351353,37.018766],[44.340815,37.007612],[44.33829,37.007559],[44.332043,36.999345],[44.329256,36.988434],[44.314927,36.984926],[44.31156,36.979358],[44.314766,36.964569],[44.30819,36.963837],[44.303112,36.96801],[44.287971,36.977088],[44.285915,36.982941],[44.28657,36.988656],[44.278377,36.994802],[44.270113,36.996031],[44.263391,36.995299],[44.249979,36.998198],[44.243992,37.006102],[44.242835,37.010911],[44.236249,37.010831],[44.232697,37.017757],[44.229284,37.019294],[44.230541,37.022567],[44.227708,37.027815],[44.222319,37.033004],[44.232138,37.036836],[44.233016,37.043821],[44.228366,37.05358],[44.224215,37.057113],[44.217228,37.059439],[44.217688,37.062297],[44.21375,37.067115],[44.199597,37.07561],[44.197059,37.07515],[44.192521,37.079508],[44.193021,37.092002],[44.184626,37.09582],[44.183307,37.104195],[44.185345,37.107513],[44.191262,37.110971],[44.201437,37.119367],[44.204555,37.13214],[44.213231,37.135239],[44.221967,37.154349],[44.224765,37.158906],[44.235279,37.159906],[44.246753,37.155828],[44.257488,37.157508],[44.266883,37.160446],[44.278616,37.167243],[44.280735,37.177377],[44.278377,37.179816],[44.281795,37.185313],[44.280835,37.189651],[44.276458,37.195627],[44.270561,37.193509],[44.264994,37.19678],[44.264671,37.204094],[44.268804,37.206461],[44.270833,37.212008],[44.268067,37.216526],[44.270464,37.221581],[44.268467,37.230371],[44.27028,37.237409],[44.267883,37.243447],[44.259877,37.248365],[44.251641,37.248887],[44.247986,37.252565],[44.243021,37.263147],[44.241807,37.269186],[44.238043,37.270907],[44.227485,37.28172],[44.211933,37.279493],[44.197855,37.288396],[44.19408,37.28834],[44.186274,37.294125],[44.172025,37.29647],[44.163784,37.302869],[44.153333,37.300518],[44.14581,37.309431],[44.14021,37.313171],[44.129331,37.317724],[44.124608,37.321977],[44.117213,37.320289],[44.110545,37.316784],[44.108065,37.317917],[44.100028,37.314189],[44.090883,37.314526],[44.087605,37.316058],[44.080808,37.313062],[44.074871,37.314461],[44.068444,37.312284],[44.061872,37.319859],[44.057874,37.318183],[44.048847,37.320802],[44.041778,37.321028],[44.041306,37.323775],[44.034336,37.322229],[44.033016,37.324878],[44.025288,37.316096],[44.021045,37.327093],[44.014518,37.323471],[44.014735,37.321423],[44.00491,37.315339],[43.997241,37.306685],[43.996946,37.303594],[43.99252,37.297387],[43.98607,37.294977],[43.972559,37.294547],[43.967728,37.291103],[43.954432,37.29194],[43.954528,37.281274],[43.957749,37.276984],[43.957403,37.270199],[43.943625,37.266737],[43.947415,37.25671],[43.944625,37.254769],[43.942944,37.248825],[43.930755,37.246073],[43.930149,37.244795],[43.938794,37.241381],[43.926264,37.236671],[43.919403,37.222964],[43.909358,37.22058],[43.900882,37.220766],[43.894685,37.217884],[43.888606,37.218421],[43.88438,37.222255],[43.874421,37.22173],[43.865157,37.223305],[43.862378,37.221684],[43.852776,37.222805],[43.850942,37.218978],[43.843528,37.21567],[43.840997,37.210687],[43.84295,37.208395],[43.840061,37.20146],[43.835377,37.195042],[43.830155,37.192372],[43.828441,37.199527],[43.82322,37.202955],[43.814312,37.211505],[43.811721,37.221729],[43.806997,37.225337],[43.797969,37.225715],[43.785832,37.228307],[43.776266,37.226892],[43.759684,37.230519],[43.749281,37.233748],[43.746092,37.23327],[43.745793,37.228925],[43.740731,37.22739],[43.737323,37.23034],[43.72106,37.233708],[43.711912,37.232014],[43.705993,37.232214],[43.705176,37.229045],[43.696088,37.23321],[43.688236,37.233928],[43.686382,37.229304],[43.680383,37.226295],[43.667449,37.223824],[43.660434,37.223904],[43.653777,37.222369],[43.651326,37.224402],[43.645167,37.221453],[43.644091,37.217327],[43.637913,37.21924],[43.620415,37.219878],[43.616608,37.231518],[43.608935,37.237756],[43.603714,37.2367],[43.594785,37.231658],[43.584123,37.237656],[43.577386,37.250711],[43.565169,37.256969],[43.557357,37.250751],[43.546715,37.249894],[43.53675,37.247423],[43.529774,37.248519],[43.527283,37.245869],[43.521344,37.244992],[43.51393,37.238276],[43.506419,37.242732],[43.495887,37.24253],[43.490532,37.247683],[43.474105,37.252138],[43.476265,37.26168],[43.468704,37.263638],[43.459253,37.270029],[43.449239,37.271019],[43.436952,37.274147],[43.421313,37.279165],[43.413414,37.282788],[43.407856,37.292015],[43.403491,37.290597],[43.394984,37.293545],[43.388076,37.298811],[43.388819,37.30473],[43.372369,37.306552],[43.369511,37.310108],[43.371402,37.316589],[43.363616,37.32109],[43.360173,37.327233],[43.356955,37.326356],[43.340207,37.325854],[43.345432,37.341113],[43.342466,37.376887],[43.33204,37.409605],[43.326736,37.417785],[43.311636,37.4452],[43.307771,37.456076],[43.311276,37.474412],[43.313703,37.493108],[43.313523,37.511354],[43.311816,37.526006],[43.310557,37.543892],[43.311906,37.550903],[43.316669,37.556476],[43.330512,37.562499],[43.372577,37.574543],[43.391633,37.579037],[43.401251,37.582992],[43.444058,37.611014],[43.462125,37.630698],[43.478641,37.647686],[43.484978,37.66063],[43.492865,37.670472],[43.492191,37.681191],[43.494146,37.706943],[43.494483,37.732897],[43.493921,37.738046],[43.528523,37.733589],[43.536465,37.733022],[43.552671,37.733508],[43.564178,37.735534],[43.574713,37.739829],[43.581844,37.745906],[43.594729,37.753929],[43.600806,37.756117],[43.614582,37.764463],[43.63087,37.773053],[43.642701,37.774269],[43.656558,37.769326],[43.677222,37.764139],[43.689134,37.764463],[43.703234,37.762924],[43.71727,37.760032],[43.729984,37.759136],[43.765192,37.762396],[43.826316,37.770464],[43.837726,37.77079],[43.861931,37.76753],[43.898116,37.768671],[43.928352,37.773887],[43.95158,37.781711],[43.974562,37.79255],[43.994529,37.795647],[44.020772,37.804612],[44.032263,37.806242],[44.040087,37.804938],[44.059077,37.79907],[44.066574,37.797929],[44.088608,37.796037],[44.088871,37.785536],[44.090838,37.779772],[44.090336,37.775365],[44.08435,37.765088],[44.083791,37.754239],[44.096927,37.760851],[44.110919,37.75929],[44.127273,37.754388],[44.131333,37.74746],[44.141689,37.738147],[44.151819,37.733598],[44.161278,37.732203],[44.178956,37.731531],[44.210267,37.732007],[44.244358,37.742299],[44.257131,37.752866],[44.265217,37.760861],[44.280195,37.767293],[44.291222,37.773725],[44.30813,37.779147],[44.338177,37.782363],[44.34801,37.783925],[44.353943,37.782781],[44.387227,37.770929],[44.402814,37.768899],[44.421323,37.769711],[44.434312,37.766951],[44.445932,37.77072]]]}},{"type":"Feature","properties":{"id":"TR-P-31","region_id":"TR-R-AKD"},"geometry":{"type":"Polygon","coordinates":[[[36.462184,36.906659],[36.467831,36.896345],[36.481545,36.886409],[36.498505,36.881973],[36.507954,36.883579],[36.524303,36.877342],[36.531107,36.872901],[36.55322,36.871956],[36.573915,36.874885],[36.583271,36.878193],[36.60132,36.878476],[36.605667,36.877059],[36.616724,36.870066],[36.623811,36.863829],[36.630993,36.853528],[36.63808,36.838503],[36.640183,36.836684],[36.654145,36.835621],[36.664805,36.829024],[36.663279,36.827759],[36.668829,36.824546],[36.671207,36.819441],[36.666245,36.816253],[36.671286,36.809975],[36.6694,36.802675],[36.664072,36.797847],[36.661926,36.793105],[36.656784,36.79205],[36.655578,36.789081],[36.646315,36.78655],[36.642472,36.780189],[36.64332,36.777778],[36.639239,36.773259],[36.6401,36.769548],[36.634706,36.771165],[36.635369,36.768886],[36.627683,36.766434],[36.629098,36.762657],[36.625592,36.762008],[36.620765,36.753536],[36.613243,36.744101],[36.617911,36.737333],[36.618926,36.728401],[36.625794,36.72047],[36.629848,36.720324],[36.631689,36.713265],[36.629147,36.705945],[36.625972,36.703694],[36.61937,36.693941],[36.614518,36.692691],[36.608891,36.677886],[36.602689,36.676561],[36.599638,36.67241],[36.58946,36.669034],[36.58796,36.662056],[36.573426,36.658177],[36.577863,36.624891],[36.578918,36.608225],[36.583211,36.601942],[36.590453,36.586762],[36.584146,36.569184],[36.582228,36.556018],[36.577288,36.541342],[36.574986,36.529016],[36.569734,36.525874],[36.56772,36.521462],[36.558079,36.513236],[36.552755,36.510119],[36.544002,36.501654],[36.545513,36.497337],[36.548367,36.497961],[36.549182,36.489783],[36.543019,36.486186],[36.545393,36.48103],[36.550396,36.480479],[36.555224,36.47402],[36.553071,36.467952],[36.561552,36.463842],[36.557708,36.458868],[36.559118,36.457419],[36.555281,36.452348],[36.557513,36.45086],[36.55483,36.443361],[36.559118,36.439484],[36.564855,36.440169],[36.56601,36.437428],[36.563641,36.426699],[36.565834,36.419415],[36.571434,36.419454],[36.574919,36.41642],[36.57954,36.407119],[36.580636,36.407315],[36.586155,36.391749],[36.598806,36.392448],[36.607492,36.394374],[36.604886,36.38837],[36.60602,36.378626],[36.602338,36.373207],[36.596634,36.372644],[36.599222,36.368694],[36.604776,36.366232],[36.618661,36.357265],[36.612328,36.352663],[36.60635,36.350342],[36.598955,36.349477],[36.603476,36.331369],[36.607146,36.325496],[36.605183,36.331669],[36.609659,36.332948],[36.609174,36.335947],[36.613341,36.338063],[36.616979,36.335021],[36.624122,36.338592],[36.627958,36.338659],[36.626746,36.344193],[36.631552,36.344744],[36.637174,36.342274],[36.642289,36.335837],[36.652078,36.338874],[36.657568,36.338879],[36.658075,36.333963],[36.66588,36.326444],[36.662265,36.323821],[36.661824,36.320007],[36.657524,36.316722],[36.658869,36.311342],[36.653754,36.311585],[36.655915,36.298202],[36.672627,36.298885],[36.68149,36.297695],[36.683342,36.294895],[36.695623,36.296218],[36.695931,36.288501],[36.692095,36.288016],[36.680123,36.275096],[36.680067,36.271269],[36.68819,36.264937],[36.697456,36.253324],[36.695448,36.243224],[36.690475,36.240475],[36.681086,36.238777],[36.681068,36.233116],[36.676663,36.233086],[36.673654,36.235729],[36.664243,36.235781],[36.666917,36.229097],[36.655855,36.229123],[36.648934,36.233553],[36.645002,36.234209],[36.630165,36.239582],[36.6239,36.236987],[36.626836,36.232688],[36.624346,36.227105],[36.627177,36.224588],[36.623376,36.215151],[36.61483,36.215938],[36.608487,36.219346],[36.601252,36.220001],[36.601671,36.22181],[36.590085,36.227184],[36.582063,36.226974],[36.57724,36.232951],[36.574068,36.232715],[36.56277,36.237119],[36.559624,36.234104],[36.560725,36.230565],[36.552809,36.223986],[36.543005,36.23379],[36.534485,36.244459],[36.526045,36.241942],[36.523685,36.242991],[36.511601,36.242466],[36.507302,36.240002],[36.50122,36.242335],[36.5024,36.238796],[36.500093,36.230172],[36.503317,36.225978],[36.499962,36.223566],[36.492858,36.226424],[36.491731,36.229779],[36.483605,36.232584],[36.486698,36.226948],[36.484758,36.223304],[36.488009,36.2189],[36.476918,36.214019],[36.472142,36.208131],[36.474036,36.201378],[36.47,36.201131],[36.469259,36.19792],[36.460078,36.199279],[36.456001,36.202572],[36.456619,36.207596],[36.446531,36.20599],[36.437377,36.205992],[36.426807,36.208294],[36.418832,36.213004],[36.396415,36.224522],[36.388137,36.218008],[36.381286,36.215626],[36.383588,36.213245],[36.387949,36.215921],[36.393837,36.209096],[36.397075,36.202246],[36.393087,36.204467],[36.390706,36.197348],[36.394158,36.19502],[36.393783,36.19882],[36.400126,36.193977],[36.395482,36.188123],[36.388772,36.187569],[36.388162,36.184103],[36.382949,36.185018],[36.386693,36.187291],[36.385722,36.189621],[36.381452,36.188401],[36.381702,36.184048],[36.378014,36.183964],[36.371858,36.17889],[36.367755,36.178225],[36.374382,36.171626],[36.369779,36.171044],[36.365667,36.166791],[36.368945,36.164714],[36.367452,36.159683],[36.380207,36.155367],[36.37602,36.152478],[36.378746,36.147351],[36.38329,36.149298],[36.389099,36.145922],[36.386016,36.143358],[36.387996,36.141314],[36.384166,36.139691],[36.382511,36.135472],[36.383582,36.130441],[36.380368,36.131007],[36.374832,36.127896],[36.377394,36.125003],[36.373288,36.124672],[36.372737,36.121448],[36.376583,36.122575],[36.379932,36.117536],[36.376154,36.118681],[36.370116,36.116334],[36.374637,36.113701],[36.374635,36.109725],[36.380312,36.110321],[36.380657,36.106519],[36.375843,36.10623],[36.375792,36.102715],[36.379201,36.102017],[36.381893,36.104992],[36.385748,36.102388],[36.386301,36.095332],[36.383553,36.095156],[36.381094,36.099238],[36.377352,36.099546],[36.378239,36.094496],[36.389739,36.082426],[36.386897,36.074925],[36.381395,36.07495],[36.378645,36.072023],[36.381118,36.065216],[36.379396,36.063695],[36.381011,36.057954],[36.378847,36.056453],[36.387188,36.052421],[36.386046,36.049728],[36.379188,36.04851],[36.380197,36.044163],[36.387674,36.043469],[36.388204,36.039438],[36.380652,36.037703],[36.380791,36.03424],[36.377662,36.031432],[36.37986,36.029002],[36.372545,36.025388],[36.37353,36.02265],[36.370369,36.019206],[36.375,36.019508],[36.37425,36.01444],[36.376393,36.011287],[36.372914,36.006663],[36.365361,36.000886],[36.351744,35.993888],[36.339277,35.988408],[36.332769,35.990043],[36.32614,35.996844],[36.312926,36.005175],[36.301248,36.010594],[36.291351,36.010594],[36.286784,36.009145],[36.285425,35.998995],[36.285609,35.982794],[36.289208,35.97548],[36.295272,35.969005],[36.298693,35.962867],[36.293339,35.955999],[36.283219,35.950831],[36.277734,35.94976],[36.268845,35.953038],[36.260694,35.961797],[36.250483,35.963155],[36.231714,35.959216],[36.221628,35.955652],[36.204789,35.951964],[36.189412,35.941164],[36.184514,35.935371],[36.180871,35.927786],[36.176929,35.922889],[36.174111,35.910068],[36.174475,35.893984],[36.169404,35.885262],[36.170776,35.878433],[36.175605,35.869361],[36.173643,35.857884],[36.171371,35.850449],[36.168039,35.829431],[36.161685,35.817741],[36.161197,35.8137],[36.15719,35.812729],[36.152969,35.808605],[36.149534,35.808887],[36.14455,35.813404],[36.140405,35.820633],[36.1394,35.831297],[36.134285,35.842698],[36.12495,35.852585],[36.116778,35.856372],[36.115057,35.860888],[36.108503,35.865927],[36.099051,35.868557],[36.086885,35.867442],[36.083608,35.871862],[36.074707,35.871436],[36.068703,35.869136],[36.062377,35.873749],[36.048064,35.880462],[36.038356,35.878162],[36.025648,35.883416],[36.0096,35.880634],[35.998805,35.882431],[36.006075,35.897874],[36.009986,35.904063],[36.012943,35.913833],[36.018054,35.920629],[36.00655,35.94046],[35.998,35.938568],[35.990759,35.94001],[35.977494,35.939111],[35.973518,35.934044],[35.97018,35.933655],[35.963369,35.928061],[35.948034,35.929258],[35.932038,35.919187],[35.923872,35.92136],[35.917686,35.928859],[35.919294,35.939932],[35.918171,35.943285],[35.923705,35.956831],[35.928079,35.956701],[35.928125,35.960674],[35.936928,35.968032],[35.952683,35.979927],[35.959761,35.987651],[35.959587,35.991887],[35.980415,36.007649],[35.978836,36.022702],[35.97279,36.034536],[35.968206,36.041356],[35.956689,36.063429],[35.952262,36.074675],[35.93606,36.091982],[35.922226,36.11581],[35.916684,36.131954],[35.913426,36.138179],[35.908151,36.144382],[35.904903,36.151785],[35.892223,36.169581],[35.880605,36.180976],[35.867375,36.196727],[35.860814,36.206334],[35.853335,36.220899],[35.841355,36.23318],[35.833599,36.243166],[35.82717,36.248596],[35.816983,36.261225],[35.80479,36.274109],[35.791811,36.284252],[35.788269,36.29137],[35.785226,36.294092],[35.782179,36.300692],[35.785107,36.311605],[35.782366,36.318005],[35.785307,36.325392],[35.793544,36.335194],[35.812017,36.345901],[35.819182,36.36011],[35.830178,36.367739],[35.839044,36.371806],[35.854886,36.373841],[35.859459,36.38071],[35.85932,36.391954],[35.861281,36.399302],[35.868689,36.403261],[35.873113,36.410447],[35.878651,36.416781],[35.882552,36.418718],[35.891293,36.418008],[35.898525,36.422191],[35.902067,36.440322],[35.910994,36.448266],[35.915279,36.448662],[35.926467,36.454153],[35.932148,36.460285],[35.936399,36.462426],[35.969154,36.473846],[35.978202,36.476076],[35.9863,36.479963],[35.989707,36.482958],[35.99407,36.490231],[35.999284,36.496327],[36.011546,36.502576],[36.021011,36.516253],[36.028701,36.520221],[36.033131,36.525912],[36.035535,36.533825],[36.052328,36.542708],[36.085327,36.555902],[36.096615,36.562818],[36.125353,36.578307],[36.137229,36.580964],[36.140868,36.58587],[36.148922,36.590633],[36.155422,36.591716],[36.162168,36.595764],[36.173881,36.591614],[36.189396,36.593168],[36.194017,36.601161],[36.197124,36.611791],[36.197991,36.631427],[36.208175,36.637325],[36.212707,36.643518],[36.211703,36.651164],[36.21499,36.658708],[36.214355,36.667173],[36.195119,36.701761],[36.195312,36.707593],[36.199456,36.713212],[36.203395,36.721314],[36.204009,36.731165],[36.194518,36.744139],[36.195142,36.755221],[36.197251,36.758427],[36.204327,36.76326],[36.205989,36.767011],[36.205649,36.778595],[36.203197,36.779269],[36.204566,36.783807],[36.200621,36.790144],[36.183348,36.809809],[36.175091,36.820933],[36.166423,36.829678],[36.169673,36.832397],[36.166001,36.837655],[36.157233,36.847092],[36.151759,36.854256],[36.145581,36.86028],[36.134489,36.874157],[36.124533,36.880555],[36.1054,36.8917],[36.092227,36.898132],[36.072449,36.909211],[36.068443,36.910674],[36.058095,36.919063],[36.039439,36.927084],[36.025842,36.931122],[36.011457,36.933851],[36.006047,36.9329],[35.999402,36.92749],[35.990736,36.924348],[35.98285,36.915158],[35.970511,36.909137],[35.963991,36.901427],[35.956638,36.90819],[35.956638,36.912326],[35.961621,36.920036],[35.962937,36.924736],[35.962561,36.93489],[35.965382,36.938933],[35.982116,36.947394],[35.992411,36.960391],[36.000096,36.964622],[36.006936,36.966103],[36.014622,36.969981],[36.029217,36.981827],[36.034153,36.986692],[36.048678,36.996211],[36.056324,36.999576],[36.065672,37.00305],[36.075261,37.004672],[36.084991,37.003403],[36.097542,37.000159],[36.11383,36.998256],[36.126875,36.998467],[36.142458,36.997339],[36.150214,36.997692],[36.164528,37.002204],[36.184059,37.004954],[36.195835,37.005377],[36.200347,37.006576],[36.214732,37.006153],[36.224602,37.000443],[36.228951,36.996374],[36.232669,36.990342],[36.236317,36.988167],[36.247962,36.987886],[36.253573,36.981573],[36.261711,36.98031],[36.268094,36.981503],[36.2756,36.976663],[36.277564,36.972103],[36.273636,36.957933],[36.278687,36.953303],[36.292295,36.951058],[36.302607,36.946429],[36.316146,36.943553],[36.321758,36.938712],[36.33684,36.934293],[36.344556,36.930154],[36.357533,36.926927],[36.371072,36.927769],[36.3985,36.926436],[36.407058,36.929242],[36.414143,36.926506],[36.420878,36.927909],[36.435819,36.927489],[36.439888,36.926436],[36.451462,36.913319],[36.462184,36.906659]]]}},{"type":"Feature","properties":{"id":"TR-P-32","region_id":"TR-R-AKD"},"geometry":{"type":"Polygon","coordinates":[[[31.241413,38.427936],[31.239729,38.423094],[31.239389,38.411279],[31.246869,38.39598],[31.257068,38.3851],[31.273642,38.373456],[31.278402,38.368611],[31.281037,38.361726],[31.285542,38.340902],[31.294551,38.325603],[31.297441,38.317613],[31.304921,38.302654],[31.312401,38.29203],[31.321495,38.28472],[31.333905,38.278515],[31.349799,38.268316],[31.360338,38.258456],[31.367988,38.254461],[31.378443,38.253102],[31.388557,38.250127],[31.399352,38.245197],[31.410911,38.238312],[31.42332,38.228963],[31.43794,38.226583],[31.451114,38.218763],[31.461484,38.210263],[31.468708,38.202699],[31.476273,38.196579],[31.499222,38.186635],[31.509421,38.18026],[31.524381,38.175415],[31.5356,38.170485],[31.5424,38.164961],[31.548095,38.156716],[31.563649,38.137082],[31.571554,38.120338],[31.573254,38.106143],[31.571469,38.100959],[31.564159,38.092544],[31.555149,38.085829],[31.54665,38.074015],[31.54121,38.061435],[31.534325,38.054296],[31.529651,38.044691],[31.520981,38.041376],[31.514351,38.034662],[31.509931,38.023782],[31.504322,38.013328],[31.503812,38.009588],[31.506532,37.995818],[31.504662,37.975844],[31.499647,37.966325],[31.488512,37.95298],[31.475692,37.944339],[31.462546,37.937653],[31.45348,37.931193],[31.436821,37.915441],[31.434254,37.90815],[31.43506,37.883705],[31.441776,37.870004],[31.461923,37.852006],[31.468101,37.834814],[31.46837,37.811712],[31.462729,37.795325],[31.449835,37.780551],[31.438821,37.769],[31.431299,37.75805],[31.429578,37.753014],[31.429578,37.746193],[31.432256,37.73695],[31.432829,37.729555],[31.432001,37.706734],[31.431045,37.699148],[31.426008,37.695897],[31.415458,37.696364],[31.406704,37.699339],[31.38639,37.700274],[31.372535,37.696789],[31.362506,37.691434],[31.354176,37.682255],[31.343807,37.67554],[31.339557,37.671035],[31.335987,37.663216],[31.334627,37.655566],[31.334117,37.640352],[31.334797,37.631682],[31.344657,37.608138],[31.352572,37.597832],[31.358054,37.585848],[31.361242,37.575648],[31.368827,37.557481],[31.370166,37.550978],[31.37023,37.533002],[31.371569,37.518212],[31.373927,37.508969],[31.374055,37.493797],[31.374947,37.487168],[31.373736,37.481622],[31.372612,37.463501],[31.36721,37.446146],[31.365871,37.436393],[31.361254,37.424705],[31.353393,37.42052],[31.346341,37.421126],[31.335504,37.425715],[31.326579,37.431134],[31.314212,37.435915],[31.301654,37.437572],[31.288713,37.43158],[31.278004,37.428967],[31.266274,37.425078],[31.257414,37.425078],[31.244728,37.418321],[31.222926,37.414305],[31.192264,37.405316],[31.176965,37.403468],[31.168869,37.401364],[31.16192,37.401237],[31.146876,37.395818],[31.134382,37.389252],[31.123609,37.388168],[31.109584,37.390718],[31.106779,37.389762],[31.096644,37.378096],[31.09046,37.372487],[31.08332,37.367833],[31.072483,37.366303],[31.059352,37.366558],[31.052212,37.363243],[31.042204,37.355211],[31.035,37.344693],[31.022003,37.341659],[31.013337,37.337123],[31.00378,37.33445],[30.991064,37.335908],[30.973893,37.347976],[30.944897,37.360526],[30.940347,37.370059],[30.937205,37.374176],[30.925884,37.38138],[30.911801,37.383438],[30.905464,37.387446],[30.894509,37.391544],[30.888837,37.392367],[30.883744,37.396652],[30.878279,37.398018],[30.866852,37.396279],[30.851233,37.400432],[30.846396,37.40534],[30.846434,37.42283],[30.847546,37.429519],[30.846699,37.437759],[30.841714,37.455618],[30.839907,37.459434],[30.832324,37.466907],[30.829538,37.473802],[30.82508,37.479913],[30.807523,37.491021],[30.798369,37.506323],[30.793313,37.51161],[30.78344,37.518283],[30.782716,37.533832],[30.759136,37.557232],[30.754305,37.571949],[30.752712,37.586438],[30.750119,37.591192],[30.741652,37.59836],[30.743901,37.611406],[30.743346,37.614696],[30.73686,37.626649],[30.736159,37.630683],[30.727807,37.640683],[30.723964,37.647088],[30.727197,37.656848],[30.725184,37.661179],[30.718108,37.660081],[30.702248,37.651541],[30.695111,37.653005],[30.687426,37.657519],[30.684254,37.657092],[30.676385,37.660325],[30.665466,37.659959],[30.650651,37.661896],[30.640449,37.661118],[30.631985,37.662536],[30.611169,37.661941],[30.602431,37.666516],[30.597307,37.67251],[30.592915,37.683215],[30.586739,37.686417],[30.573837,37.689025],[30.564093,37.686738],[30.549705,37.68904],[30.537932,37.695628],[30.523475,37.699959],[30.515606,37.700691],[30.505236,37.704534],[30.487546,37.705632],[30.47925,37.712098],[30.474248,37.71344],[30.465343,37.719235],[30.445823,37.727165],[30.437405,37.739365],[30.435148,37.745343],[30.433745,37.754676],[30.430329,37.768156],[30.430756,37.779685],[30.429719,37.788286],[30.425266,37.796399],[30.415445,37.806098],[30.406905,37.816041],[30.391472,37.826045],[30.385617,37.831596],[30.377819,37.832097],[30.356889,37.821253],[30.335851,37.812469],[30.316657,37.802926],[30.299414,37.79501],[30.27675,37.787852],[30.250723,37.783732],[30.241289,37.781671],[30.228384,37.775924],[30.217648,37.774839],[30.203008,37.77549],[30.185766,37.779177],[30.17239,37.784403],[30.163362,37.78977],[30.156652,37.789709],[30.145368,37.787635],[30.139207,37.790258],[30.123957,37.800323],[30.119382,37.805813],[30.112794,37.810144],[30.110768,37.813279],[30.116841,37.818699],[30.1191,37.825073],[30.138422,37.851622],[30.144745,37.86171],[30.149664,37.867582],[30.15122,37.872701],[30.149664,37.887858],[30.152173,37.898046],[30.152926,37.90994],[30.149915,37.920229],[30.155837,37.929363],[30.167656,37.937911],[30.17147,37.942662],[30.173678,37.952968],[30.185389,37.966685],[30.190675,37.979199],[30.215828,37.991629],[30.22973,37.997601],[30.236555,38.005832],[30.237609,38.014916],[30.242578,38.023849],[30.256831,38.033987],[30.261749,38.035191],[30.274948,38.041415],[30.280921,38.04292],[30.300644,38.044526],[30.308674,38.046433],[30.32082,38.051101],[30.329251,38.051603],[30.338335,38.055116],[30.346014,38.069419],[30.348674,38.072029],[30.351535,38.08292],[30.3556,38.086734],[30.363479,38.091351],[30.37161,38.098428],[30.38777,38.107562],[30.400417,38.118352],[30.408447,38.132957],[30.442374,38.165579],[30.451307,38.171802],[30.468163,38.187611],[30.472212,38.187279],[30.480281,38.183539],[30.494779,38.179115],[30.51343,38.176194],[30.526173,38.167301],[30.538386,38.164115],[30.55166,38.165442],[30.557435,38.170553],[30.562347,38.18396],[30.584581,38.199956],[30.595201,38.210708],[30.597922,38.212169],[30.614668,38.225302],[30.63394,38.232378],[30.644529,38.241111],[30.65813,38.249291],[30.669021,38.252152],[30.685583,38.258676],[30.692458,38.262892],[30.704052,38.265652],[30.721868,38.268563],[30.729045,38.27293],[30.735519,38.278751],[30.744252,38.289291],[30.750375,38.292252],[30.758053,38.292202],[30.766836,38.293808],[30.780287,38.300533],[30.787714,38.306605],[30.794339,38.31042],[30.814866,38.32402],[30.823096,38.327132],[30.829621,38.333104],[30.832281,38.340683],[30.838203,38.347458],[30.843071,38.357245],[30.852807,38.367985],[30.859332,38.377771],[30.859633,38.382639],[30.863949,38.388762],[30.873635,38.390268],[30.87755,38.39629],[30.889846,38.400657],[30.89898,38.402714],[30.911677,38.407532],[30.926332,38.408938],[30.959456,38.417771],[30.966833,38.432877],[30.966984,38.441259],[30.969995,38.447231],[30.975165,38.451948],[30.97928,38.459426],[30.985202,38.46319],[30.990622,38.464746],[31.002968,38.473529],[31.018878,38.48974],[31.030321,38.497719],[31.036694,38.500931],[31.043319,38.506452],[31.049292,38.506051],[31.061939,38.509564],[31.067309,38.509915],[31.081211,38.507857],[31.093005,38.505047],[31.111624,38.504294],[31.114435,38.502788],[31.120106,38.491446],[31.12919,38.484922],[31.148613,38.476641],[31.16131,38.466051],[31.17466,38.457068],[31.180231,38.449238],[31.216215,38.438799],[31.226102,38.436842],[31.241413,38.427936]]]}},{"type":"Feature","properties":{"id":"TR-P-33","region_id":"TR-R-AKD"},"geometry":{"type":"MultiPolygon","coordinates":[[[[34.775257,37.421315],[34.778449,37.402803],[34.777792,37.394532],[34.769259,37.380879],[34.751274,37.361188],[34.748648,37.356199],[34.756656,37.33572],[34.776086,37.316947],[34.787769,37.303425],[34.798534,37.296599],[34.806673,37.294892],[34.814025,37.292004],[34.822689,37.292923],[34.836605,37.292923],[34.855377,37.29673],[34.88032,37.294892],[34.895811,37.29568],[34.91038,37.294431],[34.92099,37.289322],[34.938774,37.283657],[34.947591,37.284257],[34.962106,37.27822],[34.967358,37.273756],[34.964469,37.268243],[34.962632,37.255115],[34.965651,37.248945],[34.966307,37.241199],[34.965388,37.235161],[34.969327,37.229253],[34.969458,37.223608],[34.967358,37.217176],[34.953967,37.210218],[34.943334,37.20838],[34.936376,37.20838],[34.928499,37.204704],[34.922592,37.197615],[34.919835,37.18685],[34.921542,37.183175],[34.927843,37.177004],[34.930862,37.168471],[34.940314,37.159676],[34.946616,37.148517],[34.953967,37.141822],[34.956987,37.13749],[34.971821,37.133026],[34.976547,37.130532],[35.001359,37.128432],[35.006478,37.128694],[35.01278,37.126725],[35.01383,37.122918],[35.01173,37.113991],[35.015143,37.100076],[35.00976,37.091543],[35.00976,37.075527],[35.012386,37.065418],[35.039823,37.073032],[35.053476,37.073426],[35.062534,37.071457],[35.073693,37.066731],[35.096119,37.054435],[35.102946,37.051809],[35.115374,37.049359],[35.12325,37.043407],[35.12395,37.03168],[35.121675,37.021353],[35.111698,37.000698],[35.107672,36.991071],[35.097345,36.981094],[35.09717,36.971642],[35.099445,36.961315],[35.096995,36.944336],[35.118874,36.922281],[35.139004,36.908628],[35.140054,36.89095],[35.141979,36.880097],[35.14618,36.831087],[35.151431,36.813933],[35.15101,36.796361],[35.146066,36.792479],[35.135665,36.787512],[35.130979,36.787902],[35.125303,36.791947],[35.116789,36.790683],[35.100635,36.784048],[35.095447,36.783206],[35.089779,36.786446],[35.081049,36.796517],[35.078281,36.797807],[35.072832,36.795786],[35.06875,36.787196],[35.065036,36.784641],[35.052311,36.779205],[35.048533,36.774883],[35.046505,36.767353],[35.042992,36.764506],[35.038909,36.765129],[35.036892,36.773444],[35.033552,36.777631],[35.028049,36.77774],[35.025431,36.775643],[35.024878,36.769531],[35.03036,36.762115],[35.02544,36.756449],[35.020236,36.757767],[35.006967,36.767234],[35.003389,36.76433],[35.009686,36.755914],[35.006593,36.750825],[35.002868,36.752146],[34.999201,36.757186],[34.993231,36.759972],[34.98175,36.760104],[34.971353,36.758912],[34.968271,36.756689],[34.959375,36.742225],[34.955046,36.739688],[34.949005,36.739329],[34.931296,36.741307],[34.925315,36.738508],[34.909494,36.726119],[34.904904,36.721786],[34.901858,36.726299],[34.898995,36.73772],[34.885315,36.755384],[34.875687,36.764082],[34.865583,36.771238],[34.853904,36.778266],[34.829824,36.790461],[34.814836,36.796729],[34.788501,36.804632],[34.764061,36.809311],[34.747845,36.811435],[34.740595,36.810667],[34.721491,36.811246],[34.714797,36.808342],[34.692214,36.807573],[34.674898,36.808264],[34.672217,36.80616],[34.660253,36.805769],[34.652416,36.807481],[34.649435,36.806055],[34.649387,36.80171],[34.643853,36.803932],[34.637749,36.795492],[34.635474,36.798571],[34.62458,36.789608],[34.630416,36.787333],[34.62398,36.787376],[34.617221,36.783756],[34.607077,36.780111],[34.589233,36.778149],[34.575669,36.774499],[34.558423,36.765793],[34.550666,36.759343],[34.547055,36.754467],[34.548463,36.750843],[34.541172,36.738913],[34.527823,36.735881],[34.511845,36.729723],[34.506948,36.726874],[34.503664,36.722571],[34.48893,36.717336],[34.475332,36.710339],[34.445385,36.686472],[34.43228,36.669634],[34.429642,36.664493],[34.410019,36.658252],[34.388079,36.649266],[34.377853,36.643259],[34.360874,36.63666],[34.348975,36.629717],[34.334532,36.619884],[34.328101,36.614669],[34.326398,36.610938],[34.319123,36.603774],[34.303812,36.599229],[34.28429,36.588695],[34.276454,36.583822],[34.262175,36.573087],[34.25446,36.565425],[34.24165,36.551086],[34.236644,36.544002],[34.236206,36.539655],[34.233175,36.534821],[34.228166,36.533184],[34.226729,36.527886],[34.215058,36.519193],[34.212621,36.520707],[34.205703,36.516904],[34.202643,36.509984],[34.198583,36.507964],[34.192943,36.501119],[34.188622,36.499547],[34.18254,36.494776],[34.178056,36.480587],[34.174015,36.480227],[34.170416,36.475827],[34.168369,36.468012],[34.162297,36.465773],[34.157179,36.465873],[34.154722,36.463398],[34.1486,36.463304],[34.143609,36.457874],[34.137993,36.45738],[34.131995,36.459322],[34.133053,36.453563],[34.129603,36.455304],[34.125956,36.446809],[34.12196,36.450113],[34.120217,36.445751],[34.114265,36.444042],[34.119619,36.442593],[34.117264,36.43871],[34.110974,36.437975],[34.111016,36.433715],[34.11498,36.432572],[34.107693,36.427148],[34.103857,36.422611],[34.100215,36.426361],[34.098131,36.421495],[34.090327,36.420002],[34.092326,36.41768],[34.088997,36.415307],[34.086676,36.417672],[34.083985,36.415111],[34.075813,36.360463],[34.077065,36.350411],[34.076904,36.341963],[34.079427,36.330882],[34.077565,36.320493],[34.067928,36.3155],[34.060852,36.315634],[34.055186,36.313825],[34.049143,36.309652],[34.038622,36.31136],[34.033232,36.304183],[34.025591,36.30466],[34.016671,36.301715],[34.01229,36.305608],[34.00649,36.308131],[33.99261,36.298345],[33.987936,36.294017],[33.984249,36.286376],[33.979717,36.281594],[33.99373,36.28864],[34.003642,36.294783],[34.010157,36.297178],[34.005476,36.290554],[33.97999,36.271544],[33.971353,36.26106],[33.959739,36.23745],[33.95196,36.233697],[33.949133,36.235987],[33.948719,36.255509],[33.944344,36.273102],[33.937841,36.285106],[33.921432,36.300661],[33.913365,36.306612],[33.89893,36.314057],[33.887181,36.317388],[33.868788,36.315873],[33.855276,36.305235],[33.85156,36.298625],[33.842878,36.291586],[33.838224,36.289943],[33.833277,36.284859],[33.833154,36.274405],[33.825231,36.275556],[33.817452,36.274077],[33.814909,36.271909],[33.819727,36.264144],[33.816906,36.25798],[33.809838,36.255359],[33.80603,36.247254],[33.804766,36.241317],[33.80039,36.23607],[33.794599,36.231963],[33.784711,36.22683],[33.777644,36.225467],[33.764226,36.219192],[33.753774,36.215312],[33.746013,36.208807],[33.739689,36.206697],[33.734865,36.201044],[33.727805,36.198531],[33.72287,36.193851],[33.716301,36.190489],[33.703688,36.182217],[33.706016,36.181044],[33.69878,36.174982],[33.690137,36.164305],[33.693714,36.160395],[33.693723,36.1572],[33.697692,36.152064],[33.698565,36.142813],[33.69392,36.137676],[33.68658,36.136645],[33.676265,36.138928],[33.672004,36.146915],[33.673539,36.152853],[33.681146,36.159365],[33.67422,36.160962],[33.662642,36.159471],[33.660234,36.161638],[33.658345,36.177393],[33.659019,36.186987],[33.654906,36.191664],[33.647832,36.194172],[33.637144,36.189297],[33.627563,36.186931],[33.612399,36.185008],[33.604628,36.184887],[33.590544,36.173912],[33.586328,36.168767],[33.582128,36.160084],[33.572824,36.155962],[33.574328,36.147791],[33.569564,36.138729],[33.564167,36.137458],[33.564588,36.134488],[33.561085,36.128663],[33.538499,36.127828],[33.537609,36.136617],[33.545092,36.13663],[33.547311,36.138925],[33.543556,36.141115],[33.546414,36.144157],[33.54337,36.145902],[33.537162,36.14264],[33.530587,36.145202],[33.518924,36.14549],[33.513228,36.149209],[33.505619,36.151063],[33.498134,36.150934],[33.491198,36.153773],[33.487527,36.153538],[33.477894,36.15854],[33.473591,36.159218],[33.46792,36.157566],[33.463261,36.16142],[33.459754,36.160471],[33.456799,36.156041],[33.449603,36.153642],[33.442311,36.155024],[33.438541,36.149772],[33.435158,36.148737],[33.42879,36.151913],[33.425685,36.150312],[33.421909,36.144595],[33.408536,36.138049],[33.404867,36.137586],[33.402366,36.131524],[33.393099,36.127181],[33.392608,36.133895],[33.389905,36.139567],[33.37835,36.139497],[33.37512,36.141122],[33.367388,36.139877],[33.359458,36.140576],[33.356538,36.142576],[33.356264,36.149551],[33.350668,36.153291],[33.335713,36.151185],[33.325863,36.146473],[33.318481,36.139174],[33.299618,36.132429],[33.296464,36.135386],[33.290585,36.134107],[33.28887,36.130704],[33.277271,36.130881],[33.27179,36.129921],[33.253873,36.133961],[33.24324,36.131086],[33.236037,36.131283],[33.229141,36.128855],[33.222063,36.130769],[33.198939,36.127352],[33.180583,36.13225],[33.170051,36.13601],[33.162266,36.137455],[33.147596,36.137565],[33.133408,36.13471],[33.119874,36.127081],[33.118166,36.122806],[33.111372,36.116646],[33.109067,36.107612],[33.103326,36.103358],[33.097185,36.096817],[33.093509,36.097367],[33.093434,36.091315],[33.088121,36.08672],[33.088752,36.08056],[33.087271,36.074042],[33.080397,36.070463],[33.077,36.071475],[33.080539,36.083255],[33.072764,36.084464],[33.069464,36.089358],[33.06209,36.09251],[33.058584,36.091687],[33.048223,36.09574],[33.040751,36.095013],[33.029869,36.096315],[33.028891,36.093312],[33.023115,36.09072],[33.016987,36.095508],[33.01288,36.093949],[33.007653,36.094696],[33.00315,36.100033],[32.991305,36.099159],[32.979213,36.10034],[32.970685,36.10017],[32.95624,36.104205],[32.947807,36.104096],[32.938786,36.100183],[32.932546,36.091577],[32.928462,36.088973],[32.918649,36.086356],[32.903834,36.085493],[32.89829,36.082249],[32.889326,36.081485],[32.883181,36.079009],[32.870641,36.078722],[32.873751,36.073259],[32.863904,36.067284],[32.840508,36.045208],[32.824885,36.039854],[32.814696,36.034988],[32.811201,36.029682],[32.80134,36.020165],[32.797727,36.021034],[32.789905,36.0276],[32.773886,36.027808],[32.759305,36.03157],[32.754715,36.031132],[32.74447,36.033237],[32.736457,36.033022],[32.722609,36.037473],[32.706735,36.038537],[32.702548,36.037793],[32.68951,36.041655],[32.680077,36.040989],[32.674906,36.044416],[32.667412,36.046523],[32.656389,36.055321],[32.646317,36.059554],[32.640586,36.063962],[32.627347,36.070919],[32.616281,36.072968],[32.602826,36.077545],[32.593842,36.082808],[32.585305,36.089641],[32.59011,36.095514],[32.592401,36.101777],[32.588773,36.106283],[32.578596,36.111913],[32.574786,36.117599],[32.573564,36.131397],[32.571018,36.133943],[32.562974,36.137609],[32.560428,36.141683],[32.563992,36.156194],[32.563949,36.165206],[32.559265,36.17634],[32.5575,36.189238],[32.563067,36.206821],[32.561234,36.226441],[32.562252,36.232891],[32.569109,36.237439],[32.578138,36.239136],[32.591037,36.248912],[32.594567,36.249998],[32.610114,36.259639],[32.618464,36.26731],[32.622379,36.279836],[32.631438,36.291004],[32.640262,36.306622],[32.643933,36.3149],[32.652445,36.341451],[32.656896,36.369017],[32.660332,36.381903],[32.660254,36.38776],[32.655881,36.399864],[32.652601,36.41845],[32.652288,36.426493],[32.649711,36.434224],[32.643542,36.443049],[32.636149,36.447474],[32.612097,36.454893],[32.608114,36.458407],[32.601633,36.467309],[32.588045,36.471058],[32.57227,36.477461],[32.568597,36.480086],[32.581793,36.483832],[32.590946,36.492037],[32.604122,36.500401],[32.609487,36.506713],[32.614616,36.509632],[32.620297,36.510106],[32.637418,36.509395],[32.662588,36.505924],[32.674028,36.502768],[32.694621,36.495035],[32.707433,36.487106],[32.719623,36.48539],[32.741932,36.485804],[32.757377,36.487165],[32.792113,36.482668],[32.806848,36.482076],[32.814896,36.482904],[32.831465,36.48249],[32.848508,36.479531],[32.878983,36.469117],[32.894605,36.464323],[32.901825,36.462903],[32.907624,36.460122],[32.921708,36.456098],[32.947508,36.447932],[32.950704,36.446038],[32.977274,36.436925],[32.98544,36.436333],[32.995736,36.437398],[33.010649,36.436866],[33.019643,36.437813],[33.034496,36.436037],[33.044379,36.4416],[33.046983,36.447281],[33.05148,36.465803],[33.053078,36.482313],[33.051717,36.49184],[33.046428,36.500805],[33.032803,36.527834],[33.033024,36.535378],[33.036841,36.542923],[33.047352,36.550158],[33.050903,36.555838],[33.064928,36.564774],[33.083091,36.572358],[33.097782,36.572289],[33.108302,36.575768],[33.115788,36.580958],[33.121944,36.581596],[33.13168,36.576497],[33.144749,36.564525],[33.152003,36.553455],[33.162897,36.544192],[33.167972,36.540876],[33.187353,36.530387],[33.202402,36.526245],[33.211487,36.525526],[33.222061,36.529518],[33.223012,36.53245],[33.218074,36.540216],[33.209789,36.55862],[33.204464,36.562821],[33.176821,36.595072],[33.161421,36.604658],[33.143357,36.612336],[33.127735,36.613402],[33.111225,36.61713],[33.107142,36.619792],[33.098177,36.631021],[33.09325,36.641318],[33.083043,36.659736],[33.0739,36.665062],[33.068841,36.673095],[33.065468,36.692046],[33.058677,36.701677],[33.054816,36.702742],[33.032048,36.700878],[33.011588,36.69462],[32.986912,36.687785],[32.978834,36.687475],[32.976305,36.693244],[32.977991,36.697993],[32.975994,36.71508],[32.980508,36.727581],[32.98178,36.735093],[32.982265,36.748299],[32.98069,36.752419],[32.974874,36.760234],[32.968149,36.76714],[32.959547,36.783739],[32.948219,36.790221],[32.944038,36.799793],[32.942766,36.808577],[32.944826,36.825842],[32.952277,36.841957],[32.953913,36.848378],[32.95779,36.851347],[32.977953,36.856193],[32.985465,36.856678],[32.999358,36.854739],[33.013494,36.861686],[33.037241,36.869198],[33.06422,36.868551],[33.081829,36.868713],[33.096045,36.872509],[33.102345,36.872429],[33.103314,36.865159],[33.110907,36.864836],[33.109292,36.85902],[33.114623,36.854174],[33.114623,36.850943],[33.118985,36.847792],[33.127143,36.844965],[33.140794,36.843915],[33.149759,36.845369],[33.159533,36.856193],[33.16446,36.865563],[33.170195,36.880506],[33.173911,36.90183],[33.179727,36.9049],[33.190227,36.904577],[33.197093,36.906273],[33.202909,36.910635],[33.213167,36.926466],[33.219306,36.928889],[33.23336,36.930182],[33.249596,36.928243],[33.257593,36.925012],[33.265751,36.923397],[33.277624,36.924124],[33.287398,36.926385],[33.308803,36.933332],[33.32835,36.941813],[33.333278,36.947064],[33.349836,36.957403],[33.356944,36.959987],[33.366233,36.959503],[33.397977,36.959987],[33.431579,36.966288],[33.454438,36.974769],[33.464777,36.976465],[33.483436,36.976465],[33.499914,36.978646],[33.509365,36.978969],[33.530527,36.975657],[33.53812,36.9738],[33.557587,36.97485],[33.57358,36.977515],[33.58925,36.986239],[33.600801,37.00304],[33.608151,37.015802],[33.617682,37.025899],[33.628829,37.033734],[33.634887,37.036319],[33.659927,37.036803],[33.672205,37.035915],[33.679151,37.034461],[33.702414,37.027191],[33.709845,37.025818],[33.726566,37.019841],[33.750071,37.012894],[33.777453,37.008048],[33.782219,37.008129],[33.800716,37.011198],[33.827129,37.014267],[33.843445,37.023395],[33.854511,37.031068],[33.861135,37.033492],[33.875674,37.052473],[33.880521,37.059824],[33.896271,37.075413],[33.90136,37.079129],[33.918,37.085025],[33.930681,37.091083],[33.945947,37.097061],[33.951198,37.099888],[33.966222,37.105623],[33.986819,37.11887],[33.989969,37.124039],[33.998289,37.147787],[34.006851,37.164264],[34.016221,37.167899],[34.028014,37.169919],[34.037949,37.174684],[34.046753,37.174927],[34.055315,37.180096],[34.061777,37.182196],[34.111534,37.190031],[34.129869,37.19197],[34.166379,37.185912],[34.174457,37.183246],[34.18843,37.18365],[34.194731,37.18575],[34.210562,37.188093],[34.217428,37.190354],[34.232856,37.201501],[34.243437,37.20239],[34.253615,37.205782],[34.264035,37.207317],[34.270335,37.209982],[34.291891,37.215511],[34.305107,37.221684],[34.315079,37.2239],[34.32228,37.227778],[34.357973,37.244555],[34.370397,37.248591],[34.379103,37.252865],[34.396118,37.258009],[34.4106,37.26616],[34.426099,37.277565],[34.447203,37.295081],[34.450474,37.303629],[34.446569,37.315341],[34.437178,37.325999],[34.420928,37.340244],[34.427152,37.339388],[34.434009,37.340437],[34.444982,37.346327],[34.448693,37.349635],[34.465071,37.368917],[34.472574,37.376259],[34.483547,37.377388],[34.489436,37.380454],[34.499844,37.38118],[34.507428,37.376582],[34.512349,37.375452],[34.516948,37.378034],[34.529292,37.381664],[34.542846,37.386586],[34.555029,37.386586],[34.563178,37.389248],[34.57052,37.388684],[34.587624,37.391749],[34.593675,37.395622],[34.611828,37.398123],[34.616991,37.40603],[34.627076,37.41555],[34.634821,37.417406],[34.643857,37.421601],[34.654507,37.42265],[34.671369,37.427006],[34.676049,37.426926],[34.706304,37.435397],[34.727603,37.434994],[34.741883,37.432331],[34.745837,37.428136],[34.756809,37.425151],[34.767943,37.419907],[34.775257,37.421315]]],[[[34.61404,36.782659],[34.61404,36.782659],[34.61404,36.782659],[34.61404,36.782659]]]]}},{"type":"Feature","properties":{"id":"TR-P-34","region_id":"TR-R-MAR"},"geometry":{"type":"MultiPolygon","coordinates":[[[[28.008854,41.031388],[28.00171,41.038117],[27.989611,41.045533],[27.978839,41.057632],[27.975717,41.065438],[27.98321,41.071058],[27.981571,41.075429],[27.975561,41.075429],[27.97439,41.079332],[27.978215,41.082142],[27.974624,41.088074],[27.978215,41.098066],[27.981337,41.098612],[27.984615,41.102905],[27.983523,41.108291],[27.980947,41.110945],[27.982664,41.115395],[27.989143,41.122966],[27.994841,41.13288],[27.998198,41.135299],[27.998119,41.139436],[28.004286,41.148881],[28.011389,41.155985],[28.009204,41.158092],[28.013497,41.159732],[28.013029,41.166054],[28.018415,41.169801],[28.028016,41.186349],[28.031606,41.193921],[28.020366,41.202507],[28.005691,41.211796],[27.998744,41.220461],[27.997651,41.23053],[27.999759,41.240209],[28.001944,41.243019],[28.013965,41.25145],[28.036914,41.261207],[28.0576,41.265188],[28.064625,41.268778],[28.066498,41.279707],[28.070479,41.293289],[28.077973,41.322716],[28.08211,41.333176],[28.090384,41.347851],[28.088901,41.355735],[28.088667,41.366351],[28.089838,41.371659],[28.099126,41.388597],[28.112552,41.402726],[28.122388,41.410141],[28.124339,41.417245],[28.122778,41.42786],[28.115753,41.435198],[28.111303,41.464782],[28.104512,41.474305],[28.085232,41.492024],[28.079612,41.496395],[28.074694,41.50225],[28.074538,41.507948],[28.080158,41.513334],[28.087574,41.516534],[28.097799,41.522467],[28.111225,41.527931],[28.116065,41.535424],[28.116533,41.541669],[28.120827,41.542371],[28.121997,41.547211],[28.120358,41.551426],[28.124183,41.552831],[28.123481,41.559935],[28.118719,41.561183],[28.124027,41.565945],[28.128476,41.572346],[28.133238,41.574687],[28.137063,41.580932],[28.14627,41.583468],[28.152108,41.579862],[28.16518,41.578693],[28.166597,41.575413],[28.182793,41.571053],[28.186824,41.56721],[28.181348,41.565241],[28.183249,41.561507],[28.188417,41.558765],[28.185727,41.55521],[28.193648,41.552659],[28.192875,41.548255],[28.199823,41.548734],[28.199426,41.545296],[28.213255,41.534104],[28.222549,41.528965],[28.219279,41.528242],[28.221744,41.52404],[28.229112,41.525483],[28.233429,41.519778],[28.246745,41.514699],[28.256436,41.507914],[28.260303,41.507233],[28.262755,41.502525],[28.268676,41.500259],[28.272402,41.496445],[28.283016,41.4926],[28.326049,41.475231],[28.375219,41.454119],[28.406381,41.441428],[28.436729,41.429678],[28.469943,41.41785],[28.491842,41.408125],[28.520639,41.396874],[28.544359,41.388346],[28.554781,41.38621],[28.567355,41.380379],[28.576479,41.374861],[28.621478,41.356342],[28.637328,41.350918],[28.643979,41.349408],[28.65005,41.350414],[28.655913,41.349308],[28.660721,41.346448],[28.670446,41.343361],[28.677748,41.343633],[28.679181,41.347715],[28.683125,41.348505],[28.686182,41.341469],[28.705408,41.334536],[28.725825,41.32614],[28.731653,41.326247],[28.735425,41.329174],[28.74254,41.327194],[28.753576,41.320623],[28.761824,41.320779],[28.766297,41.317138],[28.782254,41.313606],[28.787459,41.309782],[28.7884,41.305518],[28.793615,41.302165],[28.799288,41.301375],[28.811752,41.305013],[28.820875,41.299185],[28.819656,41.296634],[28.825574,41.293326],[28.828348,41.297973],[28.834584,41.289064],[28.838428,41.28732],[28.85771,41.283883],[28.864257,41.281911],[28.874247,41.284304],[28.872903,41.279047],[28.875334,41.276798],[28.884837,41.276036],[28.903441,41.2713],[28.921345,41.272244],[28.936511,41.266405],[28.945019,41.262382],[28.955783,41.262765],[28.960962,41.260278],[28.965806,41.254525],[28.982567,41.252296],[28.988172,41.250054],[29.005393,41.24656],[29.023772,41.245165],[29.033013,41.246258],[29.033609,41.2495],[29.038804,41.253094],[29.038152,41.256531],[29.042717,41.253679],[29.047377,41.256481],[29.054172,41.25491],[29.060639,41.255157],[29.063503,41.250994],[29.070687,41.252707],[29.070995,41.248469],[29.078329,41.253917],[29.079953,41.248759],[29.083695,41.249069],[29.085267,41.245573],[29.089481,41.247966],[29.091203,41.243897],[29.094494,41.245293],[29.098328,41.242343],[29.106867,41.239773],[29.10534,41.237796],[29.111789,41.237458],[29.108799,41.235592],[29.113313,41.234294],[29.113186,41.228692],[29.10801,41.2241],[29.106067,41.218202],[29.111389,41.214181],[29.102983,41.205193],[29.091375,41.200395],[29.081042,41.187831],[29.077183,41.185708],[29.073669,41.179946],[29.073119,41.175529],[29.058017,41.168975],[29.05705,41.165744],[29.051443,41.164667],[29.046858,41.161254],[29.036419,41.156973],[29.046339,41.148801],[29.050338,41.148015],[29.055371,41.144045],[29.057821,41.139693],[29.054413,41.138357],[29.060641,41.135826],[29.063932,41.130561],[29.07014,41.127287],[29.071839,41.123425],[29.069703,41.119691],[29.06167,41.113214],[29.057334,41.114959],[29.059295,41.109366],[29.054263,41.099397],[29.05391,41.094701],[29.057071,41.090926],[29.055908,41.081832],[29.046335,41.079178],[29.044,41.07501],[29.046326,41.067903],[29.041624,41.066067],[29.036481,41.059535],[29.03256,41.049759],[29.017969,41.044064],[28.996723,41.037559],[28.988407,41.028229],[28.977423,41.022165],[28.96987,41.022385],[28.967169,41.024898],[28.965546,41.031158],[28.96006,41.03392],[28.952335,41.034946],[28.946634,41.043167],[28.941251,41.045772],[28.939281,41.051522],[28.94835,41.057241],[28.947328,41.06305],[28.943719,41.064547],[28.946546,41.057012],[28.938256,41.054924],[28.935083,41.049792],[28.940134,41.042314],[28.944507,41.040803],[28.953169,41.029211],[28.957054,41.028648],[28.966227,41.019546],[28.976807,41.016712],[28.98661,41.017407],[28.987904,41.012672],[28.986101,41.006954],[28.97826,41.001118],[28.954979,41.002674],[28.942681,41.000009],[28.936718,41.001228],[28.931775,40.994819],[28.925068,40.988399],[28.917402,40.987881],[28.911707,40.985775],[28.909475,40.982815],[28.899996,40.979332],[28.890987,40.981144],[28.880152,40.974865],[28.876551,40.974148],[28.872965,40.970226],[28.868332,40.972839],[28.861204,40.974293],[28.850037,40.973995],[28.8451,40.968769],[28.84231,40.961758],[28.839169,40.958351],[28.82992,40.954712],[28.825913,40.957165],[28.822025,40.955189],[28.812588,40.955833],[28.803955,40.962242],[28.798401,40.96394],[28.794369,40.967754],[28.775122,40.976976],[28.772914,40.97992],[28.77505,40.982188],[28.767647,40.983135],[28.76299,40.980131],[28.754294,40.980485],[28.738436,40.971346],[28.725774,40.971513],[28.725198,40.968931],[28.704958,40.973677],[28.697717,40.973947],[28.683586,40.968079],[28.666113,40.96236],[28.662766,40.963641],[28.638061,40.962527],[28.620932,40.960819],[28.60925,40.964348],[28.599246,40.969335],[28.595506,40.97343],[28.599245,40.979555],[28.596002,40.987791],[28.597571,41.004566],[28.599653,41.007591],[28.596286,41.013675],[28.587653,41.017026],[28.575766,41.018414],[28.567331,41.018157],[28.562999,41.01633],[28.563033,41.013558],[28.552005,41.00727],[28.550763,41.00265],[28.547055,40.999783],[28.544012,40.986133],[28.541237,40.984582],[28.537528,40.987726],[28.510635,40.999551],[28.501662,41.005642],[28.482431,41.013027],[28.481696,41.015109],[28.474831,41.018332],[28.473112,41.021085],[28.464839,41.025137],[28.448367,41.031738],[28.430677,41.038063],[28.40738,41.045266],[28.393686,41.048702],[28.370468,41.053232],[28.362433,41.052496],[28.352277,41.054376],[28.346294,41.057608],[28.338831,41.058376],[28.336065,41.056834],[28.323752,41.058014],[28.312869,41.057435],[28.30998,41.059209],[28.294166,41.062049],[28.279365,41.063981],[28.276533,41.062782],[28.259981,41.062813],[28.253644,41.06534],[28.249212,41.069228],[28.242753,41.070707],[28.242187,41.074984],[28.235578,41.077649],[28.222511,41.077799],[28.218343,41.076949],[28.211012,41.070586],[28.185908,41.073576],[28.172603,41.073709],[28.156471,41.070819],[28.144067,41.069428],[28.128126,41.065713],[28.122889,41.059809],[28.116631,41.061442],[28.091991,41.05827],[28.074529,41.056725],[28.068824,41.05505],[28.045034,41.042744],[28.039923,41.041374],[28.032801,41.041662],[28.024463,41.039255],[28.008854,41.031388]]],[[[29.143791,40.85561],[29.148157,40.849177],[29.145618,40.846862],[29.14049,40.850535],[29.143791,40.85561]]],[[[28.992228,40.865867],[28.992228,40.865867],[28.992228,40.865867],[28.992228,40.865867]]],[[[29.128162,40.875296],[29.135399,40.874366],[29.138883,40.870794],[29.131121,40.860638],[29.125013,40.854674],[29.126425,40.846274],[29.12504,40.840027],[29.115002,40.838223],[29.109844,40.84185],[29.114437,40.847309],[29.110133,40.85396],[29.11204,40.860094],[29.115334,40.864237],[29.115447,40.870789],[29.122729,40.8724],[29.128162,40.875296]]],[[[29.093146,40.884989],[29.098557,40.883783],[29.102552,40.875437],[29.101877,40.872953],[29.095337,40.869178],[29.086827,40.868535],[29.084806,40.871691],[29.083317,40.867872],[29.075105,40.86861],[29.074738,40.872524],[29.078245,40.875892],[29.084158,40.877137],[29.09001,40.880235],[29.088772,40.883247],[29.093146,40.884989]]],[[[29.056375,40.886897],[29.069482,40.884656],[29.070454,40.879743],[29.068848,40.876177],[29.062996,40.873935],[29.053931,40.87605],[29.052848,40.878204],[29.057168,40.882845],[29.056375,40.886897]]],[[[29.049627,40.914378],[29.053112,40.913606],[29.057134,40.906896],[29.05605,40.904777],[29.045476,40.902836],[29.04614,40.905296],[29.040527,40.908992],[29.03907,40.911948],[29.043251,40.914025],[29.049627,40.914378]]],[[[28.771528,40.980968],[28.773881,40.977693],[28.76764,40.980604],[28.771528,40.980968]]],[[[29.91264,41.142299],[29.914186,41.12692],[29.914112,41.116419],[29.921507,41.098006],[29.921285,41.093496],[29.916035,41.088763],[29.905386,41.087802],[29.89533,41.083513],[29.892742,41.07878],[29.891854,41.070868],[29.879653,41.048019],[29.870705,41.034412],[29.866934,41.026722],[29.861166,41.020806],[29.846969,41.01245],[29.825524,41.006904],[29.813545,41.006904],[29.79454,41.014373],[29.783374,41.0177],[29.76999,41.022877],[29.760007,41.023986],[29.749285,41.030789],[29.742852,41.03249],[29.722147,41.027757],[29.716083,41.023394],[29.711129,41.013855],[29.710981,41.004242],[29.709058,41.000471],[29.703068,40.995147],[29.699223,40.988639],[29.690867,40.980209],[29.674377,40.968896],[29.666835,40.966751],[29.654559,40.968008],[29.647091,40.967343],[29.632745,40.968304],[29.619213,40.975699],[29.617216,40.977991],[29.609378,40.993594],[29.596068,41.005721],[29.588081,41.016369],[29.581574,41.021546],[29.566267,41.027387],[29.549629,41.031972],[29.531819,41.033974],[29.529476,41.031074],[29.524736,41.034476],[29.526353,41.036093],[29.51743,41.044347],[29.507837,41.040889],[29.507948,41.036539],[29.502985,41.032468],[29.500642,41.027672],[29.499862,41.016573],[29.505662,40.996997],[29.501814,40.988743],[29.488484,40.97692],[29.484859,40.97151],[29.481457,40.960746],[29.47878,40.958013],[29.467458,40.952324],[29.460431,40.944628],[29.457754,40.936262],[29.457754,40.925164],[29.456248,40.912113],[29.446126,40.90305],[29.441734,40.893848],[29.433661,40.886904],[29.418895,40.880295],[29.410488,40.87377],[29.391372,40.863857],[29.385391,40.860134],[29.378614,40.85775],[29.368187,40.85584],[29.362019,40.850615],[29.368572,40.839907],[29.371185,40.837766],[29.366131,40.83057],[29.363475,40.823803],[29.362276,40.816394],[29.354952,40.82209],[29.349984,40.824446],[29.339897,40.810583],[29.334357,40.814283],[29.325128,40.818474],[29.316654,40.818622],[29.314587,40.81518],[29.307855,40.81169],[29.297824,40.8167],[29.293365,40.81313],[29.287578,40.813929],[29.284569,40.81244],[29.277198,40.814243],[29.271042,40.811728],[29.266493,40.811841],[29.261588,40.80885],[29.2636,40.80509],[29.256888,40.802805],[29.258706,40.807291],[29.255057,40.814743],[29.261868,40.816491],[29.26729,40.815107],[29.270561,40.820211],[29.275283,40.820488],[29.2797,40.826511],[29.276593,40.832017],[29.2729,40.831596],[29.2667,40.835149],[29.269437,40.836593],[29.264123,40.840111],[29.267152,40.842335],[29.27245,40.835998],[29.278174,40.833841],[29.2841,40.839404],[29.283152,40.841686],[29.288259,40.842444],[29.291561,40.845752],[29.286887,40.854917],[29.283583,40.854247],[29.271576,40.857926],[29.264516,40.854774],[29.258584,40.85694],[29.265,40.860017],[29.259416,40.863611],[29.257817,40.866776],[29.239445,40.874625],[29.234284,40.874082],[29.233571,40.870247],[29.228937,40.870568],[29.222583,40.875427],[29.203358,40.883388],[29.197749,40.883494],[29.188155,40.887109],[29.183715,40.88527],[29.1787,40.886024],[29.174411,40.89027],[29.167068,40.894712],[29.151715,40.901588],[29.147988,40.900511],[29.141597,40.903398],[29.133919,40.910822],[29.126699,40.920981],[29.11143,40.937836],[29.108686,40.941939],[29.101721,40.945446],[29.09454,40.952168],[29.090424,40.95141],[29.087175,40.954586],[29.080542,40.953854],[29.072228,40.957719],[29.068691,40.962574],[29.062148,40.962112],[29.056393,40.963814],[29.052778,40.967874],[29.045378,40.969612],[29.041801,40.965698],[29.036768,40.968736],[29.031266,40.967665],[29.033693,40.971065],[29.038237,40.970997],[29.036146,40.974277],[29.039606,40.975449],[29.034365,40.981838],[29.02212,40.978332],[29.020021,40.98542],[29.016157,40.991856],[29.020266,40.991127],[29.023991,40.993401],[29.015434,41.000591],[29.011509,41.000953],[29.012384,41.004517],[29.006688,41.007504],[29.011012,41.012454],[29.006296,41.022369],[29.009436,41.025982],[29.013532,41.026013],[29.017197,41.029783],[29.040649,41.043573],[29.051903,41.048199],[29.053164,41.05743],[29.052331,41.061594],[29.056944,41.066554],[29.055276,41.073317],[29.063631,41.076439],[29.06678,41.085398],[29.064293,41.09771],[29.066178,41.102809],[29.073216,41.107028],[29.08142,41.10712],[29.087771,41.114972],[29.095199,41.117157],[29.097221,41.126224],[29.092108,41.131411],[29.091478,41.134312],[29.082323,41.136989],[29.071623,41.142399],[29.077862,41.154429],[29.072379,41.161165],[29.074964,41.166381],[29.086466,41.16996],[29.088314,41.173003],[29.086994,41.178686],[29.09402,41.180619],[29.105577,41.180743],[29.119108,41.188728],[29.118398,41.200341],[29.123994,41.20226],[29.126878,41.201259],[29.131619,41.203452],[29.129217,41.20776],[29.135105,41.208883],[29.143357,41.212659],[29.147426,41.211976],[29.152042,41.214612],[29.150868,41.21824],[29.162595,41.218089],[29.164771,41.224357],[29.169642,41.224931],[29.174062,41.22231],[29.194516,41.220387],[29.209765,41.221848],[29.216887,41.225874],[29.21371,41.230233],[29.219661,41.228981],[29.223837,41.230692],[29.228741,41.228255],[29.238013,41.229476],[29.24132,41.227942],[29.245833,41.231996],[29.255789,41.234485],[29.260276,41.230513],[29.264812,41.23136],[29.268109,41.228512],[29.277401,41.227709],[29.290727,41.222407],[29.310428,41.220415],[29.318302,41.217211],[29.336087,41.214403],[29.33853,41.215142],[29.35633,41.211246],[29.362611,41.210807],[29.371827,41.212865],[29.378887,41.211526],[29.388605,41.214784],[29.404258,41.209508],[29.411409,41.208005],[29.445212,41.198485],[29.458379,41.197341],[29.468859,41.193554],[29.489002,41.188431],[29.510535,41.184063],[29.518115,41.18374],[29.533204,41.180159],[29.562737,41.173891],[29.580007,41.171485],[29.593018,41.170852],[29.59994,41.172433],[29.603745,41.176216],[29.613746,41.181126],[29.618199,41.17772],[29.62466,41.17821],[29.627708,41.174408],[29.633491,41.174051],[29.636008,41.170768],[29.645263,41.169505],[29.659066,41.165374],[29.67017,41.165988],[29.673055,41.163331],[29.678816,41.162041],[29.685196,41.163729],[29.702668,41.163793],[29.703158,41.161247],[29.718481,41.157467],[29.724254,41.157729],[29.72963,41.155806],[29.735684,41.156004],[29.743293,41.160281],[29.752945,41.159086],[29.766935,41.160691],[29.774866,41.15864],[29.776746,41.156091],[29.779612,41.158469],[29.789522,41.155327],[29.789213,41.151932],[29.793254,41.154033],[29.802942,41.151578],[29.819201,41.143794],[29.846389,41.139119],[29.853982,41.140205],[29.855569,41.143197],[29.861549,41.143677],[29.865428,41.141376],[29.872174,41.14228],[29.875564,41.138907],[29.885229,41.142348],[29.91264,41.142299]]]]}},{"type":"Feature","properties":{"id":"TR-P-35","region_id":"TR-R-EGE"},"geometry":{"type":"MultiPolygon","coordinates":[[[[27.376731,39.364325],[27.379172,39.358659],[27.387453,39.352122],[27.401981,39.350793],[27.41101,39.345447],[27.415643,39.336775],[27.41493,39.330478],[27.418138,39.318718],[27.421622,39.310195],[27.428246,39.303832],[27.43522,39.293198],[27.439055,39.289798],[27.44629,39.286224],[27.449515,39.281256],[27.46442,39.269837],[27.475665,39.265043],[27.486735,39.256849],[27.486125,39.247522],[27.479239,39.236714],[27.476537,39.223203],[27.47244,39.218322],[27.470435,39.207949],[27.46965,39.193479],[27.467035,39.183455],[27.466164,39.173954],[27.458667,39.160966],[27.46198,39.149373],[27.47889,39.142226],[27.487432,39.137606],[27.496323,39.131417],[27.503209,39.124182],[27.505214,39.119562],[27.501117,39.087921],[27.502076,39.084522],[27.508265,39.079117],[27.513059,39.070837],[27.514977,39.061684],[27.520643,39.054711],[27.52256,39.046953],[27.531974,39.038149],[27.530144,39.031699],[27.516459,39.019932],[27.505476,39.011738],[27.497108,39.008426],[27.490309,39.003719],[27.485079,38.998053],[27.469476,38.989598],[27.466164,38.979312],[27.466512,38.972862],[27.46442,38.969462],[27.468081,38.955952],[27.464769,38.94401],[27.453699,38.930586],[27.443413,38.929802],[27.429031,38.925705],[27.422406,38.926838],[27.411946,38.923526],[27.402009,38.92431],[27.392247,38.928494],[27.381438,38.927884],[27.370107,38.925792],[27.36261,38.927971],[27.359995,38.931196],[27.35032,38.934683],[27.347356,38.934596],[27.338814,38.929104],[27.328877,38.917424],[27.310223,38.917163],[27.29863,38.915855],[27.291483,38.913414],[27.281508,38.913986],[27.272655,38.915855],[27.264025,38.915332],[27.257662,38.912456],[27.245546,38.904],[27.24389,38.899293],[27.230031,38.883429],[27.226893,38.877763],[27.215997,38.872272],[27.206583,38.870616],[27.191154,38.871139],[27.184966,38.876805],[27.179997,38.877763],[27.16021,38.866955],[27.152627,38.865473],[27.150448,38.861725],[27.153847,38.852049],[27.154806,38.844117],[27.157072,38.839236],[27.156288,38.835052],[27.142341,38.832786],[27.136414,38.830868],[27.130835,38.825812],[27.124995,38.81849],[27.117935,38.81666],[27.109218,38.810035],[27.105296,38.803934],[27.104947,38.798704],[27.101286,38.792864],[27.099543,38.783188],[27.100153,38.77822],[27.119504,38.774297],[27.130487,38.765668],[27.132579,38.761658],[27.133276,38.747711],[27.140859,38.740564],[27.143649,38.734114],[27.146089,38.732806],[27.164656,38.736031],[27.183571,38.732632],[27.197082,38.72714],[27.205275,38.722259],[27.212946,38.715547],[27.22175,38.705872],[27.223319,38.698986],[27.220878,38.695325],[27.209459,38.688351],[27.208849,38.683557],[27.216084,38.67362],[27.221837,38.670657],[27.232733,38.667606],[27.238834,38.659586],[27.236045,38.644332],[27.236394,38.632042],[27.241885,38.608594],[27.236917,38.596304],[27.237265,38.589592],[27.244326,38.57765],[27.253478,38.572159],[27.259318,38.564488],[27.265158,38.55952],[27.274137,38.553941],[27.2771,38.553941],[27.287996,38.557776],[27.29619,38.552982],[27.30142,38.54566],[27.304993,38.543045],[27.318591,38.542086],[27.327482,38.542871],[27.332364,38.541563],[27.337563,38.53764],[27.348751,38.53398],[27.362523,38.538077],[27.37185,38.538338],[27.376644,38.540517],[27.380741,38.550106],[27.384925,38.554638],[27.39739,38.559694],[27.40567,38.558386],[27.413167,38.553505],[27.416741,38.549234],[27.426677,38.546793],[27.432866,38.538513],[27.438619,38.538513],[27.450735,38.542609],[27.463897,38.536682],[27.467733,38.533893],[27.47305,38.523258],[27.47889,38.515065],[27.481505,38.50783],[27.48229,38.500595],[27.484294,38.497893],[27.49641,38.493971],[27.510706,38.4829],[27.519074,38.480198],[27.533195,38.476973],[27.539122,38.47183],[27.552371,38.465554],[27.55968,38.459989],[27.568796,38.459729],[27.573862,38.46203],[27.578437,38.468804],[27.587742,38.470555],[27.593722,38.473684],[27.603204,38.483977],[27.616177,38.483598],[27.629949,38.477932],[27.651566,38.473661],[27.654181,38.471918],[27.662985,38.47061],[27.67083,38.462678],[27.680418,38.45553],[27.690442,38.451782],[27.699595,38.442717],[27.699333,38.437923],[27.702646,38.432083],[27.707963,38.426591],[27.710578,38.420489],[27.706568,38.412732],[27.706307,38.409071],[27.716331,38.388325],[27.715808,38.380306],[27.708907,38.365023],[27.704258,38.358979],[27.70112,38.351309],[27.703212,38.347706],[27.714021,38.344219],[27.728432,38.337827],[27.743309,38.329924],[27.746795,38.329808],[27.753769,38.334689],[27.766902,38.33864],[27.772829,38.338989],[27.781429,38.341778],[27.786195,38.34143],[27.797119,38.334456],[27.821758,38.329691],[27.828848,38.329808],[27.845003,38.326205],[27.859065,38.32144],[27.880218,38.319231],[27.889516,38.318999],[27.893816,38.326437],[27.894281,38.336084],[27.889516,38.346543],[27.887424,38.366882],[27.887641,38.374117],[27.891302,38.383967],[27.89139,38.39216],[27.892959,38.400703],[27.902285,38.410553],[27.91998,38.410291],[27.930527,38.407763],[27.944561,38.39739],[27.957113,38.393555],[27.973151,38.392945],[27.985965,38.394252],[27.989887,38.4014],[28.000609,38.404277],[28.016037,38.399047],[28.023882,38.398262],[28.05134,38.397565],[28.055872,38.394514],[28.060666,38.387715],[28.067901,38.383618],[28.080889,38.378911],[28.08978,38.377952],[28.106516,38.374466],[28.116801,38.37464],[28.141121,38.369584],[28.150273,38.366534],[28.167794,38.365488],[28.176868,38.361839],[28.187244,38.354012],[28.193246,38.347664],[28.197248,38.345595],[28.222825,38.335961],[28.241188,38.328442],[28.252258,38.326263],[28.270388,38.324955],[28.278408,38.320946],[28.290088,38.313537],[28.293662,38.314234],[28.30787,38.321207],[28.315976,38.320946],[28.329313,38.313537],[28.343869,38.300897],[28.35215,38.296365],[28.355462,38.292006],[28.358513,38.2839],[28.362872,38.279106],[28.363743,38.272743],[28.362261,38.264985],[28.36383,38.259929],[28.36723,38.256966],[28.374203,38.254612],[28.387104,38.256704],[28.393467,38.259668],[28.403491,38.266467],[28.419007,38.264985],[28.424411,38.263765],[28.438445,38.263067],[28.469825,38.257576],[28.478977,38.252869],[28.488652,38.245024],[28.495103,38.238312],[28.50164,38.233605],[28.501902,38.217479],[28.499984,38.207891],[28.495364,38.193509],[28.489611,38.19133],[28.477495,38.191853],[28.462328,38.187146],[28.458144,38.1827],[28.448992,38.168666],[28.450648,38.162129],[28.45736,38.157858],[28.470871,38.137286],[28.480197,38.12918],[28.48468,38.121812],[28.474314,38.113724],[28.457324,38.103052],[28.448583,38.096301],[28.440707,38.088512],[28.434649,38.087474],[28.424264,38.09033],[28.41786,38.096215],[28.409119,38.096388],[28.401849,38.10158],[28.398993,38.105994],[28.390425,38.111273],[28.381251,38.118457],[28.373203,38.118803],[28.360567,38.125726],[28.350355,38.124688],[28.343085,38.121572],[28.330882,38.121226],[28.329844,38.110668],[28.330623,38.10158],[28.32569,38.096994],[28.310977,38.092407],[28.304746,38.086262],[28.302322,38.067309],[28.298688,38.060126],[28.277571,38.034335],[28.263464,38.031306],[28.252819,38.035807],[28.244078,38.036066],[28.222875,38.026719],[28.214739,38.026633],[28.209547,38.028623],[28.197863,38.029662],[28.188689,38.033903],[28.17865,38.032778],[28.169303,38.034595],[28.154072,38.041345],[28.139965,38.041951],[28.133907,38.038057],[28.131916,38.027498],[28.130445,38.025594],[28.114521,38.026114],[28.101453,38.031566],[28.095654,38.030181],[28.089163,38.02421],[28.07722,38.024383],[28.073585,38.026719],[28.068133,38.025767],[28.063546,38.028104],[28.050305,38.031133],[28.042083,38.02897],[28.036977,38.021873],[28.03438,38.014517],[28.033169,38.001621],[28.021831,37.992102],[28.015341,37.982236],[28.001667,37.974706],[27.991887,37.978514],[27.976828,37.988207],[27.969039,37.996775],[27.95926,37.999112],[27.950951,37.996342],[27.934508,37.998679],[27.922132,38.010709],[27.911401,38.015555],[27.900756,38.011141],[27.885351,38.012007],[27.879639,38.010968],[27.879293,38.005862],[27.875311,38.00067],[27.873667,37.991755],[27.867609,37.986217],[27.85506,37.985265],[27.849175,37.98137],[27.825548,37.970898],[27.824164,37.967783],[27.818106,37.964321],[27.811961,37.963109],[27.803393,37.96484],[27.801056,37.963975],[27.787382,37.967177],[27.779593,37.970812],[27.759342,37.978341],[27.751985,37.979466],[27.743677,37.977995],[27.736234,37.978514],[27.731821,37.980418],[27.718666,37.983101],[27.707069,37.983966],[27.702136,37.986822],[27.695558,37.986649],[27.686817,37.983793],[27.675653,37.982409],[27.65921,37.983101],[27.637141,37.997121],[27.626063,37.992967],[27.617668,37.991669],[27.603648,37.99565],[27.59984,37.998419],[27.589541,38.002833],[27.582358,38.008632],[27.574742,38.011055],[27.563751,38.010795],[27.547913,38.006901],[27.538999,38.00015],[27.53121,37.996256],[27.517882,37.998073],[27.497891,37.996948],[27.485688,37.980072],[27.485082,37.975225],[27.481274,37.970465],[27.479197,37.959474],[27.479543,37.949349],[27.474004,37.939136],[27.461109,37.93628],[27.455051,37.933078],[27.446223,37.930482],[27.438694,37.925376],[27.423895,37.920529],[27.423376,37.918106],[27.426491,37.906682],[27.426145,37.893354],[27.428136,37.8847],[27.428309,37.878122],[27.435838,37.870593],[27.43653,37.851813],[27.432636,37.84688],[27.428568,37.844803],[27.421645,37.84411],[27.414462,37.834417],[27.409875,37.831302],[27.39871,37.826628],[27.392393,37.82533],[27.379584,37.831994],[27.372141,37.838831],[27.36617,37.841341],[27.360544,37.852678],[27.354486,37.862112],[27.352496,37.869814],[27.339168,37.876045],[27.331033,37.87769],[27.319263,37.881411],[27.316493,37.884527],[27.303252,37.889027],[27.29953,37.891623],[27.293559,37.900364],[27.288712,37.90322],[27.287527,37.91478],[27.283288,37.919647],[27.276395,37.923122],[27.266706,37.924605],[27.263929,37.923465],[27.267243,37.926601],[27.27721,37.927726],[27.276474,37.934017],[27.272801,37.947638],[27.269389,37.952981],[27.263102,37.957561],[27.255851,37.972486],[27.247361,37.980996],[27.242442,37.980311],[27.240014,37.985183],[27.236437,37.986368],[27.231458,37.984192],[27.227526,37.98699],[27.218453,37.989239],[27.217345,37.992356],[27.211358,37.991019],[27.205969,37.992873],[27.202967,37.989313],[27.199392,37.991815],[27.193632,37.98874],[27.185664,37.990534],[27.181363,37.98614],[27.175698,37.986862],[27.173078,37.98375],[27.168951,37.984562],[27.166942,37.98145],[27.155008,37.986348],[27.14776,37.986327],[27.146322,37.983492],[27.141274,37.987962],[27.132089,37.988314],[27.128577,37.992533],[27.120489,37.994154],[27.119159,37.992357],[27.115064,38.001242],[27.111945,38.000687],[27.110583,38.006268],[27.102543,38.013715],[27.096755,38.016781],[27.086925,38.017044],[27.084709,38.013699],[27.078871,38.016324],[27.075792,38.012698],[27.074316,38.017704],[27.070585,38.019124],[27.072912,38.025166],[27.068642,38.033165],[27.06083,38.037599],[27.04933,38.048171],[27.041118,38.052181],[27.031916,38.053363],[27.022542,38.053292],[27.010158,38.057755],[26.995996,38.06702],[26.992591,38.070248],[26.978722,38.075051],[26.97011,38.075176],[26.968186,38.072129],[26.961793,38.075844],[26.94897,38.075528],[26.937636,38.07364],[26.909479,38.065417],[26.89743,38.061047],[26.884245,38.052077],[26.881293,38.046671],[26.881793,38.042755],[26.875782,38.037998],[26.876528,38.034355],[26.871924,38.029998],[26.867923,38.033221],[26.864742,38.032801],[26.868158,38.039495],[26.863543,38.041085],[26.857564,38.046246],[26.858395,38.050308],[26.855962,38.058048],[26.850021,38.06794],[26.845866,38.072141],[26.845899,38.079938],[26.850038,38.083352],[26.850514,38.092473],[26.848631,38.095661],[26.851458,38.101431],[26.841953,38.113294],[26.842019,38.116848],[26.83316,38.125684],[26.837199,38.130404],[26.833268,38.132393],[26.830586,38.13879],[26.825323,38.139743],[26.819583,38.143977],[26.823301,38.148461],[26.822331,38.151433],[26.824389,38.158471],[26.807866,38.166042],[26.803306,38.171184],[26.796852,38.17304],[26.787495,38.170068],[26.785141,38.163972],[26.778241,38.166226],[26.77519,38.161868],[26.773775,38.17211],[26.76971,38.1762],[26.772804,38.182678],[26.770429,38.1832],[26.770508,38.189763],[26.774357,38.191983],[26.772685,38.196947],[26.776608,38.199348],[26.781121,38.194461],[26.786499,38.195687],[26.789114,38.200611],[26.783384,38.201259],[26.781113,38.203976],[26.777404,38.203281],[26.772213,38.207458],[26.774737,38.208868],[26.766514,38.217181],[26.762382,38.215124],[26.757261,38.222021],[26.752325,38.222594],[26.748138,38.218399],[26.744855,38.218586],[26.746624,38.214204],[26.742753,38.215668],[26.73978,38.213005],[26.736084,38.216435],[26.732322,38.213011],[26.734772,38.209021],[26.730791,38.20736],[26.726003,38.209849],[26.72193,38.208366],[26.72006,38.211866],[26.718062,38.208893],[26.710561,38.212334],[26.705543,38.211184],[26.70279,38.207203],[26.697049,38.211631],[26.693119,38.205192],[26.689095,38.206922],[26.686404,38.202562],[26.683564,38.204898],[26.687054,38.207229],[26.683232,38.211282],[26.6769,38.211376],[26.675107,38.204818],[26.671042,38.207788],[26.659829,38.21048],[26.656557,38.207233],[26.653318,38.210315],[26.650521,38.209224],[26.649848,38.203575],[26.645532,38.202245],[26.636014,38.206926],[26.63915,38.200551],[26.630887,38.195867],[26.628324,38.186296],[26.630667,38.18381],[26.632889,38.17402],[26.63064,38.168495],[26.633094,38.167711],[26.629158,38.161226],[26.626895,38.153488],[26.62639,38.146727],[26.623591,38.138663],[26.616007,38.136985],[26.606785,38.139543],[26.601455,38.14704],[26.604297,38.137665],[26.608624,38.134587],[26.611851,38.135605],[26.610026,38.128803],[26.611386,38.121724],[26.614258,38.115764],[26.614182,38.111593],[26.610971,38.107663],[26.605448,38.105846],[26.604238,38.103253],[26.599372,38.106833],[26.595116,38.106171],[26.591706,38.103067],[26.583255,38.108395],[26.582002,38.11346],[26.584843,38.122064],[26.581188,38.127517],[26.577316,38.136456],[26.570224,38.143155],[26.563208,38.144927],[26.565636,38.140261],[26.564877,38.136087],[26.566599,38.126637],[26.56428,38.121199],[26.560235,38.117948],[26.55161,38.11903],[26.552421,38.122629],[26.543817,38.12015],[26.542536,38.121512],[26.545435,38.127744],[26.538565,38.130018],[26.532117,38.127404],[26.529217,38.136525],[26.531104,38.140164],[26.521,38.142281],[26.521317,38.153825],[26.519567,38.159139],[26.512321,38.165762],[26.514054,38.170407],[26.519971,38.16475],[26.520372,38.170865],[26.516819,38.174698],[26.520341,38.183018],[26.516977,38.187823],[26.512901,38.181585],[26.507107,38.175988],[26.503375,38.177158],[26.501124,38.183765],[26.497291,38.178067],[26.492902,38.182076],[26.487456,38.182951],[26.486304,38.18647],[26.491957,38.191061],[26.491734,38.194943],[26.488494,38.195612],[26.485875,38.191754],[26.476707,38.191965],[26.47015,38.190353],[26.465509,38.195007],[26.458376,38.19181],[26.462011,38.204052],[26.459254,38.205585],[26.455553,38.202332],[26.451427,38.203391],[26.451828,38.208643],[26.446135,38.209515],[26.439482,38.213942],[26.444556,38.217239],[26.436696,38.219107],[26.43015,38.222239],[26.420245,38.222155],[26.420658,38.219604],[26.430137,38.205124],[26.430384,38.198509],[26.418314,38.206073],[26.414404,38.210728],[26.411574,38.209024],[26.410064,38.213798],[26.400769,38.217239],[26.38929,38.22376],[26.392084,38.229779],[26.389718,38.23703],[26.39454,38.241082],[26.398171,38.240957],[26.402213,38.244537],[26.39994,38.252472],[26.388292,38.260898],[26.378974,38.260382],[26.385938,38.249092],[26.386256,38.246253],[26.378518,38.244882],[26.37412,38.2372],[26.365185,38.226868],[26.356416,38.229792],[26.342806,38.229177],[26.338195,38.226661],[26.332218,38.227769],[26.328619,38.231493],[26.323912,38.231174],[26.317685,38.235996],[26.307335,38.241171],[26.292564,38.259154],[26.28749,38.263272],[26.26889,38.268121],[26.256237,38.268909],[26.251697,38.26723],[26.245929,38.26753],[26.244803,38.264435],[26.239935,38.263356],[26.232592,38.266556],[26.230162,38.273787],[26.233154,38.277332],[26.232151,38.289179],[26.234355,38.294526],[26.239139,38.295361],[26.244832,38.293157],[26.243463,38.289011],[26.246971,38.285972],[26.253993,38.285517],[26.265721,38.289602],[26.271105,38.290005],[26.279669,38.295259],[26.282662,38.300902],[26.279995,38.309839],[26.279742,38.319319],[26.283992,38.323537],[26.287279,38.317257],[26.297858,38.322593],[26.303299,38.320177],[26.301037,38.325425],[26.29593,38.328391],[26.291692,38.337533],[26.286286,38.342299],[26.282992,38.351583],[26.284127,38.358303],[26.283121,38.373194],[26.285,38.376876],[26.287173,38.369908],[26.295952,38.361696],[26.297255,38.357109],[26.302681,38.355286],[26.304865,38.357951],[26.302587,38.36172],[26.305709,38.367743],[26.309619,38.368134],[26.30986,38.375489],[26.313326,38.377525],[26.317444,38.37483],[26.314919,38.363846],[26.318706,38.363277],[26.315353,38.355801],[26.319557,38.358236],[26.324631,38.353162],[26.321924,38.351067],[26.32338,38.346455],[26.315571,38.346918],[26.31704,38.340415],[26.312252,38.338633],[26.316428,38.336646],[26.318632,38.330293],[26.325638,38.326335],[26.335691,38.324405],[26.340408,38.325769],[26.342439,38.332321],[26.344477,38.333378],[26.343975,38.320589],[26.352153,38.314795],[26.3592,38.313985],[26.35823,38.311384],[26.363223,38.30853],[26.370782,38.308348],[26.382592,38.312265],[26.38545,38.318002],[26.385794,38.327694],[26.388719,38.33204],[26.385776,38.331716],[26.383014,38.338609],[26.383896,38.347652],[26.385408,38.349487],[26.388737,38.343954],[26.387324,38.337259],[26.395706,38.342814],[26.400091,38.337677],[26.400504,38.331131],[26.395007,38.327721],[26.396405,38.32341],[26.402135,38.323961],[26.401913,38.32592],[26.409273,38.32826],[26.409273,38.332348],[26.413892,38.333443],[26.420218,38.331324],[26.425242,38.336173],[26.419273,38.336253],[26.419718,38.338951],[26.425186,38.338578],[26.424416,38.340904],[26.430385,38.340943],[26.435329,38.34619],[26.439639,38.344142],[26.443703,38.34799],[26.449852,38.347223],[26.452054,38.353117],[26.4624,38.359332],[26.464575,38.364301],[26.468083,38.36478],[26.472696,38.372638],[26.481988,38.376881],[26.475867,38.380849],[26.47308,38.387492],[26.475236,38.390405],[26.472744,38.395096],[26.475051,38.396648],[26.475679,38.402021],[26.467028,38.4128],[26.463816,38.41001],[26.458966,38.410219],[26.461886,38.41455],[26.461574,38.41866],[26.452812,38.420289],[26.450927,38.427937],[26.460713,38.425799],[26.462622,38.424189],[26.469736,38.426842],[26.47732,38.41814],[26.48336,38.413773],[26.485577,38.408258],[26.484688,38.404862],[26.48745,38.401791],[26.49676,38.40178],[26.501692,38.404833],[26.503692,38.410289],[26.501268,38.415418],[26.506371,38.414206],[26.511459,38.420497],[26.509852,38.424267],[26.515766,38.427967],[26.515995,38.430563],[26.505657,38.436455],[26.501714,38.442503],[26.495278,38.448128],[26.488729,38.449538],[26.486146,38.45288],[26.47354,38.459569],[26.470424,38.457885],[26.463485,38.464278],[26.461242,38.463291],[26.454204,38.468731],[26.447434,38.471192],[26.441597,38.475789],[26.42885,38.477938],[26.418843,38.47591],[26.414725,38.472061],[26.413116,38.46658],[26.415505,38.462532],[26.412661,38.457687],[26.403505,38.455225],[26.401672,38.447251],[26.395977,38.447324],[26.395117,38.445058],[26.390251,38.459423],[26.39259,38.465653],[26.397136,38.468554],[26.403211,38.478067],[26.405068,38.487455],[26.408507,38.488449],[26.411638,38.49273],[26.400805,38.505394],[26.396101,38.504162],[26.389155,38.505925],[26.393404,38.506898],[26.393306,38.514426],[26.390086,38.516516],[26.391609,38.519505],[26.384786,38.523221],[26.381268,38.519065],[26.373551,38.532084],[26.374046,38.538972],[26.38015,38.530232],[26.381187,38.537903],[26.380185,38.544451],[26.374488,38.54764],[26.374988,38.550517],[26.369375,38.555891],[26.370768,38.558735],[26.359884,38.566264],[26.362708,38.567583],[26.360241,38.573318],[26.359807,38.580827],[26.362774,38.589812],[26.358916,38.598299],[26.36023,38.60417],[26.354521,38.613796],[26.357972,38.62171],[26.356516,38.631667],[26.35289,38.637472],[26.35569,38.647682],[26.359274,38.652531],[26.36095,38.659208],[26.368552,38.661856],[26.369745,38.663779],[26.379249,38.663872],[26.380967,38.666151],[26.391929,38.666447],[26.401882,38.669923],[26.414624,38.679858],[26.427196,38.679268],[26.42726,38.677638],[26.435176,38.671418],[26.441427,38.673304],[26.449631,38.671863],[26.45496,38.672791],[26.464176,38.669585],[26.471281,38.672402],[26.473086,38.674993],[26.477935,38.673335],[26.481367,38.668947],[26.489562,38.662154],[26.499797,38.656944],[26.500323,38.654012],[26.515983,38.647713],[26.517412,38.65162],[26.523981,38.648485],[26.527064,38.641906],[26.522821,38.64209],[26.521705,38.638495],[26.525502,38.633821],[26.523118,38.631479],[26.533119,38.625882],[26.530202,38.623562],[26.537051,38.620819],[26.548467,38.601716],[26.552334,38.601293],[26.556944,38.60464],[26.558834,38.600711],[26.56274,38.599292],[26.563045,38.593072],[26.56657,38.582928],[26.567238,38.57151],[26.569324,38.567849],[26.566676,38.565239],[26.568837,38.559639],[26.578659,38.55464],[26.579937,38.552263],[26.593247,38.544823],[26.594545,38.541671],[26.601284,38.539094],[26.601971,38.535209],[26.611084,38.530161],[26.61781,38.529673],[26.618497,38.531862],[26.625106,38.528214],[26.62306,38.524927],[26.623947,38.520629],[26.628725,38.516927],[26.632382,38.511058],[26.63146,38.509086],[26.632051,38.497667],[26.64001,38.475871],[26.641469,38.470092],[26.639725,38.466296],[26.63083,38.462988],[26.626735,38.47046],[26.620039,38.472844],[26.614818,38.472875],[26.607248,38.470517],[26.595008,38.47117],[26.586803,38.469402],[26.596222,38.468025],[26.596265,38.466325],[26.587775,38.46231],[26.59684,38.458575],[26.597987,38.461568],[26.601089,38.459683],[26.60355,38.453641],[26.60225,38.448072],[26.598105,38.446235],[26.602786,38.441318],[26.600431,38.439747],[26.599121,38.433464],[26.590082,38.430583],[26.58758,38.432299],[26.584198,38.428672],[26.586416,38.423446],[26.598603,38.416397],[26.601894,38.416189],[26.604697,38.41999],[26.610764,38.422659],[26.611518,38.418506],[26.615721,38.415434],[26.614219,38.410472],[26.617254,38.40946],[26.616587,38.403358],[26.622961,38.400802],[26.625117,38.394851],[26.622736,38.39303],[26.625846,38.390644],[26.629881,38.380684],[26.64007,38.378708],[26.645256,38.368363],[26.643459,38.35147],[26.640715,38.348586],[26.644299,38.33958],[26.65135,38.33815],[26.65339,38.333414],[26.659726,38.325814],[26.66572,38.322825],[26.666946,38.317931],[26.671817,38.31284],[26.681347,38.310119],[26.692839,38.311964],[26.702166,38.315434],[26.703775,38.319921],[26.699942,38.322788],[26.701902,38.327976],[26.700079,38.33235],[26.693481,38.335858],[26.695412,38.340166],[26.692385,38.344095],[26.686885,38.347138],[26.674598,38.347675],[26.676915,38.352164],[26.675575,38.358742],[26.678259,38.360331],[26.684237,38.353609],[26.683184,38.351559],[26.688884,38.351393],[26.680678,38.365934],[26.682697,38.373869],[26.67694,38.378207],[26.67542,38.38551],[26.676518,38.393598],[26.679512,38.398162],[26.684281,38.399452],[26.686193,38.405064],[26.683206,38.408229],[26.688457,38.417861],[26.694097,38.419831],[26.697293,38.425746],[26.705736,38.429938],[26.706892,38.43427],[26.711046,38.432684],[26.713849,38.427882],[26.721168,38.426563],[26.724163,38.428526],[26.719574,38.436636],[26.724981,38.435771],[26.727126,38.431685],[26.731498,38.430119],[26.728974,38.426482],[26.732674,38.42208],[26.732058,38.426389],[26.735212,38.429609],[26.74046,38.421328],[26.735705,38.41786],[26.736243,38.41285],[26.738883,38.410956],[26.742323,38.402148],[26.755645,38.398908],[26.748156,38.398484],[26.751414,38.390364],[26.762456,38.384101],[26.760994,38.380707],[26.762435,38.37202],[26.768778,38.365363],[26.778114,38.362889],[26.783163,38.367696],[26.782539,38.371747],[26.78527,38.374403],[26.784577,38.379416],[26.792523,38.377506],[26.788863,38.372008],[26.779914,38.363876],[26.792294,38.357542],[26.799433,38.355629],[26.809199,38.35571],[26.812433,38.357326],[26.816142,38.362658],[26.824638,38.367344],[26.835063,38.370192],[26.855699,38.373643],[26.867533,38.374388],[26.893215,38.379055],[26.900646,38.379011],[26.925079,38.384758],[26.932802,38.383331],[26.941411,38.385291],[26.955463,38.391309],[26.980764,38.39661],[26.988716,38.40084],[26.995127,38.406551],[27.004137,38.40919],[27.011371,38.409716],[27.017115,38.415376],[27.017203,38.4182],[27.021718,38.41414],[27.031929,38.414131],[27.035451,38.410859],[27.045741,38.412606],[27.045857,38.409192],[27.057097,38.406192],[27.056691,38.413768],[27.059025,38.415413],[27.069848,38.404567],[27.077076,38.401008],[27.085619,38.398678],[27.089077,38.399311],[27.097423,38.405579],[27.111001,38.410178],[27.119911,38.411654],[27.122854,38.417159],[27.130423,38.422909],[27.132289,38.42777],[27.140153,38.436984],[27.142811,38.44271],[27.151322,38.442815],[27.154563,38.447635],[27.159244,38.445668],[27.159135,38.441788],[27.162313,38.446729],[27.162613,38.441769],[27.166992,38.439764],[27.168863,38.444745],[27.16629,38.448414],[27.171007,38.447155],[27.162329,38.463333],[27.155917,38.467427],[27.148095,38.464358],[27.134863,38.465111],[27.128578,38.460864],[27.124328,38.455467],[27.120459,38.455471],[27.112459,38.448963],[27.105705,38.450243],[27.08852,38.45757],[27.082171,38.464859],[27.078073,38.467577],[27.069914,38.467101],[27.067861,38.462125],[27.072806,38.460708],[27.066791,38.458786],[27.06185,38.459559],[27.062834,38.462778],[27.057168,38.460804],[27.060381,38.464845],[27.054013,38.463412],[27.049026,38.46783],[27.0473,38.465607],[27.041079,38.465701],[27.037857,38.46396],[27.026802,38.468249],[27.02225,38.466833],[27.031749,38.463996],[27.023631,38.463311],[27.018021,38.466148],[27.011179,38.462707],[27.013817,38.461216],[27.010388,38.458048],[27.008464,38.46094],[26.999136,38.457538],[26.991237,38.459582],[26.991036,38.454022],[26.985116,38.45691],[26.982849,38.449997],[26.98182,38.452695],[26.978498,38.44962],[26.975393,38.455587],[26.974737,38.452314],[26.970564,38.453611],[26.974678,38.447305],[26.972277,38.442619],[26.976279,38.440475],[26.970957,38.434571],[26.970464,38.442685],[26.967372,38.448618],[26.960784,38.445463],[26.954599,38.444789],[26.955039,38.439675],[26.951221,38.436797],[26.950037,38.445304],[26.925841,38.45772],[26.923065,38.466763],[26.913739,38.477638],[26.912846,38.481406],[26.908598,38.486919],[26.883755,38.504086],[26.888023,38.509522],[26.88869,38.514077],[26.877612,38.517987],[26.881098,38.519122],[26.878434,38.523],[26.879874,38.527333],[26.87541,38.529622],[26.881537,38.529968],[26.882568,38.534634],[26.877497,38.534098],[26.870122,38.537233],[26.860072,38.539091],[26.850019,38.542334],[26.845356,38.546264],[26.845851,38.550513],[26.84306,38.549886],[26.837075,38.554437],[26.830866,38.557161],[26.839845,38.555798],[26.841303,38.558017],[26.838341,38.561176],[26.845322,38.560138],[26.846415,38.562152],[26.841844,38.567874],[26.847042,38.573356],[26.84703,38.578616],[26.842861,38.582032],[26.840345,38.580189],[26.839907,38.587577],[26.835988,38.588694],[26.830384,38.57901],[26.823706,38.590955],[26.818702,38.586865],[26.812992,38.58895],[26.81654,38.594257],[26.807409,38.597742],[26.807871,38.601692],[26.80072,38.598738],[26.80325,38.603911],[26.799196,38.610928],[26.793602,38.609858],[26.787737,38.614222],[26.779112,38.617652],[26.772358,38.615465],[26.764324,38.61662],[26.76188,38.614989],[26.756278,38.616285],[26.758978,38.619703],[26.754184,38.627602],[26.760653,38.632857],[26.763118,38.63252],[26.766682,38.637082],[26.770503,38.635463],[26.766053,38.641037],[26.759866,38.640041],[26.752344,38.634786],[26.744122,38.637227],[26.742273,38.645692],[26.736409,38.644589],[26.732284,38.649391],[26.733204,38.654333],[26.726014,38.65468],[26.725445,38.650103],[26.722797,38.651978],[26.723367,38.656257],[26.728182,38.655605],[26.734562,38.660218],[26.735506,38.666786],[26.742324,38.66432],[26.742487,38.667892],[26.748841,38.663693],[26.753487,38.666157],[26.750698,38.669642],[26.754808,38.669164],[26.754032,38.673536],[26.744503,38.678718],[26.739192,38.67815],[26.733214,38.675378],[26.740967,38.682495],[26.734055,38.68618],[26.736481,38.688965],[26.731365,38.691135],[26.728705,38.695898],[26.731188,38.699283],[26.732365,38.706514],[26.730219,38.706937],[26.728835,38.71583],[26.732464,38.71926],[26.726671,38.721129],[26.729584,38.727509],[26.737088,38.731739],[26.743018,38.732608],[26.738619,38.738864],[26.739637,38.741582],[26.74563,38.741638],[26.757664,38.736125],[26.759417,38.739229],[26.770485,38.74154],[26.769183,38.735143],[26.778568,38.740016],[26.779518,38.736767],[26.784825,38.740156],[26.787419,38.747132],[26.790999,38.748614],[26.793885,38.746524],[26.809235,38.752345],[26.815726,38.753447],[26.816891,38.757448],[26.823638,38.762312],[26.831458,38.76087],[26.83241,38.756017],[26.837179,38.752259],[26.832775,38.750735],[26.83379,38.743807],[26.839729,38.741762],[26.850843,38.751508],[26.857568,38.75312],[26.866607,38.743485],[26.873223,38.739964],[26.876992,38.735178],[26.888179,38.732348],[26.897525,38.735647],[26.901067,38.745166],[26.896595,38.749055],[26.900028,38.752416],[26.904026,38.751328],[26.907283,38.754368],[26.904602,38.759883],[26.907275,38.760847],[26.907267,38.766493],[26.916,38.763378],[26.923999,38.757416],[26.928966,38.756265],[26.933696,38.757465],[26.938893,38.763135],[26.938271,38.767797],[26.930154,38.773567],[26.932793,38.780604],[26.925239,38.779915],[26.91709,38.786069],[26.911142,38.794213],[26.911933,38.796288],[26.906162,38.802613],[26.904774,38.807018],[26.898861,38.809044],[26.891404,38.820693],[26.895455,38.825508],[26.900373,38.821],[26.910995,38.817651],[26.917086,38.818942],[26.91834,38.82326],[26.928266,38.829494],[26.934367,38.830492],[26.936937,38.834055],[26.944433,38.836247],[26.945892,38.825902],[26.943733,38.821922],[26.942071,38.812829],[26.948995,38.809709],[26.95064,38.804934],[26.956823,38.802868],[26.969652,38.804662],[26.976592,38.80757],[26.977473,38.811826],[26.983324,38.820942],[26.983861,38.825657],[26.979767,38.828937],[26.972596,38.830746],[26.963703,38.831139],[26.967885,38.839768],[26.969969,38.847001],[26.988575,38.848624],[26.987073,38.852939],[26.990708,38.856648],[27.000015,38.856261],[27.004985,38.85883],[27.008456,38.867461],[27.01029,38.865982],[27.020934,38.869592],[27.023737,38.872549],[27.026272,38.870537],[27.019665,38.865932],[27.019731,38.862635],[27.0246,38.858949],[27.028004,38.862924],[27.024703,38.867943],[27.034642,38.861274],[27.028671,38.862076],[27.032104,38.854976],[27.035044,38.856199],[27.035646,38.86238],[27.038358,38.862296],[27.044184,38.868703],[27.050064,38.867705],[27.05606,38.86959],[27.059283,38.866228],[27.062339,38.868799],[27.063314,38.873942],[27.061748,38.878319],[27.065337,38.875916],[27.065859,38.878981],[27.061812,38.886803],[27.054079,38.892448],[27.046198,38.893219],[27.043741,38.891042],[27.038003,38.892725],[27.036663,38.896749],[27.041889,38.89795],[27.044463,38.902886],[27.04441,38.909606],[27.05515,38.911655],[27.057352,38.915201],[27.051794,38.924716],[27.050119,38.93434],[27.045134,38.94057],[27.033019,38.941288],[27.029916,38.93493],[27.024682,38.929213],[27.015202,38.929539],[27.007321,38.922497],[27.011026,38.91877],[27.017515,38.92049],[27.016498,38.91547],[27.005944,38.914963],[26.997802,38.916936],[26.986537,38.922623],[26.965797,38.935341],[26.963271,38.939506],[26.964505,38.941777],[26.978889,38.951525],[26.975722,38.956012],[26.971318,38.955627],[26.947798,38.93781],[26.943489,38.939366],[26.936571,38.937632],[26.936467,38.932701],[26.93912,38.925975],[26.933254,38.927938],[26.932487,38.933911],[26.92432,38.938661],[26.918018,38.937236],[26.909915,38.932888],[26.895043,38.92775],[26.885601,38.925446],[26.881317,38.918186],[26.855214,38.916317],[26.851473,38.918895],[26.857746,38.923833],[26.852112,38.932625],[26.832789,38.934766],[26.824165,38.93925],[26.81272,38.950032],[26.804627,38.952206],[26.799945,38.959393],[26.798032,38.964944],[26.79629,38.986011],[26.798497,38.997734],[26.801721,39.004664],[26.815668,39.025732],[26.814361,39.028243],[26.80664,39.024241],[26.802257,39.024767],[26.799838,39.033737],[26.805198,39.037086],[26.808841,39.042067],[26.83118,39.044234],[26.851245,39.057802],[26.855882,39.056819],[26.863253,39.059583],[26.86789,39.064589],[26.875199,39.063207],[26.886098,39.067879],[26.886837,39.073909],[26.881128,39.090433],[26.875318,39.100363],[26.854165,39.121085],[26.846614,39.13036],[26.837115,39.140169],[26.808059,39.16479],[26.797553,39.167471],[26.780428,39.169465],[26.770737,39.166624],[26.76984,39.166833],[26.782265,39.180873],[26.795514,39.19886],[26.807097,39.206443],[26.818525,39.212344],[26.824885,39.219655],[26.828607,39.229322],[26.841555,39.235573],[26.856696,39.235934],[26.87143,39.233554],[26.879617,39.236736],[26.887484,39.24583],[26.886621,39.252055],[26.897407,39.260002],[26.905208,39.2636],[26.907503,39.268779],[26.913443,39.270709],[26.922595,39.275939],[26.933753,39.279251],[26.966266,39.291716],[26.986924,39.294941],[27.000783,39.301217],[27.00889,39.303745],[27.018217,39.309236],[27.023882,39.310979],[27.026759,39.314379],[27.042187,39.317081],[27.04672,39.323793],[27.052734,39.328413],[27.070255,39.336432],[27.093528,39.343231],[27.099194,39.34419],[27.108957,39.355347],[27.113925,39.359618],[27.124908,39.360664],[27.138593,39.363279],[27.156654,39.364948],[27.182029,39.365263],[27.18915,39.363105],[27.196559,39.363192],[27.210331,39.366766],[27.21652,39.365284],[27.222273,39.362146],[27.240578,39.360141],[27.262108,39.363628],[27.278495,39.365546],[27.283028,39.370601],[27.297497,39.380189],[27.303076,39.388645],[27.310921,39.392829],[27.323473,39.393613],[27.333671,39.392218],[27.341167,39.386814],[27.355288,39.38786],[27.368886,39.384548],[27.369409,39.378359],[27.372547,39.370514],[27.376731,39.364325]]],[[[26.883475,38.023152],[26.877393,38.024062],[26.883901,38.026122],[26.883475,38.023152]]],[[[26.801886,38.157662],[26.801473,38.16167],[26.805594,38.162201],[26.801886,38.157662]]],[[[26.439799,38.182933],[26.436259,38.185684],[26.439979,38.186867],[26.439799,38.182933]]],[[[26.433555,38.198],[26.434533,38.193719],[26.427953,38.195266],[26.433555,38.198]]],[[[26.452557,38.201152],[26.448022,38.196571],[26.441834,38.198443],[26.443073,38.200189],[26.452557,38.201152]]],[[[26.212029,38.29385],[26.209447,38.29098],[26.205601,38.296665],[26.208471,38.299566],[26.212029,38.29385]]],[[[26.680334,38.331703],[26.675251,38.330892],[26.678716,38.335355],[26.680334,38.331703]]],[[[26.454171,38.3677],[26.457874,38.362803],[26.453519,38.359748],[26.446149,38.364537],[26.450202,38.367623],[26.454171,38.3677]]],[[[26.466529,38.379717],[26.466342,38.375801],[26.461511,38.374539],[26.466529,38.379717]]],[[[26.791815,38.39602],[26.785526,38.393134],[26.783957,38.395048],[26.789183,38.399818],[26.791815,38.39602]]],[[[26.771686,38.409543],[26.769814,38.404996],[26.768089,38.40972],[26.771686,38.409543]]],[[[26.798616,38.408093],[26.79348,38.406712],[26.792186,38.410015],[26.795672,38.415173],[26.798616,38.408093]]],[[[26.783967,38.416262],[26.783967,38.416262],[26.783967,38.416262],[26.783967,38.416262]]],[[[26.316806,38.416742],[26.311567,38.416713],[26.309177,38.419834],[26.316806,38.416742]]],[[[26.388293,38.433353],[26.384924,38.430446],[26.389299,38.424318],[26.38434,38.422643],[26.382529,38.425098],[26.376507,38.425491],[26.372629,38.427815],[26.373107,38.431641],[26.382086,38.433507],[26.384808,38.435952],[26.388293,38.433353]]],[[[26.368364,38.428233],[26.366793,38.429841],[26.368683,38.438096],[26.373354,38.43475],[26.368364,38.428233]]],[[[26.768069,38.454262],[26.772964,38.452409],[26.771563,38.44847],[26.774599,38.446311],[26.775862,38.440703],[26.764233,38.435514],[26.758869,38.439538],[26.759802,38.452556],[26.761883,38.454405],[26.768069,38.454262]]],[[[26.360532,38.454574],[26.359859,38.448904],[26.36266,38.447363],[26.362087,38.44204],[26.358449,38.441991],[26.357451,38.428973],[26.354162,38.42583],[26.349075,38.428639],[26.351747,38.431696],[26.347143,38.430889],[26.346103,38.427717],[26.340456,38.430317],[26.340279,38.425054],[26.335236,38.429301],[26.335779,38.425275],[26.332204,38.422705],[26.327601,38.427901],[26.329619,38.434737],[26.3261,38.437683],[26.328737,38.443775],[26.343289,38.447776],[26.350281,38.454908],[26.360532,38.454574]]],[[[26.703759,38.541159],[26.710472,38.54311],[26.714647,38.54128],[26.72046,38.533723],[26.727219,38.531899],[26.729437,38.526432],[26.727477,38.523667],[26.730948,38.519642],[26.730572,38.516646],[26.73407,38.513799],[26.730336,38.51063],[26.73084,38.496691],[26.732335,38.493959],[26.740902,38.491195],[26.744993,38.484646],[26.749203,38.481094],[26.746535,38.477762],[26.747769,38.470671],[26.742227,38.45922],[26.735429,38.461392],[26.733021,38.458779],[26.72375,38.460608],[26.728489,38.470544],[26.715824,38.474537],[26.713729,38.477592],[26.703313,38.478262],[26.702772,38.475023],[26.695623,38.47816],[26.694051,38.483628],[26.695153,38.490306],[26.692901,38.495961],[26.695464,38.508375],[26.693766,38.512852],[26.695158,38.519602],[26.701742,38.520892],[26.703114,38.525071],[26.701601,38.5316],[26.706262,38.537367],[26.700432,38.540891],[26.697338,38.546732],[26.703759,38.541159]]],[[[26.733026,38.675446],[26.733026,38.675446],[26.733026,38.675446],[26.733026,38.675446]]],[[[26.725106,38.676909],[26.72957,38.672923],[26.727288,38.670863],[26.723819,38.675059],[26.725106,38.676909]]],[[[26.718119,38.678098],[26.712067,38.674078],[26.711499,38.67574],[26.718119,38.678098]]],[[[26.708331,38.702851],[26.715127,38.694978],[26.718622,38.692598],[26.724071,38.693566],[26.725242,38.691044],[26.722358,38.685945],[26.711855,38.693154],[26.709459,38.692698],[26.707679,38.697089],[26.708331,38.702851]]],[[[26.726611,38.702856],[26.726611,38.702856],[26.726611,38.702856],[26.726611,38.702856]]],[[[26.70882,38.712075],[26.70882,38.712075],[26.70882,38.712075],[26.70882,38.712075]]],[[[26.733709,38.732291],[26.733709,38.732291],[26.733709,38.732291],[26.733709,38.732291]]],[[[26.885059,38.854727],[26.887752,38.85031],[26.883318,38.846482],[26.876017,38.849208],[26.877199,38.852889],[26.882709,38.855978],[26.885059,38.854727]]],[[[26.837761,38.904285],[26.834103,38.903141],[26.831304,38.90816],[26.833054,38.910216],[26.837761,38.904285]]],[[[26.81971,38.91362],[26.806808,38.91634],[26.80913,38.922168],[26.807602,38.927599],[26.813957,38.924682],[26.822314,38.923324],[26.823651,38.917851],[26.81971,38.91362]]]]}},{"type":"Feature","properties":{"id":"TR-P-36","region_id":"TR-R-DOA"},"geometry":{"type":"Polygon","coordinates":[[[43.48909,41.016691],[43.500296,41.015357],[43.50616,41.012273],[43.517058,41.015149],[43.523468,41.012949],[43.536034,41.006934],[43.542491,41.001225],[43.555051,40.995593],[43.564007,40.992511],[43.578256,40.992918],[43.586746,40.986521],[43.593202,40.985939],[43.608635,40.977201],[43.614433,40.972497],[43.628096,40.965351],[43.638179,40.958642],[43.672013,40.937369],[43.674364,40.934254],[43.673065,40.926077],[43.673711,40.920884],[43.670369,40.911875],[43.676372,40.90876],[43.680849,40.902743],[43.676702,40.898286],[43.676695,40.894002],[43.673738,40.88709],[43.676495,40.874956],[43.675256,40.870814],[43.681169,40.865851],[43.68113,40.859609],[43.677366,40.847519],[43.678286,40.844295],[43.687707,40.836028],[43.693365,40.832862],[43.695775,40.829421],[43.700729,40.827258],[43.706734,40.820545],[43.71321,40.805791],[43.716692,40.803779],[43.719299,40.795834],[43.723073,40.792003],[43.725508,40.785033],[43.724448,40.781674],[43.729634,40.772489],[43.731538,40.762563],[43.735881,40.759297],[43.738895,40.750587],[43.741119,40.749135],[43.748478,40.730983],[43.747728,40.726676],[43.739599,40.720143],[43.739412,40.715046],[43.736381,40.711568],[43.740026,40.711992],[43.743758,40.704665],[43.746525,40.703308],[43.745167,40.696994],[43.739488,40.689738],[43.745224,40.686463],[43.750046,40.678336],[43.741787,40.674907],[43.74429,40.670608],[43.742073,40.667261],[43.735883,40.666649],[43.736315,40.663362],[43.731361,40.665053],[43.72625,40.662703],[43.722753,40.657996],[43.718967,40.657338],[43.720672,40.654444],[43.717093,40.642553],[43.720876,40.641315],[43.721711,40.635894],[43.716279,40.634821],[43.712572,40.627922],[43.706537,40.626676],[43.707298,40.618635],[43.704509,40.616468],[43.705073,40.60964],[43.701824,40.606648],[43.695336,40.60615],[43.695618,40.602387],[43.690169,40.598754],[43.68391,40.59142],[43.685739,40.585321],[43.681056,40.583609],[43.680506,40.577868],[43.67755,40.575997],[43.674332,40.578713],[43.668102,40.572972],[43.671497,40.570006],[43.670921,40.566921],[43.662243,40.563428],[43.656777,40.565772],[43.643527,40.561681],[43.641959,40.558037],[43.645226,40.544617],[43.650759,40.538283],[43.650794,40.532582],[43.647294,40.530464],[43.642378,40.53329],[43.642639,40.53659],[43.639373,40.53747],[43.636787,40.534567],[43.63522,40.539601],[43.62745,40.536844],[43.633423,40.528453],[43.6365,40.527619],[43.638852,40.523001],[43.634133,40.519008],[43.625599,40.518804],[43.625201,40.524199],[43.618443,40.524756],[43.610469,40.513503],[43.605455,40.516418],[43.597701,40.510366],[43.587555,40.506472],[43.585141,40.507613],[43.578176,40.503666],[43.570776,40.503607],[43.568368,40.498173],[43.569208,40.494529],[43.563352,40.496097],[43.55734,40.493252],[43.559294,40.489706],[43.557321,40.487013],[43.558241,40.48195],[43.553737,40.479313],[43.542518,40.477346],[43.546832,40.47602],[43.549159,40.471978],[43.546949,40.467544],[43.554871,40.464897],[43.559629,40.45945],[43.569157,40.460271],[43.57461,40.455513],[43.585158,40.448775],[43.585734,40.445275],[43.592629,40.446009],[43.601199,40.438591],[43.608491,40.436023],[43.611985,40.431126],[43.612905,40.426533],[43.619317,40.422304],[43.619105,40.416289],[43.614056,40.415607],[43.613996,40.408731],[43.61817,40.403259],[43.620117,40.397845],[43.617654,40.3899],[43.612705,40.390314],[43.611844,40.386595],[43.605319,40.381539],[43.606497,40.374253],[43.599687,40.372274],[43.600137,40.369258],[43.594805,40.360629],[43.597014,40.354651],[43.591011,40.346339],[43.593757,40.340848],[43.600179,40.334651],[43.60228,40.329054],[43.608484,40.324819],[43.614461,40.313848],[43.621441,40.310785],[43.622405,40.306576],[43.626711,40.304384],[43.626647,40.298997],[43.634727,40.294716],[43.635969,40.290071],[43.631972,40.282374],[43.638467,40.280255],[43.641006,40.272393],[43.645048,40.270643],[43.649139,40.271875],[43.653502,40.269016],[43.663879,40.270002],[43.67228,40.265351],[43.677439,40.257619],[43.682299,40.257699],[43.678979,40.254432],[43.68138,40.25],[43.676893,40.248177],[43.682497,40.236879],[43.677683,40.233222],[43.67847,40.229113],[43.683892,40.226873],[43.676054,40.225022],[43.667286,40.228063],[43.657795,40.228142],[43.654112,40.22637],[43.659296,40.219452],[43.673826,40.205451],[43.687106,40.1993],[43.689658,40.195841],[43.696344,40.191073],[43.695392,40.188996],[43.698024,40.182812],[43.70237,40.177173],[43.711644,40.173641],[43.713157,40.1655],[43.715073,40.163048],[43.703199,40.161264],[43.700668,40.162302],[43.690307,40.159857],[43.681259,40.15928],[43.668112,40.156011],[43.665766,40.153262],[43.661154,40.153843],[43.654367,40.147103],[43.650951,40.145742],[43.653376,40.141817],[43.64859,40.13154],[43.637401,40.131073],[43.632345,40.125519],[43.624014,40.125448],[43.600088,40.135274],[43.590689,40.135132],[43.57894,40.130575],[43.568421,40.124252],[43.562363,40.117895],[43.545641,40.120095],[43.528779,40.121306],[43.513887,40.118149],[43.494211,40.112644],[43.475263,40.109004],[43.45733,40.113413],[43.405419,40.134983],[43.390822,40.136014],[43.372269,40.128348],[43.344255,40.138264],[43.342738,40.138371],[43.343915,40.121874],[43.342994,40.114836],[43.342742,40.100343],[43.344502,40.094227],[43.351371,40.084508],[43.355393,40.071942],[43.35422,40.063312],[43.346764,40.054348],[43.299848,40.025109],[43.281289,40.017494],[43.272188,40.020468],[43.260294,40.019206],[43.247949,40.016413],[43.217491,40.011727],[43.18397,40.011727],[43.160992,40.009835],[43.149729,40.008123],[43.132878,40.001094],[43.124228,39.995778],[43.111342,39.98938],[43.102601,39.988028],[43.08566,39.986767],[43.072677,39.990666],[43.063793,39.990998],[43.05109,39.984356],[43.046856,39.981035],[43.034485,39.978129],[43.029006,39.979208],[43.013978,39.985767],[43.003019,39.99133],[42.994218,39.993073],[42.96682,39.996228],[42.943822,39.994485],[42.933527,39.992326],[42.926636,39.989337],[42.917503,39.982114],[42.910861,39.979042],[42.89218,39.972898],[42.860797,39.965343],[42.831572,39.962354],[42.794211,39.956874],[42.771794,39.955131],[42.746471,39.951893],[42.719156,39.944836],[42.700891,39.940851],[42.66602,39.93753],[42.646177,39.933129],[42.612967,39.928065],[42.583659,39.92408],[42.564978,39.921008],[42.567581,39.932852],[42.5716,39.946395],[42.572865,39.962543],[42.566912,39.984421],[42.556121,40.004215],[42.550019,40.011062],[42.540643,40.019694],[42.532086,40.026242],[42.523677,40.030037],[42.511101,40.033684],[42.496888,40.039488],[42.468164,40.058761],[42.461615,40.069328],[42.449932,40.079225],[42.4413,40.091355],[42.425673,40.108991],[42.416297,40.114646],[42.409004,40.126181],[42.397395,40.141733],[42.391368,40.146645],[42.368597,40.154905],[42.345752,40.160932],[42.334069,40.164727],[42.305791,40.172392],[42.301103,40.17455],[42.289792,40.183926],[42.283095,40.188093],[42.272677,40.191591],[42.260771,40.194344],[42.241423,40.197767],[42.232493,40.201563],[42.227879,40.206697],[42.209276,40.21585],[42.1903,40.224036],[42.172292,40.229914],[42.167604,40.23237],[42.158674,40.239439],[42.148851,40.249857],[42.137764,40.268089],[42.134713,40.274563],[42.13129,40.286097],[42.129504,40.299864],[42.130099,40.311993],[42.137317,40.337741],[42.140963,40.343768],[42.144014,40.353442],[42.150935,40.363786],[42.15726,40.37093],[42.16552,40.386929],[42.173408,40.392956],[42.180477,40.395189],[42.191416,40.395189],[42.200197,40.394147],[42.216494,40.389012],[42.237777,40.376362],[42.249013,40.372641],[42.304824,40.367432],[42.318888,40.369962],[42.334441,40.378446],[42.339724,40.379636],[42.361602,40.379487],[42.372913,40.376362],[42.384745,40.374502],[42.408409,40.373832],[42.421357,40.378818],[42.430882,40.384622],[42.444351,40.3969],[42.450527,40.400547],[42.47501,40.406425],[42.487586,40.410444],[42.500385,40.416546],[42.515119,40.414983],[42.522561,40.421308],[42.527918,40.429717],[42.537592,40.468561],[42.538783,40.480021],[42.536923,40.486942],[42.532086,40.495276],[42.529704,40.502718],[42.526356,40.518493],[42.525016,40.534939],[42.528663,40.551459],[42.530448,40.567309],[42.539081,40.577355],[42.547117,40.581374],[42.550094,40.584425],[42.558428,40.608758],[42.561703,40.62312],[42.562372,40.639417],[42.570111,40.656235],[42.570812,40.659888],[42.582011,40.650169],[42.588841,40.646089],[42.59638,40.643517],[42.613765,40.640501],[42.624764,40.639259],[42.64348,40.641299],[42.658647,40.646],[42.672218,40.652741],[42.685878,40.661168],[42.692708,40.664006],[42.728809,40.675626],[42.740606,40.680771],[42.758435,40.690528],[42.776263,40.703389],[42.797197,40.711904],[42.811477,40.716428],[42.846159,40.729467],[42.851924,40.735764],[42.858754,40.775058],[42.860085,40.784815],[42.860262,40.800781],[42.862568,40.812579],[42.865762,40.818699],[42.870019,40.822069],[42.881461,40.825795],[42.885364,40.825972],[42.901862,40.822779],[42.912418,40.81861],[42.923492,40.811614],[42.938419,40.804265],[42.94178,40.807082],[42.94621,40.81455],[42.945858,40.826327],[42.937963,40.838834],[42.933794,40.848236],[42.933972,40.852937],[42.940092,40.870145],[42.94772,40.881587],[42.961646,40.898617],[42.978144,40.916003],[42.994997,40.934807],[43.008214,40.94758],[43.016374,40.953434],[43.029058,40.961062],[43.038017,40.964521],[43.053122,40.967204],[43.065903,40.970203],[43.077659,40.974463],[43.082866,40.977303],[43.106535,40.998685],[43.114583,41.00405],[43.129889,41.004523],[43.145116,40.999947],[43.154111,41.000578],[43.164052,41.002629],[43.17202,41.005706],[43.188668,41.014622],[43.229142,41.017857],[43.248156,41.024405],[43.265987,41.03624],[43.282602,41.050046],[43.299755,41.069557],[43.314347,41.087996],[43.325684,41.09294],[43.346427,41.094991],[43.357402,41.093061],[43.369221,41.088237],[43.392256,41.074368],[43.410105,41.059775],[43.424431,41.044612],[43.441799,41.023275],[43.457457,41.002779],[43.466656,41.000203],[43.475303,41.000387],[43.485963,41.005263],[43.48909,41.016691]]]}},{"type":"Feature","properties":{"id":"TR-P-37","region_id":"TR-R-KAR"},"geometry":{"type":"Polygon","coordinates":[[[34.227721,41.955026],[34.228084,41.941558],[34.224302,41.938693],[34.228256,41.932159],[34.25972,41.918347],[34.263503,41.90998],[34.257714,41.901727],[34.257714,41.891124],[34.264477,41.886024],[34.268661,41.87886],[34.277945,41.870836],[34.295138,41.858572],[34.298634,41.854273],[34.298634,41.850434],[34.287287,41.839831],[34.283734,41.834788],[34.281957,41.824128],[34.287058,41.815302],[34.286313,41.811634],[34.270027,41.795071],[34.26208,41.784296],[34.24886,41.776273],[34.242594,41.765269],[34.239384,41.755947],[34.242823,41.749528],[34.253508,41.740536],[34.258908,41.738498],[34.269912,41.738091],[34.279489,41.739415],[34.295791,41.745325],[34.305267,41.745834],[34.315863,41.744612],[34.330433,41.73911],[34.341742,41.733404],[34.352848,41.719242],[34.362731,41.715676],[34.381172,41.720974],[34.39024,41.725355],[34.413674,41.725865],[34.422436,41.724846],[34.444036,41.719548],[34.457078,41.717306],[34.46584,41.717714],[34.474602,41.716797],[34.483772,41.714148],[34.501194,41.71537],[34.510058,41.713944],[34.541134,41.702431],[34.581885,41.704086],[34.592373,41.696292],[34.603033,41.681563],[34.608019,41.661504],[34.605383,41.654111],[34.604523,41.636631],[34.602173,41.631358],[34.595468,41.622303],[34.592717,41.608606],[34.588075,41.60448],[34.575696,41.603047],[34.570251,41.600754],[34.565953,41.59147],[34.56601,41.579836],[34.568704,41.573474],[34.567901,41.567227],[34.558216,41.552785],[34.55173,41.552174],[34.55066,41.548353],[34.545846,41.546213],[34.535607,41.547665],[34.522234,41.543844],[34.504964,41.541781],[34.493043,41.536814],[34.48502,41.531159],[34.474398,41.525963],[34.445666,41.516106],[34.43344,41.506936],[34.424652,41.49471],[34.425951,41.488061],[34.441998,41.474842],[34.447271,41.467812],[34.448646,41.460323],[34.448188,41.434495],[34.450557,41.420052],[34.453537,41.414627],[34.462401,41.405533],[34.466604,41.395065],[34.465152,41.384443],[34.460949,41.370841],[34.456059,41.359455],[34.451932,41.355787],[34.449716,41.349598],[34.452085,41.337524],[34.455906,41.325603],[34.45567,41.322557],[34.453069,41.315987],[34.448781,41.309778],[34.435105,41.30098],[34.430007,41.290932],[34.418663,41.274789],[34.415522,41.272869],[34.405923,41.273655],[34.399902,41.275313],[34.39266,41.282206],[34.387162,41.285173],[34.368843,41.291423],[34.343963,41.293366],[34.340525,41.29076],[34.336755,41.281279],[34.326941,41.271909],[34.320898,41.25899],[34.319179,41.251394],[34.309143,41.245295],[34.301048,41.234594],[34.291179,41.216131],[34.280423,41.204543],[34.27072,41.198998],[34.261017,41.195228],[34.242886,41.191902],[34.222095,41.185969],[34.218324,41.182032],[34.217945,41.176118],[34.23103,41.14566],[34.229848,41.13021],[34.225708,41.121708],[34.224303,41.115572],[34.224525,41.103005],[34.227186,41.088145],[34.232435,41.081788],[34.238645,41.0775],[34.260601,41.068407],[34.280487,41.058944],[34.28825,41.056653],[34.303935,41.055421],[34.310144,41.052661],[34.315664,41.047634],[34.325225,41.026244],[34.327098,41.015599],[34.321184,41.008206],[34.308074,40.995786],[34.296739,40.988098],[34.286094,40.982184],[34.266873,40.974397],[34.264704,40.968877],[34.26017,40.96661],[34.260958,40.956359],[34.260268,40.943446],[34.255537,40.933294],[34.249623,40.92807],[34.248896,40.916069],[34.246087,40.905276],[34.236329,40.87844],[34.229084,40.870456],[34.219399,40.864764],[34.207338,40.854638],[34.199606,40.846615],[34.19273,40.844373],[34.180324,40.842355],[34.166542,40.843916],[34.135714,40.843842],[34.132314,40.842955],[34.114793,40.834897],[34.092541,40.827653],[34.087071,40.826913],[34.080586,40.826739],[34.067686,40.828568],[34.036686,40.827991],[34.027732,40.829339],[33.992496,40.845609],[33.965155,40.853985],[33.943205,40.854851],[33.918848,40.851578],[33.904214,40.850422],[33.89478,40.846668],[33.869364,40.841469],[33.85396,40.836559],[33.834994,40.83319],[33.79533,40.83319],[33.783183,40.835275],[33.773813,40.841565],[33.769063,40.848497],[33.76776,40.854033],[33.77137,40.864358],[33.780829,40.878221],[33.784222,40.884431],[33.791298,40.893745],[33.79628,40.902338],[33.797941,40.914757],[33.797291,40.927826],[33.791515,40.940606],[33.789565,40.949271],[33.788627,40.962917],[33.792815,40.981041],[33.79823,40.987683],[33.812689,40.996546],[33.819115,41.005355],[33.820776,41.009327],[33.821065,41.01893],[33.823808,41.026367],[33.819115,41.032288],[33.797237,41.041963],[33.767561,41.052288],[33.761135,41.052433],[33.743734,41.050195],[33.731748,41.051566],[33.712325,41.055899],[33.695645,41.056549],[33.689652,41.055465],[33.677377,41.051061],[33.652611,41.048462],[33.63391,41.048389],[33.619181,41.045357],[33.608061,41.044418],[33.590082,41.039941],[33.579685,41.034526],[33.57167,41.031566],[33.554124,41.031638],[33.54907,41.032865],[33.529791,41.039797],[33.514267,41.050483],[33.497877,41.055465],[33.481631,41.054671],[33.465818,41.0494],[33.44755,41.037631],[33.436792,41.023984],[33.428199,41.014525],[33.423401,41.00567],[33.425045,40.994236],[33.42433,40.989519],[33.418113,40.983945],[33.412182,40.980443],[33.399747,40.97787],[33.389099,40.978013],[33.368342,40.976185],[33.345913,40.978387],[33.335299,40.983586],[33.321518,40.997066],[33.32469,41.003451],[33.317412,41.009035],[33.304431,41.023476],[33.302526,41.031796],[33.287569,41.038055],[33.2696,41.043342],[33.253533,41.046255],[33.244694,41.052463],[33.235273,41.054851],[33.224686,41.05545],[33.209646,41.061602],[33.206317,41.065625],[33.189998,41.072874],[33.184001,41.074266],[33.175946,41.074202],[33.154946,41.067341],[33.141811,41.065601],[33.137244,41.063889],[33.122691,41.055037],[33.115994,41.052561],[33.109223,41.053536],[33.098965,41.057462],[33.087004,41.060714],[33.075668,41.061827],[33.07178,41.063189],[33.05983,41.071071],[33.058839,41.074739],[33.053622,41.078306],[33.052507,41.084795],[33.057848,41.096216],[33.0583,41.104208],[33.054009,41.108464],[33.043748,41.11146],[33.034154,41.123881],[33.017356,41.136607],[33.014685,41.141561],[33.010412,41.145018],[33.001889,41.147881],[32.995786,41.145804],[32.985122,41.146205],[32.985212,41.15502],[32.98399,41.162468],[32.980611,41.165466],[32.96166,41.168732],[32.953486,41.172652],[32.937805,41.183151],[32.928502,41.198966],[32.923119,41.205013],[32.926309,41.225678],[32.927704,41.248803],[32.927505,41.258238],[32.93425,41.273034],[32.947451,41.278262],[32.962601,41.281097],[32.96774,41.28278],[32.986523,41.286324],[32.994408,41.289868],[33.01452,41.303069],[33.037644,41.314498],[33.045706,41.320878],[33.057579,41.319992],[33.070071,41.316005],[33.075919,41.316536],[33.092221,41.323093],[33.097005,41.326459],[33.10427,41.337888],[33.104181,41.344002],[33.0986,41.361633],[33.09637,41.375188],[33.100032,41.378142],[33.107947,41.380504],[33.117752,41.380977],[33.133463,41.377197],[33.13758,41.377997],[33.147329,41.387828],[33.151847,41.396777],[33.151759,41.403776],[33.157961,41.420699],[33.158227,41.425837],[33.153442,41.433014],[33.143874,41.435052],[33.122256,41.442494],[33.110826,41.44781],[33.103827,41.453037],[33.101258,41.463226],[33.096651,41.475098],[33.090006,41.484667],[33.078222,41.487768],[33.06697,41.496273],[33.063072,41.502121],[33.062097,41.51036],[33.067324,41.525954],[33.066084,41.534105],[33.065818,41.546331],[33.064312,41.560507],[33.057047,41.571139],[33.051997,41.573265],[33.026481,41.575037],[33.015849,41.572645],[33.006723,41.568481],[32.995825,41.569455],[32.987763,41.573354],[32.979346,41.580264],[32.975093,41.581682],[32.9595,41.583011],[32.95126,41.580264],[32.945502,41.573531],[32.935756,41.568215],[32.923883,41.562988],[32.915644,41.561216],[32.898367,41.562279],[32.886141,41.562279],[32.874268,41.565646],[32.862219,41.570784],[32.847334,41.57167],[32.853005,41.580176],[32.861156,41.588238],[32.869218,41.593554],[32.882597,41.608439],[32.889419,41.614021],[32.895355,41.622526],[32.896507,41.630145],[32.895,41.645916],[32.897038,41.658763],[32.905455,41.667445],[32.910328,41.674799],[32.915024,41.685077],[32.921403,41.693493],[32.927073,41.704923],[32.934515,41.7323],[32.932367,41.738605],[32.924493,41.742756],[32.917774,41.751875],[32.897684,41.743853],[32.892638,41.738685],[32.884137,41.737203],[32.880182,41.738982],[32.871681,41.735423],[32.863378,41.733842],[32.857743,41.734435],[32.848253,41.737499],[32.843904,41.743134],[32.842223,41.748373],[32.838072,41.753909],[32.830065,41.760631],[32.821662,41.771998],[32.807823,41.778523],[32.796641,41.78223],[32.787522,41.782081],[32.774547,41.778152],[32.771285,41.780228],[32.768171,41.789273],[32.769951,41.796168],[32.768394,41.800913],[32.754159,41.812701],[32.751194,41.821301],[32.750452,41.82738],[32.746968,41.829678],[32.751097,41.83352],[32.751474,41.837433],[32.755351,41.840349],[32.752145,41.844197],[32.757143,41.848216],[32.757963,41.849959],[32.76609,41.84873],[32.770427,41.853115],[32.779133,41.858173],[32.784644,41.859949],[32.788395,41.858712],[32.813713,41.85779],[32.816993,41.855695],[32.823371,41.860275],[32.83251,41.861968],[32.853518,41.859841],[32.859157,41.858461],[32.862859,41.861001],[32.859617,41.86179],[32.873032,41.8679],[32.887016,41.867462],[32.907986,41.87204],[32.930183,41.878478],[32.935943,41.881238],[32.942689,41.882486],[32.963188,41.88817],[32.973011,41.891608],[32.981399,41.895704],[32.985374,41.901956],[32.981508,41.903446],[32.98164,41.906906],[32.985888,41.909392],[32.996401,41.90972],[33.005665,41.911352],[33.012652,41.916455],[33.017842,41.915951],[33.027216,41.921295],[33.026822,41.926135],[33.038221,41.928719],[33.049719,41.932618],[33.066956,41.934906],[33.070986,41.936768],[33.088134,41.93986],[33.096718,41.943018],[33.104701,41.943351],[33.113568,41.947147],[33.122635,41.948955],[33.143423,41.949164],[33.149094,41.953103],[33.164126,41.954178],[33.169616,41.956033],[33.168531,41.958088],[33.179101,41.966717],[33.190404,41.968325],[33.190528,41.96979],[33.20165,41.9741],[33.205598,41.974253],[33.208947,41.977221],[33.217805,41.979752],[33.228489,41.980094],[33.237623,41.982805],[33.240915,41.985213],[33.248041,41.985679],[33.252636,41.987905],[33.261608,41.989418],[33.272587,41.993966],[33.278001,41.999151],[33.294927,42.00523],[33.297962,42.007437],[33.310178,42.009588],[33.319721,42.015734],[33.323431,42.015724],[33.33795,42.019625],[33.344553,42.019872],[33.346817,42.018103],[33.357073,42.018255],[33.364504,42.0156],[33.373672,42.015827],[33.378161,42.017877],[33.382712,42.01529],[33.396614,42.014786],[33.406503,42.012853],[33.412648,42.008741],[33.431283,42.008806],[33.44283,42.012307],[33.445973,42.010773],[33.455742,42.011084],[33.458538,42.007931],[33.464052,42.006096],[33.475051,42.006019],[33.505598,42.002466],[33.510045,42.00363],[33.521013,42.000422],[33.533569,42.000284],[33.548813,41.996804],[33.556897,41.996454],[33.568399,41.99137],[33.578532,41.991003],[33.584028,41.988916],[33.607152,41.987756],[33.619524,41.985472],[33.631412,41.985995],[33.638206,41.984266],[33.652367,41.984764],[33.663692,41.984013],[33.679756,41.980481],[33.709458,41.979828],[33.717017,41.980493],[33.733819,41.97787],[33.74507,41.97755],[33.75765,41.980874],[33.76362,41.98032],[33.772047,41.97558],[33.780215,41.973496],[33.790701,41.973126],[33.797684,41.976659],[33.805736,41.974966],[33.812433,41.976289],[33.814116,41.974903],[33.829606,41.97248],[33.854904,41.974786],[33.877165,41.973284],[33.88818,41.974564],[33.893893,41.971665],[33.899654,41.971591],[33.909524,41.973684],[33.922157,41.973048],[33.929749,41.974663],[33.94433,41.973795],[33.963239,41.976841],[33.969029,41.980815],[33.982879,41.979117],[34.000526,41.980957],[34.01924,41.981379],[34.019986,41.979834],[34.039284,41.979832],[34.045953,41.981557],[34.049213,41.979889],[34.057732,41.980329],[34.079348,41.978441],[34.094729,41.979172],[34.104197,41.978275],[34.1131,41.975072],[34.131806,41.970958],[34.155501,41.967266],[34.162384,41.966897],[34.171134,41.963173],[34.171698,41.960337],[34.196,41.956285],[34.217797,41.954269],[34.227721,41.955026]]]}},{"type":"Feature","properties":{"id":"TR-P-38","region_id":"TR-R-ICA"},"geometry":{"type":"Polygon","coordinates":[[[36.774141,38.542435],[36.759782,38.535607],[36.738624,38.527234],[36.723229,38.524713],[36.700451,38.51571],[36.694978,38.50819],[36.693193,38.503103],[36.692301,38.489092],[36.698191,38.467049],[36.703188,38.460267],[36.718727,38.455929],[36.72719,38.451698],[36.729171,38.440804],[36.72737,38.432611],[36.719808,38.422077],[36.716026,38.412083],[36.708734,38.40299],[36.702431,38.400469],[36.681814,38.395518],[36.672271,38.399749],[36.667859,38.4029],[36.659306,38.405961],[36.646522,38.412804],[36.633107,38.412714],[36.629776,38.410103],[36.625454,38.40227],[36.616811,38.398219],[36.599975,38.377961],[36.588271,38.369318],[36.579988,38.361035],[36.576477,38.352482],[36.563512,38.343029],[36.55829,38.337717],[36.55649,38.333305],[36.550187,38.324662],[36.539474,38.31809],[36.532901,38.309447],[36.519937,38.294862],[36.515075,38.2909],[36.507152,38.288199],[36.5004,38.287749],[36.486895,38.28865],[36.480322,38.287389],[36.466458,38.281087],[36.454933,38.280277],[36.440078,38.274875],[36.435036,38.272264],[36.41766,38.266142],[36.406496,38.263531],[36.400914,38.259659],[36.388837,38.273567],[36.375355,38.285501],[36.370617,38.293063],[36.370344,38.299258],[36.372804,38.308368],[36.378543,38.310827],[36.387926,38.320575],[36.395579,38.334331],[36.39567,38.339615],[36.391753,38.348816],[36.391024,38.354556],[36.388291,38.360568],[36.379272,38.369678],[36.371437,38.369861],[36.3626,38.37642],[36.349755,38.380155],[36.340554,38.379517],[36.333722,38.375873],[36.326889,38.367674],[36.32115,38.363848],[36.315866,38.363757],[36.309216,38.369678],[36.300197,38.375691],[36.297555,38.379426],[36.29719,38.386259],[36.292453,38.39218],[36.289902,38.400106],[36.281885,38.402475],[36.272411,38.400744],[36.263483,38.394458],[36.251185,38.387625],[36.242439,38.378424],[36.236791,38.373778],[36.227316,38.370589],[36.211191,38.369314],[36.196433,38.361024],[36.178577,38.357471],[36.172383,38.357289],[36.156531,38.353098],[36.137036,38.341893],[36.124282,38.33998],[36.109705,38.330141],[36.097407,38.313378],[36.084015,38.304815],[36.073994,38.295978],[36.068892,38.289692],[36.055501,38.27548],[36.044569,38.264822],[36.041289,38.263273],[36.03391,38.255074],[36.028171,38.247148],[36.020154,38.241136],[36.0074,38.234667],[36.000658,38.22993],[35.991548,38.225193],[35.989453,38.21918],[35.989999,38.214808],[35.993188,38.210617],[35.997925,38.196496],[36.005578,38.192579],[36.005669,38.189482],[35.991913,38.167709],[35.993461,38.156776],[35.992004,38.151857],[35.980616,38.144569],[35.967224,38.134275],[35.954926,38.126349],[35.94117,38.116237],[35.919579,38.108129],[35.909649,38.10075],[35.899628,38.09164],[35.892431,38.08754],[35.884232,38.084716],[35.851618,38.077155],[35.839046,38.079523],[35.828387,38.084807],[35.822739,38.086356],[35.809165,38.087267],[35.794771,38.082985],[35.789943,38.080525],[35.786299,38.070504],[35.777644,38.062032],[35.773271,38.049187],[35.768261,38.043356],[35.751954,38.041534],[35.746032,38.037526],[35.737833,38.034975],[35.730819,38.027232],[35.715331,38.021492],[35.711779,38.01803],[35.706586,38.009649],[35.695289,38.000175],[35.691372,37.98733],[35.686088,37.979039],[35.668597,37.983321],[35.657847,37.980588],[35.646551,37.976671],[35.644182,37.974849],[35.635527,37.973027],[35.619949,37.971569],[35.611932,37.968836],[35.605009,37.967925],[35.598085,37.965283],[35.592528,37.959817],[35.588064,37.950616],[35.582325,37.947792],[35.575766,37.94187],[35.575674,37.933945],[35.578499,37.92611],[35.586789,37.920644],[35.59435,37.908345],[35.595079,37.903517],[35.5877,37.894589],[35.586151,37.885844],[35.594077,37.86899],[35.601091,37.864162],[35.602367,37.85906],[35.599361,37.854141],[35.599111,37.849006],[35.601342,37.830627],[35.598848,37.823538],[35.598848,37.806866],[35.593991,37.799252],[35.583488,37.792819],[35.572199,37.79597],[35.566816,37.79597],[35.561565,37.793607],[35.546337,37.793344],[35.537279,37.786518],[35.527302,37.77654],[35.514682,37.771782],[35.50848,37.76292],[35.507987,37.759081],[35.514092,37.752878],[35.521968,37.751992],[35.52443,37.745198],[35.533685,37.742441],[35.546878,37.733777],[35.546977,37.724226],[35.543137,37.709261],[35.540282,37.70355],[35.532996,37.697741],[35.524626,37.686198],[35.515993,37.687104],[35.501296,37.691008],[35.495783,37.694156],[35.491427,37.703181],[35.483304,37.706769],[35.478153,37.711919],[35.479425,37.717843],[35.469877,37.727495],[35.461422,37.730429],[35.451422,37.729427],[35.433093,37.730674],[35.433046,37.722646],[35.428948,37.719174],[35.421416,37.722645],[35.415582,37.718879],[35.413145,37.708762],[35.40613,37.704701],[35.402512,37.704627],[35.388629,37.711052],[35.381023,37.713119],[35.363744,37.719322],[35.357319,37.717402],[35.352593,37.713488],[35.341886,37.709353],[35.338046,37.710609],[35.324089,37.721907],[35.325049,37.736232],[35.322391,37.739555],[35.309911,37.746054],[35.289752,37.752109],[35.283106,37.753216],[35.274171,37.756835],[35.259497,37.760141],[35.24545,37.758172],[35.235079,37.757647],[35.22799,37.759222],[35.21263,37.758435],[35.20436,37.75594],[35.188606,37.742944],[35.187218,37.742579],[35.183698,37.763182],[35.181493,37.770389],[35.162244,37.789893],[35.155376,37.801086],[35.151475,37.80982],[35.151802,37.829611],[35.155669,37.838077],[35.160608,37.838844],[35.180258,37.834384],[35.208211,37.832921],[35.218524,37.830319],[35.227629,37.829762],[35.241659,37.831249],[35.277614,37.837102],[35.290714,37.842212],[35.298054,37.846671],[35.302607,37.851317],[35.312919,37.877703],[35.321746,37.894333],[35.323232,37.905575],[35.322489,37.926573],[35.3158,37.933819],[35.300284,37.944969],[35.289785,37.953423],[35.284675,37.959184],[35.277521,37.97024],[35.273619,37.982225],[35.271296,37.986499],[35.265722,38.017995],[35.258208,38.030769],[35.259462,38.046448],[35.248104,38.053904],[35.243017,38.062753],[35.245317,38.083658],[35.24239,38.10073],[35.239533,38.110833],[35.23591,38.116478],[35.231659,38.126442],[35.230057,38.136476],[35.227687,38.140309],[35.216538,38.14428],[35.204553,38.143862],[35.190199,38.14651],[35.175287,38.167206],[35.167483,38.168111],[35.140098,38.165115],[35.124071,38.164488],[35.107696,38.160934],[35.095153,38.160028],[35.070277,38.160934],[35.05885,38.163512],[35.049791,38.166927],[35.039827,38.172919],[35.03042,38.184417],[35.030768,38.197169],[35.028887,38.203649],[35.003523,38.228595],[34.999063,38.250893],[34.99537,38.266153],[34.98666,38.287754],[34.983663,38.29751],[34.978716,38.30399],[34.957115,38.320574],[34.942691,38.334023],[34.924295,38.344823],[34.905202,38.353255],[34.902146,38.360885],[34.894654,38.375487],[34.897635,38.397734],[34.897482,38.407519],[34.898552,38.415775],[34.907956,38.424567],[34.922252,38.432518],[34.938917,38.439016],[34.959253,38.440315],[34.972478,38.440239],[34.983258,38.442227],[35.00451,38.4527],[35.011467,38.457364],[35.018118,38.468754],[35.023623,38.49016],[35.029891,38.507208],[35.03379,38.511871],[35.043652,38.51944],[35.05145,38.523033],[35.071021,38.522192],[35.09342,38.522574],[35.102976,38.524333],[35.106799,38.528537],[35.109398,38.538323],[35.108328,38.543674],[35.103129,38.551854],[35.099077,38.570431],[35.095484,38.578688],[35.089521,38.583504],[35.07813,38.590231],[35.068052,38.597774],[35.045423,38.61021],[35.030235,38.631921],[35.024527,38.643847],[35.02361,38.657914],[35.024833,38.666476],[35.034313,38.678402],[35.038696,38.690838],[35.047258,38.70205],[35.050622,38.709593],[35.055922,38.718054],[35.057655,38.724577],[35.058572,38.737115],[35.053782,38.746798],[35.039001,38.755768],[35.029012,38.758215],[35.023916,38.761374],[35.00302,38.779111],[34.999191,38.784728],[34.99317,38.789626],[34.986425,38.805603],[34.981929,38.812187],[34.982491,38.831697],[34.98209,38.851448],[34.983294,38.856988],[34.989958,38.867345],[34.992045,38.874491],[34.999432,38.883002],[35.008665,38.890067],[35.011556,38.89649],[35.013723,38.911906],[35.019585,38.919051],[35.027051,38.925635],[35.029621,38.931898],[35.03765,38.937839],[35.055715,38.947233],[35.060612,38.953816],[35.060933,38.959115],[35.06556,38.972542],[35.060486,38.990909],[35.060575,38.999226],[35.063173,39.006701],[35.059723,39.010815],[35.070086,39.019091],[35.092407,39.025434],[35.102443,39.025273],[35.116814,39.023748],[35.131427,39.024952],[35.147565,39.025193],[35.162178,39.023507],[35.180483,39.017164],[35.206497,39.001829],[35.211154,38.998377],[35.225365,38.991713],[35.248006,38.982239],[35.263903,38.977421],[35.283766,38.975218],[35.30796,38.965797],[35.336757,38.955949],[35.357785,38.954198],[35.359452,38.9628],[35.3617,38.967082],[35.364376,38.978751],[35.368444,38.991918],[35.376486,39.000669],[35.378815,39.005487],[35.388048,39.015683],[35.403062,39.024033],[35.406113,39.026603],[35.412054,39.037201],[35.437345,39.059682],[35.453242,39.069878],[35.456936,39.075177],[35.458501,39.08235],[35.457645,39.090914],[35.448438,39.106437],[35.44437,39.114572],[35.442617,39.121076],[35.443501,39.126214],[35.449362,39.141228],[35.455785,39.154717],[35.462609,39.164512],[35.466624,39.172621],[35.482762,39.184665],[35.490068,39.190927],[35.49617,39.19454],[35.506527,39.194139],[35.519454,39.189723],[35.538402,39.18908],[35.557671,39.190124],[35.585692,39.187394],[35.610421,39.187956],[35.626238,39.189321],[35.660441,39.196306],[35.680112,39.201927],[35.691192,39.207306],[35.712709,39.221597],[35.7213,39.224648],[35.741051,39.229626],[35.748036,39.233159],[35.748438,39.238458],[35.754218,39.246326],[35.762006,39.252348],[35.772042,39.256282],[35.793078,39.27226],[35.808815,39.279245],[35.816201,39.29458],[35.82985,39.306463],[35.836755,39.309915],[35.845025,39.309433],[35.852338,39.307097],[35.851729,39.300651],[35.85744,39.290943],[35.8681,39.281996],[35.883519,39.27343],[35.895987,39.26515],[35.901222,39.256679],[35.901888,39.249255],[35.904268,39.243163],[35.919591,39.226031],[35.940531,39.204997],[35.951857,39.19862],[35.960804,39.191767],[35.999161,39.167401],[36.021147,39.159692],[36.029523,39.154267],[36.034377,39.149698],[36.040944,39.140942],[36.043133,39.133613],[36.040944,39.125142],[36.04161,39.122382],[36.050652,39.114292],[36.07064,39.100967],[36.076255,39.088213],[36.079967,39.083359],[36.090342,39.077648],[36.098432,39.075649],[36.104047,39.075745],[36.1109,39.0786],[36.128698,39.080123],[36.142595,39.083835],[36.153921,39.08412],[36.172956,39.086024],[36.194657,39.093924],[36.208172,39.096208],[36.225685,39.096779],[36.24177,39.098016],[36.259093,39.103442],[36.26823,39.104584],[36.279366,39.103251],[36.29764,39.097826],[36.306206,39.094114],[36.316676,39.091735],[36.328668,39.091449],[36.34799,39.093448],[36.356365,39.096303],[36.371023,39.10268],[36.38825,39.104679],[36.399386,39.114006],[36.404335,39.120098],[36.40938,39.122001],[36.423847,39.120193],[36.438124,39.109818],[36.444786,39.106487],[36.466296,39.104298],[36.483524,39.10011],[36.494374,39.099063],[36.509888,39.099539],[36.53216,39.099444],[36.54796,39.102204],[36.559095,39.105631],[36.579083,39.107915],[36.586792,39.112959],[36.596976,39.124666],[36.601831,39.132471],[36.605257,39.134375],[36.634857,39.147128],[36.668741,39.153125],[36.69739,39.155314],[36.71338,39.155885],[36.724325,39.154838],[36.73765,39.150269],[36.754116,39.135897],[36.75897,39.129996],[36.761159,39.120288],[36.768964,39.107249],[36.779719,39.096208],[36.781718,39.088308],[36.789808,39.081646],[36.805893,39.07603],[36.815411,39.069748],[36.825785,39.064609],[36.832353,39.05471],[36.837778,39.048904],[36.844155,39.047286],[36.863381,39.054139],[36.87642,39.061373],[36.886129,39.063276],[36.893457,39.062991],[36.911731,39.060516],[36.92144,39.057946],[36.928388,39.054234],[36.935431,39.045097],[36.937525,39.037197],[36.94295,39.025871],[36.949232,39.019209],[36.959035,39.010833],[36.963699,39.005313],[36.9696,38.989513],[36.971599,38.9799],[36.971123,38.974094],[36.964651,38.962958],[36.956751,38.954107],[36.946948,38.937165],[36.941903,38.932977],[36.930291,38.934595],[36.919251,38.932787],[36.907544,38.925934],[36.905545,38.918034],[36.903165,38.914893],[36.889365,38.912799],[36.878705,38.912418],[36.874422,38.910229],[36.862239,38.889576],[36.861382,38.879677],[36.867664,38.868922],[36.866046,38.863782],[36.861192,38.855121],[36.856433,38.84389],[36.853863,38.841225],[36.835874,38.83323],[36.822835,38.821047],[36.805417,38.80677],[36.800087,38.803534],[36.780861,38.794397],[36.769725,38.786497],[36.749167,38.781929],[36.730702,38.775076],[36.72442,38.770698],[36.711476,38.744904],[36.711666,38.738147],[36.720423,38.727867],[36.728132,38.720824],[36.732723,38.714094],[36.733557,38.700837],[36.730226,38.693127],[36.731654,38.686465],[36.744884,38.674187],[36.755924,38.660576],[36.760588,38.644777],[36.764966,38.635639],[36.770582,38.62003],[36.775817,38.61213],[36.786667,38.60404],[36.788951,38.600804],[36.790093,38.593856],[36.788951,38.588431],[36.782955,38.575772],[36.777149,38.552263],[36.774141,38.542435]]]}},{"type":"Feature","properties":{"id":"TR-P-39","region_id":"TR-R-MAR"},"geometry":{"type":"Polygon","coordinates":[[[28.14627,41.583468],[28.137063,41.580932],[28.133238,41.574687],[28.128476,41.572346],[28.124027,41.565945],[28.118719,41.561183],[28.123481,41.559935],[28.124183,41.552831],[28.120358,41.551426],[28.121997,41.547211],[28.120827,41.542371],[28.116533,41.541669],[28.111647,41.54381],[28.098596,41.546573],[28.090595,41.553527],[28.075353,41.564958],[28.067351,41.573817],[28.062366,41.575627],[28.054555,41.57496],[28.040075,41.568864],[28.028835,41.560005],[28.015498,41.556289],[28.007687,41.552574],[27.999114,41.550764],[27.98854,41.552479],[27.977204,41.556385],[27.971679,41.55648],[27.96301,41.553241],[27.958724,41.549621],[27.945864,41.534475],[27.939576,41.526092],[27.932813,41.520377],[27.918905,41.512375],[27.897853,41.501515],[27.885945,41.497895],[27.859749,41.497038],[27.842316,41.4978],[27.8346,41.496847],[27.810023,41.490084],[27.794687,41.482844],[27.767728,41.473699],[27.745628,41.470365],[27.734197,41.469508],[27.718479,41.46646],[27.706857,41.463221],[27.697141,41.458077],[27.666467,41.445217],[27.651035,41.437501],[27.637413,41.42988],[27.624458,41.420354],[27.616647,41.412733],[27.597595,41.390633],[27.595118,41.385203],[27.589974,41.367104],[27.585782,41.33281],[27.582448,41.321284],[27.578638,41.313949],[27.561301,41.289658],[27.55568,41.279116],[27.544535,41.265197],[27.533652,41.258505],[27.515552,41.246217],[27.506788,41.242787],[27.491547,41.239549],[27.470399,41.238215],[27.451252,41.233738],[27.429247,41.226879],[27.411243,41.22345],[27.397907,41.222974],[27.384475,41.224117],[27.367995,41.227355],[27.357993,41.231356],[27.337512,41.240978],[27.322652,41.246788],[27.31284,41.253171],[27.303028,41.262983],[27.297598,41.278796],[27.294741,41.283368],[27.286358,41.291275],[27.256065,41.314327],[27.238919,41.322329],[27.214151,41.330617],[27.201648,41.331974],[27.178429,41.329116],[27.161568,41.323901],[27.148065,41.323329],[27.115486,41.331688],[27.096839,41.334475],[27.074477,41.342762],[27.047113,41.342119],[27.038469,41.340762],[27.033182,41.343334],[27.014749,41.347549],[27.008962,41.347335],[27.003961,41.358337],[27.001389,41.361624],[26.990458,41.363696],[26.986314,41.359766],[26.976026,41.36291],[26.972668,41.356908],[26.972811,41.353265],[26.969265,41.348822],[26.960124,41.343733],[26.950888,41.330162],[26.931188,41.288928],[26.927658,41.30008],[26.925733,41.31059],[26.915463,41.328241],[26.903428,41.342121],[26.899497,41.35223],[26.897331,41.368357],[26.894683,41.375658],[26.890672,41.382478],[26.881204,41.393951],[26.881204,41.404541],[26.884734,41.412805],[26.891795,41.424198],[26.902064,41.444657],[26.913538,41.462549],[26.92469,41.485896],[26.932312,41.496567],[26.953092,41.512212],[26.959189,41.521278],[26.960794,41.534516],[26.960232,41.543422],[26.961195,41.558827],[26.964645,41.572707],[26.976279,41.593808],[26.983339,41.613946],[26.981654,41.619401],[26.971384,41.626783],[26.963281,41.629591],[26.955017,41.627986],[26.938409,41.614908],[26.933997,41.608891],[26.925572,41.605521],[26.90736,41.611458],[26.896368,41.618519],[26.890351,41.626863],[26.890511,41.637052],[26.897973,41.655024],[26.900059,41.657431],[26.942581,41.668182],[26.949642,41.671391],[26.957103,41.677168],[26.963843,41.692599],[26.968871,41.709287],[26.977322,41.732287],[26.98374,41.746194],[26.99294,41.758603],[26.996684,41.767589],[26.99861,41.787379],[26.996684,41.81284],[26.991335,41.84183],[26.986414,41.858518],[26.975824,41.877159],[26.972294,41.887749],[26.971251,41.903876],[26.968443,41.918799],[26.960179,41.92963],[26.955955,41.941019],[26.954275,41.957399],[26.949309,41.97252],[26.943898,41.984824],[26.939526,42.000074],[26.94481,42.001693],[26.957924,41.996943],[26.965303,41.996897],[26.965491,42.000674],[26.970171,42.004615],[26.971804,42.008534],[26.977919,42.012818],[26.981304,42.017828],[26.985016,42.019976],[26.980906,42.027687],[26.983081,42.032835],[26.979933,42.035112],[26.981739,42.037482],[26.994924,42.038651],[26.997342,42.036316],[27.003593,42.039113],[27.007595,42.038673],[27.0144,42.044933],[27.022218,42.055162],[27.02569,42.056052],[27.028695,42.060793],[27.028083,42.063492],[27.023136,42.067072],[27.024324,42.073794],[27.022136,42.073693],[27.024398,42.081243],[27.031671,42.078871],[27.042544,42.084603],[27.050232,42.083597],[27.057391,42.086835],[27.066748,42.093199],[27.072842,42.088885],[27.081845,42.087179],[27.086104,42.088485],[27.091853,42.085883],[27.098103,42.086689],[27.105695,42.08493],[27.109972,42.086254],[27.113806,42.080208],[27.12237,42.079171],[27.126286,42.076116],[27.129823,42.068126],[27.134776,42.066145],[27.142044,42.066367],[27.153525,42.071913],[27.159487,42.065358],[27.170718,42.065294],[27.175755,42.069469],[27.182768,42.070186],[27.184991,42.063639],[27.191103,42.060333],[27.200336,42.059546],[27.206901,42.061037],[27.203415,42.068649],[27.197886,42.073418],[27.198237,42.078435],[27.201734,42.081968],[27.215032,42.084108],[27.21594,42.088792],[27.222962,42.098388],[27.230239,42.098814],[27.239367,42.104712],[27.246802,42.099731],[27.252662,42.097879],[27.261106,42.099028],[27.267991,42.10313],[27.272583,42.101992],[27.272565,42.097113],[27.283054,42.094789],[27.293636,42.097382],[27.300144,42.086625],[27.305485,42.08556],[27.310651,42.087125],[27.316456,42.079033],[27.326325,42.080071],[27.326278,42.073618],[27.332935,42.067776],[27.335981,42.066768],[27.334511,42.061899],[27.342334,42.058783],[27.355737,42.059593],[27.365589,42.057384],[27.37131,42.052209],[27.373615,42.047247],[27.3773,42.046034],[27.376291,42.038702],[27.381661,42.035508],[27.383892,42.021797],[27.391891,42.018705],[27.391409,42.015215],[27.39427,42.009809],[27.39452,42.004874],[27.40288,42.005837],[27.412749,41.999801],[27.415101,41.990608],[27.420646,41.98834],[27.424431,41.990091],[27.432855,41.990858],[27.434578,41.983639],[27.437767,41.981271],[27.440297,41.974785],[27.44681,41.973695],[27.446777,41.968649],[27.45559,41.967583],[27.463817,41.968882],[27.469155,41.963035],[27.468304,41.959029],[27.489784,41.954447],[27.489894,41.952363],[27.495248,41.954355],[27.504294,41.953529],[27.504643,41.958102],[27.511888,41.957892],[27.516719,41.950435],[27.518574,41.950646],[27.525195,41.940646],[27.529741,41.937322],[27.532101,41.927096],[27.537179,41.923337],[27.541738,41.915871],[27.548749,41.914456],[27.551163,41.911172],[27.560192,41.904854],[27.572068,41.904496],[27.570828,41.913246],[27.563226,41.912107],[27.56155,41.914987],[27.56492,41.919107],[27.576902,41.920404],[27.573489,41.923877],[27.566623,41.923265],[27.569845,41.926649],[27.571528,41.932282],[27.57456,41.932534],[27.575028,41.937421],[27.583181,41.935504],[27.587645,41.936548],[27.585602,41.93204],[27.588958,41.931881],[27.596236,41.937122],[27.602921,41.947257],[27.609135,41.945009],[27.607787,41.939641],[27.613992,41.938885],[27.624981,41.947779],[27.62285,41.949758],[27.629579,41.951817],[27.623987,41.953522],[27.622557,41.957011],[27.625777,41.958801],[27.629671,41.955716],[27.635476,41.95509],[27.636381,41.958381],[27.639001,41.955255],[27.643772,41.954903],[27.647534,41.959971],[27.651963,41.962259],[27.659227,41.960805],[27.656299,41.958211],[27.661598,41.957372],[27.66674,41.962254],[27.673029,41.957299],[27.673494,41.962891],[27.681615,41.964498],[27.683814,41.971404],[27.692343,41.972073],[27.698237,41.973969],[27.704097,41.970574],[27.703445,41.975469],[27.696595,41.975807],[27.697273,41.978413],[27.70625,41.977839],[27.709062,41.974962],[27.712874,41.976823],[27.719359,41.976397],[27.732366,41.973636],[27.735056,41.974149],[27.734674,41.978613],[27.737887,41.980045],[27.741983,41.976048],[27.748562,41.972777],[27.743641,41.969686],[27.749991,41.970047],[27.766596,41.967599],[27.769188,41.960336],[27.772293,41.960723],[27.774093,41.964854],[27.778192,41.966112],[27.785524,41.961514],[27.778152,41.955475],[27.780754,41.953256],[27.786999,41.954731],[27.791912,41.952806],[27.793631,41.947884],[27.800883,41.953076],[27.806293,41.950303],[27.807208,41.946984],[27.813925,41.942724],[27.816696,41.945791],[27.814033,41.948535],[27.812886,41.953975],[27.820007,41.953184],[27.824795,41.948266],[27.835312,41.947673],[27.83695,41.953134],[27.832549,41.961824],[27.825824,41.959289],[27.819738,41.962606],[27.825046,41.974716],[27.818576,41.975552],[27.817839,41.986314],[27.821267,41.992478],[27.826072,41.993567],[27.82708,41.997634],[27.83076,41.998588],[27.834719,41.994525],[27.844321,41.991182],[27.848493,41.993845],[27.851335,42.001817],[27.856154,42.001133],[27.856285,41.997591],[27.851417,41.994857],[27.855791,41.991653],[27.859737,41.995112],[27.858378,41.999486],[27.859177,42.005671],[27.864357,42.006281],[27.867866,42.000474],[27.8749,42.000277],[27.879282,41.99489],[27.887016,41.995903],[27.899831,41.992388],[27.899807,41.982062],[27.908373,41.974988],[27.916129,41.973568],[27.920174,41.982625],[27.925036,41.979802],[27.924536,41.97678],[27.929215,41.976852],[27.932983,41.985417],[27.93905,41.979295],[27.94388,41.977812],[27.948202,41.980945],[27.956556,41.981546],[27.955817,41.97683],[27.965751,41.979378],[27.976088,41.984562],[27.97595,41.990022],[27.992759,41.98072],[28.001049,41.981065],[28.009776,41.978826],[28.0169,41.980881],[28.024139,41.980352],[28.028104,41.98368],[28.027554,41.975829],[28.034951,41.96706],[28.042784,41.962061],[28.040795,41.956482],[28.045472,41.953711],[28.049506,41.94527],[28.048017,41.940604],[28.044249,41.938615],[28.042208,41.934264],[28.046976,41.924993],[28.044435,41.91264],[28.052943,41.898399],[28.053773,41.892518],[28.057437,41.884593],[28.054833,41.882283],[28.042739,41.88073],[28.019571,41.893533],[28.014783,41.894725],[28.006429,41.892374],[27.998984,41.888118],[27.993366,41.88329],[27.986862,41.874158],[27.981841,41.862224],[27.98343,41.834821],[27.986872,41.822635],[27.990811,41.816506],[27.995436,41.806385],[28.00157,41.797306],[28.024401,41.769652],[28.031986,41.764357],[28.041339,41.754277],[28.04365,41.744704],[28.044122,41.735457],[28.046363,41.729764],[28.059121,41.716745],[28.071493,41.699379],[28.079531,41.693741],[28.088001,41.689594],[28.095881,41.684181],[28.106234,41.667937],[28.097305,41.663516],[28.090404,41.656594],[28.092385,41.647927],[28.095399,41.641216],[28.101179,41.633383],[28.109689,41.624457],[28.11886,41.616177],[28.140346,41.598884],[28.146823,41.589673],[28.14627,41.583468]]]}},{"type":"Feature","properties":{"id":"TR-P-40","region_id":"TR-R-ICA"},"geometry":{"type":"Polygon","coordinates":[[[34.620757,39.411998],[34.613443,39.410798],[34.606569,39.401669],[34.591855,39.368267],[34.5838,39.352586],[34.580041,39.334113],[34.583585,39.327562],[34.591103,39.320151],[34.603347,39.314244],[34.629065,39.307066],[34.646222,39.306502],[34.656533,39.304166],[34.66338,39.299414],[34.673368,39.284995],[34.683276,39.273316],[34.691734,39.268966],[34.692217,39.262925],[34.687626,39.257528],[34.67361,39.25205],[34.65898,39.239565],[34.65457,39.237027],[34.639648,39.231409],[34.631733,39.225247],[34.620074,39.202834],[34.617416,39.192624],[34.629105,39.17311],[34.627736,39.162075],[34.624756,39.157564],[34.612351,39.150395],[34.605101,39.147576],[34.576506,39.138393],[34.563376,39.125183],[34.552421,39.095862],[34.545494,39.081685],[34.543614,39.072771],[34.551267,39.070274],[34.562221,39.06826],[34.565766,39.068743],[34.573821,39.073818],[34.585259,39.07841],[34.591703,39.075912],[34.595086,39.066407],[34.596858,39.055211],[34.595408,39.042323],[34.593233,39.039423],[34.585501,39.037087],[34.574787,39.039826],[34.558113,39.047317],[34.534351,39.052714],[34.522107,39.051264],[34.519046,39.046834],[34.516308,39.034348],[34.505755,39.015741],[34.478368,38.995201],[34.46991,38.989723],[34.458311,38.984487],[34.448967,38.983037],[34.443006,38.980701],[34.434548,38.974096],[34.429877,38.968377],[34.425688,38.959758],[34.42303,38.949126],[34.417069,38.935835],[34.413122,38.924396],[34.406597,38.913039],[34.392662,38.895157],[34.390084,38.887665],[34.381788,38.873086],[34.373491,38.863097],[34.360442,38.854639],[34.350027,38.852188],[34.341889,38.860379],[34.335475,38.863965],[34.310989,38.881347],[34.30402,38.891077],[34.291073,38.896401],[34.280646,38.899207],[34.269502,38.899309],[34.263179,38.903294],[34.258464,38.898862],[34.253712,38.887021],[34.255887,38.865997],[34.250886,38.844314],[34.244331,38.835105],[34.241629,38.833025],[34.226079,38.826725],[34.208408,38.810299],[34.175678,38.800052],[34.168626,38.799057],[34.161491,38.799886],[34.156265,38.802458],[34.145728,38.812995],[34.144069,38.818636],[34.14299,38.833736],[34.140916,38.844024],[34.133408,38.855528],[34.11593,38.864156],[34.106417,38.867917],[34.094249,38.873891],[34.08197,38.882298],[34.07489,38.889378],[34.067368,38.899444],[34.063165,38.915484],[34.063386,38.923338],[34.06051,38.940152],[34.055642,38.947453],[34.04635,38.949886],[34.021682,38.961501],[34.006196,38.973116],[33.997346,38.98451],[33.988054,39.003315],[33.98551,39.006745],[33.977988,39.023116],[33.97013,39.032659],[33.965108,39.03495],[33.964183,39.046937],[33.962405,39.050967],[33.956419,39.05245],[33.947681,39.050877],[33.930243,39.04593],[33.904875,39.037866],[33.895138,39.037832],[33.878758,39.043442],[33.867182,39.053258],[33.864107,39.059765],[33.856562,39.06773],[33.847662,39.070229],[33.823277,39.070658],[33.798863,39.069949],[33.776112,39.070534],[33.763723,39.072901],[33.757653,39.078383],[33.749784,39.096956],[33.742298,39.102341],[33.718548,39.111959],[33.658658,39.153783],[33.641678,39.166914],[33.635277,39.170917],[33.605912,39.183803],[33.599735,39.187039],[33.549623,39.217138],[33.535339,39.237729],[33.522267,39.262703],[33.515028,39.274253],[33.512824,39.283231],[33.504557,39.290993],[33.492666,39.294834],[33.485397,39.293944],[33.479452,39.294775],[33.461076,39.302156],[33.459117,39.304256],[33.456163,39.313214],[33.445421,39.318497],[33.443389,39.320894],[33.445367,39.326853],[33.447988,39.329078],[33.462015,39.330926],[33.464051,39.334757],[33.462679,39.343987],[33.454961,39.352155],[33.449624,39.35595],[33.440381,39.36003],[33.433814,39.366299],[33.427762,39.37423],[33.422542,39.383275],[33.419479,39.395837],[33.425573,39.413701],[33.449918,39.430741],[33.455403,39.433102],[33.477828,39.438725],[33.499003,39.433657],[33.525663,39.429144],[33.545172,39.4188],[33.550726,39.417619],[33.560793,39.423035],[33.567944,39.433726],[33.573845,39.438933],[33.597797,39.452333],[33.605295,39.457193],[33.620499,39.463996],[33.638967,39.4733],[33.642577,39.476563],[33.653894,39.491559],[33.663544,39.498015],[33.671667,39.500168],[33.679894,39.500306],[33.687947,39.49864],[33.69415,39.4954],[33.698223,39.489106],[33.707387,39.482441],[33.717292,39.477442],[33.738305,39.472443],[33.750617,39.471703],[33.754875,39.476516],[33.758543,39.486629],[33.75904,39.492901],[33.756171,39.497067],[33.747932,39.504842],[33.736268,39.512896],[33.730992,39.519376],[33.731844,39.526666],[33.745379,39.529673],[33.752154,39.533207],[33.765199,39.535549],[33.787378,39.543426],[33.804086,39.55087],[33.815715,39.558763],[33.833169,39.566883],[33.856799,39.575143],[33.861051,39.601739],[33.865495,39.611921],[33.869012,39.615254],[33.884101,39.623955],[33.905114,39.634971],[33.909557,39.639322],[33.911906,39.646426],[33.918085,39.651703],[33.923848,39.653022],[33.933706,39.652814],[33.945856,39.657396],[33.957589,39.665172],[33.962518,39.67142],[33.963976,39.679404],[33.964115,39.69197],[33.960158,39.705925],[33.962455,39.713956],[33.971885,39.718656],[33.975141,39.722028],[33.976892,39.732665],[33.984385,39.738649],[34.012922,39.745012],[34.016949,39.746609],[34.028612,39.754593],[34.036458,39.766604],[34.044303,39.773338],[34.053606,39.77681],[34.061451,39.77792],[34.071032,39.777365],[34.085542,39.775143],[34.093804,39.777296],[34.103315,39.783127],[34.112202,39.785835],[34.121533,39.792253],[34.148404,39.789334],[34.165689,39.791365],[34.176816,39.791442],[34.18244,39.786235],[34.187725,39.777277],[34.19309,39.773909],[34.213241,39.75834],[34.22244,39.746444],[34.247957,39.728963],[34.284531,39.715835],[34.326474,39.703416],[34.427499,39.676552],[34.454059,39.673815],[34.467822,39.669698],[34.469418,39.651512],[34.464228,39.646568],[34.457338,39.64431],[34.453672,39.640556],[34.453195,39.633718],[34.463942,39.631294],[34.461664,39.625862],[34.462306,39.620471],[34.465698,39.615418],[34.473382,39.612372],[34.487088,39.609326],[34.49588,39.605934],[34.522393,39.597142],[34.531461,39.590981],[34.539491,39.582536],[34.540876,39.576998],[34.537691,39.570076],[34.5289,39.554916],[34.524746,39.54204],[34.521562,39.535325],[34.518516,39.519057],[34.515401,39.509851],[34.516647,39.495383],[34.522254,39.487145],[34.536238,39.478423],[34.557005,39.470946],[34.576042,39.461463],[34.593555,39.451771],[34.602001,39.444641],[34.617715,39.422143],[34.620757,39.411998]]]}},{"type":"Feature","properties":{"id":"TR-P-41","region_id":"TR-R-MAR"},"geometry":{"type":"Polygon","coordinates":[[[30.36742,41.179386],[30.362769,41.174929],[30.365341,41.168199],[30.356191,41.165023],[30.349612,41.165174],[30.339403,41.161847],[30.332068,41.155343],[30.325111,41.147177],[30.327002,41.138178],[30.322843,41.122298],[30.316566,41.119727],[30.308551,41.112921],[30.290478,41.104301],[30.284202,41.096512],[30.28095,41.094319],[30.26144,41.090462],[30.245938,41.085547],[30.24367,41.082447],[30.248207,41.072011],[30.252517,41.067021],[30.256525,41.051897],[30.260684,41.045469],[30.257811,41.036395],[30.255164,41.032614],[30.24488,41.024977],[30.231344,41.018851],[30.228471,41.013785],[30.230815,41.008265],[30.234747,41.004786],[30.238225,40.995107],[30.23694,40.992461],[30.240872,40.981647],[30.243897,40.979152],[30.249644,40.979076],[30.258718,40.981496],[30.263558,40.979303],[30.267717,40.973329],[30.277396,40.964784],[30.28284,40.953971],[30.282689,40.947921],[30.279286,40.942855],[30.278908,40.939074],[30.28579,40.933478],[30.285033,40.928865],[30.279891,40.925614],[30.271498,40.915481],[30.258945,40.908448],[30.24798,40.904818],[30.244426,40.901037],[30.245258,40.896122],[30.252971,40.885914],[30.253576,40.882511],[30.247451,40.873588],[30.245107,40.86648],[30.243292,40.854608],[30.237167,40.849919],[30.221287,40.848331],[30.217203,40.846516],[30.213801,40.840164],[30.213044,40.819596],[30.215464,40.801145],[30.218338,40.792146],[30.221514,40.786173],[30.225068,40.783526],[30.239662,40.782089],[30.243519,40.77551],[30.246997,40.764546],[30.246997,40.747909],[30.24851,40.739138],[30.248694,40.719451],[30.228094,40.718648],[30.199883,40.715725],[30.178026,40.71636],[30.166843,40.715598],[30.162014,40.712802],[30.156038,40.695623],[30.156395,40.678182],[30.155466,40.668675],[30.14671,40.659597],[30.134891,40.654927],[30.124217,40.644253],[30.122502,40.63272],[30.119071,40.622427],[30.112113,40.610323],[30.099342,40.597838],[30.088954,40.590499],[30.081996,40.586973],[30.068177,40.58278],[30.054834,40.573916],[30.045779,40.570962],[30.024049,40.561336],[30.00394,40.55638],[29.996029,40.547897],[29.992789,40.534268],[29.992312,40.5255],[29.9946,40.499958],[29.975738,40.513675],[29.968459,40.516984],[29.950957,40.52066],[29.938233,40.520023],[29.921595,40.528176],[29.916266,40.538206],[29.91543,40.563805],[29.910101,40.570074],[29.906235,40.571641],[29.891398,40.581567],[29.861516,40.590971],[29.857023,40.594524],[29.849813,40.597554],[29.840932,40.597554],[29.829334,40.596195],[29.813244,40.592852],[29.793705,40.591494],[29.78357,40.593792],[29.758075,40.605077],[29.748881,40.608316],[29.723491,40.611137],[29.709803,40.616361],[29.706558,40.616361],[29.694339,40.61145],[29.6841,40.60445],[29.682741,40.602151],[29.681174,40.588255],[29.678771,40.58418],[29.661505,40.570179],[29.653904,40.566809],[29.63972,40.554898],[29.626711,40.548707],[29.616289,40.546121],[29.61002,40.543143],[29.594504,40.53993],[29.580712,40.539303],[29.56308,40.539538],[29.540276,40.535542],[29.529932,40.535463],[29.511516,40.528176],[29.506736,40.527862],[29.498116,40.530056],[29.49647,40.53225],[29.494876,40.543469],[29.483391,40.547728],[29.479132,40.556094],[29.481642,40.565525],[29.488118,40.582443],[29.495843,40.593218],[29.497254,40.60027],[29.493101,40.613044],[29.490436,40.626679],[29.49169,40.635926],[29.494041,40.639766],[29.500859,40.643292],[29.511203,40.646035],[29.517315,40.649875],[29.525857,40.662256],[29.532518,40.666096],[29.539179,40.66829],[29.549836,40.675421],[29.554538,40.681847],[29.556702,40.687619],[29.558664,40.687219],[29.564665,40.686501],[29.572033,40.688947],[29.582048,40.689379],[29.585349,40.688428],[29.595757,40.692286],[29.612272,40.693393],[29.61818,40.696368],[29.630268,40.695323],[29.644033,40.695738],[29.65571,40.701908],[29.660064,40.701643],[29.664037,40.704736],[29.678242,40.702861],[29.696603,40.707929],[29.705631,40.707767],[29.714298,40.711412],[29.722824,40.710428],[29.7323,40.712943],[29.742981,40.714211],[29.751695,40.717849],[29.758133,40.716904],[29.776624,40.719379],[29.781233,40.72224],[29.791076,40.721951],[29.794157,40.725688],[29.799279,40.727747],[29.812837,40.730412],[29.807226,40.726155],[29.814819,40.72436],[29.813413,40.726656],[29.819751,40.726533],[29.83212,40.721914],[29.843043,40.725815],[29.847838,40.72882],[29.861795,40.726082],[29.861565,40.723899],[29.869751,40.726832],[29.873664,40.721986],[29.869134,40.720622],[29.87184,40.715953],[29.882447,40.717106],[29.886595,40.714488],[29.899086,40.71723],[29.904429,40.714118],[29.91101,40.715403],[29.916887,40.714379],[29.920646,40.717099],[29.935518,40.718588],[29.938131,40.721973],[29.941415,40.730701],[29.939279,40.734019],[29.941611,40.739831],[29.93973,40.743483],[29.94253,40.746846],[29.937678,40.755976],[29.931808,40.75756],[29.931522,40.759543],[29.912198,40.760698],[29.910054,40.759178],[29.899941,40.758001],[29.89139,40.76005],[29.880386,40.759723],[29.87049,40.757124],[29.86651,40.757894],[29.864703,40.754935],[29.855644,40.752455],[29.854514,40.750123],[29.845323,40.752093],[29.837472,40.752067],[29.831475,40.7476],[29.82658,40.746751],[29.822495,40.750077],[29.803339,40.748513],[29.797198,40.74366],[29.788676,40.745664],[29.783102,40.740717],[29.769113,40.74297],[29.761772,40.747447],[29.756796,40.756687],[29.754993,40.755955],[29.744817,40.767046],[29.730385,40.772076],[29.719251,40.770606],[29.708067,40.776945],[29.702125,40.775392],[29.684868,40.778553],[29.678411,40.77715],[29.670094,40.778336],[29.646577,40.77752],[29.637446,40.77537],[29.631239,40.776821],[29.625223,40.781569],[29.617214,40.783769],[29.610703,40.782317],[29.600748,40.777441],[29.57171,40.766577],[29.55388,40.772378],[29.543362,40.768583],[29.538839,40.76947],[29.52821,40.763608],[29.528149,40.766532],[29.523365,40.766402],[29.523031,40.769047],[29.515707,40.766871],[29.509906,40.773812],[29.503436,40.77935],[29.497084,40.778801],[29.490781,40.780405],[29.484037,40.777536],[29.473373,40.775469],[29.468637,40.771442],[29.462668,40.77224],[29.459724,40.770168],[29.451889,40.768591],[29.444743,40.768707],[29.43942,40.771394],[29.426885,40.768941],[29.422076,40.765098],[29.416014,40.765345],[29.40462,40.76074],[29.391019,40.753341],[29.387071,40.75317],[29.372868,40.757264],[29.367631,40.756388],[29.362702,40.758199],[29.354947,40.75547],[29.352392,40.758695],[29.351072,40.766742],[29.353147,40.773911],[29.350979,40.780539],[29.346863,40.786295],[29.341707,40.786941],[29.340182,40.784927],[29.333684,40.785973],[29.333029,40.790457],[29.337154,40.789972],[29.337093,40.792934],[29.34668,40.790224],[29.349672,40.794025],[29.34454,40.796994],[29.347107,40.801451],[29.343989,40.807058],[29.339897,40.810583],[29.349984,40.824446],[29.354952,40.82209],[29.362276,40.816394],[29.363475,40.823803],[29.366131,40.83057],[29.371185,40.837766],[29.368572,40.839907],[29.362019,40.850615],[29.368187,40.85584],[29.378614,40.85775],[29.385391,40.860134],[29.391372,40.863857],[29.410488,40.87377],[29.418895,40.880295],[29.433661,40.886904],[29.441734,40.893848],[29.446126,40.90305],[29.456248,40.912113],[29.457754,40.925164],[29.457754,40.936262],[29.460431,40.944628],[29.467458,40.952324],[29.47878,40.958013],[29.481457,40.960746],[29.484859,40.97151],[29.488484,40.97692],[29.501814,40.988743],[29.505662,40.996997],[29.499862,41.016573],[29.500642,41.027672],[29.502985,41.032468],[29.507948,41.036539],[29.507837,41.040889],[29.51743,41.044347],[29.526353,41.036093],[29.524736,41.034476],[29.529476,41.031074],[29.531819,41.033974],[29.549629,41.031972],[29.566267,41.027387],[29.581574,41.021546],[29.588081,41.016369],[29.596068,41.005721],[29.609378,40.993594],[29.617216,40.977991],[29.619213,40.975699],[29.632745,40.968304],[29.647091,40.967343],[29.654559,40.968008],[29.666835,40.966751],[29.674377,40.968896],[29.690867,40.980209],[29.699223,40.988639],[29.703068,40.995147],[29.709058,41.000471],[29.710981,41.004242],[29.711129,41.013855],[29.716083,41.023394],[29.722147,41.027757],[29.742852,41.03249],[29.749285,41.030789],[29.760007,41.023986],[29.76999,41.022877],[29.783374,41.0177],[29.79454,41.014373],[29.813545,41.006904],[29.825524,41.006904],[29.846969,41.01245],[29.861166,41.020806],[29.866934,41.026722],[29.870705,41.034412],[29.879653,41.048019],[29.891854,41.070868],[29.892742,41.07878],[29.89533,41.083513],[29.905386,41.087802],[29.916035,41.088763],[29.921285,41.093496],[29.921507,41.098006],[29.914112,41.116419],[29.914186,41.12692],[29.91264,41.142299],[29.923535,41.142209],[29.934242,41.140304],[29.940479,41.140951],[29.942921,41.138186],[29.949727,41.14008],[29.952478,41.138079],[29.959578,41.137412],[29.965225,41.140497],[29.96997,41.140771],[29.979413,41.134676],[29.984011,41.136753],[29.988558,41.134569],[29.995967,41.138961],[30.00049,41.136067],[30.008476,41.137854],[30.015655,41.137953],[30.017748,41.135162],[30.022771,41.13542],[30.025047,41.139895],[30.037849,41.138692],[30.043576,41.137262],[30.047207,41.134139],[30.048691,41.137013],[30.054008,41.138641],[30.059366,41.136683],[30.065018,41.136886],[30.073592,41.133997],[30.077111,41.135558],[30.077167,41.139004],[30.084328,41.140134],[30.08858,41.138279],[30.097736,41.13901],[30.10231,41.135772],[30.111229,41.142141],[30.118065,41.143579],[30.128206,41.142311],[30.140695,41.142667],[30.145238,41.139957],[30.155094,41.139142],[30.161415,41.141136],[30.165792,41.144315],[30.169393,41.143482],[30.176552,41.145968],[30.179731,41.149534],[30.177994,41.153408],[30.18342,41.14834],[30.187492,41.149454],[30.18881,41.145886],[30.192783,41.147513],[30.196937,41.153522],[30.19528,41.158212],[30.190925,41.159247],[30.197609,41.162635],[30.206556,41.161093],[30.209268,41.163689],[30.217146,41.158753],[30.222077,41.159568],[30.227142,41.164206],[30.224135,41.168668],[30.225532,41.170917],[30.220251,41.172807],[30.221138,41.176744],[30.231379,41.175925],[30.23009,41.184399],[30.224263,41.185574],[30.234596,41.189045],[30.237913,41.18724],[30.245394,41.1872],[30.256168,41.191525],[30.262323,41.199481],[30.264002,41.206474],[30.270801,41.209845],[30.279711,41.204246],[30.296866,41.200404],[30.309721,41.200738],[30.319118,41.197814],[30.324218,41.200926],[30.330028,41.200962],[30.329973,41.197516],[30.3335,41.194693],[30.341353,41.191736],[30.349133,41.192929],[30.349367,41.188173],[30.352139,41.18548],[30.36742,41.179386]]]}},{"type":"Feature","properties":{"id":"TR-P-42","region_id":"TR-R-ICA"},"geometry":{"type":"Polygon","coordinates":[[[33.40971,38.696886],[33.393003,38.665859],[33.37009,38.631013],[33.335538,38.577354],[33.330473,38.563706],[33.292064,38.502083],[33.277151,38.48126],[33.267584,38.465503],[33.247605,38.43455],[33.23649,38.419215],[33.228207,38.391147],[33.231689,38.377007],[33.231478,38.366982],[33.228313,38.354004],[33.223986,38.345562],[33.212801,38.333427],[33.185894,38.307469],[33.178824,38.298078],[33.175553,38.290903],[33.175975,38.281195],[33.179985,38.269377],[33.18505,38.259247],[33.192753,38.25281],[33.200561,38.24975],[33.212063,38.250172],[33.221665,38.249434],[33.241186,38.25376],[33.250788,38.253338],[33.26324,38.251438],[33.274319,38.247323],[33.283288,38.237193],[33.294473,38.209547],[33.30397,38.183062],[33.305236,38.176836],[33.303654,38.171877],[33.297217,38.161536],[33.288248,38.152883],[33.271365,38.14117],[33.265878,38.135578],[33.263873,38.130829],[33.265245,38.124709],[33.278751,38.111097],[33.301649,38.096325],[33.309457,38.088938],[33.316211,38.080391],[33.321592,38.070789],[33.326974,38.065091],[33.342379,38.051162],[33.351982,38.045886],[33.374879,38.035651],[33.398199,38.023622],[33.406219,38.018134],[33.422996,37.995237],[33.437558,37.97962],[33.447688,37.971495],[33.456974,37.96949],[33.491162,37.974238],[33.511633,37.979409],[33.527144,37.985318],[33.543922,37.993443],[33.556162,38.003784],[33.563338,38.011803],[33.567347,38.017923],[33.570513,38.026365],[33.572834,38.039555],[33.581593,38.057599],[33.585286,38.062347],[33.6085,38.085034],[33.621057,38.09337],[33.633614,38.098329],[33.657567,38.105294],[33.673395,38.109198],[33.697875,38.113841],[33.709992,38.110957],[33.72378,38.101952],[33.733769,38.088727],[33.738694,38.079441],[33.758531,38.06298],[33.767536,38.058337],[33.779635,38.053413],[33.791594,38.05074],[33.801302,38.051303],[33.828596,38.065935],[33.851811,38.081411],[33.865177,38.08929],[33.891908,38.108002],[33.909565,38.11696],[33.92476,38.122587],[33.939392,38.128778],[33.963404,38.129903],[33.975222,38.127652],[33.981225,38.1239],[33.991167,38.114146],[33.996044,38.106454],[34.002047,38.094449],[34.012177,38.078879],[34.034876,38.059182],[34.048007,38.052991],[34.064615,38.043084],[34.068506,38.038435],[34.06968,38.027889],[34.061766,38.021241],[34.0414,38.015965],[34.004257,38.014383],[33.997504,38.009001],[33.992228,38.00056],[33.990645,37.991274],[33.992017,37.988214],[33.998665,37.982832],[34.007106,37.979561],[34.019874,37.972913],[34.031481,37.960251],[34.036863,37.952865],[34.040662,37.944212],[34.041928,37.92965],[34.044249,37.925641],[34.055857,37.920259],[34.070735,37.915616],[34.085508,37.910129],[34.094582,37.908863],[34.119801,37.904009],[34.144493,37.895884],[34.153884,37.891136],[34.182586,37.881533],[34.215824,37.87478],[34.230492,37.870559],[34.241162,37.85824],[34.258415,37.848427],[34.268861,37.840433],[34.283502,37.825634],[34.307086,37.810123],[34.321014,37.796669],[34.336288,37.784244],[34.347051,37.776251],[34.360426,37.762323],[34.365966,37.753459],[34.372455,37.739451],[34.383772,37.712069],[34.386384,37.699881],[34.386067,37.685003],[34.384009,37.677722],[34.377837,37.667197],[34.371743,37.659362],[34.363037,37.650261],[34.344519,37.633325],[34.305819,37.600719],[34.299172,37.593992],[34.297589,37.585762],[34.299488,37.580697],[34.306136,37.574207],[34.328137,37.563207],[34.337554,37.556322],[34.348792,37.551573],[34.361929,37.547537],[34.365412,37.541523],[34.360742,37.532184],[34.349267,37.524508],[34.333835,37.523321],[34.32418,37.51968],[34.319115,37.515011],[34.313892,37.506859],[34.310172,37.497758],[34.310251,37.492693],[34.313575,37.488657],[34.324259,37.480506],[34.3389,37.472355],[34.358606,37.464441],[34.388362,37.450275],[34.395326,37.444497],[34.401579,37.441648],[34.412421,37.444576],[34.42073,37.444418],[34.423658,37.438166],[34.423184,37.413712],[34.421363,37.400496],[34.414399,37.387517],[34.405852,37.36694],[34.407527,37.357233],[34.412487,37.349952],[34.420928,37.340244],[34.437178,37.325999],[34.446569,37.315341],[34.450474,37.303629],[34.447203,37.295081],[34.426099,37.277565],[34.4106,37.26616],[34.396118,37.258009],[34.379103,37.252865],[34.370397,37.248591],[34.357973,37.244555],[34.32228,37.227778],[34.315079,37.2239],[34.305107,37.221684],[34.291891,37.215511],[34.262293,37.236166],[34.254062,37.240202],[34.236968,37.255476],[34.222564,37.265765],[34.215125,37.272254],[34.204679,37.278031],[34.190209,37.283202],[34.178075,37.291327],[34.169105,37.296392],[34.153911,37.307577],[34.147474,37.311164],[34.131857,37.316968],[34.113075,37.326887],[34.103156,37.334273],[34.089333,37.350207],[34.064113,37.36614],[34.033724,37.376692],[34.021378,37.382918],[34.013464,37.389143],[33.991199,37.397374],[33.971467,37.401278],[33.958383,37.402756],[33.938545,37.410353],[33.92525,37.416684],[33.910371,37.418267],[33.898342,37.421432],[33.887262,37.42597],[33.874495,37.433145],[33.866053,37.447074],[33.864681,37.45446],[33.857611,37.467756],[33.850225,37.477674],[33.835136,37.489598],[33.807068,37.515134],[33.791345,37.530012],[33.779843,37.536554],[33.762222,37.544574],[33.743545,37.555337],[33.706296,37.580978],[33.697116,37.585727],[33.641507,37.603032],[33.617554,37.609996],[33.591372,37.612819],[33.576177,37.613056],[33.55386,37.61179],[33.544156,37.606514],[33.539514,37.596665],[33.536278,37.583581],[33.533745,37.576828],[33.527977,37.552629],[33.528258,37.536027],[33.525726,37.528007],[33.516862,37.511265],[33.505325,37.499587],[33.493507,37.495507],[33.464806,37.487206],[33.440184,37.481016],[33.414297,37.474966],[33.391364,37.470745],[33.368431,37.468494],[33.346764,37.468776],[33.326927,37.466947],[33.314124,37.46357],[33.307933,37.463992],[33.30118,37.469901],[33.299351,37.475388],[33.296396,37.494663],[33.293582,37.499165],[33.284156,37.50423],[33.272338,37.51239],[33.259675,37.522098],[33.246169,37.530399],[33.236602,37.535323],[33.222251,37.544187],[33.204946,37.551644],[33.200162,37.556146],[33.192706,37.5591],[33.1754,37.557553],[33.170054,37.554036],[33.161894,37.542921],[33.158658,37.534761],[33.156829,37.519706],[33.152749,37.51239],[33.147403,37.508873],[33.13066,37.501416],[33.094502,37.494522],[33.06763,37.491146],[33.054264,37.491568],[33.024859,37.49804],[33.015855,37.497477],[33.007413,37.494382],[33.002067,37.48791],[32.987997,37.46568],[32.982691,37.455709],[32.979763,37.44368],[32.973985,37.434737],[32.961956,37.42429],[32.947553,37.415981],[32.934257,37.41052],[32.9193,37.401182],[32.911386,37.398174],[32.901889,37.391368],[32.892709,37.379893],[32.893342,37.37277],[32.89627,37.359079],[32.894687,37.351798],[32.890176,37.346575],[32.878701,37.339848],[32.86042,37.332093],[32.849499,37.33051],[32.840556,37.332805],[32.822828,37.33597],[32.799403,37.335496],[32.794655,37.33328],[32.782942,37.320301],[32.777877,37.312624],[32.776057,37.30566],[32.777402,37.28176],[32.77764,37.261816],[32.778273,37.258651],[32.788719,37.241082],[32.788798,37.230477],[32.790539,37.216074],[32.792122,37.209347],[32.800274,37.203728],[32.801302,37.197871],[32.796791,37.186713],[32.78682,37.178403],[32.779539,37.175],[32.775661,37.169223],[32.774157,37.158618],[32.77487,37.149517],[32.779539,37.143977],[32.790935,37.124192],[32.793151,37.116437],[32.793151,37.102666],[32.788798,37.084385],[32.78959,37.080982],[32.795446,37.07291],[32.795367,37.057003],[32.796791,37.048297],[32.800907,37.033973],[32.801302,37.011735],[32.799878,37.00113],[32.795749,36.986173],[32.799759,36.98153],[32.808412,36.97541],[32.819702,36.968762],[32.824556,36.960953],[32.825717,36.950085],[32.824134,36.939427],[32.820758,36.926554],[32.821602,36.917268],[32.819702,36.904817],[32.811472,36.878859],[32.809045,36.875271],[32.799865,36.866724],[32.777706,36.856806],[32.76441,36.849103],[32.730116,36.833064],[32.721991,36.826838],[32.704158,36.819979],[32.687064,36.808055],[32.673452,36.795921],[32.660895,36.782731],[32.657097,36.7764],[32.651926,36.771335],[32.636349,36.760809],[32.623132,36.755032],[32.58934,36.74878],[32.576757,36.747751],[32.559346,36.748859],[32.538295,36.748305],[32.525711,36.747276],[32.499516,36.748305],[32.47253,36.746247],[32.444039,36.745218],[32.427974,36.742053],[32.412011,36.733983],[32.408461,36.744902],[32.400231,36.761996],[32.391446,36.771097],[32.383453,36.775608],[32.377043,36.782652],[32.373086,36.788983],[32.351164,36.801962],[32.340718,36.807581],[32.3313,36.81589],[32.32117,36.823329],[32.302414,36.842481],[32.2964,36.847309],[32.292997,36.859496],[32.287299,36.87018],[32.283975,36.879914],[32.280809,36.885217],[32.257067,36.906505],[32.252724,36.916457],[32.245592,36.929377],[32.24021,36.933729],[32.226361,36.942118],[32.21354,36.955097],[32.198425,36.963723],[32.176819,36.979472],[32.151178,36.987544],[32.139703,36.989523],[32.134401,36.989285],[32.120076,36.991027],[32.10963,36.994509],[32.093169,37.00171],[32.079082,37.008596],[32.068002,37.018171],[32.053045,37.029647],[32.050275,37.03392],[32.047584,37.043101],[32.036346,37.056633],[32.032627,37.065101],[32.026612,37.070087],[32.019964,37.078397],[32.012921,37.085282],[31.998201,37.091534],[31.988942,37.094462],[31.970265,37.114564],[31.965279,37.124377],[31.959977,37.13055],[31.945177,37.142104],[31.939638,37.148673],[31.937263,37.155954],[31.933227,37.174631],[31.931486,37.175897],[31.913601,37.180408],[31.904816,37.184919],[31.89714,37.19307],[31.89437,37.19774],[31.88424,37.209215],[31.877196,37.218553],[31.873239,37.226546],[31.865484,37.248389],[31.858836,37.261131],[31.843325,37.280124],[31.82718,37.297297],[31.817762,37.305844],[31.814597,37.314946],[31.811669,37.332277],[31.806607,37.343535],[31.798713,37.347512],[31.79165,37.34947],[31.768204,37.360095],[31.756452,37.366683],[31.738883,37.37066],[31.734966,37.372322],[31.722857,37.374637],[31.700243,37.370126],[31.694901,37.367099],[31.681012,37.354159],[31.675077,37.347037],[31.661425,37.339083],[31.649257,37.336472],[31.635784,37.332376],[31.622488,37.330892],[31.608896,37.331783],[31.593343,37.329433],[31.58076,37.328661],[31.570788,37.326702],[31.550845,37.32783],[31.527934,37.332163],[31.51262,37.336199],[31.490481,37.340829],[31.487395,37.342194],[31.470894,37.345458],[31.463059,37.347773],[31.442226,37.351038],[31.409224,37.360594],[31.395691,37.36558],[31.377944,37.377807],[31.37058,37.384026],[31.367487,37.390514],[31.363035,37.404321],[31.364167,37.414658],[31.361254,37.424705],[31.365871,37.436393],[31.36721,37.446146],[31.372612,37.463501],[31.373736,37.481622],[31.374947,37.487168],[31.374055,37.493797],[31.373927,37.508969],[31.371569,37.518212],[31.37023,37.533002],[31.370166,37.550978],[31.368827,37.557481],[31.361242,37.575648],[31.358054,37.585848],[31.352572,37.597832],[31.344657,37.608138],[31.334797,37.631682],[31.334117,37.640352],[31.334627,37.655566],[31.335987,37.663216],[31.339557,37.671035],[31.343807,37.67554],[31.354176,37.682255],[31.362506,37.691434],[31.372535,37.696789],[31.38639,37.700274],[31.406704,37.699339],[31.415458,37.696364],[31.426008,37.695897],[31.431045,37.699148],[31.432001,37.706734],[31.432829,37.729555],[31.432256,37.73695],[31.429578,37.746193],[31.429578,37.753014],[31.431299,37.75805],[31.438821,37.769],[31.449835,37.780551],[31.462729,37.795325],[31.46837,37.811712],[31.468101,37.834814],[31.461923,37.852006],[31.441776,37.870004],[31.43506,37.883705],[31.434254,37.90815],[31.436821,37.915441],[31.45348,37.931193],[31.462546,37.937653],[31.475692,37.944339],[31.488512,37.95298],[31.499647,37.966325],[31.504662,37.975844],[31.506532,37.995818],[31.503812,38.009588],[31.504322,38.013328],[31.509931,38.023782],[31.514351,38.034662],[31.520981,38.041376],[31.529651,38.044691],[31.534325,38.054296],[31.54121,38.061435],[31.54665,38.074015],[31.555149,38.085829],[31.564159,38.092544],[31.571469,38.100959],[31.573254,38.106143],[31.571554,38.120338],[31.563649,38.137082],[31.548095,38.156716],[31.5424,38.164961],[31.5356,38.170485],[31.524381,38.175415],[31.509421,38.18026],[31.499222,38.186635],[31.476273,38.196579],[31.468708,38.202699],[31.461484,38.210263],[31.451114,38.218763],[31.43794,38.226583],[31.42332,38.228963],[31.410911,38.238312],[31.399352,38.245197],[31.388557,38.250127],[31.378443,38.253102],[31.367988,38.254461],[31.360338,38.258456],[31.349799,38.268316],[31.333905,38.278515],[31.321495,38.28472],[31.312401,38.29203],[31.304921,38.302654],[31.297441,38.317613],[31.294551,38.325603],[31.285542,38.340902],[31.281037,38.361726],[31.278402,38.368611],[31.273642,38.373456],[31.257068,38.3851],[31.246869,38.39598],[31.239389,38.411279],[31.239729,38.423094],[31.241413,38.427936],[31.247532,38.426905],[31.254257,38.433229],[31.27092,38.437394],[31.277896,38.441359],[31.285666,38.453354],[31.308351,38.465131],[31.320396,38.472826],[31.327021,38.475235],[31.342278,38.484202],[31.382115,38.506684],[31.457312,38.549921],[31.506189,38.580376],[31.564019,38.614454],[31.59327,38.622343],[31.62079,38.631016],[31.626251,38.635621],[31.636745,38.65618],[31.635246,38.663462],[31.624538,38.666032],[31.61233,38.674277],[31.598088,38.676954],[31.584382,38.677811],[31.574249,38.684262],[31.570716,38.689242],[31.563729,38.709882],[31.561962,38.718234],[31.556501,38.727791],[31.555858,38.731485],[31.558669,38.740079],[31.563327,38.748592],[31.571278,38.757908],[31.578265,38.76353],[31.592319,38.76891],[31.602358,38.778066],[31.609345,38.791076],[31.617939,38.804247],[31.622436,38.809869],[31.629503,38.823843],[31.633599,38.845045],[31.63368,38.862955],[31.63119,38.872833],[31.62605,38.884719],[31.62356,38.893312],[31.614807,38.910499],[31.616413,38.916844],[31.626291,38.920217],[31.635045,38.935155],[31.638739,38.94439],[31.642915,38.948807],[31.650143,38.952341],[31.665322,38.958204],[31.671988,38.958364],[31.70082,38.956919],[31.71632,38.964468],[31.725395,38.967681],[31.73182,38.973302],[31.733908,38.97788],[31.727724,38.988481],[31.714473,39.002375],[31.704675,39.006069],[31.670703,39.013137],[31.655444,39.015546],[31.623079,39.02173],[31.610068,39.027111],[31.599788,39.036025],[31.595371,39.041647],[31.592078,39.05522],[31.585975,39.067507],[31.605273,39.073068],[31.617698,39.07791],[31.636941,39.084091],[31.647932,39.085216],[31.664923,39.085301],[31.674523,39.082838],[31.692024,39.075616],[31.703069,39.072728],[31.713433,39.073068],[31.72332,39.076147],[31.734917,39.083602],[31.760276,39.101825],[31.776206,39.111701],[31.783151,39.122087],[31.792199,39.130562],[31.798124,39.133875],[31.806638,39.135895],[31.827452,39.137169],[31.843765,39.135487],[31.851579,39.135385],[31.864238,39.133091],[31.876302,39.126975],[31.895247,39.114486],[31.904507,39.109389],[31.920394,39.095796],[31.941123,39.075236],[31.944012,39.071158],[31.944607,39.063002],[31.94809,39.051788],[31.956416,39.040149],[31.964741,39.035731],[31.981223,39.029869],[31.99609,39.014577],[32.013166,38.998775],[32.03585,38.983993],[32.048508,38.972524],[32.068473,38.9608],[32.077223,38.957657],[32.086314,38.955872],[32.115624,38.95154],[32.134399,38.953494],[32.150626,38.958591],[32.159886,38.962754],[32.172629,38.974563],[32.175433,38.979575],[32.176707,38.986457],[32.177557,39.002259],[32.178491,39.005912],[32.184608,39.013388],[32.192764,39.018825],[32.206697,39.016361],[32.22972,39.010839],[32.242209,39.007016],[32.255972,39.000135],[32.270361,38.997215],[32.284209,38.999509],[32.294488,39.003332],[32.304258,39.005116],[32.325497,39.018794],[32.330425,39.022702],[32.336542,39.025335],[32.354213,39.027289],[32.371204,39.028224],[32.372818,39.02542],[32.374347,39.013102],[32.386241,39.003926],[32.403997,38.997979],[32.410029,38.993477],[32.423452,38.981243],[32.438149,38.97657],[32.449788,38.975296],[32.463891,38.972577],[32.477399,38.975721],[32.48479,38.982008],[32.49507,38.989229],[32.501952,38.99577],[32.515587,39.016726],[32.522723,39.021937],[32.532918,39.031565],[32.543453,39.038022],[32.554101,39.043119],[32.568034,39.045158],[32.582873,39.051842],[32.59522,39.059997],[32.612098,39.072231],[32.620706,39.076649],[32.626937,39.08186],[32.632034,39.088656],[32.662732,39.114936],[32.677457,39.124904],[32.686972,39.128416],[32.704077,39.129548],[32.714158,39.125244],[32.719327,39.124734],[32.749146,39.13204],[32.777012,39.136628],[32.786102,39.139007],[32.797741,39.139941],[32.802584,39.14249],[32.812099,39.150901],[32.822718,39.157697],[32.825182,39.161096],[32.824672,39.168232],[32.816602,39.18072],[32.806747,39.191765],[32.796722,39.206377],[32.795447,39.214193],[32.796552,39.221584],[32.797062,39.238831],[32.803094,39.250979],[32.817451,39.262958],[32.821869,39.271454],[32.827221,39.274342],[32.848715,39.272218],[32.86868,39.267631],[32.878875,39.264317],[32.884227,39.261344],[32.907505,39.251574],[32.912687,39.246647],[32.918974,39.246137],[32.927979,39.247156],[32.939448,39.253953],[32.944291,39.261259],[32.945056,39.270434],[32.94684,39.276806],[32.952022,39.284367],[32.97496,39.284707],[32.986089,39.289889],[32.992546,39.291503],[33.007668,39.286066],[33.011491,39.278505],[33.012851,39.265082],[33.008263,39.25013],[33.006224,39.23985],[33.006054,39.233308],[33.008178,39.223199],[33.014295,39.209351],[33.018458,39.203064],[33.028483,39.198986],[33.038253,39.198221],[33.045134,39.199411],[33.05244,39.202299],[33.066118,39.215298],[33.070281,39.225747],[33.078097,39.231269],[33.084129,39.238661],[33.113694,39.253868],[33.117517,39.25854],[33.127797,39.266866],[33.13111,39.271029],[33.134848,39.282583],[33.138246,39.284282],[33.168236,39.277401],[33.174438,39.277401],[33.183188,39.275192],[33.184802,39.272813],[33.185227,39.264742],[33.181829,39.255992],[33.172314,39.248346],[33.149376,39.243418],[33.139775,39.242654],[33.136292,39.240445],[33.129666,39.231949],[33.128221,39.228296],[33.130855,39.216062],[33.132554,39.201365],[33.132894,39.180381],[33.139351,39.163559],[33.144873,39.156168],[33.159061,39.143849],[33.170445,39.135439],[33.189135,39.12397],[33.200859,39.118108],[33.224519,39.112416],[33.2363,39.102221],[33.247854,39.094745],[33.267564,39.087042],[33.28161,39.082284],[33.305709,39.081026],[33.327547,39.083174],[33.342405,39.081145],[33.361976,39.07494],[33.373909,39.061574],[33.387275,39.036752],[33.392048,39.019568],[33.395389,38.982813],[33.391571,38.961333],[33.389681,38.956111],[33.388359,38.945003],[33.384141,38.934235],[33.383806,38.918691],[33.382094,38.895451],[33.374479,38.855819],[33.365217,38.819721],[33.364134,38.813957],[33.359779,38.780038],[33.355383,38.765654],[33.356432,38.762155],[33.362453,38.757031],[33.386797,38.722185],[33.403504,38.702614],[33.40971,38.696886]]]}},{"type":"Feature","properties":{"id":"TR-P-43","region_id":"TR-R-EGE"},"geometry":{"type":"Polygon","coordinates":[[[29.704456,39.86117],[29.699101,39.847231],[29.699984,39.841421],[29.709176,39.826126],[29.722485,39.810758],[29.729986,39.803772],[29.741531,39.798477],[29.746678,39.787888],[29.748517,39.777446],[29.745134,39.765681],[29.743296,39.749797],[29.743516,39.742444],[29.747487,39.731781],[29.747984,39.723613],[29.75109,39.719942],[29.759106,39.716927],[29.775136,39.714574],[29.781092,39.712295],[29.792858,39.710309],[29.809109,39.709721],[29.814404,39.710236],[29.831684,39.714207],[29.841464,39.718545],[29.847935,39.720236],[29.860436,39.720384],[29.874702,39.718692],[29.891909,39.712074],[29.905954,39.707368],[29.919632,39.700897],[29.931544,39.68744],[29.941545,39.671998],[29.950222,39.664203],[29.956252,39.661188],[29.965297,39.65935],[29.980151,39.658633],[30.00177,39.653835],[30.008829,39.654166],[30.019253,39.657144],[30.02372,39.660177],[30.026477,39.666519],[30.036782,39.66607],[30.049393,39.668121],[30.060876,39.670992],[30.072052,39.672735],[30.084355,39.673247],[30.103221,39.671709],[30.1267,39.674272],[30.131621,39.676221],[30.153058,39.681426],[30.157371,39.680761],[30.168447,39.682572],[30.171448,39.68164],[30.174341,39.675875],[30.174797,39.667759],[30.177826,39.663102],[30.193646,39.661545],[30.198311,39.659997],[30.203839,39.655426],[30.212588,39.64438],[30.214651,39.635555],[30.218258,39.628647],[30.219488,39.620137],[30.222461,39.613883],[30.232304,39.603015],[30.25199,39.585073],[30.265113,39.570411],[30.284901,39.553699],[30.289823,39.551238],[30.305612,39.548367],[30.323042,39.542421],[30.340677,39.533911],[30.35985,39.520787],[30.370923,39.514738],[30.375434,39.508484],[30.377382,39.498641],[30.370718,39.487158],[30.36108,39.473932],[30.35985,39.469215],[30.361183,39.459475],[30.365796,39.44953],[30.382406,39.437944],[30.385995,39.433125],[30.382611,39.416516],[30.379843,39.410056],[30.37,39.403597],[30.35339,39.398881],[30.337088,39.393549],[30.332064,39.386782],[30.332167,39.371608],[30.334935,39.363406],[30.341497,39.355716],[30.353493,39.348949],[30.375024,39.328444],[30.380766,39.318498],[30.381893,39.306502],[30.38015,39.29666],[30.383636,39.282716],[30.393787,39.270617],[30.408448,39.256776],[30.417881,39.244883],[30.429979,39.234527],[30.438376,39.225545],[30.433452,39.221026],[30.435206,39.205447],[30.432036,39.200321],[30.424819,39.193914],[30.404789,39.183865],[30.403035,39.175906],[30.400944,39.173276],[30.392581,39.16842],[30.383341,39.164576],[30.378216,39.159517],[30.369043,39.153447],[30.364457,39.151626],[30.352452,39.150547],[30.322035,39.150615],[30.306388,39.147782],[30.296811,39.143331],[30.282783,39.133147],[30.27678,39.127212],[30.26826,39.106012],[30.25059,39.078832],[30.248904,39.074246],[30.244048,39.067771],[30.234268,39.048685],[30.230559,39.034387],[30.230896,39.023258],[30.240338,39.009635],[30.251264,39.001137],[30.257671,38.989806],[30.254434,38.978746],[30.238045,38.966471],[30.233122,38.960805],[30.215182,38.949407],[30.2023,38.92587],[30.195286,38.918653],[30.186653,38.912516],[30.182337,38.907525],[30.170804,38.900713],[30.157247,38.890124],[30.148952,38.888641],[30.136677,38.888641],[30.117928,38.887696],[30.115702,38.879671],[30.11759,38.87178],[30.115702,38.86571],[30.1097,38.857684],[30.102618,38.852761],[30.090343,38.85013],[30.085083,38.848039],[30.075438,38.84089],[30.070852,38.833472],[30.06377,38.828548],[30.051496,38.824097],[30.045088,38.820455],[30.025058,38.814318],[30.017167,38.810406],[30.013348,38.806362],[30.013159,38.813104],[30.006582,38.824112],[29.986103,38.831474],[29.966532,38.835835],[29.958536,38.840421],[29.956691,38.844279],[29.959543,38.855854],[29.956523,38.869666],[29.949813,38.87727],[29.944109,38.881297],[29.937567,38.889628],[29.937958,38.898519],[29.933317,38.907522],[29.9289,38.910989],[29.921519,38.910597],[29.914026,38.906851],[29.896635,38.905453],[29.88383,38.90098],[29.876673,38.895611],[29.866104,38.895723],[29.856207,38.902601],[29.849553,38.9059],[29.838816,38.906683],[29.832665,38.905677],[29.822432,38.90892],[29.805657,38.910374],[29.793635,38.914008],[29.786421,38.914959],[29.760532,38.924409],[29.752591,38.92385],[29.727932,38.93207],[29.718705,38.932741],[29.709591,38.934754],[29.690131,38.944372],[29.660942,38.951585],[29.648025,38.950411],[29.638352,38.943477],[29.619955,38.938612],[29.614642,38.935425],[29.609498,38.926254],[29.602956,38.918034],[29.59166,38.900532],[29.581371,38.897065],[29.567168,38.896562],[29.55783,38.898463],[29.551959,38.898351],[29.538091,38.894549],[29.521012,38.893032],[29.513904,38.885604],[29.50686,38.879905],[29.501033,38.87728],[29.494053,38.870748],[29.475611,38.863704],[29.470424,38.864025],[29.464661,38.868123],[29.458803,38.874257],[29.451265,38.879424],[29.430598,38.885691],[29.422044,38.885353],[29.399137,38.876399],[29.395039,38.870508],[29.384537,38.865385],[29.37109,38.863464],[29.367696,38.855844],[29.365135,38.854115],[29.363342,38.846486],[29.365825,38.840641],[29.365953,38.835698],[29.345739,38.824826],[29.33809,38.823674],[29.330965,38.815798],[29.321614,38.808504],[29.300721,38.800771],[29.285539,38.801222],[29.27715,38.799685],[29.270992,38.794989],[29.266723,38.793709],[29.258015,38.78722],[29.248281,38.784744],[29.243585,38.781243],[29.227534,38.782268],[29.224914,38.789241],[29.229509,38.802401],[29.230841,38.809116],[29.233133,38.811496],[29.239807,38.811308],[29.249267,38.814091],[29.252815,38.818021],[29.252222,38.821913],[29.244933,38.829152],[29.245653,38.834867],[29.242243,38.836932],[29.231555,38.837845],[29.226683,38.835059],[29.219335,38.833282],[29.209729,38.833186],[29.205983,38.835011],[29.194792,38.849859],[29.189883,38.849525],[29.184039,38.84673],[29.177941,38.839276],[29.173282,38.840123],[29.164643,38.846645],[29.159734,38.85888],[29.152338,38.868822],[29.1484,38.870215],[29.140043,38.868582],[29.133175,38.860513],[29.127516,38.851741],[29.123482,38.848603],[29.120857,38.842007],[29.113863,38.839716],[29.104419,38.851307],[29.094509,38.856492],[29.095362,38.864827],[29.089029,38.867485],[29.081777,38.876049],[29.079644,38.882284],[29.07341,38.88481],[29.062089,38.882152],[29.045781,38.885499],[29.041351,38.890093],[29.036101,38.888092],[29.036035,38.877657],[29.030194,38.86755],[29.026978,38.858986],[29.020055,38.85554],[29.004468,38.858001],[28.998529,38.860528],[28.992458,38.865319],[28.992639,38.87105],[28.987214,38.874769],[28.984107,38.879669],[28.982357,38.887282],[28.969538,38.891789],[28.963675,38.892489],[28.957944,38.898526],[28.954494,38.91153],[28.949087,38.91751],[28.950562,38.925128],[28.948924,38.937661],[28.945647,38.942903],[28.944664,38.950931],[28.931967,38.956009],[28.927626,38.960678],[28.912062,38.966576],[28.911243,38.969607],[28.917796,38.976815],[28.918042,38.98599],[28.922383,38.991232],[28.932459,38.999833],[28.936882,39.008844],[28.936227,39.016134],[28.93123,39.023261],[28.918861,39.030879],[28.914765,39.042265],[28.914356,39.055371],[28.911407,39.062907],[28.9051,39.068149],[28.897482,39.070935],[28.888717,39.078962],[28.876512,39.08658],[28.862914,39.090676],[28.850053,39.097638],[28.844647,39.099031],[28.827855,39.09985],[28.822203,39.101079],[28.812701,39.106977],[28.807213,39.108615],[28.789273,39.110007],[28.784359,39.109434],[28.773874,39.105912],[28.755607,39.105093],[28.733818,39.111318],[28.71465,39.116069],[28.695072,39.118527],[28.681802,39.118608],[28.671563,39.116069],[28.666812,39.116069],[28.660669,39.123032],[28.657474,39.140643],[28.658047,39.146541],[28.661652,39.154651],[28.665092,39.177259],[28.664437,39.180126],[28.667,39.182561],[28.668302,39.191021],[28.667488,39.202167],[28.663909,39.212905],[28.651706,39.216891],[28.641374,39.222667],[28.636819,39.228687],[28.629904,39.243168],[28.616481,39.261391],[28.612332,39.280915],[28.613552,39.291084],[28.638175,39.307734],[28.652493,39.31153],[28.65618,39.304046],[28.664424,39.293091],[28.670824,39.287342],[28.684599,39.278664],[28.696748,39.274976],[28.708137,39.272482],[28.738508,39.269011],[28.755263,39.272778],[28.77029,39.279532],[28.782764,39.283762],[28.81227,39.301936],[28.820972,39.312696],[28.828537,39.327258],[28.833174,39.334743],[28.849526,39.349955],[28.863275,39.359799],[28.869132,39.366388],[28.873525,39.373466],[28.875396,39.384367],[28.880277,39.391445],[28.901103,39.402753],[28.925997,39.409179],[28.950314,39.41247],[28.952297,39.419948],[28.951199,39.428383],[28.948969,39.435307],[28.94484,39.441547],[28.951017,39.458393],[28.950015,39.461885],[28.938964,39.477093],[28.930567,39.483171],[28.925354,39.489228],[28.923859,39.493492],[28.92547,39.516368],[28.928012,39.523639],[28.93342,39.524987],[28.943666,39.530477],[28.953534,39.539395],[28.954644,39.542103],[28.950775,39.551309],[28.95255,39.557192],[28.955644,39.559884],[28.970288,39.563193],[28.985706,39.569203],[28.986209,39.575679],[28.988715,39.578622],[28.997965,39.582775],[28.99765,39.587198],[28.985408,39.609614],[29.004738,39.605646],[29.020507,39.604811],[29.042612,39.60199],[29.052374,39.600057],[29.069018,39.598782],[29.094805,39.595257],[29.109646,39.592567],[29.138957,39.583477],[29.167712,39.581715],[29.174297,39.582271],[29.180419,39.585425],[29.193127,39.595906],[29.204536,39.603791],[29.210194,39.609171],[29.2178,39.620487],[29.224108,39.643583],[29.227354,39.651097],[29.238299,39.664175],[29.242566,39.673451],[29.252027,39.689312],[29.257222,39.700629],[29.269558,39.709812],[29.28273,39.715748],[29.306847,39.734207],[29.323821,39.74877],[29.339868,39.760179],[29.346725,39.768597],[29.391162,39.80483],[29.40962,39.812949],[29.417055,39.817307],[29.432266,39.831321],[29.436453,39.8385],[29.444059,39.847643],[29.451408,39.860803],[29.45645,39.867042],[29.460893,39.868238],[29.496272,39.870118],[29.52695,39.870545],[29.538572,39.870203],[29.560961,39.866529],[29.569934,39.864051],[29.575232,39.864392],[29.590272,39.868067],[29.604458,39.874732],[29.60856,39.875502],[29.636674,39.874305],[29.658636,39.870289],[29.663764,39.868494],[29.680342,39.866272],[29.693502,39.862171],[29.704456,39.86117]]]}},{"type":"Feature","properties":{"id":"TR-P-44","region_id":"TR-R-DOA"},"geometry":{"type":"Polygon","coordinates":[[[38.672708,39.048662],[38.665785,39.041266],[38.658932,39.038696],[38.65284,39.033176],[38.649509,39.022706],[38.645512,39.01671],[38.633519,39.014045],[38.626571,39.01157],[38.62048,39.002433],[38.61791,38.994628],[38.617434,38.975878],[38.613056,38.965884],[38.603824,38.95532],[38.590023,38.943137],[38.580124,38.936474],[38.566989,38.931525],[38.557567,38.929812],[38.551285,38.924387],[38.548906,38.919437],[38.548525,38.909444],[38.549572,38.902876],[38.554997,38.896785],[38.563087,38.894405],[38.578982,38.888029],[38.588881,38.887648],[38.597542,38.885744],[38.603443,38.882127],[38.607916,38.874228],[38.610962,38.860427],[38.614008,38.855858],[38.643623,38.831675],[38.646955,38.826389],[38.648308,38.818001],[38.646865,38.811417],[38.640746,38.801735],[38.639584,38.787231],[38.642563,38.780535],[38.637879,38.781203],[38.628892,38.778407],[38.626769,38.775902],[38.630666,38.769696],[38.642369,38.762386],[38.644963,38.757872],[38.641855,38.753337],[38.631446,38.745868],[38.622925,38.74381],[38.609874,38.751002],[38.603309,38.753482],[38.589062,38.750652],[38.572668,38.751931],[38.563924,38.754131],[38.542795,38.763217],[38.529559,38.764286],[38.523534,38.762239],[38.512599,38.748839],[38.503959,38.74616],[38.495219,38.748497],[38.485794,38.752589],[38.479543,38.753281],[38.474403,38.752099],[38.468489,38.748078],[38.466731,38.743587],[38.47054,38.734507],[38.478024,38.720839],[38.479562,38.707332],[38.475219,38.698498],[38.467724,38.693571],[38.462135,38.691821],[38.427826,38.686032],[38.414429,38.680384],[38.394108,38.664661],[38.389593,38.660385],[38.366141,38.634554],[38.363893,38.631493],[38.356908,38.614077],[38.355924,38.603473],[38.355023,38.582135],[38.358793,38.558173],[38.361786,38.546396],[38.366383,38.538295],[38.370537,38.533734],[38.400367,38.518991],[38.408843,38.515517],[38.414715,38.510254],[38.421183,38.494044],[38.427166,38.488409],[38.444355,38.475539],[38.464592,38.467809],[38.486172,38.462594],[38.509805,38.460973],[38.539716,38.457809],[38.5469,38.456489],[38.572735,38.449202],[38.591872,38.443202],[38.619983,38.437267],[38.688041,38.421984],[38.709822,38.419833],[38.733336,38.422112],[38.74809,38.425252],[38.766428,38.431169],[38.774523,38.433006],[38.790237,38.433918],[38.802476,38.438804],[38.811163,38.440614],[38.819356,38.439363],[38.830541,38.433559],[38.832719,38.430743],[38.830694,38.412206],[38.837913,38.405297],[38.85926,38.39768],[38.871283,38.390256],[38.877571,38.382908],[38.883157,38.372195],[38.887088,38.359757],[38.892967,38.35584],[38.899358,38.355287],[38.910768,38.356181],[38.922907,38.351934],[38.928929,38.347704],[38.93514,38.339378],[38.963239,38.320333],[38.972275,38.317034],[38.984037,38.318124],[38.99212,38.320341],[38.997133,38.323458],[39.006234,38.331348],[39.014904,38.33239],[39.023398,38.330588],[39.028387,38.3309],[39.049604,38.336155],[39.073014,38.341137],[39.078446,38.341798],[39.093477,38.340139],[39.104634,38.346103],[39.110124,38.34494],[39.113583,38.34001],[39.116493,38.331978],[39.131761,38.320909],[39.140788,38.312484],[39.151483,38.297696],[39.148739,38.283325],[39.145309,38.272421],[39.141222,38.254984],[39.139993,38.237064],[39.136854,38.22738],[39.127534,38.216284],[39.121804,38.211685],[39.109072,38.205545],[39.107826,38.199728],[39.110459,38.195291],[39.123031,38.186678],[39.129276,38.186195],[39.126847,38.176495],[39.123897,38.173164],[39.114093,38.167072],[39.089157,38.157079],[39.08297,38.153652],[39.072691,38.145752],[39.060032,38.138995],[39.054607,38.134521],[39.05356,38.13119],[39.053465,38.114819],[39.052513,38.101685],[39.049087,38.096164],[39.039759,38.087408],[39.030622,38.083601],[39.021961,38.077985],[39.006827,38.073512],[38.999974,38.072846],[38.979416,38.072655],[38.964663,38.06999],[38.956573,38.06704],[38.928305,38.053239],[38.921357,38.05124],[38.908413,38.052763],[38.90156,38.052668],[38.885951,38.04829],[38.866154,38.03801],[38.852353,38.033251],[38.842454,38.028492],[38.836553,38.023638],[38.826464,38.010218],[38.823418,38.0086],[38.80543,38.005174],[38.795626,38.000415],[38.78449,38.0007],[38.773735,38.004507],[38.761362,38.014501],[38.755842,38.025637],[38.755176,38.032871],[38.752891,38.038105],[38.723481,38.050003],[38.718056,38.050288],[38.695308,38.04829],[38.683982,38.049051],[38.656666,38.055809],[38.637249,38.063518],[38.632491,38.068087],[38.622973,38.0856],[38.620308,38.088931],[38.601272,38.103493],[38.598797,38.113487],[38.592806,38.123504],[38.590484,38.132931],[38.586334,38.138488],[38.592265,38.143884],[38.566461,38.143993],[38.543777,38.150951],[38.516105,38.156841],[38.5089,38.160122],[38.497908,38.176209],[38.490579,38.182396],[38.479824,38.18192],[38.468403,38.176305],[38.457362,38.167548],[38.426144,38.127478],[38.420909,38.118436],[38.415484,38.113963],[38.411105,38.112821],[38.400445,38.112725],[38.395306,38.108633],[38.385407,38.106824],[38.379506,38.113106],[38.370464,38.118912],[38.362374,38.120625],[38.350096,38.115771],[38.339912,38.11501],[38.328966,38.118151],[38.321257,38.125289],[38.310311,38.131],[38.302412,38.132713],[38.296796,38.137281],[38.292799,38.138519],[38.273763,38.139851],[38.26158,38.138233],[38.243401,38.139851],[38.22941,38.140327],[38.214181,38.143563],[38.203141,38.144325],[38.196383,38.142516],[38.193147,38.139566],[38.190672,38.130809],[38.183439,38.122053],[38.174206,38.116057],[38.158883,38.110536],[38.146509,38.108728],[38.132899,38.108918],[38.12557,38.110536],[38.118337,38.110156],[38.10939,38.106634],[38.104821,38.101209],[38.098064,38.097878],[38.085595,38.095308],[38.081312,38.093499],[38.078457,38.08579],[38.073698,38.078461],[38.073793,38.068943],[38.079313,38.060377],[38.081978,38.053334],[38.089878,38.044768],[38.107867,38.033061],[38.116909,38.030206],[38.130139,38.01926],[38.136706,38.015358],[38.144415,38.013835],[38.158597,38.00565],[38.165355,37.996513],[38.166592,37.988898],[38.165164,37.985091],[38.14946,37.971766],[38.145558,37.966341],[38.136135,37.958156],[38.123952,37.951017],[38.095494,37.940167],[38.077505,37.937787],[38.067131,37.937692],[38.063609,37.935884],[38.060087,37.930935],[38.053139,37.924938],[38.031248,37.909044],[38.019827,37.905998],[38.008691,37.90457],[37.997936,37.902],[37.986324,37.896575],[37.975093,37.893815],[37.964909,37.901334],[37.957961,37.905141],[37.947777,37.907045],[37.94159,37.909519],[37.935689,37.909519],[37.924173,37.905903],[37.914179,37.905617],[37.900759,37.897146],[37.893049,37.895433],[37.88258,37.895814],[37.871349,37.897527],[37.854883,37.893625],[37.84803,37.892863],[37.828518,37.892958],[37.820238,37.891531],[37.809673,37.891245],[37.798537,37.89372],[37.785117,37.900573],[37.777217,37.906379],[37.771411,37.914278],[37.761989,37.920179],[37.754469,37.92075],[37.738004,37.916277],[37.72563,37.916753],[37.708118,37.912851],[37.698219,37.913231],[37.686607,37.915325],[37.679659,37.918657],[37.670712,37.930935],[37.65872,37.938168],[37.643929,37.943659],[37.615319,37.959774],[37.603612,37.963676],[37.591429,37.969767],[37.585718,37.97919],[37.584481,37.991278],[37.581625,37.997274],[37.581625,38.008505],[37.595617,38.024971],[37.603516,38.036868],[37.607038,38.047909],[37.609798,38.050288],[37.621981,38.055238],[37.634259,38.061805],[37.638257,38.067611],[37.644633,38.073036],[37.663003,38.078461],[37.673187,38.085124],[37.678612,38.09112],[37.702597,38.107015],[37.708022,38.111393],[37.7203,38.126431],[37.725821,38.131476],[37.727248,38.142897],[37.729247,38.148608],[37.740383,38.164407],[37.746094,38.178684],[37.747331,38.186869],[37.746474,38.19239],[37.742191,38.19772],[37.734863,38.203145],[37.715922,38.214852],[37.705738,38.222942],[37.684133,38.25397],[37.667667,38.268913],[37.665097,38.27253],[37.662051,38.281286],[37.660148,38.293089],[37.655389,38.304415],[37.649963,38.311934],[37.637019,38.32069],[37.614843,38.327733],[37.606181,38.332112],[37.597806,38.337918],[37.58153,38.346484],[37.567539,38.35267],[37.559544,38.355335],[37.537082,38.359142],[37.527659,38.362569],[37.522139,38.368755],[37.511098,38.373419],[37.502627,38.374561],[37.495108,38.378749],[37.484353,38.381414],[37.479023,38.389885],[37.479023,38.397404],[37.477024,38.408254],[37.474454,38.411395],[37.463414,38.416345],[37.452563,38.415583],[37.443712,38.409682],[37.436478,38.408064],[37.411066,38.412537],[37.395552,38.417106],[37.389175,38.418153],[37.377182,38.417392],[37.364809,38.417772],[37.347201,38.423102],[37.3255,38.435761],[37.315316,38.444232],[37.296756,38.446897],[37.290855,38.449086],[37.286667,38.453179],[37.282384,38.463648],[37.280195,38.473547],[37.275532,38.479448],[37.263063,38.488014],[37.262397,38.492202],[37.266775,38.498674],[37.270677,38.509715],[37.27477,38.515901],[37.287524,38.529321],[37.305132,38.545407],[37.310652,38.549309],[37.315411,38.556638],[37.326119,38.562298],[37.331544,38.568009],[37.334971,38.577336],[37.339254,38.582762],[37.351722,38.591232],[37.361526,38.595706],[37.367141,38.601892],[37.373804,38.605319],[37.384654,38.60865],[37.392649,38.619881],[37.396075,38.626258],[37.401881,38.631874],[37.400834,38.640249],[37.402262,38.64577],[37.412922,38.647673],[37.419394,38.654621],[37.42282,38.667375],[37.427103,38.672705],[37.433576,38.69393],[37.434337,38.703543],[37.43881,38.713156],[37.445187,38.718391],[37.454134,38.722103],[37.469553,38.725339],[37.484211,38.742471],[37.494871,38.74999],[37.514382,38.756748],[37.51876,38.757128],[37.528944,38.751513],[37.540175,38.75018],[37.548932,38.755415],[37.551121,38.758651],[37.555023,38.771215],[37.561686,38.786539],[37.562066,38.794343],[37.558545,38.802243],[37.551311,38.811095],[37.540842,38.819851],[37.536083,38.828988],[37.53456,38.835651],[37.525994,38.844693],[37.51619,38.850784],[37.507815,38.862777],[37.508195,38.87277],[37.510289,38.879813],[37.51876,38.89114],[37.527612,38.904941],[37.53989,38.916172],[37.543221,38.920835],[37.54265,38.925118],[37.525137,38.948152],[37.507053,38.965379],[37.504579,38.973088],[37.49725,38.988317],[37.496489,38.997644],[37.498868,39.00878],[37.507529,39.013825],[37.518951,39.012778],[37.533894,39.005925],[37.54522,39.004592],[37.560258,39.007638],[37.567016,39.009922],[37.587098,39.010874],[37.605087,39.014777],[37.623076,39.014015],[37.633831,39.011255],[37.639161,39.008209],[37.668381,39.001261],[37.674377,38.999167],[37.682562,38.994408],[37.689701,38.982892],[37.700932,38.974231],[37.713971,38.968805],[37.729771,38.959287],[37.741954,38.956908],[37.74776,38.962333],[37.748426,38.967758],[37.746142,38.974992],[37.738622,38.982892],[37.733292,38.992124],[37.733007,39.000309],[37.735862,39.008019],[37.741383,39.009732],[37.746903,39.009161],[37.752994,39.006401],[37.75842,39.002118],[37.769365,39.000309],[37.774505,39.004592],[37.773363,39.010113],[37.767271,39.020011],[37.757658,39.031813],[37.750615,39.044948],[37.747855,39.058368],[37.74795,39.065411],[37.749758,39.06979],[37.754232,39.072264],[37.784784,39.078641],[37.803058,39.087493],[37.81981,39.092632],[37.834562,39.093394],[37.842748,39.089016],[37.848173,39.081782],[37.852932,39.079307],[37.866257,39.078546],[37.888148,39.070932],[37.903662,39.066363],[37.917272,39.065602],[37.930407,39.067886],[37.94259,39.066458],[37.950109,39.06722],[37.958294,39.070456],[37.96924,39.072835],[37.978663,39.076833],[37.996461,39.08083],[38.008549,39.080354],[38.027204,39.072074],[38.037007,39.070932],[38.043955,39.073026],[38.049951,39.077785],[38.05452,39.087017],[38.06023,39.093299],[38.07603,39.095773],[38.090878,39.101674],[38.096589,39.10177],[38.104013,39.099676],[38.124476,39.086636],[38.132281,39.0834],[38.142845,39.081782],[38.151316,39.085209],[38.160073,39.093394],[38.173112,39.099105],[38.180917,39.099485],[38.190339,39.098058],[38.195289,39.099771],[38.203569,39.112525],[38.208899,39.11776],[38.220321,39.124232],[38.23336,39.127658],[38.243734,39.133274],[38.255156,39.135368],[38.268481,39.139936],[38.288278,39.141173],[38.299033,39.142696],[38.314338,39.14751],[38.325638,39.142006],[38.328847,39.138645],[38.344487,39.126945],[38.357704,39.12107],[38.371835,39.117181],[38.381403,39.117333],[38.406292,39.119297],[38.417235,39.121967],[38.42392,39.125418],[38.438165,39.135604],[38.464357,39.146845],[38.483835,39.153212],[38.50054,39.156165],[38.515543,39.152824],[38.526313,39.145466],[38.532445,39.13784],[38.536154,39.129096],[38.54014,39.12459],[38.558288,39.115146],[38.57598,39.113134],[38.596717,39.112751],[38.608507,39.10872],[38.613146,39.104904],[38.634093,39.08394],[38.639314,39.077845],[38.64973,39.060809],[38.653571,39.057903],[38.665316,39.054418],[38.672708,39.048662]]]}},{"type":"Feature","properties":{"id":"TR-P-45","region_id":"TR-R-EGE"},"geometry":{"type":"Polygon","coordinates":[[[28.664437,39.180126],[28.665092,39.177259],[28.661652,39.154651],[28.658047,39.146541],[28.657474,39.140643],[28.660669,39.123032],[28.666812,39.116069],[28.671563,39.116069],[28.681802,39.118608],[28.695072,39.118527],[28.71465,39.116069],[28.733818,39.111318],[28.755607,39.105093],[28.773874,39.105912],[28.784359,39.109434],[28.789273,39.110007],[28.807213,39.108615],[28.812701,39.106977],[28.822203,39.101079],[28.827855,39.09985],[28.844647,39.099031],[28.850053,39.097638],[28.862914,39.090676],[28.876512,39.08658],[28.888717,39.078962],[28.897482,39.070935],[28.9051,39.068149],[28.911407,39.062907],[28.914356,39.055371],[28.914765,39.042265],[28.918861,39.030879],[28.93123,39.023261],[28.936227,39.016134],[28.936882,39.008844],[28.932459,38.999833],[28.922383,38.991232],[28.918042,38.98599],[28.917796,38.976815],[28.911243,38.969607],[28.912062,38.966576],[28.927626,38.960678],[28.931967,38.956009],[28.944664,38.950931],[28.945647,38.942903],[28.948924,38.937661],[28.950562,38.925128],[28.949087,38.91751],[28.954494,38.91153],[28.957944,38.898526],[28.963675,38.892489],[28.969538,38.891789],[28.982357,38.887282],[28.984107,38.879669],[28.987214,38.874769],[28.992639,38.87105],[28.992458,38.865319],[28.998529,38.860528],[29.004468,38.858001],[29.020055,38.85554],[29.026978,38.858986],[29.030194,38.86755],[29.036035,38.877657],[29.036101,38.888092],[29.041351,38.890093],[29.045781,38.885499],[29.062089,38.882152],[29.07341,38.88481],[29.079644,38.882284],[29.081777,38.876049],[29.089029,38.867485],[29.095362,38.864827],[29.094509,38.856492],[29.104419,38.851307],[29.113863,38.839716],[29.111999,38.831751],[29.10117,38.826369],[29.085026,38.804286],[29.078233,38.801595],[29.07633,38.796443],[29.068225,38.782071],[29.065108,38.778067],[29.065469,38.773375],[29.062712,38.766517],[29.055493,38.758904],[29.052371,38.758554],[29.038195,38.750198],[29.032595,38.745035],[29.020126,38.722678],[29.015576,38.719922],[29.003544,38.719265],[28.985737,38.715021],[28.968455,38.709509],[28.956249,38.706665],[28.950823,38.698921],[28.935904,38.694239],[28.907772,38.686845],[28.881783,38.675295],[28.876883,38.671401],[28.85807,38.665407],[28.848051,38.660288],[28.844113,38.656307],[28.842888,38.651801],[28.843151,38.642963],[28.838032,38.6322],[28.833265,38.625666],[28.825623,38.622808],[28.822648,38.617849],[28.821132,38.611141],[28.81979,38.596032],[28.819965,38.589732],[28.822473,38.582673],[28.820257,38.57859],[28.816115,38.576431],[28.810426,38.570701],[28.806081,38.563656],[28.803748,38.557297],[28.800248,38.553447],[28.801473,38.547614],[28.808123,38.544872],[28.816757,38.538863],[28.819557,38.534313],[28.819207,38.521888],[28.810806,38.49762],[28.816407,38.485895],[28.817457,38.481578],[28.824457,38.470436],[28.821097,38.455933],[28.816815,38.445235],[28.811215,38.436485],[28.810223,38.427384],[28.801123,38.419276],[28.787355,38.411167],[28.783389,38.407025],[28.778139,38.397633],[28.77598,38.38865],[28.776155,38.384216],[28.780005,38.375933],[28.78088,38.370274],[28.776622,38.365782],[28.778022,38.356974],[28.782689,38.350907],[28.792372,38.345306],[28.794589,38.342798],[28.797623,38.326814],[28.802639,38.320572],[28.812615,38.320281],[28.824107,38.312405],[28.827082,38.308964],[28.828132,38.30383],[28.827082,38.284463],[28.829649,38.279038],[28.837232,38.276354],[28.848491,38.267954],[28.859575,38.256462],[28.860916,38.25407],[28.86955,38.251503],[28.870693,38.246454],[28.870658,38.238028],[28.864358,38.225369],[28.859225,38.220819],[28.848433,38.217435],[28.833499,38.21446],[28.82714,38.212244],[28.815415,38.20116],[28.810022,38.199532],[28.796503,38.197543],[28.788427,38.191222],[28.775201,38.18338],[28.765135,38.172905],[28.751967,38.172729],[28.741433,38.175304],[28.737395,38.174426],[28.736283,38.162663],[28.734059,38.157396],[28.726861,38.150666],[28.722472,38.143409],[28.719955,38.131295],[28.708953,38.120878],[28.701228,38.107593],[28.681447,38.107769],[28.670913,38.106072],[28.660555,38.094718],[28.647094,38.089978],[28.640511,38.089958],[28.629591,38.085662],[28.621845,38.089291],[28.60895,38.093099],[28.602026,38.098551],[28.594843,38.099244],[28.573726,38.098638],[28.559446,38.104523],[28.553735,38.105042],[28.546205,38.102965],[28.532791,38.101321],[28.510722,38.116812],[28.507,38.117851],[28.50025,38.123563],[28.487441,38.12287],[28.48468,38.121812],[28.480197,38.12918],[28.470871,38.137286],[28.45736,38.157858],[28.450648,38.162129],[28.448992,38.168666],[28.458144,38.1827],[28.462328,38.187146],[28.477495,38.191853],[28.489611,38.19133],[28.495364,38.193509],[28.499984,38.207891],[28.501902,38.217479],[28.50164,38.233605],[28.495103,38.238312],[28.488652,38.245024],[28.478977,38.252869],[28.469825,38.257576],[28.438445,38.263067],[28.424411,38.263765],[28.419007,38.264985],[28.403491,38.266467],[28.393467,38.259668],[28.387104,38.256704],[28.374203,38.254612],[28.36723,38.256966],[28.36383,38.259929],[28.362261,38.264985],[28.363743,38.272743],[28.362872,38.279106],[28.358513,38.2839],[28.355462,38.292006],[28.35215,38.296365],[28.343869,38.300897],[28.329313,38.313537],[28.315976,38.320946],[28.30787,38.321207],[28.293662,38.314234],[28.290088,38.313537],[28.278408,38.320946],[28.270388,38.324955],[28.252258,38.326263],[28.241188,38.328442],[28.222825,38.335961],[28.197248,38.345595],[28.193246,38.347664],[28.187244,38.354012],[28.176868,38.361839],[28.167794,38.365488],[28.150273,38.366534],[28.141121,38.369584],[28.116801,38.37464],[28.106516,38.374466],[28.08978,38.377952],[28.080889,38.378911],[28.067901,38.383618],[28.060666,38.387715],[28.055872,38.394514],[28.05134,38.397565],[28.023882,38.398262],[28.016037,38.399047],[28.000609,38.404277],[27.989887,38.4014],[27.985965,38.394252],[27.973151,38.392945],[27.957113,38.393555],[27.944561,38.39739],[27.930527,38.407763],[27.91998,38.410291],[27.902285,38.410553],[27.892959,38.400703],[27.89139,38.39216],[27.891302,38.383967],[27.887641,38.374117],[27.887424,38.366882],[27.889516,38.346543],[27.894281,38.336084],[27.893816,38.326437],[27.889516,38.318999],[27.880218,38.319231],[27.859065,38.32144],[27.845003,38.326205],[27.828848,38.329808],[27.821758,38.329691],[27.797119,38.334456],[27.786195,38.34143],[27.781429,38.341778],[27.772829,38.338989],[27.766902,38.33864],[27.753769,38.334689],[27.746795,38.329808],[27.743309,38.329924],[27.728432,38.337827],[27.714021,38.344219],[27.703212,38.347706],[27.70112,38.351309],[27.704258,38.358979],[27.708907,38.365023],[27.715808,38.380306],[27.716331,38.388325],[27.706307,38.409071],[27.706568,38.412732],[27.710578,38.420489],[27.707963,38.426591],[27.702646,38.432083],[27.699333,38.437923],[27.699595,38.442717],[27.690442,38.451782],[27.680418,38.45553],[27.67083,38.462678],[27.662985,38.47061],[27.654181,38.471918],[27.651566,38.473661],[27.629949,38.477932],[27.616177,38.483598],[27.603204,38.483977],[27.593722,38.473684],[27.587742,38.470555],[27.578437,38.468804],[27.573862,38.46203],[27.568796,38.459729],[27.55968,38.459989],[27.552371,38.465554],[27.539122,38.47183],[27.533195,38.476973],[27.519074,38.480198],[27.510706,38.4829],[27.49641,38.493971],[27.484294,38.497893],[27.48229,38.500595],[27.481505,38.50783],[27.47889,38.515065],[27.47305,38.523258],[27.467733,38.533893],[27.463897,38.536682],[27.450735,38.542609],[27.438619,38.538513],[27.432866,38.538513],[27.426677,38.546793],[27.416741,38.549234],[27.413167,38.553505],[27.40567,38.558386],[27.39739,38.559694],[27.384925,38.554638],[27.380741,38.550106],[27.376644,38.540517],[27.37185,38.538338],[27.362523,38.538077],[27.348751,38.53398],[27.337563,38.53764],[27.332364,38.541563],[27.327482,38.542871],[27.318591,38.542086],[27.304993,38.543045],[27.30142,38.54566],[27.29619,38.552982],[27.287996,38.557776],[27.2771,38.553941],[27.274137,38.553941],[27.265158,38.55952],[27.259318,38.564488],[27.253478,38.572159],[27.244326,38.57765],[27.237265,38.589592],[27.236917,38.596304],[27.241885,38.608594],[27.236394,38.632042],[27.236045,38.644332],[27.238834,38.659586],[27.232733,38.667606],[27.221837,38.670657],[27.216084,38.67362],[27.208849,38.683557],[27.209459,38.688351],[27.220878,38.695325],[27.223319,38.698986],[27.22175,38.705872],[27.212946,38.715547],[27.205275,38.722259],[27.197082,38.72714],[27.183571,38.732632],[27.164656,38.736031],[27.146089,38.732806],[27.143649,38.734114],[27.140859,38.740564],[27.133276,38.747711],[27.132579,38.761658],[27.130487,38.765668],[27.119504,38.774297],[27.100153,38.77822],[27.099543,38.783188],[27.101286,38.792864],[27.104947,38.798704],[27.105296,38.803934],[27.109218,38.810035],[27.117935,38.81666],[27.124995,38.81849],[27.130835,38.825812],[27.136414,38.830868],[27.142341,38.832786],[27.156288,38.835052],[27.157072,38.839236],[27.154806,38.844117],[27.153847,38.852049],[27.150448,38.861725],[27.152627,38.865473],[27.16021,38.866955],[27.179997,38.877763],[27.184966,38.876805],[27.191154,38.871139],[27.206583,38.870616],[27.215997,38.872272],[27.226893,38.877763],[27.230031,38.883429],[27.24389,38.899293],[27.245546,38.904],[27.257662,38.912456],[27.264025,38.915332],[27.272655,38.915855],[27.281508,38.913986],[27.291483,38.913414],[27.29863,38.915855],[27.310223,38.917163],[27.328877,38.917424],[27.338814,38.929104],[27.347356,38.934596],[27.35032,38.934683],[27.359995,38.931196],[27.36261,38.927971],[27.370107,38.925792],[27.381438,38.927884],[27.392247,38.928494],[27.402009,38.92431],[27.411946,38.923526],[27.422406,38.926838],[27.429031,38.925705],[27.443413,38.929802],[27.453699,38.930586],[27.464769,38.94401],[27.468081,38.955952],[27.46442,38.969462],[27.466512,38.972862],[27.466164,38.979312],[27.469476,38.989598],[27.485079,38.998053],[27.490309,39.003719],[27.497108,39.008426],[27.505476,39.011738],[27.516459,39.019932],[27.530144,39.031699],[27.531974,39.038149],[27.52256,39.046953],[27.520643,39.054711],[27.514977,39.061684],[27.513059,39.070837],[27.508265,39.079117],[27.502076,39.084522],[27.501117,39.087921],[27.505214,39.119562],[27.503209,39.124182],[27.496323,39.131417],[27.487432,39.137606],[27.47889,39.142226],[27.46198,39.149373],[27.458667,39.160966],[27.466164,39.173954],[27.467035,39.183455],[27.46965,39.193479],[27.470435,39.207949],[27.47244,39.218322],[27.476537,39.223203],[27.479239,39.236714],[27.486125,39.247522],[27.486735,39.256849],[27.475665,39.265043],[27.46442,39.269837],[27.449515,39.281256],[27.44629,39.286224],[27.439055,39.289798],[27.43522,39.293198],[27.428246,39.303832],[27.421622,39.310195],[27.418138,39.318718],[27.41493,39.330478],[27.415643,39.336775],[27.41101,39.345447],[27.401981,39.350793],[27.387453,39.352122],[27.379172,39.358659],[27.376731,39.364325],[27.38288,39.367627],[27.390744,39.373634],[27.40811,39.382262],[27.414676,39.394331],[27.425079,39.402686],[27.428929,39.408584],[27.439087,39.410304],[27.457026,39.409812],[27.472426,39.405143],[27.49315,39.405225],[27.50429,39.401703],[27.513874,39.394494],[27.51928,39.385156],[27.524932,39.378603],[27.535417,39.381061],[27.544182,39.380323],[27.553111,39.376064],[27.558927,39.371477],[27.56163,39.361893],[27.561384,39.349933],[27.566545,39.344937],[27.573999,39.3451],[27.584812,39.34895],[27.596689,39.350097],[27.60701,39.348786],[27.615939,39.345756],[27.630274,39.338793],[27.641086,39.335516],[27.657633,39.334124],[27.671067,39.334615],[27.689825,39.343462],[27.693347,39.344445],[27.702768,39.35149],[27.717021,39.357469],[27.727751,39.360418],[27.735369,39.359599],[27.753226,39.350507],[27.763302,39.343052],[27.770183,39.330192],[27.779767,39.325441],[27.787958,39.322902],[27.796559,39.322328],[27.810239,39.31684],[27.821297,39.314874],[27.828014,39.314792],[27.840137,39.31897],[27.853981,39.325605],[27.864547,39.325113],[27.876097,39.33609],[27.878719,39.34125],[27.883388,39.344363],[27.894036,39.346001],[27.918447,39.344691],[27.936877,39.338547],[27.943758,39.329209],[27.9481,39.325605],[27.950557,39.316676],[27.954735,39.311188],[27.966448,39.304635],[27.972182,39.299147],[27.971199,39.291529],[27.962926,39.28301],[27.953506,39.276866],[27.943267,39.2749],[27.933929,39.269494],[27.932044,39.2672],[27.937942,39.254504],[27.943676,39.250162],[27.960878,39.247049],[27.971855,39.240578],[27.974967,39.233124],[27.96907,39.219199],[27.97251,39.211171],[27.979309,39.203307],[27.988074,39.197655],[27.994135,39.196017],[28.009371,39.193969],[28.018709,39.188399],[28.02985,39.189054],[28.051557,39.180453],[28.059257,39.172999],[28.071872,39.170542],[28.083995,39.166856],[28.095217,39.158664],[28.100541,39.156043],[28.114139,39.140398],[28.121184,39.128438],[28.12446,39.113448],[28.130112,39.103127],[28.137075,39.09772],[28.141171,39.090266],[28.151082,39.077733],[28.15698,39.076832],[28.167465,39.077242],[28.179588,39.07503],[28.191548,39.074784],[28.206538,39.079454],[28.223085,39.091003],[28.229392,39.091495],[28.241269,39.088464],[28.253802,39.073392],[28.257652,39.070853],[28.270677,39.065364],[28.278213,39.063153],[28.296561,39.061351],[28.312698,39.066839],[28.321627,39.071508],[28.334569,39.07372],[28.345955,39.081256],[28.35259,39.083222],[28.357669,39.087235],[28.36586,39.097229],[28.369792,39.097229],[28.389534,39.100505],[28.412388,39.099686],[28.424101,39.098294],[28.433603,39.104437],[28.449003,39.108451],[28.461945,39.117789],[28.473168,39.121066],[28.491844,39.131551],[28.506261,39.13835],[28.512896,39.139496],[28.535914,39.14736],[28.546153,39.154896],[28.551887,39.157599],[28.570563,39.163333],[28.596448,39.167265],[28.604721,39.16661],[28.608408,39.168412],[28.624217,39.184467],[28.634784,39.184959],[28.637897,39.184058],[28.660914,39.182092],[28.664437,39.180126]]]}},{"type":"Feature","properties":{"id":"TR-P-46","region_id":"TR-R-AKD"},"geometry":{"type":"Polygon","coordinates":[[[37.315411,38.556638],[37.310652,38.549309],[37.305132,38.545407],[37.287524,38.529321],[37.27477,38.515901],[37.270677,38.509715],[37.266775,38.498674],[37.262397,38.492202],[37.263063,38.488014],[37.275532,38.479448],[37.280195,38.473547],[37.282384,38.463648],[37.286667,38.453179],[37.290855,38.449086],[37.296756,38.446897],[37.315316,38.444232],[37.3255,38.435761],[37.347201,38.423102],[37.364809,38.417772],[37.377182,38.417392],[37.389175,38.418153],[37.395552,38.417106],[37.411066,38.412537],[37.436478,38.408064],[37.443712,38.409682],[37.452563,38.415583],[37.463414,38.416345],[37.474454,38.411395],[37.477024,38.408254],[37.479023,38.397404],[37.479023,38.389885],[37.484353,38.381414],[37.495108,38.378749],[37.502627,38.374561],[37.511098,38.373419],[37.522139,38.368755],[37.527659,38.362569],[37.537082,38.359142],[37.559544,38.355335],[37.567539,38.35267],[37.58153,38.346484],[37.597806,38.337918],[37.606181,38.332112],[37.614843,38.327733],[37.637019,38.32069],[37.649963,38.311934],[37.655389,38.304415],[37.660148,38.293089],[37.662051,38.281286],[37.665097,38.27253],[37.667667,38.268913],[37.684133,38.25397],[37.705738,38.222942],[37.715922,38.214852],[37.734863,38.203145],[37.742191,38.19772],[37.746474,38.19239],[37.747331,38.186869],[37.746094,38.178684],[37.740383,38.164407],[37.729247,38.148608],[37.727248,38.142897],[37.725821,38.131476],[37.7203,38.126431],[37.708022,38.111393],[37.702597,38.107015],[37.678612,38.09112],[37.673187,38.085124],[37.663003,38.078461],[37.644633,38.073036],[37.638257,38.067611],[37.634259,38.061805],[37.621981,38.055238],[37.609798,38.050288],[37.607038,38.047909],[37.603516,38.036868],[37.595617,38.024971],[37.581625,38.008505],[37.581625,37.997274],[37.584481,37.991278],[37.585718,37.97919],[37.591429,37.969767],[37.603612,37.963676],[37.615319,37.959774],[37.643929,37.943659],[37.642222,37.941395],[37.63042,37.914174],[37.629373,37.909224],[37.629468,37.898755],[37.626422,37.893806],[37.611575,37.877149],[37.602913,37.863824],[37.598916,37.859541],[37.590255,37.854211],[37.568459,37.839268],[37.562272,37.834319],[37.553611,37.825087],[37.536193,37.811952],[37.525153,37.805385],[37.511161,37.788062],[37.502405,37.781305],[37.497456,37.778735],[37.491364,37.771025],[37.488604,37.761508],[37.484036,37.751894],[37.472709,37.743995],[37.464809,37.734572],[37.464334,37.728005],[37.461383,37.718011],[37.465095,37.712205],[37.465856,37.707065],[37.463382,37.698119],[37.459575,37.689648],[37.45967,37.686792],[37.472424,37.677275],[37.472709,37.674134],[37.463287,37.664235],[37.453959,37.656145],[37.442538,37.649578],[37.439873,37.646151],[37.442157,37.641107],[37.45196,37.638727],[37.468046,37.637014],[37.473185,37.630637],[37.475279,37.621024],[37.474518,37.615313],[37.469378,37.610555],[37.461002,37.610079],[37.452817,37.607128],[37.449581,37.599704],[37.45158,37.593993],[37.449962,37.589996],[37.453103,37.577813],[37.461002,37.574672],[37.468046,37.569913],[37.478134,37.56563],[37.489651,37.565916],[37.497646,37.570294],[37.510876,37.574767],[37.532767,37.584],[37.538763,37.588188],[37.552278,37.59209],[37.568268,37.590567],[37.582355,37.587045],[37.589779,37.579241],[37.590826,37.573149],[37.589684,37.564583],[37.585686,37.546785],[37.58264,37.538695],[37.573789,37.524704],[37.572647,37.51471],[37.578548,37.499957],[37.577881,37.49339],[37.571219,37.486061],[37.558655,37.47997],[37.552183,37.472355],[37.548376,37.468072],[37.546853,37.462933],[37.547234,37.456937],[37.545902,37.446372],[37.544131,37.441174],[37.536707,37.427373],[37.532804,37.422329],[37.518813,37.407291],[37.513293,37.403198],[37.496922,37.395584],[37.472842,37.386542],[37.455615,37.384162],[37.454092,37.379499],[37.454948,37.363033],[37.454377,37.354467],[37.451141,37.347899],[37.444859,37.342379],[37.435532,37.341142],[37.419732,37.343236],[37.405456,37.344283],[37.394796,37.34276],[37.390893,37.340761],[37.386705,37.330958],[37.378425,37.3242],[37.357295,37.325342],[37.35168,37.322963],[37.347873,37.316681],[37.340925,37.311446],[37.33331,37.309638],[37.319224,37.311351],[37.313037,37.313064],[37.298285,37.321535],[37.278678,37.331148],[37.259166,37.335526],[37.247459,37.336478],[37.232326,37.333432],[37.220905,37.327531],[37.212814,37.319822],[37.204248,37.308781],[37.202916,37.30564],[37.191114,37.286129],[37.183404,37.278514],[37.163988,37.27366],[37.152376,37.26852],[37.147998,37.265094],[37.142668,37.257575],[37.136386,37.255671],[37.132103,37.252435],[37.12525,37.244536],[37.116684,37.239681],[37.110688,37.228736],[37.110688,37.213507],[37.108975,37.207321],[37.100599,37.199611],[37.09032,37.195995],[37.083562,37.188571],[37.074425,37.18029],[37.070618,37.179529],[37.059006,37.181432],[37.055042,37.180484],[37.049351,37.183967],[37.042893,37.19365],[37.043323,37.210528],[37.037532,37.223295],[37.033799,37.234773],[37.032106,37.247638],[37.027721,37.252071],[37.007437,37.25443],[36.994656,37.253023],[36.98391,37.25491],[36.98391,37.274326],[36.979532,37.291649],[36.971061,37.299168],[36.954405,37.307353],[36.937844,37.307068],[36.928421,37.310018],[36.919379,37.314206],[36.903484,37.319441],[36.896346,37.319822],[36.880832,37.310875],[36.877501,37.305164],[36.878167,37.29241],[36.876359,37.285938],[36.871409,37.275183],[36.862082,37.264999],[36.83962,37.246629],[36.830197,37.243203],[36.803357,37.24149],[36.791935,37.239586],[36.776231,37.234256],[36.765285,37.226547],[36.761383,37.226166],[36.747297,37.229212],[36.727975,37.227213],[36.716649,37.222835],[36.712461,37.218647],[36.707988,37.209795],[36.705417,37.207275],[36.693528,37.216761],[36.695342,37.220705],[36.692108,37.225595],[36.692029,37.234507],[36.689663,37.239318],[36.677359,37.241921],[36.674046,37.244208],[36.677122,37.249887],[36.67799,37.25667],[36.664424,37.272129],[36.659613,37.275757],[36.651174,37.279069],[36.643523,37.285537],[36.629327,37.295632],[36.628775,37.306359],[36.63122,37.310381],[36.631535,37.317085],[36.641426,37.323835],[36.643787,37.338692],[36.646543,37.342234],[36.647729,37.347886],[36.635227,37.34371],[36.625781,37.342923],[36.619779,37.343907],[36.611108,37.349659],[36.5977,37.351709],[36.589813,37.354391],[36.583424,37.361174],[36.577851,37.37086],[36.577325,37.37788],[36.571358,37.380337],[36.570656,37.382969],[36.572938,37.392972],[36.555652,37.405519],[36.554511,37.412714],[36.552142,37.416575],[36.549071,37.428157],[36.542403,37.427982],[36.529329,37.425174],[36.50634,37.413328],[36.500579,37.412473],[36.48642,37.407698],[36.478989,37.407061],[36.472529,37.403873],[36.475419,37.387796],[36.474846,37.383921],[36.469816,37.375741],[36.456748,37.370131],[36.449428,37.368684],[36.437864,37.368301],[36.419875,37.365154],[36.411135,37.361491],[36.405584,37.353466],[36.402372,37.352062],[36.388981,37.35221],[36.377908,37.348702],[36.372216,37.348188],[36.364547,37.353348],[36.36027,37.359721],[36.352658,37.362114],[36.345742,37.358516],[36.340955,37.359036],[36.331787,37.363089],[36.326304,37.363927],[36.294081,37.3649],[36.289971,37.363036],[36.277854,37.345946],[36.272019,37.358565],[36.262389,37.382282],[36.261301,37.390662],[36.261721,37.398927],[36.263466,37.405104],[36.262007,37.414677],[36.255864,37.417997],[36.255682,37.424862],[36.258984,37.429992],[36.255632,37.445284],[36.257705,37.456111],[36.256011,37.465134],[36.247899,37.475857],[36.247715,37.487732],[36.249553,37.496282],[36.238302,37.521123],[36.237744,37.525368],[36.240625,37.535701],[36.245357,37.543108],[36.251178,37.559976],[36.249635,37.576285],[36.254736,37.585433],[36.257057,37.591913],[36.255316,37.595105],[36.259572,37.601295],[36.260442,37.607678],[36.267309,37.61706],[36.270694,37.630117],[36.271456,37.642238],[36.266389,37.652536],[36.257235,37.654415],[36.237376,37.660626],[36.231655,37.660054],[36.224054,37.662506],[36.22103,37.666838],[36.222992,37.672313],[36.229693,37.679669],[36.233616,37.696177],[36.229857,37.702062],[36.22005,37.70721],[36.213838,37.706856],[36.201416,37.709226],[36.190314,37.707925],[36.186748,37.713636],[36.182662,37.71697],[36.180404,37.725357],[36.180834,37.732884],[36.186963,37.741809],[36.193845,37.746326],[36.199759,37.758369],[36.20234,37.761703],[36.212878,37.770735],[36.217932,37.78009],[36.237395,37.789231],[36.252651,37.794661],[36.261038,37.799419],[36.26741,37.806113],[36.27241,37.817323],[36.282088,37.829582],[36.288781,37.836679],[36.291362,37.845872],[36.290798,37.854663],[36.292653,37.859018],[36.288539,37.873777],[36.28741,37.884503],[36.282975,37.898858],[36.273378,37.909746],[36.269829,37.915633],[36.264345,37.929585],[36.263055,37.935714],[36.25128,37.940795],[36.243941,37.945231],[36.236441,37.946037],[36.224908,37.943537],[36.212166,37.943699],[36.204949,37.94531],[36.203561,37.947234],[36.205687,37.958529],[36.220431,37.98728],[36.227252,38.00238],[36.233435,38.022206],[36.239003,38.024858],[36.254996,38.028012],[36.257075,38.030377],[36.255591,38.041114],[36.259013,38.044182],[36.263036,38.051541],[36.269924,38.054801],[36.273424,38.058066],[36.278381,38.057898],[36.297197,38.068791],[36.302509,38.073833],[36.307461,38.084637],[36.317815,38.09319],[36.323757,38.099492],[36.3315,38.114798],[36.334111,38.117499],[36.343924,38.134605],[36.345815,38.141807],[36.355988,38.150991],[36.372644,38.173139],[36.378766,38.178991],[36.383718,38.189074],[36.383358,38.193486],[36.372554,38.20555],[36.372464,38.210412],[36.376606,38.224907],[36.377146,38.23247],[36.380297,38.239492],[36.38822,38.248045],[36.392901,38.250656],[36.400914,38.259659],[36.406496,38.263531],[36.41766,38.266142],[36.435036,38.272264],[36.440078,38.274875],[36.454933,38.280277],[36.466458,38.281087],[36.480322,38.287389],[36.486895,38.28865],[36.5004,38.287749],[36.507152,38.288199],[36.515075,38.2909],[36.519937,38.294862],[36.532901,38.309447],[36.539474,38.31809],[36.550187,38.324662],[36.55649,38.333305],[36.55829,38.337717],[36.563512,38.343029],[36.576477,38.352482],[36.579988,38.361035],[36.588271,38.369318],[36.599975,38.377961],[36.616811,38.398219],[36.625454,38.40227],[36.629776,38.410103],[36.633107,38.412714],[36.646522,38.412804],[36.659306,38.405961],[36.667859,38.4029],[36.672271,38.399749],[36.681814,38.395518],[36.702431,38.400469],[36.708734,38.40299],[36.716026,38.412083],[36.719808,38.422077],[36.72737,38.432611],[36.729171,38.440804],[36.72719,38.451698],[36.718727,38.455929],[36.703188,38.460267],[36.698191,38.467049],[36.692301,38.489092],[36.693193,38.503103],[36.694978,38.50819],[36.700451,38.51571],[36.723229,38.524713],[36.738624,38.527234],[36.759782,38.535607],[36.774141,38.542435],[36.816962,38.553021],[36.842374,38.560825],[36.891582,38.562443],[36.897483,38.56568],[36.907857,38.56844],[36.921848,38.569772],[36.932413,38.572152],[36.966582,38.572152],[36.980478,38.572913],[36.995517,38.574626],[37.01341,38.575102],[37.029781,38.578433],[37.043677,38.586333],[37.056145,38.587856],[37.078702,38.586143],[37.102973,38.580052],[37.146755,38.572152],[37.163126,38.570724],[37.180068,38.570819],[37.204338,38.574055],[37.235557,38.575673],[37.26411,38.574055],[37.286667,38.57139],[37.297613,38.56844],[37.312746,38.561016],[37.315411,38.556638]]]}},{"type":"Feature","properties":{"id":"TR-P-47","region_id":"TR-R-GDA"},"geometry":{"type":"Polygon","coordinates":[[[41.044383,37.734425],[41.052384,37.717412],[41.057732,37.708182],[41.06308,37.702748],[41.069463,37.693518],[41.078175,37.687135],[41.08361,37.677301],[41.082574,37.666605],[41.079814,37.655995],[41.080332,37.649698],[41.094651,37.633913],[41.103277,37.629083],[41.11104,37.623303],[41.115784,37.614332],[41.114663,37.603291],[41.119925,37.592767],[41.120874,37.582071],[41.119148,37.56758],[41.118803,37.557832],[41.120874,37.54567],[41.123979,37.539287],[41.130621,37.534025],[41.146751,37.528849],[41.152876,37.526175],[41.166419,37.514185],[41.178064,37.505991],[41.185309,37.502281],[41.190312,37.501246],[41.204545,37.504265],[41.21757,37.505818],[41.228698,37.506077],[41.239739,37.510131],[41.250349,37.510476],[41.261821,37.505214],[41.267773,37.505473],[41.281661,37.510476],[41.29529,37.511597],[41.315906,37.510649],[41.350927,37.506767],[41.378185,37.506594],[41.390779,37.507284],[41.404063,37.506767],[41.429768,37.502971],[41.440464,37.502799],[41.455818,37.50392],[41.464789,37.506422],[41.473243,37.512374],[41.480316,37.519533],[41.488942,37.525399],[41.501018,37.528159],[41.505159,37.527642],[41.516114,37.523501],[41.52543,37.524277],[41.534142,37.528763],[41.548471,37.530051],[41.562607,37.535232],[41.569767,37.5392],[41.589003,37.555331],[41.593661,37.561973],[41.603581,37.570426],[41.610395,37.574135],[41.628423,37.580605],[41.638084,37.591128],[41.645934,37.611831],[41.658269,37.630894],[41.662496,37.632533],[41.670518,37.62546],[41.679575,37.610709],[41.686303,37.610709],[41.692773,37.615195],[41.697603,37.622441],[41.699587,37.633395],[41.700881,37.647628],[41.705453,37.660222],[41.712785,37.664966],[41.717357,37.669452],[41.724527,37.673508],[41.732079,37.668564],[41.746282,37.666594],[41.772106,37.667953],[41.782028,37.668904],[41.800444,37.673525],[41.820181,37.6766],[41.824549,37.65952],[41.82394,37.649191],[41.825849,37.643376],[41.83415,37.638335],[41.835809,37.635584],[41.829748,37.626001],[41.835295,37.619504],[41.856695,37.611121],[41.866667,37.608715],[41.869772,37.604394],[41.875357,37.592253],[41.879431,37.589073],[41.887081,37.58685],[41.89534,37.579236],[41.897297,37.573909],[41.891767,37.561877],[41.890292,37.554577],[41.882972,37.54996],[41.869456,37.54463],[41.864723,37.544337],[41.85431,37.549642],[41.851197,37.547346],[41.854877,37.536046],[41.853291,37.52775],[41.845462,37.521962],[41.838348,37.518561],[41.844884,37.507761],[41.852367,37.500719],[41.854113,37.496061],[41.856232,37.479607],[41.855747,37.476688],[41.84925,37.468899],[41.850634,37.464323],[41.859827,37.457009],[41.859799,37.454234],[41.855763,37.450013],[41.847755,37.445654],[41.84601,37.443319],[41.848899,37.438256],[41.858254,37.430368],[41.864163,37.418895],[41.857018,37.414042],[41.84235,37.405776],[41.834166,37.403021],[41.817554,37.401887],[41.798835,37.404723],[41.768609,37.413069],[41.740952,37.418427],[41.725464,37.426194],[41.706079,37.43387],[41.701788,37.434291],[41.688156,37.426886],[41.661229,37.41763],[41.651131,37.415274],[41.64187,37.4155],[41.635063,37.420038],[41.622989,37.433085],[41.61683,37.437785],[41.607998,37.437623],[41.606377,37.433652],[41.606863,37.423928],[41.604837,37.418256],[41.599975,37.410152],[41.591304,37.400752],[41.590413,37.398402],[41.591385,37.382195],[41.589198,37.37085],[41.586523,37.36534],[41.575584,37.35513],[41.573801,37.348323],[41.572342,37.33641],[41.574692,37.322554],[41.571532,37.315909],[41.559134,37.304726],[41.55654,37.296298],[41.555082,37.283252],[41.556054,37.272555],[41.560268,37.26356],[41.568696,37.255862],[41.580284,37.251972],[41.601353,37.24865],[41.611401,37.246381],[41.62777,37.238115],[41.633037,37.234712],[41.649406,37.220693],[41.660022,37.216884],[41.667315,37.21105],[41.672528,37.20146],[41.671772,37.191088],[41.666154,37.172504],[41.665937,37.155649],[41.667342,37.139226],[41.667234,37.130582],[41.664831,37.117992],[41.653805,37.118019],[41.635862,37.114729],[41.630776,37.110478],[41.623133,37.111009],[41.610885,37.109213],[41.598712,37.106024],[41.594587,37.101924],[41.586591,37.100533],[41.569129,37.092131],[41.554476,37.08669],[41.520641,37.082692],[41.517782,37.07844],[41.514517,37.077605],[41.504445,37.079124],[41.445079,37.079615],[41.401528,37.079387],[41.373756,37.07959],[41.367378,37.077329],[41.359502,37.076567],[41.346416,37.079438],[41.339962,37.078905],[41.326953,37.080887],[41.319559,37.079845],[41.284901,37.080328],[41.279108,37.077939],[41.272247,37.07738],[41.266784,37.079388],[41.249811,37.077609],[41.235201,37.075068],[41.222776,37.070037],[41.224783,37.067445],[41.219753,37.061777],[41.198326,37.06411],[41.198738,37.079439],[41.188291,37.083992],[41.179849,37.085998],[41.172688,37.089995],[41.168722,37.087742],[41.168445,37.092402],[41.165466,37.093976],[41.146454,37.097418],[41.1328,37.094649],[41.12763,37.09705],[41.119801,37.094183],[41.091262,37.10117],[41.074762,37.103379],[41.051054,37.108637],[41.012237,37.115415],[40.98295,37.115563],[40.970726,37.118893],[40.916637,37.130954],[40.907861,37.131946],[40.890322,37.12788],[40.877654,37.12903],[40.870784,37.128275],[40.847571,37.121762],[40.845466,37.119598],[40.842209,37.10963],[40.835517,37.106532],[40.82672,37.108716],[40.820068,37.112112],[40.814673,37.123886],[40.807959,37.125265],[40.800613,37.119386],[40.796768,37.119096],[40.77606,37.122457],[40.770983,37.126345],[40.765966,37.127514],[40.763157,37.125962],[40.756871,37.113056],[40.749308,37.108872],[40.742374,37.110875],[40.732611,37.108793],[40.720361,37.10746],[40.712935,37.103926],[40.695264,37.1033],[40.679494,37.09272],[40.63695,37.074088],[40.631068,37.071784],[40.618474,37.064112],[40.614605,37.063262],[40.592952,37.062568],[40.586354,37.060108],[40.571815,37.049416],[40.531486,37.028477],[40.525773,37.027441],[40.493917,37.023935],[40.418867,37.016289],[40.413266,37.015383],[40.399087,37.008351],[40.38305,36.991329],[40.379267,36.980098],[40.357452,36.962895],[40.352659,36.960667],[40.338721,36.958115],[40.307462,36.939212],[40.295222,36.933649],[40.264783,36.920712],[40.241029,36.915688],[40.235076,36.912465],[40.232689,36.915815],[40.223101,36.918689],[40.21783,36.922246],[40.213687,36.932897],[40.215417,36.93685],[40.220917,36.941143],[40.232278,36.943506],[40.234856,36.946064],[40.237031,36.954948],[40.232675,36.958053],[40.220908,36.963805],[40.18887,36.97391],[40.181218,36.975599],[40.176249,36.979936],[40.17703,36.988058],[40.185453,36.991602],[40.184815,36.996859],[40.175738,37.002625],[40.165768,37.007714],[40.158988,37.017614],[40.157246,37.024896],[40.159603,37.031659],[40.164152,37.035699],[40.163754,37.041682],[40.158542,37.04616],[40.158945,37.050789],[40.163072,37.055489],[40.154305,37.061477],[40.155602,37.065613],[40.159738,37.067959],[40.159553,37.070676],[40.150971,37.070367],[40.14949,37.073824],[40.151404,37.079566],[40.145477,37.082653],[40.143316,37.086295],[40.135723,37.088147],[40.128191,37.08753],[40.126586,37.093518],[40.132204,37.09963],[40.132204,37.103951],[40.135229,37.105618],[40.136217,37.11136],[40.133253,37.11278],[40.127018,37.110681],[40.126771,37.114755],[40.123684,37.117039],[40.117696,37.116484],[40.11535,37.125497],[40.111152,37.130313],[40.106769,37.131979],[40.110041,37.135251],[40.109423,37.138215],[40.10183,37.135869],[40.095792,37.136387],[40.092014,37.141443],[40.087074,37.153765],[40.084807,37.165099],[40.08039,37.168935],[40.063593,37.17463],[40.056454,37.179578],[40.047317,37.180257],[40.046329,37.182109],[40.050774,37.188406],[40.043736,37.192666],[40.035217,37.186616],[40.031389,37.186924],[40.032068,37.191863],[40.022684,37.198407],[40.019783,37.201926],[40.019845,37.20705],[40.023549,37.211927],[40.02287,37.216434],[40.016943,37.217792],[40.011387,37.224645],[40.019474,37.227546],[40.01293,37.231683],[40.012868,37.240079],[40.009905,37.24829],[40.004287,37.2515],[40.011202,37.256254],[40.010955,37.262983],[40.007374,37.265514],[40.008053,37.271255],[40.001386,37.277059],[39.996694,37.28848],[39.993422,37.290949],[39.992125,37.296011],[39.987125,37.296073],[39.983853,37.300518],[39.986322,37.303914],[39.984038,37.310087],[39.984408,37.315952],[39.977494,37.322496],[39.977247,37.328793],[39.978975,37.33009],[39.973172,37.33651],[39.966937,37.347869],[39.968789,37.351265],[39.966814,37.353549],[39.967987,37.363303],[39.962245,37.368674],[39.962492,37.371699],[39.957924,37.374107],[39.951873,37.381022],[39.948848,37.387813],[39.94854,37.392628],[39.952429,37.407691],[39.952306,37.413742],[39.941145,37.423362],[39.922547,37.435451],[39.918827,37.438654],[39.911697,37.44847],[39.906738,37.457046],[39.883489,37.481328],[39.873777,37.490317],[39.866854,37.500547],[39.863341,37.510776],[39.859104,37.533611],[39.869644,37.532268],[39.894442,37.530149],[39.91552,37.524105],[39.931484,37.51806],[39.946208,37.513953],[39.959382,37.511706],[39.983173,37.509613],[39.994565,37.510621],[40.012079,37.515658],[40.022308,37.52147],[40.041139,37.534644],[40.044781,37.539604],[40.048269,37.539836],[40.057103,37.537124],[40.071362,37.541386],[40.080739,37.541076],[40.089573,37.538674],[40.104685,37.543014],[40.119409,37.55239],[40.125763,37.553863],[40.13483,37.553553],[40.151569,37.551538],[40.167765,37.547741],[40.195353,37.538674],[40.217904,37.528057],[40.226583,37.518293],[40.240377,37.508528],[40.245725,37.507134],[40.255799,37.507908],[40.266338,37.512326],[40.288657,37.52519],[40.299816,37.527205],[40.308418,37.526585],[40.322909,37.530149],[40.333448,37.533637],[40.346932,37.539681],[40.359099,37.543091],[40.365066,37.546656],[40.388625,37.555723],[40.398234,37.558512],[40.407843,37.564479],[40.41319,37.572926],[40.415903,37.579436],[40.429929,37.595787],[40.437214,37.600204],[40.447753,37.603537],[40.464802,37.604777],[40.478828,37.601522],[40.505254,37.600592],[40.521528,37.59757],[40.539274,37.59819],[40.55671,37.601599],[40.58732,37.605009],[40.595535,37.606792],[40.606694,37.613456],[40.617156,37.616943],[40.631182,37.62477],[40.639939,37.636394],[40.641257,37.647864],[40.640792,37.656853],[40.640637,37.686921],[40.637227,37.69684],[40.636297,37.702962],[40.638234,37.712727],[40.646681,37.728148],[40.650943,37.739617],[40.655671,37.743027],[40.664428,37.744422],[40.675044,37.742252],[40.681554,37.73768],[40.688761,37.729465],[40.692636,37.719934],[40.696045,37.705365],[40.69806,37.701645],[40.711544,37.69374],[40.752616,37.676304],[40.774237,37.6684],[40.800043,37.664757],[40.817789,37.659023],[40.835768,37.651893],[40.851654,37.646934],[40.875058,37.641664],[40.884202,37.642129],[40.894509,37.647244],[40.910085,37.658558],[40.927211,37.666927],[40.95325,37.675142],[40.958752,37.677699],[40.973631,37.687696],[40.986727,37.708852],[40.999591,37.714354],[41.01788,37.719236],[41.033379,37.725668],[41.044383,37.734425]]]}},{"type":"Feature","properties":{"id":"TR-P-48","region_id":"TR-R-EGE"},"geometry":{"type":"MultiPolygon","coordinates":[[[[28.617938,37.479446],[28.624971,37.475938],[28.628961,37.470749],[28.630872,37.460713],[28.629677,37.455658],[28.615082,37.432219],[28.614696,37.429271],[28.6186,37.423654],[28.629114,37.416576],[28.630658,37.413419],[28.626743,37.403765],[28.628754,37.398187],[28.644993,37.376551],[28.642207,37.372149],[28.644636,37.369033],[28.649166,37.368181],[28.652805,37.372973],[28.656892,37.374264],[28.668034,37.372686],[28.673925,37.369012],[28.690841,37.365725],[28.702195,37.366278],[28.705904,37.363452],[28.713635,37.353996],[28.71776,37.344945],[28.718747,37.339585],[28.721909,37.336285],[28.729367,37.333947],[28.742159,37.324761],[28.742379,37.31739],[28.737823,37.302753],[28.736285,37.294698],[28.731235,37.291697],[28.73197,37.288602],[28.739304,37.280327],[28.740151,37.277493],[28.737704,37.272407],[28.739424,37.270133],[28.749569,37.268738],[28.755756,37.265222],[28.764084,37.25355],[28.784355,37.240251],[28.785145,37.23419],[28.780541,37.227108],[28.78345,37.222281],[28.781895,37.217759],[28.786064,37.210976],[28.784086,37.206312],[28.786842,37.202779],[28.785358,37.193876],[28.795533,37.184266],[28.799631,37.183701],[28.808216,37.186492],[28.817369,37.184417],[28.820819,37.174058],[28.83034,37.163849],[28.836491,37.15025],[28.835575,37.14353],[28.833248,37.14135],[28.834824,37.135675],[28.841024,37.130718],[28.859659,37.135742],[28.870432,37.142153],[28.87446,37.1418],[28.87507,37.138504],[28.879483,37.135434],[28.885214,37.135848],[28.900745,37.143665],[28.906654,37.144703],[28.924948,37.14086],[28.933727,37.140491],[28.947035,37.136872],[28.963227,37.124181],[28.970949,37.116651],[28.973978,37.111714],[28.973761,37.104326],[28.979009,37.099832],[28.987768,37.098243],[28.996189,37.093676],[28.99959,37.08649],[29.007239,37.077065],[29.017818,37.068413],[29.020891,37.062213],[29.035123,37.060341],[29.038677,37.055203],[29.045713,37.052624],[29.058142,37.043536],[29.072506,37.047054],[29.078544,37.046409],[29.094902,37.036501],[29.099768,37.031283],[29.101351,37.023192],[29.105865,37.016216],[29.105396,37.009884],[29.099475,37.005428],[29.096778,36.992589],[29.080069,36.975821],[29.074734,36.966616],[29.073561,36.954774],[29.074264,36.952135],[29.084173,36.942814],[29.085462,36.938006],[29.093025,36.931557],[29.093963,36.924873],[29.089684,36.921297],[29.086459,36.913206],[29.088921,36.90195],[29.096778,36.891631],[29.107565,36.881489],[29.116418,36.869822],[29.11976,36.866714],[29.131016,36.861848],[29.142801,36.860852],[29.153354,36.863842],[29.170766,36.863021],[29.178798,36.867418],[29.186654,36.866304],[29.204419,36.859269],[29.210516,36.852233],[29.216789,36.851471],[29.221772,36.853523],[29.237133,36.856748],[29.244227,36.859679],[29.253549,36.859327],[29.257184,36.860969],[29.274127,36.863314],[29.282218,36.86818],[29.28685,36.874688],[29.291188,36.878088],[29.292595,36.882134],[29.296875,36.886238],[29.304966,36.888407],[29.327962,36.888893],[29.334924,36.887351],[29.341667,36.880609],[29.348233,36.878088],[29.363594,36.87844],[29.368577,36.881606],[29.379658,36.882368],[29.389331,36.877561],[29.38939,36.870408],[29.395429,36.8656],[29.399708,36.858331],[29.415245,36.853758],[29.416066,36.843439],[29.423394,36.83998],[29.43213,36.839042],[29.438168,36.83998],[29.449132,36.844143],[29.454115,36.849009],[29.45945,36.849185],[29.4676,36.846781],[29.47358,36.851178],[29.478094,36.852468],[29.495037,36.867008],[29.503421,36.876329],[29.504125,36.88782],[29.506998,36.900191],[29.512098,36.904823],[29.520013,36.909102],[29.525465,36.91391],[29.528045,36.921473],[29.534025,36.926222],[29.536546,36.938475],[29.539302,36.941993],[29.553372,36.948794],[29.556011,36.955536],[29.561991,36.959992],[29.572426,36.963157],[29.57612,36.966851],[29.585794,36.97072],[29.585676,36.981449],[29.588842,36.984029],[29.588959,36.98913],[29.594295,36.990654],[29.601154,36.996869],[29.605258,36.997103],[29.614169,36.992061],[29.627126,36.993175],[29.637445,36.989833],[29.662948,36.990419],[29.672211,36.989247],[29.677253,36.986491],[29.685754,36.985319],[29.698476,36.988074],[29.706157,36.984439],[29.710378,36.979984],[29.72269,36.973652],[29.734033,36.962425],[29.748017,36.958584],[29.778621,36.940996],[29.790698,36.927922],[29.795916,36.919538],[29.796327,36.912327],[29.798379,36.904471],[29.801486,36.901833],[29.808268,36.891547],[29.807621,36.882894],[29.810826,36.878533],[29.811924,36.873195],[29.809577,36.857979],[29.802424,36.848071],[29.795389,36.841856],[29.778396,36.823545],[29.776051,36.819323],[29.776755,36.809943],[29.773784,36.806816],[29.755727,36.798921],[29.75471,36.797279],[29.760495,36.783443],[29.756665,36.758507],[29.750411,36.757647],[29.746893,36.754598],[29.74619,36.746312],[29.746972,36.736932],[29.746112,36.729349],[29.742594,36.718483],[29.74275,36.709416],[29.741109,36.70066],[29.744939,36.684635],[29.74447,36.677522],[29.737591,36.658214],[29.736809,36.647739],[29.727507,36.636092],[29.707417,36.630229],[29.700616,36.629994],[29.681152,36.624288],[29.668254,36.621395],[29.658561,36.622099],[29.65473,36.62077],[29.643943,36.613422],[29.627605,36.599899],[29.622602,36.592238],[29.617834,36.579027],[29.613222,36.569803],[29.604857,36.564487],[29.594773,36.555029],[29.585706,36.550651],[29.578279,36.545101],[29.569446,36.541505],[29.563427,36.535017],[29.559206,36.527825],[29.543415,36.523526],[29.540288,36.521103],[29.534035,36.51094],[29.526296,36.503983],[29.520589,36.490929],[29.514492,36.488271],[29.499718,36.485613],[29.489243,36.48061],[29.47572,36.478343],[29.46415,36.474435],[29.449063,36.472949],[29.442262,36.474669],[29.431709,36.470917],[29.423713,36.471249],[29.407569,36.469534],[29.401957,36.472399],[29.390006,36.471305],[29.378656,36.468109],[29.362255,36.460763],[29.34985,36.449792],[29.346713,36.4449],[29.33964,36.4383],[29.330073,36.437886],[29.322839,36.440889],[29.316308,36.433755],[29.316402,36.427193],[29.325054,36.420527],[29.325446,36.411052],[29.327876,36.40386],[29.33292,36.39692],[29.331635,36.392675],[29.315631,36.384243],[29.310966,36.37196],[29.315051,36.366005],[29.316417,36.350818],[29.3116,36.341915],[29.315343,36.323235],[29.315014,36.320131],[29.304925,36.308658],[29.301425,36.307925],[29.282951,36.309504],[29.278795,36.304406],[29.283157,36.300079],[29.28065,36.295204],[29.273764,36.298207],[29.267921,36.2962],[29.263338,36.306761],[29.259828,36.302459],[29.255921,36.305484],[29.247447,36.316349],[29.239911,36.323646],[29.230129,36.329443],[29.218753,36.332016],[29.206631,36.32978],[29.186501,36.336866],[29.178031,36.346714],[29.174452,36.34826],[29.169061,36.343036],[29.166034,36.345159],[29.162748,36.35185],[29.164697,36.358741],[29.157456,36.360928],[29.146086,36.360966],[29.140314,36.365105],[29.142611,36.374966],[29.145393,36.376955],[29.141143,36.382488],[29.132817,36.381215],[29.124024,36.381531],[29.122734,36.387569],[29.11728,36.395712],[29.11288,36.395985],[29.105622,36.391757],[29.101512,36.397175],[29.103755,36.403499],[29.104296,36.409907],[29.106919,36.412575],[29.114664,36.414526],[29.116152,36.417291],[29.128576,36.419204],[29.130911,36.422096],[29.129547,36.425503],[29.121659,36.429024],[29.121286,36.432581],[29.128925,36.43166],[29.13334,36.432637],[29.130037,36.445494],[29.12289,36.447328],[29.120826,36.449941],[29.124789,36.455611],[29.121205,36.467679],[29.113476,36.470961],[29.102951,36.472009],[29.100825,36.475626],[29.107046,36.479909],[29.113449,36.489348],[29.11542,36.497024],[29.121702,36.495091],[29.133298,36.495822],[29.137669,36.497661],[29.126185,36.49731],[29.118629,36.505529],[29.121845,36.510423],[29.123667,36.520205],[29.126155,36.520791],[29.124828,36.525279],[29.127331,36.529363],[29.125703,36.532575],[29.126232,36.541056],[29.119772,36.547583],[29.115642,36.549502],[29.117682,36.551352],[29.113817,36.554158],[29.106159,36.555618],[29.111646,36.547721],[29.110806,36.544482],[29.105037,36.547382],[29.097334,36.545769],[29.093721,36.548334],[29.096181,36.550853],[29.090117,36.556907],[29.090304,36.563858],[29.088219,36.566294],[29.081852,36.563361],[29.083744,36.561762],[29.081188,36.558173],[29.066362,36.557006],[29.061114,36.558828],[29.060541,36.556479],[29.049582,36.558823],[29.05121,36.547234],[29.054172,36.544094],[29.050288,36.539484],[29.049229,36.541109],[29.04051,36.538615],[29.034116,36.544217],[29.030738,36.538377],[29.022396,36.54104],[29.011802,36.542656],[29.01094,36.547774],[29.015514,36.549019],[29.024951,36.546677],[29.032809,36.553213],[29.047486,36.55871],[29.044554,36.561668],[29.046709,36.565544],[29.04049,36.568233],[29.036001,36.567127],[29.030607,36.56943],[29.034662,36.57166],[29.033713,36.579136],[29.023017,36.582397],[29.022517,36.58694],[29.029767,36.591677],[29.027565,36.601279],[29.03079,36.607514],[29.036114,36.609497],[29.03555,36.613635],[29.040241,36.619529],[29.044817,36.621687],[29.054435,36.613472],[29.062116,36.618097],[29.067759,36.614848],[29.075532,36.614794],[29.071984,36.619008],[29.07269,36.621851],[29.079712,36.621891],[29.076166,36.627045],[29.078794,36.632754],[29.074515,36.643377],[29.082277,36.644983],[29.086247,36.642016],[29.093851,36.643387],[29.09642,36.638251],[29.101262,36.641177],[29.098205,36.636048],[29.100575,36.634899],[29.097541,36.630376],[29.092861,36.631606],[29.087568,36.62171],[29.090366,36.619921],[29.10124,36.623063],[29.106807,36.621825],[29.115611,36.625362],[29.117807,36.631078],[29.121576,36.635888],[29.121004,36.643455],[29.122301,36.64641],[29.117038,36.653735],[29.112507,36.654563],[29.109998,36.652513],[29.109179,36.660198],[29.103129,36.670173],[29.093265,36.678205],[29.089129,36.679697],[29.082581,36.677999],[29.071269,36.681857],[29.066849,36.680063],[29.055434,36.6818],[29.044044,36.689415],[29.037685,36.695392],[29.033449,36.695096],[29.032504,36.700838],[29.03477,36.706127],[29.033104,36.708291],[29.02642,36.704013],[29.024226,36.707649],[29.020301,36.701717],[29.014011,36.704223],[29.013993,36.706623],[29.021226,36.710323],[29.019454,36.716082],[29.01257,36.713413],[29.00956,36.710557],[28.998638,36.715213],[28.999504,36.70912],[28.996473,36.708582],[28.986049,36.720336],[28.98195,36.719196],[28.976857,36.727126],[28.974442,36.726549],[28.971012,36.731606],[28.964776,36.729871],[28.964369,36.722675],[28.960032,36.73312],[28.949749,36.736895],[28.948988,36.741102],[28.942532,36.745639],[28.944305,36.749049],[28.939285,36.754863],[28.935876,36.756118],[28.928556,36.755605],[28.925951,36.752239],[28.921703,36.752157],[28.925381,36.748926],[28.930429,36.751129],[28.930844,36.746861],[28.924869,36.745159],[28.929235,36.736054],[28.918711,36.732184],[28.922414,36.730646],[28.919217,36.72798],[28.915049,36.730331],[28.908499,36.723484],[28.91399,36.724],[28.910182,36.718303],[28.909599,36.713643],[28.902731,36.712745],[28.898662,36.714149],[28.893354,36.71249],[28.894148,36.709589],[28.898594,36.710765],[28.900509,36.708752],[28.908307,36.708292],[28.906155,36.703534],[28.902248,36.704437],[28.897054,36.701625],[28.901356,36.699128],[28.894936,36.698941],[28.879023,36.701214],[28.876528,36.699455],[28.879266,36.695163],[28.876687,36.693483],[28.870872,36.697448],[28.865339,36.697994],[28.863505,36.696185],[28.868541,36.69228],[28.865864,36.685043],[28.865795,36.680751],[28.858245,36.678079],[28.857867,36.675341],[28.866311,36.673902],[28.867695,36.67006],[28.862809,36.66682],[28.856171,36.666123],[28.850476,36.66253],[28.851749,36.658653],[28.856295,36.659856],[28.856823,36.656688],[28.865353,36.655163],[28.865575,36.653544],[28.849966,36.644977],[28.855188,36.640627],[28.860002,36.644294],[28.867574,36.642812],[28.863174,36.641187],[28.871767,36.633509],[28.881491,36.635496],[28.877206,36.6378],[28.877897,36.647815],[28.883673,36.648104],[28.889524,36.643972],[28.893609,36.643342],[28.89553,36.64823],[28.904509,36.650897],[28.907785,36.647183],[28.903805,36.645861],[28.906103,36.639706],[28.897725,36.64188],[28.892413,36.640652],[28.887102,36.636473],[28.885456,36.633104],[28.891436,36.630423],[28.878159,36.629872],[28.881837,36.628987],[28.88135,36.62594],[28.873578,36.624767],[28.875355,36.621404],[28.86852,36.62247],[28.871281,36.61743],[28.866715,36.616058],[28.867891,36.605739],[28.873793,36.602744],[28.860827,36.601137],[28.858181,36.596378],[28.845975,36.588824],[28.844593,36.59759],[28.831143,36.604162],[28.829023,36.609281],[28.83089,36.611143],[28.824878,36.612989],[28.828063,36.620634],[28.82577,36.627328],[28.830717,36.627603],[28.84446,36.635971],[28.851708,36.63687],[28.842992,36.642683],[28.830424,36.639109],[28.830777,36.647311],[28.825668,36.652405],[28.824173,36.656451],[28.818338,36.659533],[28.812225,36.656334],[28.803425,36.655982],[28.802207,36.653272],[28.793908,36.651283],[28.795794,36.658441],[28.794269,36.659343],[28.798393,36.66619],[28.806339,36.668286],[28.793465,36.68203],[28.787539,36.686311],[28.755633,36.698249],[28.739049,36.702854],[28.725699,36.705506],[28.71316,36.705058],[28.699685,36.701062],[28.690916,36.700239],[28.690728,36.698171],[28.680457,36.695935],[28.676056,36.692904],[28.670058,36.691729],[28.673131,36.698348],[28.667993,36.698866],[28.671834,36.705397],[28.672011,36.711308],[28.641928,36.716979],[28.634403,36.706184],[28.628538,36.704252],[28.623081,36.705746],[28.616404,36.714323],[28.619243,36.722174],[28.623202,36.723346],[28.622154,36.734073],[28.618478,36.737654],[28.60808,36.73779],[28.611018,36.743678],[28.619053,36.745295],[28.622412,36.748816],[28.62417,36.754653],[28.634169,36.75942],[28.630893,36.761805],[28.617126,36.762204],[28.613391,36.764346],[28.615027,36.769022],[28.614305,36.774214],[28.625333,36.77877],[28.629127,36.782104],[28.626228,36.787991],[28.618293,36.793292],[28.615374,36.797487],[28.606316,36.804266],[28.611031,36.804389],[28.62049,36.799875],[28.625702,36.795406],[28.633629,36.792592],[28.638056,36.792414],[28.641438,36.789106],[28.649059,36.787062],[28.657241,36.789079],[28.657845,36.792201],[28.652236,36.79267],[28.647264,36.79777],[28.640845,36.801377],[28.636015,36.80009],[28.635426,36.804429],[28.630677,36.805651],[28.633926,36.814089],[28.630211,36.810015],[28.622876,36.810631],[28.618278,36.804518],[28.609347,36.807426],[28.606454,36.812623],[28.60032,36.804617],[28.597511,36.799072],[28.595145,36.801651],[28.594269,36.810895],[28.589949,36.815178],[28.564392,36.826403],[28.562487,36.832193],[28.555964,36.835375],[28.553226,36.834942],[28.550059,36.82451],[28.550559,36.818117],[28.543226,36.815796],[28.53527,36.815061],[28.529571,36.810825],[28.532194,36.804937],[28.542844,36.801841],[28.544183,36.795927],[28.540094,36.790468],[28.536258,36.790161],[28.522414,36.79502],[28.519955,36.804455],[28.516067,36.805629],[28.50693,36.797782],[28.498847,36.79491],[28.495838,36.800554],[28.490787,36.804056],[28.501829,36.81396],[28.500608,36.816719],[28.489088,36.817569],[28.475356,36.814532],[28.471045,36.815878],[28.463735,36.812053],[28.461381,36.812572],[28.4567,36.819063],[28.457088,36.823035],[28.451659,36.824208],[28.454757,36.830047],[28.450616,36.832291],[28.450317,36.837571],[28.456687,36.837728],[28.456652,36.841372],[28.45088,36.845235],[28.454854,36.852293],[28.466012,36.852665],[28.468146,36.855587],[28.467828,36.863426],[28.469249,36.865681],[28.460714,36.868673],[28.455912,36.867733],[28.454134,36.869949],[28.459213,36.873138],[28.457763,36.878521],[28.44764,36.880838],[28.445101,36.879968],[28.443515,36.874236],[28.445396,36.87038],[28.443833,36.866089],[28.438932,36.866736],[28.438595,36.863868],[28.433063,36.859373],[28.42953,36.860904],[28.420802,36.856545],[28.412222,36.856412],[28.407971,36.854229],[28.405623,36.860439],[28.407367,36.866256],[28.403439,36.867516],[28.396725,36.861371],[28.395337,36.853405],[28.388242,36.853469],[28.378214,36.845509],[28.387499,36.834455],[28.394547,36.834764],[28.40237,36.839666],[28.408308,36.840359],[28.418428,36.83734],[28.424772,36.83891],[28.426837,36.835339],[28.426051,36.829268],[28.42294,36.826876],[28.424131,36.817982],[28.418648,36.81507],[28.41441,36.810504],[28.415008,36.804861],[28.411404,36.802436],[28.412081,36.797793],[28.407564,36.793601],[28.407884,36.789919],[28.398201,36.785487],[28.395535,36.785514],[28.390403,36.789902],[28.382116,36.788353],[28.382898,36.794173],[28.377084,36.798745],[28.371411,36.795992],[28.363146,36.797144],[28.358077,36.800602],[28.35496,36.806514],[28.349398,36.807792],[28.340129,36.807327],[28.336038,36.809646],[28.32389,36.812362],[28.320526,36.814691],[28.310313,36.817706],[28.30566,36.816063],[28.302673,36.80204],[28.313845,36.79606],[28.311773,36.794907],[28.302396,36.797302],[28.292103,36.796103],[28.291774,36.79356],[28.283397,36.79271],[28.283213,36.795709],[28.274244,36.796402],[28.269999,36.798896],[28.274082,36.803868],[28.267897,36.813716],[28.276363,36.815016],[28.280284,36.8118],[28.293411,36.819584],[28.29823,36.817259],[28.305159,36.819729],[28.312977,36.818134],[28.316084,36.826437],[28.309255,36.82993],[28.308318,36.828385],[28.301536,36.829672],[28.295973,36.833529],[28.294122,36.839601],[28.284723,36.845549],[28.284188,36.848844],[28.277387,36.850953],[28.27466,36.849612],[28.270832,36.853037],[28.261716,36.848479],[28.247485,36.836052],[28.243662,36.830624],[28.243881,36.819319],[28.240679,36.812408],[28.233543,36.807884],[28.233087,36.805425],[28.238204,36.800414],[28.245604,36.801043],[28.247864,36.79623],[28.252936,36.791886],[28.256342,36.792124],[28.25197,36.783389],[28.255371,36.780121],[28.250661,36.778973],[28.248971,36.773026],[28.253178,36.772902],[28.257853,36.768841],[28.271009,36.765253],[28.272233,36.756845],[28.269884,36.750865],[28.27054,36.747882],[28.277614,36.745738],[28.285141,36.747763],[28.292756,36.746648],[28.29943,36.740237],[28.300226,36.736975],[28.296042,36.731886],[28.303368,36.730444],[28.297313,36.72663],[28.289792,36.719074],[28.282989,36.720867],[28.279967,36.726641],[28.280217,36.732544],[28.277122,36.734087],[28.269929,36.732224],[28.262046,36.73225],[28.254844,36.730098],[28.253176,36.724889],[28.247209,36.717072],[28.239777,36.715457],[28.235632,36.709828],[28.2273,36.704289],[28.228129,36.701186],[28.231581,36.702065],[28.225621,36.696749],[28.22452,36.69037],[28.222055,36.687423],[28.205298,36.689674],[28.192791,36.683295],[28.18486,36.68207],[28.183068,36.67953],[28.175619,36.67861],[28.170354,36.682014],[28.16575,36.682155],[28.156866,36.675953],[28.15609,36.67243],[28.161305,36.667901],[28.157201,36.662349],[28.145242,36.652996],[28.143063,36.649841],[28.14528,36.64408],[28.143995,36.638261],[28.135349,36.626815],[28.132561,36.620524],[28.125157,36.613722],[28.120853,36.605714],[28.115785,36.599939],[28.109804,36.596034],[28.105654,36.590769],[28.099669,36.587314],[28.088188,36.584406],[28.080184,36.594266],[28.068199,36.591063],[28.056411,36.581717],[28.052555,36.582448],[28.05249,36.585309],[28.045017,36.579551],[28.050343,36.57515],[28.050296,36.572178],[28.040532,36.56743],[28.034059,36.562995],[28.026444,36.563055],[28.027113,36.568739],[28.02105,36.572253],[28.016225,36.576856],[28.012169,36.575743],[28.012407,36.572559],[28.017551,36.568622],[28.018164,36.565627],[28.01061,36.566641],[28.00694,36.564815],[27.999152,36.56492],[27.985384,36.556558],[27.982323,36.553464],[27.980931,36.55605],[27.981898,36.564627],[27.980013,36.570134],[27.975352,36.575148],[27.971298,36.576049],[27.966677,36.5808],[27.969398,36.58285],[27.978018,36.584437],[27.977711,36.587501],[27.971426,36.594657],[27.961533,36.599153],[27.963056,36.604294],[27.973172,36.609297],[27.974744,36.611857],[27.986692,36.610562],[27.991957,36.606806],[28.01533,36.606493],[28.025924,36.602728],[28.034046,36.604356],[28.046129,36.605033],[28.052988,36.607588],[28.059772,36.605462],[28.064605,36.610595],[28.075767,36.619578],[28.080736,36.628099],[28.089919,36.633604],[28.0954,36.638574],[28.096213,36.644735],[28.091613,36.650314],[28.088326,36.651342],[28.085242,36.65667],[28.074369,36.659097],[28.06782,36.648667],[28.064796,36.650359],[28.066619,36.6556],[28.063149,36.657288],[28.055692,36.656612],[28.063533,36.662805],[28.071942,36.673005],[28.066758,36.674205],[28.058309,36.67395],[28.0513,36.675355],[28.049806,36.677948],[28.052102,36.683863],[28.045388,36.687434],[28.043069,36.692378],[28.038695,36.692188],[28.036334,36.686077],[28.041835,36.678869],[28.039812,36.673],[28.029065,36.671067],[28.022706,36.668836],[28.016516,36.671502],[28.009167,36.670632],[28.007322,36.673233],[27.999969,36.673986],[27.99267,36.670747],[27.986288,36.673864],[27.978621,36.673508],[27.973332,36.677876],[27.967517,36.674889],[27.963935,36.675656],[27.9669,36.684154],[27.973794,36.685817],[27.976365,36.691135],[27.979827,36.691778],[27.979698,36.683446],[27.985829,36.685354],[27.985522,36.694136],[27.991696,36.696809],[27.99394,36.694608],[28.00307,36.704312],[28.00646,36.705469],[28.008202,36.699784],[28.019812,36.707858],[28.026825,36.705494],[28.042759,36.70658],[28.044795,36.715958],[28.047541,36.717813],[28.059818,36.720129],[28.085414,36.729331],[28.089233,36.729509],[28.090101,36.723547],[28.096868,36.727275],[28.097239,36.724183],[28.087835,36.720826],[28.085527,36.717469],[28.087285,36.711559],[28.090875,36.707154],[28.095757,36.707546],[28.098019,36.704754],[28.101602,36.706214],[28.105704,36.711937],[28.113454,36.718362],[28.115357,36.721384],[28.112278,36.723611],[28.113083,36.727932],[28.130288,36.726547],[28.130038,36.72942],[28.120837,36.734156],[28.109561,36.736265],[28.102076,36.739437],[28.0947,36.739305],[28.087051,36.741698],[28.084118,36.747527],[28.085983,36.750896],[28.092479,36.754858],[28.094825,36.763873],[28.10011,36.768392],[28.110149,36.764617],[28.112987,36.766495],[28.11115,36.772736],[28.115023,36.774165],[28.122719,36.76767],[28.122619,36.761617],[28.132028,36.756155],[28.129708,36.760621],[28.132394,36.767518],[28.124766,36.773048],[28.123566,36.784623],[28.129661,36.793485],[28.129066,36.797739],[28.115077,36.804347],[28.100802,36.801875],[28.09588,36.797013],[28.092179,36.795805],[28.085364,36.796796],[28.076088,36.788422],[28.080425,36.783689],[28.080655,36.780359],[28.077186,36.7755],[28.065886,36.773555],[28.064322,36.764653],[28.061178,36.763097],[28.052626,36.763637],[28.051574,36.760105],[28.04818,36.760834],[28.043987,36.765654],[28.04544,36.768401],[28.041197,36.772744],[28.041711,36.77661],[28.046177,36.778793],[28.05115,36.786506],[28.047434,36.786442],[28.042384,36.782035],[28.03882,36.772698],[28.030895,36.766608],[28.024062,36.76656],[28.019565,36.761122],[28.01528,36.760136],[28.009503,36.763968],[28.002615,36.760261],[27.99076,36.757522],[27.98237,36.758067],[27.977163,36.762001],[27.971688,36.757484],[27.966733,36.749644],[27.963326,36.750248],[27.966449,36.759364],[27.959317,36.75829],[27.95379,36.759942],[27.949584,36.754497],[27.945296,36.753282],[27.943537,36.749755],[27.939853,36.750817],[27.93678,36.745017],[27.931038,36.741529],[27.923361,36.741943],[27.921119,36.744363],[27.92441,36.745706],[27.918541,36.753305],[27.914112,36.752089],[27.900067,36.755305],[27.895614,36.752375],[27.898916,36.744112],[27.895204,36.743231],[27.888421,36.746725],[27.886757,36.749827],[27.887971,36.755417],[27.88131,36.75742],[27.876169,36.756092],[27.868618,36.744956],[27.85847,36.741618],[27.852691,36.745783],[27.838885,36.745561],[27.836071,36.747984],[27.834031,36.75532],[27.831351,36.75717],[27.812356,36.763164],[27.808374,36.763426],[27.798062,36.758251],[27.789671,36.758778],[27.785376,36.756757],[27.776551,36.756714],[27.765647,36.759656],[27.753556,36.761813],[27.737902,36.762052],[27.734322,36.760136],[27.722775,36.75851],[27.716614,36.754897],[27.713583,36.751263],[27.709152,36.749813],[27.701141,36.740301],[27.700584,36.734346],[27.690426,36.730284],[27.686871,36.723843],[27.691378,36.723565],[27.687016,36.721225],[27.688212,36.719089],[27.695019,36.716719],[27.696937,36.713438],[27.693136,36.70409],[27.690552,36.701938],[27.678895,36.702366],[27.676443,36.686151],[27.673854,36.683426],[27.674124,36.669022],[27.675754,36.662152],[27.681399,36.658336],[27.678115,36.656987],[27.664668,36.662116],[27.649052,36.663939],[27.642013,36.67062],[27.635079,36.673639],[27.627535,36.672661],[27.617342,36.676964],[27.615095,36.679606],[27.605449,36.681728],[27.602586,36.679805],[27.596486,36.681216],[27.589501,36.679433],[27.578595,36.683616],[27.574884,36.682153],[27.570717,36.677494],[27.564279,36.673077],[27.560873,36.6739],[27.559648,36.679621],[27.556242,36.680331],[27.545962,36.675593],[27.531723,36.672934],[27.521184,36.677001],[27.513973,36.675211],[27.502944,36.665672],[27.494225,36.659891],[27.489349,36.654776],[27.485929,36.653652],[27.481483,36.648875],[27.477637,36.647641],[27.474983,36.653254],[27.470858,36.652936],[27.470053,36.658885],[27.4678,36.661524],[27.461244,36.659276],[27.451169,36.66127],[27.443633,36.660853],[27.433428,36.664794],[27.428202,36.669049],[27.420656,36.667372],[27.414517,36.66386],[27.40742,36.665152],[27.406319,36.670304],[27.408502,36.677149],[27.402124,36.679811],[27.390609,36.679979],[27.383802,36.682411],[27.377673,36.680157],[27.366741,36.682379],[27.364214,36.687192],[27.371762,36.6891],[27.375662,36.697768],[27.363194,36.704686],[27.36295,36.710746],[27.374027,36.708293],[27.376287,36.70611],[27.383527,36.704135],[27.390641,36.704559],[27.401419,36.700388],[27.407839,36.703215],[27.413565,36.708216],[27.424287,36.71548],[27.425732,36.718673],[27.424214,36.724741],[27.418582,36.732543],[27.422319,36.737551],[27.426015,36.737305],[27.429494,36.745634],[27.432355,36.747674],[27.441033,36.747516],[27.452122,36.745973],[27.455265,36.747555],[27.45804,36.756457],[27.464192,36.760538],[27.468326,36.761316],[27.47585,36.759105],[27.478676,36.756573],[27.478913,36.750857],[27.492028,36.753527],[27.496864,36.753157],[27.507505,36.749322],[27.518977,36.751075],[27.54431,36.759276],[27.548581,36.759479],[27.566122,36.763257],[27.573955,36.763781],[27.58951,36.767908],[27.60357,36.764847],[27.614204,36.765924],[27.623593,36.774201],[27.628064,36.779773],[27.627326,36.791208],[27.625817,36.79682],[27.630985,36.800785],[27.642959,36.802076],[27.643989,36.805155],[27.640405,36.810291],[27.646891,36.810276],[27.653114,36.806232],[27.660066,36.803666],[27.668076,36.802715],[27.682379,36.79962],[27.689526,36.789165],[27.700895,36.787254],[27.708869,36.787423],[27.724943,36.786044],[27.737772,36.787317],[27.751011,36.787096],[27.765983,36.788921],[27.780409,36.792692],[27.782859,36.795073],[27.784358,36.80112],[27.791626,36.801519],[27.804391,36.808729],[27.81212,36.81175],[27.824674,36.813359],[27.836472,36.811544],[27.855344,36.806233],[27.886564,36.808469],[27.892454,36.812191],[27.899978,36.810407],[27.904122,36.811283],[27.914317,36.807073],[27.922047,36.799798],[27.941863,36.801326],[27.945402,36.799923],[27.962362,36.800787],[27.972853,36.797599],[27.987592,36.802368],[27.992513,36.798205],[28.006587,36.796578],[28.005546,36.793729],[28.013519,36.79365],[28.030561,36.790733],[28.032374,36.78831],[28.035537,36.790222],[28.036623,36.795929],[28.039076,36.797959],[28.045579,36.795147],[28.044976,36.799471],[28.051368,36.800803],[28.054581,36.813148],[28.064537,36.821815],[28.061284,36.827083],[28.055468,36.824551],[28.05298,36.826877],[28.056913,36.833946],[28.050161,36.832367],[28.046607,36.829907],[28.044275,36.832008],[28.032611,36.829801],[28.030073,36.827649],[28.018949,36.828541],[28.014783,36.833611],[28.004909,36.835578],[28.007996,36.837332],[28.019771,36.840255],[28.021667,36.842502],[28.015664,36.84548],[28.012855,36.851156],[28.005759,36.853499],[28.015384,36.859136],[28.019972,36.864176],[28.028492,36.858887],[28.036221,36.860016],[28.042281,36.867281],[28.048361,36.865426],[28.051407,36.867335],[28.058267,36.866583],[28.059189,36.869413],[28.048956,36.8724],[28.056073,36.873228],[28.057795,36.882011],[28.050901,36.880626],[28.041045,36.885748],[28.043961,36.890736],[28.049856,36.894444],[28.050463,36.89741],[28.035389,36.898715],[28.02803,36.901078],[28.025466,36.903519],[28.017717,36.904488],[28.017577,36.908043],[28.03229,36.910295],[28.042826,36.909154],[28.043451,36.912576],[28.038217,36.91731],[28.023479,36.920448],[28.022128,36.925957],[28.025558,36.9274],[28.030828,36.923795],[28.042625,36.923471],[28.049505,36.921551],[28.053949,36.926314],[28.068259,36.929694],[28.068005,36.931639],[28.055866,36.930856],[28.046036,36.931912],[28.046188,36.935894],[28.05515,36.936312],[28.06397,36.937972],[28.074792,36.943072],[28.089827,36.939347],[28.093875,36.934564],[28.093536,36.931369],[28.099424,36.933677],[28.098524,36.939433],[28.101397,36.941105],[28.1116,36.93666],[28.116807,36.932369],[28.125021,36.938454],[28.135533,36.930074],[28.138113,36.93533],[28.141414,36.934415],[28.141805,36.927657],[28.146581,36.921636],[28.14928,36.92393],[28.148853,36.930085],[28.159068,36.92669],[28.159765,36.923668],[28.155727,36.922903],[28.160218,36.918394],[28.161029,36.911827],[28.165306,36.907434],[28.167983,36.909831],[28.165122,36.915419],[28.172079,36.91931],[28.169091,36.921149],[28.172813,36.929234],[28.166845,36.936823],[28.1621,36.936194],[28.163442,36.939041],[28.170704,36.938523],[28.170616,36.941757],[28.159821,36.945154],[28.166962,36.951188],[28.170497,36.950178],[28.173677,36.945119],[28.173218,36.950528],[28.175256,36.953108],[28.180577,36.948993],[28.187932,36.947828],[28.186827,36.945025],[28.192165,36.942146],[28.194659,36.94398],[28.195928,36.94972],[28.205045,36.955065],[28.206583,36.957895],[28.205991,36.964144],[28.202206,36.969013],[28.201988,36.972223],[28.2119,36.97576],[28.212243,36.978597],[28.198358,36.982036],[28.200155,36.984415],[28.207441,36.984271],[28.214486,36.986357],[28.21501,36.99013],[28.211549,36.996233],[28.217237,37.001428],[28.221319,37.000794],[28.229458,36.994886],[28.240656,36.992857],[28.256603,36.992292],[28.257078,36.99518],[28.24667,37.003637],[28.254383,37.009299],[28.263992,37.013541],[28.268387,37.018284],[28.297017,37.022738],[28.300473,37.024179],[28.30833,37.024194],[28.316512,37.026261],[28.31962,37.024508],[28.326982,37.028413],[28.328888,37.030907],[28.328721,37.036969],[28.326546,37.042696],[28.239227,37.040251],[28.22697,37.041303],[28.212588,37.039674],[28.205437,37.040191],[28.193398,37.038641],[28.182975,37.033246],[28.172103,37.032006],[28.165587,37.029464],[28.135776,37.030001],[28.118461,37.033574],[28.109292,37.037189],[28.100287,37.037273],[28.096656,37.033654],[28.097896,37.030895],[28.114502,37.024543],[28.113637,37.015519],[28.102046,37.014159],[28.099797,37.016356],[28.100031,37.02184],[28.093208,37.02386],[28.088854,37.028367],[28.074779,37.023597],[28.067955,37.025615],[28.060076,37.024211],[28.051053,37.024424],[28.029199,37.022703],[28.020065,37.023142],[28.005403,37.026376],[27.987491,37.032039],[27.980076,37.032916],[27.973465,37.030233],[27.968186,37.02172],[27.94902,37.019153],[27.945457,37.01976],[27.93459,37.028781],[27.926629,37.031485],[27.908116,37.02537],[27.897306,37.02867],[27.889446,37.028395],[27.864844,37.01962],[27.839009,37.01683],[27.829819,37.01293],[27.825879,37.013631],[27.818964,37.011198],[27.815731,37.005377],[27.802652,36.998626],[27.798983,36.997756],[27.798572,37.003459],[27.791467,37.006264],[27.788083,37.00483],[27.78869,37.001143],[27.785628,36.995461],[27.779108,36.996739],[27.776749,36.99381],[27.76617,36.993887],[27.760005,36.990515],[27.756463,36.990933],[27.758088,36.997386],[27.742935,36.995792],[27.736202,36.9939],[27.73515,36.999852],[27.725338,37.003938],[27.717305,37.001819],[27.710956,36.996037],[27.703114,36.996895],[27.695859,36.999349],[27.692063,37.004638],[27.688489,37.004319],[27.678442,36.999589],[27.669811,36.993708],[27.666094,36.993162],[27.655861,36.997581],[27.64872,36.997515],[27.642492,36.988985],[27.646386,36.979126],[27.638954,36.978263],[27.617284,36.980927],[27.614015,36.98232],[27.610502,36.98783],[27.596004,36.994212],[27.580153,36.993857],[27.568252,36.988561],[27.566716,36.985944],[27.575167,36.984505],[27.569837,36.980501],[27.565171,36.982938],[27.5636,36.975452],[27.562543,36.980123],[27.558626,36.985676],[27.551951,36.982157],[27.549477,36.986323],[27.545482,36.988495],[27.53388,36.988656],[27.534105,36.990391],[27.527385,36.992811],[27.521441,36.992648],[27.518545,36.995039],[27.513286,36.993645],[27.507869,36.98905],[27.507398,36.985631],[27.502339,36.987301],[27.501581,36.985214],[27.492486,36.989069],[27.48853,36.989482],[27.48241,36.986384],[27.481119,36.993372],[27.473171,36.997002],[27.46446,36.998581],[27.463679,37.002866],[27.45676,37.007567],[27.453288,37.007766],[27.450019,37.011872],[27.451283,37.014961],[27.446871,37.018602],[27.441383,37.020639],[27.439373,37.024576],[27.440436,37.028747],[27.433581,37.033308],[27.427554,37.031817],[27.427451,37.036157],[27.422187,37.034513],[27.419887,37.029122],[27.416765,37.028221],[27.419355,37.022291],[27.411956,37.021068],[27.413487,37.017648],[27.409808,37.017198],[27.411392,37.021331],[27.407583,37.02353],[27.399852,37.018838],[27.407521,37.029942],[27.401622,37.032129],[27.391901,37.024764],[27.388243,37.018773],[27.38968,37.013586],[27.388997,37.00663],[27.382024,37.007026],[27.379005,37.000223],[27.374331,36.999937],[27.375012,37.005824],[27.37946,37.007329],[27.378179,37.009991],[27.380581,37.017184],[27.378973,37.019438],[27.384554,37.024196],[27.377148,37.027896],[27.373013,37.026801],[27.37437,37.024318],[27.36955,37.021678],[27.365854,37.024021],[27.365087,37.020186],[27.357144,37.022568],[27.352991,37.020731],[27.34475,37.020296],[27.332765,37.015394],[27.32819,37.009942],[27.329878,37.00458],[27.335568,37.00174],[27.339258,37.003107],[27.340766,36.998058],[27.334885,37.000016],[27.329553,36.998321],[27.332543,36.988934],[27.328906,36.988944],[27.321775,36.982915],[27.317676,36.977192],[27.31231,36.978619],[27.30064,36.973094],[27.300251,36.970084],[27.305052,36.968325],[27.306926,36.961687],[27.303156,36.9569],[27.297318,36.960332],[27.295164,36.967556],[27.288918,36.965648],[27.2859,36.96663],[27.284217,36.96208],[27.279902,36.965884],[27.27292,36.961558],[27.265103,36.964552],[27.261537,36.971355],[27.255017,36.977305],[27.256698,36.981742],[27.256338,36.988502],[27.259508,36.999817],[27.255363,37.005704],[27.255468,37.012313],[27.249012,37.024227],[27.249399,37.031379],[27.242357,37.035325],[27.236199,37.035185],[27.230019,37.041269],[27.232477,37.048154],[27.236545,37.050052],[27.234358,37.056824],[27.228624,37.053872],[27.225469,37.058143],[27.229724,37.05967],[27.232033,37.064161],[27.238894,37.06672],[27.23947,37.070619],[27.235379,37.077165],[27.23892,37.082788],[27.24658,37.080383],[27.251517,37.081626],[27.254605,37.094143],[27.261692,37.091869],[27.266508,37.093922],[27.270493,37.098942],[27.274205,37.098379],[27.286422,37.103017],[27.293048,37.106883],[27.293251,37.111549],[27.289862,37.119485],[27.281382,37.120678],[27.277564,37.117881],[27.270728,37.119219],[27.268774,37.113663],[27.262513,37.115463],[27.259809,37.112031],[27.25434,37.111605],[27.253291,37.115193],[27.255749,37.118039],[27.254417,37.121951],[27.256319,37.124778],[27.253052,37.128543],[27.256319,37.130377],[27.260427,37.12089],[27.26514,37.121183],[27.263934,37.125298],[27.265508,37.130282],[27.263909,37.133956],[27.271533,37.134189],[27.273954,37.140587],[27.277432,37.13746],[27.280861,37.130763],[27.284545,37.132202],[27.283549,37.12683],[27.289303,37.124255],[27.290387,37.121724],[27.298091,37.123323],[27.298127,37.118679],[27.30231,37.11583],[27.307371,37.119154],[27.303174,37.121692],[27.306967,37.123469],[27.311732,37.115975],[27.317222,37.117994],[27.319299,37.12183],[27.317643,37.127241],[27.311938,37.129211],[27.312096,37.138559],[27.319842,37.139684],[27.321503,37.144432],[27.325994,37.141824],[27.329294,37.145961],[27.328853,37.150882],[27.324903,37.15241],[27.32646,37.155179],[27.32354,37.159213],[27.333496,37.157114],[27.338056,37.151001],[27.343801,37.150597],[27.344154,37.142296],[27.341022,37.140966],[27.341064,37.131685],[27.348675,37.130566],[27.351436,37.138974],[27.351516,37.144596],[27.356985,37.145916],[27.356208,37.141638],[27.35974,37.141223],[27.363422,37.145761],[27.36142,37.152459],[27.362482,37.15589],[27.366573,37.156454],[27.368275,37.151562],[27.376438,37.151402],[27.37622,37.144664],[27.377975,37.141838],[27.386735,37.146098],[27.388348,37.142584],[27.384061,37.141207],[27.383506,37.13707],[27.378077,37.13453],[27.376785,37.129884],[27.381316,37.128609],[27.388527,37.119965],[27.395873,37.119607],[27.400337,37.130974],[27.407813,37.132168],[27.411049,37.134806],[27.412699,37.13261],[27.408062,37.131008],[27.409858,37.12849],[27.419947,37.126089],[27.416365,37.122176],[27.414621,37.117108],[27.421777,37.117825],[27.423398,37.121796],[27.430174,37.128319],[27.435278,37.124585],[27.4304,37.117457],[27.438165,37.117954],[27.441092,37.108572],[27.443776,37.107718],[27.44489,37.10036],[27.451439,37.096864],[27.459017,37.097126],[27.459845,37.093056],[27.454315,37.0878],[27.45757,37.0824],[27.467834,37.082966],[27.470254,37.080607],[27.474643,37.082434],[27.476645,37.089273],[27.478825,37.088158],[27.481246,37.092067],[27.490044,37.09422],[27.491068,37.097517],[27.488232,37.100642],[27.495553,37.101837],[27.497215,37.100408],[27.501786,37.103775],[27.50111,37.106613],[27.505774,37.109997],[27.514793,37.111202],[27.529591,37.118892],[27.536961,37.127419],[27.538135,37.130614],[27.542286,37.131048],[27.550274,37.128711],[27.558145,37.129004],[27.571884,37.127352],[27.577812,37.132925],[27.581444,37.138349],[27.576599,37.140705],[27.556923,37.136103],[27.553934,37.137836],[27.555477,37.149831],[27.562055,37.151989],[27.559104,37.154241],[27.55222,37.152512],[27.543543,37.154115],[27.541706,37.16005],[27.543863,37.162588],[27.550467,37.164949],[27.548938,37.16976],[27.5418,37.171633],[27.540827,37.174842],[27.544128,37.17585],[27.545035,37.181102],[27.549789,37.185969],[27.543226,37.186717],[27.534002,37.190959],[27.526415,37.191928],[27.525782,37.196168],[27.544842,37.191276],[27.547153,37.193435],[27.558618,37.194737],[27.560104,37.200673],[27.566302,37.205095],[27.569223,37.211131],[27.578559,37.218747],[27.587264,37.224308],[27.589694,37.229766],[27.589907,37.236787],[27.596861,37.240222],[27.602136,37.249711],[27.611072,37.257506],[27.622833,37.258685],[27.62435,37.252959],[27.627779,37.25202],[27.635165,37.245799],[27.646165,37.242978],[27.646402,37.251895],[27.641289,37.25616],[27.633863,37.258496],[27.630624,37.26389],[27.627025,37.262315],[27.612572,37.264241],[27.613379,37.273038],[27.616403,37.274506],[27.612155,37.279564],[27.61204,37.282422],[27.601423,37.281346],[27.601052,37.28718],[27.598058,37.288801],[27.588125,37.285654],[27.587763,37.276637],[27.584044,37.277041],[27.582722,37.274152],[27.559277,37.277259],[27.5535,37.271864],[27.550386,37.264295],[27.544624,37.260783],[27.541561,37.255086],[27.547401,37.251282],[27.551312,37.251985],[27.552666,37.247589],[27.550354,37.245317],[27.545805,37.249231],[27.542055,37.2489],[27.539238,37.251673],[27.536909,37.24757],[27.531422,37.242917],[27.524652,37.24135],[27.523478,37.238493],[27.526342,37.229534],[27.520543,37.228132],[27.519276,37.217183],[27.516782,37.217421],[27.517496,37.229417],[27.512701,37.231594],[27.504824,37.231639],[27.504992,37.234498],[27.500726,37.238066],[27.511514,37.241779],[27.518591,37.249888],[27.516633,37.255237],[27.524408,37.260798],[27.517603,37.267807],[27.521668,37.273726],[27.520982,37.277046],[27.513898,37.27791],[27.507364,37.280759],[27.498045,37.276265],[27.496276,37.270558],[27.485667,37.269931],[27.478818,37.27168],[27.477491,37.269059],[27.480598,37.263442],[27.475401,37.258897],[27.468524,37.258935],[27.460452,37.252918],[27.456728,37.253169],[27.455198,37.258779],[27.458395,37.264247],[27.470815,37.276187],[27.470839,37.279159],[27.476956,37.290784],[27.487024,37.294959],[27.490108,37.303743],[27.490736,37.310144],[27.49729,37.321879],[27.496223,37.331377],[27.493523,37.334133],[27.486051,37.332688],[27.483084,37.33429],[27.487615,37.339407],[27.480656,37.339122],[27.474459,37.346307],[27.471392,37.34444],[27.476325,37.335717],[27.476419,37.329769],[27.471074,37.325228],[27.467446,37.319872],[27.46428,37.318517],[27.45978,37.311684],[27.45288,37.309435],[27.447402,37.305806],[27.435782,37.304951],[27.426351,37.309],[27.414737,37.30883],[27.408016,37.311146],[27.398176,37.318626],[27.40022,37.323531],[27.396912,37.322292],[27.387256,37.326959],[27.385674,37.329177],[27.384552,37.33858],[27.385459,37.345324],[27.384768,37.356449],[27.391538,37.36538],[27.399421,37.359776],[27.414781,37.361924],[27.429976,37.368035],[27.437739,37.372907],[27.44451,37.375136],[27.453924,37.376127],[27.463917,37.384386],[27.46433,37.391405],[27.462017,37.395699],[27.463917,37.405444],[27.463421,37.416757],[27.465321,37.430548],[27.471184,37.435668],[27.471266,37.440045],[27.46433,37.449542],[27.463586,37.452763],[27.470853,37.456644],[27.46945,37.476959],[27.471886,37.488382],[27.468108,37.516777],[27.471613,37.52898],[27.477196,37.537418],[27.494331,37.538262],[27.49868,37.537353],[27.506989,37.538132],[27.510039,37.539755],[27.511597,37.545532],[27.529966,37.547998],[27.536587,37.547998],[27.553723,37.54631],[27.558071,37.545012],[27.560408,37.539106],[27.587605,37.534432],[27.593966,37.535016],[27.605812,37.542849],[27.609879,37.542589],[27.627881,37.533415],[27.636275,37.528482],[27.64943,37.524328],[27.663277,37.52554],[27.680846,37.523463],[27.704213,37.52277],[27.708627,37.525626],[27.72308,37.526751],[27.747399,37.526059],[27.752678,37.523203],[27.759688,37.514549],[27.769641,37.505981],[27.769035,37.48547],[27.770419,37.482094],[27.782363,37.47318],[27.795171,37.46842],[27.802095,37.467641],[27.814211,37.471363],[27.823644,37.476123],[27.835068,37.47344],[27.839569,37.473613],[27.849088,37.476988],[27.85956,37.487893],[27.870205,37.490662],[27.888466,37.490403],[27.89314,37.491787],[27.905169,37.491787],[27.910276,37.49023],[27.923084,37.490403],[27.929662,37.494643],[27.935373,37.493172],[27.936239,37.488239],[27.942297,37.481056],[27.941258,37.467122],[27.944374,37.464526],[27.954067,37.461583],[27.970337,37.462622],[27.977607,37.464872],[27.99483,37.467728],[28.002792,37.4737],[28.012917,37.472921],[28.018024,37.474565],[28.026851,37.47344],[28.038015,37.474219],[28.049093,37.473786],[28.062334,37.472055],[28.0722,37.465305],[28.083019,37.461497],[28.095048,37.460545],[28.118156,37.456564],[28.131743,37.450506],[28.137628,37.450679],[28.141696,37.452669],[28.148706,37.468074],[28.151302,37.480363],[28.156841,37.492047],[28.162899,37.493864],[28.175621,37.494384],[28.182891,37.493778],[28.195007,37.488066],[28.199421,37.486941],[28.204354,37.490749],[28.214826,37.494211],[28.220624,37.494816],[28.225644,37.499749],[28.228933,37.507452],[28.232568,37.511952],[28.234991,37.52052],[28.247886,37.544147],[28.251434,37.547522],[28.262599,37.553926],[28.278263,37.557907],[28.289254,37.554446],[28.293235,37.552109],[28.28285,37.527444],[28.28285,37.519135],[28.288908,37.515674],[28.30189,37.51602],[28.314352,37.51853],[28.324911,37.52303],[28.343085,37.525713],[28.348018,37.519395],[28.351393,37.517318],[28.361432,37.514375],[28.368529,37.508923],[28.375972,37.505461],[28.384194,37.497759],[28.39406,37.494816],[28.417167,37.501653],[28.425735,37.500355],[28.435861,37.500961],[28.446939,37.504856],[28.45291,37.504769],[28.457237,37.500096],[28.463469,37.486854],[28.47169,37.485729],[28.491422,37.485296],[28.495317,37.483306],[28.510895,37.480969],[28.519723,37.476988],[28.529156,37.475171],[28.541705,37.475171],[28.554254,37.476555],[28.564639,37.474825],[28.579611,37.474651],[28.58541,37.47569],[28.599776,37.472055],[28.604969,37.473007],[28.6112,37.477421],[28.617938,37.479446]]],[[[29.026922,36.535555],[29.026922,36.535555],[29.026922,36.535555],[29.026922,36.535555]]],[[[29.02428,36.536359],[29.02428,36.536359],[29.02428,36.536359],[29.02428,36.536359]]],[[[29.05696,36.538934],[29.05696,36.538934],[29.05696,36.538934],[29.05696,36.538934]]],[[[29.013453,36.53983],[29.013453,36.53983],[29.013453,36.53983],[29.013453,36.53983]]],[[[29.01207,36.540061],[29.01207,36.540061],[29.01207,36.540061],[29.01207,36.540061]]],[[[29.055924,36.540052],[29.055924,36.540052],[29.055924,36.540052],[29.055924,36.540052]]],[[[29.012231,36.540633],[29.012231,36.540633],[29.012231,36.540633],[29.012231,36.540633]]],[[[29.059849,36.539434],[29.059849,36.539434],[29.059849,36.539434],[29.059849,36.539434]]],[[[29.00977,36.545785],[29.00977,36.545785],[29.00977,36.545785],[29.00977,36.545785]]],[[[29.00494,36.549214],[29.00494,36.549214],[29.00494,36.549214],[29.00494,36.549214]]],[[[29.065902,36.555014],[29.075371,36.554458],[29.067134,36.552157],[29.065902,36.555014]]],[[[29.06556,36.556731],[29.06556,36.556731],[29.06556,36.556731],[29.06556,36.556731]]],[[[29.029879,36.556457],[29.029879,36.556457],[29.029879,36.556457],[29.029879,36.556457]]],[[[29.090102,36.560312],[29.090102,36.560312],[29.090102,36.560312],[29.090102,36.560312]]],[[[28.845185,36.587702],[28.845185,36.587702],[28.845185,36.587702],[28.845185,36.587702]]],[[[28.831636,36.589715],[28.831636,36.589715],[28.831636,36.589715],[28.831636,36.589715]]],[[[28.85691,36.590964],[28.85691,36.590964],[28.85691,36.590964],[28.85691,36.590964]]],[[[28.859914,36.591561],[28.859914,36.591561],[28.859914,36.591561],[28.859914,36.591561]]],[[[28.875857,36.599542],[28.875857,36.599542],[28.875857,36.599542],[28.875857,36.599542]]],[[[28.891855,36.617182],[28.891855,36.617182],[28.891855,36.617182],[28.891855,36.617182]]],[[[29.061847,36.618597],[29.061847,36.618597],[29.061847,36.618597],[29.061847,36.618597]]],[[[28.886005,36.633305],[28.886005,36.633305],[28.886005,36.633305],[28.886005,36.633305]]],[[[28.887631,36.635028],[28.887631,36.635028],[28.887631,36.635028],[28.887631,36.635028]]],[[[28.896904,36.635682],[28.896904,36.635682],[28.896904,36.635682],[28.896904,36.635682]]],[[[28.893611,36.636221],[28.893611,36.636221],[28.893611,36.636221],[28.893611,36.636221]]],[[[28.851753,36.643594],[28.851753,36.643594],[28.851753,36.643594],[28.851753,36.643594]]],[[[28.859638,36.644299],[28.859638,36.644299],[28.859638,36.644299],[28.859638,36.644299]]],[[[28.8535,36.645289],[28.8535,36.645289],[28.8535,36.645289],[28.8535,36.645289]]],[[[28.859152,36.645302],[28.859152,36.645302],[28.859152,36.645302],[28.859152,36.645302]]],[[[28.906135,36.650898],[28.906135,36.650898],[28.906135,36.650898],[28.906135,36.650898]]],[[[28.910165,36.652714],[28.910165,36.652714],[28.910165,36.652714],[28.910165,36.652714]]],[[[29.112017,36.653074],[29.112017,36.653074],[29.112017,36.653074],[29.112017,36.653074]]],[[[29.112312,36.653129],[29.112312,36.653129],[29.112312,36.653129],[29.112312,36.653129]]],[[[29.112381,36.653125],[29.112381,36.653125],[29.112381,36.653125],[29.112381,36.653125]]],[[[29.112329,36.653314],[29.112329,36.653314],[29.112329,36.653314],[29.112329,36.653314]]],[[[29.110835,36.653518],[29.110835,36.653518],[29.110835,36.653518],[29.110835,36.653518]]],[[[29.106879,36.653095],[29.099515,36.649256],[29.098012,36.652282],[29.102372,36.651261],[29.106879,36.653095]]],[[[29.111848,36.653411],[29.111848,36.653411],[29.111848,36.653411],[29.111848,36.653411]]],[[[29.111462,36.655464],[29.111462,36.655464],[29.111462,36.655464],[29.111462,36.655464]]],[[[29.047606,36.662311],[29.053945,36.661127],[29.052864,36.656944],[29.044708,36.654177],[29.040816,36.66106],[29.047606,36.662311]]],[[[29.038327,36.665803],[29.038327,36.665803],[29.038327,36.665803],[29.038327,36.665803]]],[[[28.903315,36.66695],[28.903315,36.66695],[28.903315,36.66695],[28.903315,36.66695]]],[[[28.891582,36.668201],[28.891582,36.668201],[28.891582,36.668201],[28.891582,36.668201]]],[[[29.036893,36.667805],[29.036893,36.667805],[29.036893,36.667805],[29.036893,36.667805]]],[[[28.890033,36.668909],[28.890033,36.668909],[28.890033,36.668909],[28.890033,36.668909]]],[[[28.905876,36.667724],[28.905876,36.667724],[28.905876,36.667724],[28.905876,36.667724]]],[[[28.889404,36.668827],[28.891785,36.66712],[28.894137,36.670382],[28.89852,36.670231],[28.899678,36.667446],[28.907365,36.665493],[28.908564,36.659361],[28.908094,36.651759],[28.901987,36.652543],[28.898828,36.660134],[28.889392,36.665264],[28.889404,36.668827]]],[[[29.031858,36.671848],[29.031858,36.671848],[29.031858,36.671848],[29.031858,36.671848]]],[[[29.028755,36.67068],[29.028755,36.67068],[29.028755,36.67068],[29.028755,36.67068]]],[[[28.92088,36.678357],[28.92088,36.678357],[28.92088,36.678357],[28.92088,36.678357]]],[[[28.915988,36.682251],[28.919504,36.677263],[28.923813,36.679034],[28.93066,36.676165],[28.939058,36.674989],[28.932819,36.669294],[28.926154,36.670809],[28.925811,36.664601],[28.916297,36.654874],[28.912611,36.656459],[28.909136,36.67114],[28.911592,36.677606],[28.913924,36.674727],[28.917356,36.675527],[28.91198,36.679317],[28.915988,36.682251]]],[[[28.870492,36.687807],[28.870492,36.687807],[28.870492,36.687807],[28.870492,36.687807]]],[[[28.935277,36.69175],[28.935277,36.69175],[28.935277,36.69175],[28.935277,36.69175]]],[[[28.867697,36.693256],[28.867697,36.693256],[28.867697,36.693256],[28.867697,36.693256]]],[[[28.86885,36.693357],[28.86885,36.693357],[28.86885,36.693357],[28.86885,36.693357]]],[[[29.013143,36.695471],[29.013143,36.695471],[29.013143,36.695471],[29.013143,36.695471]]],[[[28.932781,36.697159],[28.932781,36.697159],[28.932781,36.697159],[28.932781,36.697159]]],[[[29.007417,36.698583],[29.012927,36.695254],[29.006371,36.693802],[29.007417,36.698583]]],[[[28.932199,36.699861],[28.932199,36.699861],[28.932199,36.699861],[28.932199,36.699861]]],[[[28.929189,36.699846],[28.929644,36.696443],[28.926082,36.69336],[28.924032,36.699894],[28.929189,36.699846]]],[[[28.928645,36.700368],[28.928645,36.700368],[28.928645,36.700368],[28.928645,36.700368]]],[[[28.932398,36.701555],[28.932398,36.701555],[28.932398,36.701555],[28.932398,36.701555]]],[[[28.943327,36.704518],[28.943327,36.704518],[28.943327,36.704518],[28.943327,36.704518]]],[[[28.931354,36.705696],[28.931354,36.705696],[28.931354,36.705696],[28.931354,36.705696]]],[[[28.917132,36.706602],[28.917132,36.706602],[28.917132,36.706602],[28.917132,36.706602]]],[[[28.944513,36.707359],[28.944513,36.707359],[28.944513,36.707359],[28.944513,36.707359]]],[[[28.933853,36.709432],[28.933853,36.709432],[28.933853,36.709432],[28.933853,36.709432]]],[[[28.894132,36.710202],[28.894132,36.710202],[28.894132,36.710202],[28.894132,36.710202]]],[[[28.934919,36.708164],[28.932677,36.698706],[28.933361,36.707981],[28.934919,36.708164]]],[[[28.894213,36.710879],[28.894213,36.710879],[28.894213,36.710879],[28.894213,36.710879]]],[[[28.936286,36.71077],[28.936286,36.71077],[28.936286,36.71077],[28.936286,36.71077]]],[[[28.931263,36.710408],[28.931263,36.710408],[28.931263,36.710408],[28.931263,36.710408]]],[[[28.92298,36.730519],[28.92298,36.730519],[28.92298,36.730519],[28.92298,36.730519]]],[[[28.921769,36.731572],[28.921769,36.731572],[28.921769,36.731572],[28.921769,36.731572]]],[[[28.931629,36.735006],[28.931629,36.735006],[28.931629,36.735006],[28.931629,36.735006]]],[[[28.942019,36.734298],[28.945523,36.732215],[28.944589,36.729046],[28.949398,36.727774],[28.949437,36.725181],[28.944438,36.725328],[28.94366,36.722084],[28.93616,36.718987],[28.93368,36.724275],[28.936356,36.723271],[28.935098,36.730799],[28.938826,36.736968],[28.942019,36.734298]]],[[[28.251094,36.774253],[28.251094,36.774253],[28.251094,36.774253],[28.251094,36.774253]]],[[[28.442926,36.779601],[28.440461,36.777807],[28.441862,36.771409],[28.431028,36.771641],[28.436924,36.775463],[28.43633,36.777859],[28.442926,36.779601]]],[[[28.249973,36.799473],[28.249973,36.799473],[28.249973,36.799473],[28.249973,36.799473]]],[[[28.236596,36.801297],[28.236596,36.801297],[28.236596,36.801297],[28.236596,36.801297]]],[[[28.238949,36.802106],[28.238949,36.802106],[28.238949,36.802106],[28.238949,36.802106]]],[[[28.253758,36.808288],[28.253758,36.808288],[28.253758,36.808288],[28.253758,36.808288]]],[[[28.25909,36.810436],[28.261256,36.806952],[28.258115,36.804089],[28.259219,36.798512],[28.255983,36.803331],[28.252182,36.805279],[28.243949,36.805541],[28.244317,36.809661],[28.249301,36.809972],[28.252794,36.807288],[28.25909,36.810436]]],[[[28.290074,36.817887],[28.290074,36.817887],[28.290074,36.817887],[28.290074,36.817887]]],[[[28.28787,36.821401],[28.279759,36.819332],[28.278438,36.820493],[28.28787,36.821401]]],[[[28.385225,36.841539],[28.385225,36.841539],[28.385225,36.841539],[28.385225,36.841539]]],[[[28.445547,36.86279],[28.445547,36.86279],[28.445547,36.86279],[28.445547,36.86279]]],[[[28.461535,36.870852],[28.461535,36.870852],[28.461535,36.870852],[28.461535,36.870852]]],[[[27.305126,36.951889],[27.305126,36.951889],[27.305126,36.951889],[27.305126,36.951889]]],[[[27.482134,36.957425],[27.482134,36.957425],[27.482134,36.957425],[27.482134,36.957425]]],[[[27.479579,36.960825],[27.479579,36.960825],[27.479579,36.960825],[27.479579,36.960825]]],[[[27.48749,36.960913],[27.48749,36.960913],[27.48749,36.960913],[27.48749,36.960913]]],[[[27.323122,36.962605],[27.323122,36.962605],[27.323122,36.962605],[27.323122,36.962605]]],[[[27.300901,36.971418],[27.300901,36.971418],[27.300901,36.971418],[27.300901,36.971418]]],[[[27.301906,36.971656],[27.301906,36.971656],[27.301906,36.971656],[27.301906,36.971656]]],[[[27.301114,36.972404],[27.301114,36.972404],[27.301114,36.972404],[27.301114,36.972404]]],[[[27.309117,36.974838],[27.309117,36.974838],[27.309117,36.974838],[27.309117,36.974838]]],[[[27.233144,36.981236],[27.233144,36.981236],[27.233144,36.981236],[27.233144,36.981236]]],[[[27.211312,36.985421],[27.211312,36.985421],[27.211312,36.985421],[27.211312,36.985421]]],[[[27.231529,36.982852],[27.231529,36.982852],[27.231529,36.982852],[27.231529,36.982852]]],[[[27.379143,36.989566],[27.379143,36.989566],[27.379143,36.989566],[27.379143,36.989566]]],[[[27.225069,36.990979],[27.225069,36.990979],[27.225069,36.990979],[27.225069,36.990979]]],[[[27.198715,36.992518],[27.198715,36.992518],[27.198715,36.992518],[27.198715,36.992518]]],[[[27.207799,36.995463],[27.207799,36.995463],[27.207799,36.995463],[27.207799,36.995463]]],[[[27.444365,36.989998],[27.452669,36.985447],[27.471004,36.979727],[27.483036,36.977562],[27.489128,36.974314],[27.492981,36.967948],[27.488262,36.964541],[27.486917,36.960387],[27.479292,36.962774],[27.476477,36.958217],[27.472524,36.960398],[27.467913,36.965901],[27.463513,36.966544],[27.457149,36.964668],[27.451539,36.970692],[27.445216,36.970715],[27.445008,36.980226],[27.437838,36.984126],[27.436718,36.98745],[27.425982,36.989406],[27.42462,36.996519],[27.430347,36.996666],[27.444365,36.989998]]],[[[27.42103,36.997662],[27.42103,36.997662],[27.42103,36.997662],[27.42103,36.997662]]],[[[27.375517,36.998011],[27.375517,36.998011],[27.375517,36.998011],[27.375517,36.998011]]],[[[27.207187,36.996643],[27.207187,36.996643],[27.207187,36.996643],[27.207187,36.996643]]],[[[27.389173,37.001466],[27.389173,37.001466],[27.389173,37.001466],[27.389173,37.001466]]],[[[27.387578,37.000413],[27.384531,36.990163],[27.3791,36.995088],[27.382345,36.996618],[27.384858,37.001961],[27.387578,37.000413]]],[[[27.256778,37.001634],[27.256778,37.001634],[27.256778,37.001634],[27.256778,37.001634]]],[[[27.33414,37.003076],[27.33414,37.003076],[27.33414,37.003076],[27.33414,37.003076]]],[[[27.256863,37.003438],[27.256863,37.003438],[27.256863,37.003438],[27.256863,37.003438]]],[[[27.384463,37.002964],[27.384463,37.002964],[27.384463,37.002964],[27.384463,37.002964]]],[[[27.331085,37.004047],[27.331085,37.004047],[27.331085,37.004047],[27.331085,37.004047]]],[[[27.330608,37.004842],[27.330608,37.004842],[27.330608,37.004842],[27.330608,37.004842]]],[[[27.211752,37.005068],[27.211752,37.005068],[27.211752,37.005068],[27.211752,37.005068]]],[[[27.383531,37.006462],[27.383531,37.006462],[27.383531,37.006462],[27.383531,37.006462]]],[[[27.330257,37.006864],[27.330257,37.006864],[27.330257,37.006864],[27.330257,37.006864]]],[[[27.211877,37.009843],[27.211877,37.009843],[27.211877,37.009843],[27.211877,37.009843]]],[[[27.35919,37.010552],[27.362749,37.008401],[27.359021,37.006343],[27.35919,37.010552]]],[[[27.330368,37.010753],[27.330368,37.010753],[27.330368,37.010753],[27.330368,37.010753]]],[[[27.213469,37.00984],[27.213469,37.00984],[27.213469,37.00984],[27.213469,37.00984]]],[[[27.331901,37.012628],[27.331901,37.012628],[27.331901,37.012628],[27.331901,37.012628]]],[[[27.218124,37.006258],[27.215314,36.999811],[27.207707,36.996717],[27.207473,36.999054],[27.216674,37.006155],[27.216507,37.01066],[27.219637,37.013232],[27.223564,37.011298],[27.224395,37.007972],[27.218124,37.006258]]],[[[27.334569,37.013252],[27.334569,37.013252],[27.334569,37.013252],[27.334569,37.013252]]],[[[27.333985,37.013262],[27.333985,37.013262],[27.333985,37.013262],[27.333985,37.013262]]],[[[27.337161,37.015475],[27.337161,37.015475],[27.337161,37.015475],[27.337161,37.015475]]],[[[27.339762,37.018022],[27.339762,37.018022],[27.339762,37.018022],[27.339762,37.018022]]],[[[27.369664,37.021548],[27.369664,37.021548],[27.369664,37.021548],[27.369664,37.021548]]],[[[27.372254,37.021858],[27.372254,37.021858],[27.372254,37.021858],[27.372254,37.021858]]],[[[27.373921,37.022927],[27.373921,37.022927],[27.373921,37.022927],[27.373921,37.022927]]],[[[27.243903,37.026184],[27.243903,37.026184],[27.243903,37.026184],[27.243903,37.026184]]],[[[27.24196,37.029055],[27.24196,37.029055],[27.24196,37.029055],[27.24196,37.029055]]],[[[27.229065,37.039523],[27.229065,37.039523],[27.229065,37.039523],[27.229065,37.039523]]],[[[27.204801,37.050477],[27.204898,37.047536],[27.201175,37.046639],[27.199139,37.049961],[27.204801,37.050477]]],[[[27.233221,37.052373],[27.233221,37.052373],[27.233221,37.052373],[27.233221,37.052373]]],[[[27.458759,37.082286],[27.458759,37.082286],[27.458759,37.082286],[27.458759,37.082286]]],[[[27.475337,37.085452],[27.475337,37.085452],[27.475337,37.085452],[27.475337,37.085452]]],[[[27.239977,37.086637],[27.239977,37.086637],[27.239977,37.086637],[27.239977,37.086637]]],[[[27.240766,37.087307],[27.240766,37.087307],[27.240766,37.087307],[27.240766,37.087307]]],[[[27.458521,37.08842],[27.458521,37.08842],[27.458521,37.08842],[27.458521,37.08842]]],[[[27.251685,37.088735],[27.251685,37.088735],[27.251685,37.088735],[27.251685,37.088735]]],[[[27.211446,37.089327],[27.213984,37.08488],[27.207234,37.080816],[27.20483,37.083993],[27.208568,37.089406],[27.211446,37.089327]]],[[[27.238963,37.089433],[27.235833,37.086414],[27.232012,37.089048],[27.238963,37.089433]]],[[[27.254458,37.094507],[27.254458,37.094507],[27.254458,37.094507],[27.254458,37.094507]]],[[[27.256321,37.094566],[27.256321,37.094566],[27.256321,37.094566],[27.256321,37.094566]]],[[[27.254618,37.095095],[27.254618,37.095095],[27.254618,37.095095],[27.254618,37.095095]]],[[[27.48968,37.096821],[27.48968,37.096821],[27.48968,37.096821],[27.48968,37.096821]]],[[[27.487064,37.100078],[27.487064,37.100078],[27.487064,37.100078],[27.487064,37.100078]]],[[[27.316207,37.122628],[27.316207,37.122628],[27.316207,37.122628],[27.316207,37.122628]]],[[[27.471428,37.118392],[27.469495,37.119583],[27.474798,37.12419],[27.471428,37.118392]]],[[[27.314156,37.128355],[27.314156,37.128355],[27.314156,37.128355],[27.314156,37.128355]]],[[[27.297438,37.12746],[27.297438,37.12746],[27.297438,37.12746],[27.297438,37.12746]]],[[[27.480372,37.124844],[27.47748,37.128065],[27.48159,37.130684],[27.480372,37.124844]]],[[[27.287992,37.130972],[27.287992,37.130972],[27.287992,37.130972],[27.287992,37.130972]]],[[[27.257815,37.132167],[27.257815,37.132167],[27.257815,37.132167],[27.257815,37.132167]]],[[[27.284669,37.133342],[27.284669,37.133342],[27.284669,37.133342],[27.284669,37.133342]]],[[[27.38465,37.13385],[27.38465,37.13385],[27.38465,37.13385],[27.38465,37.13385]]],[[[27.385116,37.134221],[27.385116,37.134221],[27.385116,37.134221],[27.385116,37.134221]]],[[[27.390362,37.136906],[27.390362,37.136906],[27.390362,37.136906],[27.390362,37.136906]]],[[[27.265851,37.138107],[27.265851,37.138107],[27.265851,37.138107],[27.265851,37.138107]]],[[[27.388774,37.140019],[27.394732,37.13967],[27.38901,37.13664],[27.385426,37.137226],[27.388774,37.140019]]],[[[27.274607,37.141872],[27.274607,37.141872],[27.274607,37.141872],[27.274607,37.141872]]],[[[27.279965,37.142344],[27.279965,37.142344],[27.279965,37.142344],[27.279965,37.142344]]],[[[27.264,37.14992],[27.264,37.14992],[27.264,37.14992],[27.264,37.14992]]],[[[27.384706,37.155314],[27.384706,37.155314],[27.384706,37.155314],[27.384706,37.155314]]],[[[27.506209,37.153327],[27.506158,37.145736],[27.501743,37.141091],[27.490037,37.141879],[27.497767,37.151935],[27.494631,37.157056],[27.502874,37.157359],[27.506209,37.153327]]],[[[27.377335,37.162697],[27.370236,37.161584],[27.367408,37.163527],[27.363463,37.171869],[27.369692,37.17185],[27.371534,37.169065],[27.377829,37.167027],[27.377335,37.162697]]]]}},{"type":"Feature","properties":{"id":"TR-P-49","region_id":"TR-R-DOA"},"geometry":{"type":"Polygon","coordinates":[[[42.714452,38.954903],[42.711368,38.952561],[42.694939,38.94427],[42.673008,38.937993],[42.661539,38.93528],[42.615585,38.934505],[42.603728,38.930398],[42.596986,38.923191],[42.596366,38.920246],[42.598458,38.904902],[42.596444,38.898005],[42.588462,38.887931],[42.57707,38.885219],[42.568701,38.890333],[42.561339,38.90839],[42.557076,38.922571],[42.553279,38.929546],[42.542507,38.941015],[42.535068,38.942875],[42.523134,38.943805],[42.488261,38.941325],[42.474545,38.944037],[42.455326,38.950159],[42.438975,38.954576],[42.425026,38.956746],[42.413944,38.954499],[42.405342,38.951244],[42.392711,38.941402],[42.378607,38.936365],[42.360008,38.928771],[42.343269,38.923734],[42.32312,38.914977],[42.313434,38.911799],[42.295067,38.903585],[42.270657,38.89661],[42.246091,38.895138],[42.222843,38.897308],[42.217728,38.898393],[42.206569,38.8963],[42.203469,38.893743],[42.195952,38.878554],[42.19045,38.870572],[42.173014,38.857398],[42.166039,38.849029],[42.164877,38.842054],[42.168751,38.834847],[42.170301,38.82578],[42.167589,38.817644],[42.159297,38.814466],[42.142636,38.810901],[42.11869,38.807492],[42.107531,38.800982],[42.100944,38.791993],[42.096139,38.787886],[42.083895,38.780989],[42.081957,38.772464],[42.08715,38.765955],[42.103423,38.76022],[42.114428,38.754175],[42.118225,38.748828],[42.116288,38.744799],[42.107841,38.738444],[42.097999,38.734337],[42.08157,38.723178],[42.062274,38.707136],[42.057857,38.704269],[42.027169,38.690088],[42.022752,38.684663],[42.01601,38.664437],[42.013452,38.66064],[42.002913,38.655525],[41.979975,38.645683],[41.966181,38.638631],[41.950372,38.629564],[41.941072,38.621737],[41.940297,38.616468],[41.9427,38.603991],[41.942002,38.5895],[41.940452,38.586477],[41.9334,38.583145],[41.921389,38.58082],[41.894963,38.581828],[41.8759,38.584075],[41.850869,38.59043],[41.817081,38.600194],[41.782984,38.604456],[41.755086,38.606703],[41.732845,38.607788],[41.723855,38.608873],[41.692702,38.608796],[41.655893,38.603991],[41.634892,38.600814],[41.605289,38.597094],[41.561892,38.589887],[41.554995,38.586942],[41.526864,38.572606],[41.515472,38.563849],[41.50842,38.55517],[41.503306,38.539051],[41.498889,38.528821],[41.488969,38.518127],[41.472308,38.510378],[41.460606,38.506503],[41.448052,38.503558],[41.431546,38.497746],[41.412637,38.488059],[41.392771,38.483903],[41.382813,38.485475],[41.37492,38.483085],[41.37208,38.47847],[41.36564,38.487752],[41.36189,38.490496],[41.345606,38.49443],[41.338014,38.497723],[41.312765,38.515378],[41.300599,38.526082],[41.272025,38.530804],[41.251323,38.535444],[41.235619,38.537586],[41.227053,38.540798],[41.213847,38.555432],[41.207065,38.560428],[41.195644,38.56257],[41.174943,38.571136],[41.171373,38.57649],[41.171016,38.584342],[41.167804,38.591123],[41.156383,38.606471],[41.155312,38.613966],[41.156383,38.622889],[41.152457,38.642163],[41.1521,38.660009],[41.158167,38.672501],[41.158714,38.69724],[41.155413,38.713738],[41.156269,38.735534],[41.155793,38.747051],[41.154556,38.749716],[41.134759,38.753618],[41.12467,38.758567],[41.123433,38.763612],[41.131999,38.782552],[41.133712,38.792451],[41.133522,38.805109],[41.132284,38.826715],[41.126003,38.842419],[41.11934,38.864786],[41.1142,38.876588],[41.112202,38.88563],[41.11144,38.896005],[41.112963,38.905427],[41.117436,38.915707],[41.125622,38.923797],[41.133712,38.929222],[41.138947,38.941881],[41.144372,38.947591],[41.173211,38.967008],[41.176257,38.972433],[41.179683,38.990136],[41.186917,39.002509],[41.203383,39.012694],[41.214994,39.023639],[41.219848,39.026114],[41.234792,39.031063],[41.254208,39.033347],[41.267438,39.036774],[41.276765,39.041723],[41.281429,39.046387],[41.287044,39.058284],[41.283618,39.070372],[41.274576,39.079604],[41.265344,39.086076],[41.261251,39.091406],[41.23955,39.103684],[41.230889,39.118246],[41.219944,39.132333],[41.21271,39.144801],[41.197767,39.158507],[41.181872,39.167549],[41.174544,39.176305],[41.17283,39.181255],[41.17283,39.19201],[41.175591,39.200861],[41.176542,39.212188],[41.175305,39.226084],[41.176447,39.23998],[41.173497,39.252734],[41.17007,39.259967],[41.164264,39.268819],[41.155413,39.278622],[41.150463,39.288235],[41.149512,39.305843],[41.150368,39.31479],[41.147894,39.322309],[41.147703,39.335444],[41.153033,39.349816],[41.152843,39.361998],[41.156555,39.370089],[41.164835,39.376656],[41.17264,39.380558],[41.186917,39.373039],[41.199575,39.365044],[41.217755,39.350577],[41.233078,39.341154],[41.242501,39.339156],[41.258015,39.337442],[41.277717,39.337347],[41.283523,39.338013],[41.310649,39.338489],[41.321118,39.339251],[41.337108,39.337728],[41.367851,39.331827],[41.381366,39.330304],[41.414393,39.328305],[41.433239,39.324213],[41.460269,39.316598],[41.475117,39.311649],[41.500435,39.299942],[41.510619,39.294707],[41.530892,39.281573],[41.557589,39.270151],[41.583073,39.262085],[41.596779,39.258301],[41.604845,39.257017],[41.614553,39.257445],[41.618265,39.256446],[41.624833,39.251591],[41.627545,39.245381],[41.626903,39.236672],[41.624476,39.232175],[41.620835,39.230961],[41.606273,39.220468],[41.604274,39.21697],[41.60199,39.200481],[41.602989,39.191201],[41.605702,39.177424],[41.609914,39.163504],[41.61955,39.15558],[41.627331,39.155366],[41.635754,39.156936],[41.64275,39.156437],[41.649317,39.154224],[41.656242,39.156294],[41.663951,39.155509],[41.683225,39.157579],[41.693147,39.160363],[41.712278,39.162861],[41.720987,39.162933],[41.733051,39.161505],[41.741974,39.161505],[41.759605,39.164146],[41.783947,39.169429],[41.79387,39.170142],[41.79851,39.171784],[41.80422,39.178423],[41.819568,39.178994],[41.829062,39.183134],[41.837842,39.184419],[41.859971,39.184205],[41.874605,39.183063],[41.883813,39.183777],[41.899803,39.194484],[41.913009,39.197911],[41.916507,39.197554],[41.932283,39.191415],[41.942776,39.194556],[41.962835,39.197411],[41.977826,39.20148],[41.986749,39.207548],[41.994672,39.211117],[42.000954,39.218112],[42.008235,39.22261],[42.041643,39.238385],[42.047211,39.242383],[42.059203,39.254804],[42.0647,39.272435],[42.070196,39.284],[42.077549,39.287355],[42.087828,39.28764],[42.107602,39.283928],[42.11681,39.284714],[42.146363,39.291852],[42.167921,39.293851],[42.174774,39.296563],[42.18591,39.29899],[42.192977,39.306271],[42.199758,39.311197],[42.208253,39.315052],[42.215391,39.321904],[42.21689,39.326544],[42.215891,39.338537],[42.208181,39.35881],[42.200115,39.368304],[42.18748,39.375371],[42.185767,39.380154],[42.186623,39.388363],[42.188479,39.391718],[42.201043,39.401569],[42.20654,39.408636],[42.214891,39.427624],[42.221173,39.434548],[42.228883,39.440616],[42.248156,39.450395],[42.272712,39.461745],[42.284919,39.469312],[42.301337,39.480805],[42.312259,39.490799],[42.327749,39.499222],[42.336672,39.500792],[42.349878,39.501363],[42.382001,39.496723],[42.404487,39.497651],[42.417836,39.502077],[42.42998,39.512275],[42.43795,39.506214],[42.450902,39.49484],[42.460865,39.484462],[42.4695,39.473585],[42.479629,39.459222],[42.487931,39.451667],[42.495071,39.446934],[42.503042,39.438134],[42.507691,39.428004],[42.508521,39.41937],[42.506529,39.407663],[42.511759,39.39521],[42.519232,39.380182],[42.522054,39.372959],[42.52056,39.367894],[42.524047,39.363162],[42.528862,39.367064],[42.539988,39.36092],[42.564397,39.36009],[42.58341,39.345893],[42.588558,39.341243],[42.596611,39.330616],[42.605744,39.323808],[42.619858,39.310939],[42.625338,39.302886],[42.630734,39.285949],[42.634221,39.270672],[42.641195,39.254648],[42.661703,39.229907],[42.670586,39.220359],[42.678972,39.209067],[42.683289,39.201844],[42.686195,39.192628],[42.68744,39.183828],[42.686112,39.167223],[42.690844,39.155599],[42.702468,39.142398],[42.707616,39.138579],[42.713593,39.131771],[42.715586,39.12214],[42.717911,39.099806],[42.718243,39.080129],[42.716997,39.067509],[42.713344,39.056965],[42.707699,39.048414],[42.698317,39.025997],[42.695992,39.015121],[42.696767,38.996163],[42.698981,38.984097],[42.70399,38.971311],[42.709387,38.961431],[42.714452,38.954903]]]}},{"type":"Feature","properties":{"id":"TR-P-50","region_id":"TR-R-ICA"},"geometry":{"type":"Polygon","coordinates":[[[35.059723,39.010815],[35.063173,39.006701],[35.060575,38.999226],[35.060486,38.990909],[35.06556,38.972542],[35.060933,38.959115],[35.060612,38.953816],[35.055715,38.947233],[35.03765,38.937839],[35.029621,38.931898],[35.027051,38.925635],[35.019585,38.919051],[35.013723,38.911906],[35.011556,38.89649],[35.008665,38.890067],[34.999432,38.883002],[34.992045,38.874491],[34.989958,38.867345],[34.983294,38.856988],[34.98209,38.851448],[34.982491,38.831697],[34.981929,38.812187],[34.986425,38.805603],[34.99317,38.789626],[34.999191,38.784728],[35.00302,38.779111],[35.023916,38.761374],[35.029012,38.758215],[35.039001,38.755768],[35.053782,38.746798],[35.058572,38.737115],[35.057655,38.724577],[35.055922,38.718054],[35.050622,38.709593],[35.047258,38.70205],[35.038696,38.690838],[35.034313,38.678402],[35.024833,38.666476],[35.02361,38.657914],[35.024527,38.643847],[35.030235,38.631921],[35.045423,38.61021],[35.068052,38.597774],[35.07813,38.590231],[35.089521,38.583504],[35.095484,38.578688],[35.099077,38.570431],[35.103129,38.551854],[35.108328,38.543674],[35.109398,38.538323],[35.106799,38.528537],[35.102976,38.524333],[35.09342,38.522574],[35.071021,38.522192],[35.05145,38.523033],[35.043652,38.51944],[35.03379,38.511871],[35.029891,38.507208],[35.023623,38.49016],[35.018118,38.468754],[35.011467,38.457364],[35.00451,38.4527],[34.983258,38.442227],[34.972478,38.440239],[34.959253,38.440315],[34.938917,38.439016],[34.922252,38.432518],[34.907956,38.424567],[34.898552,38.415775],[34.897482,38.407519],[34.897635,38.397734],[34.894654,38.375487],[34.902146,38.360885],[34.905202,38.353255],[34.889384,38.353882],[34.857331,38.353534],[34.834615,38.351095],[34.827577,38.348307],[34.820191,38.343639],[34.811759,38.339876],[34.80068,38.336253],[34.78312,38.336113],[34.771902,38.337298],[34.744169,38.338204],[34.730372,38.340921],[34.70891,38.339319],[34.699991,38.337855],[34.659889,38.323176],[34.654965,38.319181],[34.643444,38.313978],[34.625792,38.310076],[34.583147,38.313792],[34.571068,38.313978],[34.554995,38.316579],[34.544311,38.319274],[34.52926,38.326427],[34.522756,38.335625],[34.490795,38.357087],[34.483084,38.364055],[34.478355,38.369214],[34.461385,38.376087],[34.438979,38.39064],[34.407886,38.413356],[34.402811,38.419316],[34.396609,38.430191],[34.394595,38.436957],[34.394837,38.45057],[34.397253,38.461847],[34.4012,38.470869],[34.408289,38.483999],[34.416344,38.496645],[34.421741,38.503733],[34.439704,38.518555],[34.443812,38.522905],[34.445664,38.527657],[34.446873,38.537323],[34.446389,38.548278],[34.43914,38.555769],[34.430601,38.559958],[34.410222,38.562455],[34.406195,38.563502],[34.397576,38.574215],[34.38356,38.586379],[34.377599,38.58807],[34.367047,38.588151],[34.356092,38.593709],[34.331121,38.597495],[34.307681,38.604341],[34.298901,38.607644],[34.290524,38.613363],[34.285368,38.615216],[34.259431,38.629795],[34.25194,38.639945],[34.249201,38.655088],[34.251779,38.67579],[34.261042,38.70068],[34.265714,38.710749],[34.271675,38.727342],[34.271433,38.745789],[34.2695,38.758516],[34.281905,38.77672],[34.283919,38.785661],[34.283435,38.790414],[34.275541,38.799677],[34.256934,38.81627],[34.250893,38.824003],[34.241629,38.833025],[34.244331,38.835105],[34.250886,38.844314],[34.255887,38.865997],[34.253712,38.887021],[34.258464,38.898862],[34.263179,38.903294],[34.269502,38.899309],[34.280646,38.899207],[34.291073,38.896401],[34.30402,38.891077],[34.310989,38.881347],[34.335475,38.863965],[34.341889,38.860379],[34.350027,38.852188],[34.360442,38.854639],[34.373491,38.863097],[34.381788,38.873086],[34.390084,38.887665],[34.392662,38.895157],[34.406597,38.913039],[34.413122,38.924396],[34.417069,38.935835],[34.42303,38.949126],[34.425688,38.959758],[34.429877,38.968377],[34.434548,38.974096],[34.443006,38.980701],[34.448967,38.983037],[34.458311,38.984487],[34.46991,38.989723],[34.478368,38.995201],[34.505755,39.015741],[34.516308,39.034348],[34.519046,39.046834],[34.522107,39.051264],[34.534351,39.052714],[34.558113,39.047317],[34.574787,39.039826],[34.585501,39.037087],[34.593233,39.039423],[34.595408,39.042323],[34.596858,39.055211],[34.595086,39.066407],[34.591703,39.075912],[34.585259,39.07841],[34.573821,39.073818],[34.565766,39.068743],[34.562221,39.06826],[34.551267,39.070274],[34.543614,39.072771],[34.545494,39.081685],[34.552421,39.095862],[34.563376,39.125183],[34.576506,39.138393],[34.605101,39.147576],[34.612351,39.150395],[34.624756,39.157564],[34.627736,39.162075],[34.629105,39.17311],[34.617416,39.192624],[34.620074,39.202834],[34.631733,39.225247],[34.639648,39.231409],[34.65457,39.237027],[34.65898,39.239565],[34.67361,39.25205],[34.687626,39.257528],[34.692217,39.262925],[34.691734,39.268966],[34.683276,39.273316],[34.673368,39.284995],[34.66338,39.299414],[34.656533,39.304166],[34.646222,39.306502],[34.629065,39.307066],[34.603347,39.314244],[34.591103,39.320151],[34.583585,39.327562],[34.580041,39.334113],[34.5838,39.352586],[34.591855,39.368267],[34.606569,39.401669],[34.613443,39.410798],[34.620757,39.411998],[34.637675,39.414154],[34.643394,39.412946],[34.651208,39.406421],[34.665868,39.391117],[34.675212,39.385397],[34.697444,39.374362],[34.710251,39.369046],[34.72032,39.353258],[34.725395,39.348102],[34.737478,39.344075],[34.748513,39.343431],[34.760032,39.341417],[34.788627,39.33457],[34.801354,39.329012],[34.821814,39.318621],[34.841388,39.311371],[34.851296,39.308713],[34.87095,39.304766],[34.882147,39.303236],[34.898176,39.302672],[34.907842,39.300497],[34.917428,39.294858],[34.923469,39.287287],[34.927014,39.278184],[34.925725,39.271499],[34.926947,39.257636],[34.934399,39.257416],[34.940988,39.26192],[34.945059,39.262751],[34.950425,39.260841],[34.955124,39.248595],[34.966113,39.245397],[34.9689,39.234606],[34.969705,39.221557],[34.967047,39.208347],[34.958106,39.183134],[34.937888,39.170166],[34.937082,39.165816],[34.947151,39.154217],[34.96157,39.142134],[34.978083,39.135529],[34.992244,39.12766],[35.010557,39.114257],[35.011751,39.097802],[35.006509,39.085991],[35.006576,39.083868],[35.017988,39.077166],[35.018054,39.068673],[35.023296,39.066816],[35.029666,39.067877],[35.034244,39.065024],[35.041145,39.055138],[35.044595,39.046711],[35.0436,39.038019],[35.044595,39.032246],[35.043732,39.026142],[35.049638,39.017384],[35.059723,39.010815]]]}},{"type":"Feature","properties":{"id":"TR-P-51","region_id":"TR-R-ICA"},"geometry":{"type":"Polygon","coordinates":[[[34.905202,38.353255],[34.924295,38.344823],[34.942691,38.334023],[34.957115,38.320574],[34.978716,38.30399],[34.983663,38.29751],[34.98666,38.287754],[34.99537,38.266153],[34.999063,38.250893],[35.003523,38.228595],[35.028887,38.203649],[35.030768,38.197169],[35.03042,38.184417],[35.039827,38.172919],[35.049791,38.166927],[35.05885,38.163512],[35.070277,38.160934],[35.095153,38.160028],[35.107696,38.160934],[35.124071,38.164488],[35.140098,38.165115],[35.167483,38.168111],[35.175287,38.167206],[35.190199,38.14651],[35.204553,38.143862],[35.216538,38.14428],[35.227687,38.140309],[35.230057,38.136476],[35.231659,38.126442],[35.23591,38.116478],[35.239533,38.110833],[35.24239,38.10073],[35.245317,38.083658],[35.243017,38.062753],[35.248104,38.053904],[35.259462,38.046448],[35.258208,38.030769],[35.265722,38.017995],[35.271296,37.986499],[35.273619,37.982225],[35.277521,37.97024],[35.284675,37.959184],[35.289785,37.953423],[35.300284,37.944969],[35.3158,37.933819],[35.322489,37.926573],[35.323232,37.905575],[35.321746,37.894333],[35.312919,37.877703],[35.302607,37.851317],[35.298054,37.846671],[35.290714,37.842212],[35.277614,37.837102],[35.241659,37.831249],[35.227629,37.829762],[35.218524,37.830319],[35.208211,37.832921],[35.180258,37.834384],[35.160608,37.838844],[35.155669,37.838077],[35.151802,37.829611],[35.151475,37.80982],[35.155376,37.801086],[35.162244,37.789893],[35.181493,37.770389],[35.183698,37.763182],[35.187218,37.742579],[35.163007,37.735592],[35.143841,37.728766],[35.122048,37.720233],[35.103538,37.712094],[35.09041,37.702904],[35.081217,37.690192],[35.078557,37.687841],[35.063498,37.684919],[35.039212,37.683475],[35.034223,37.677436],[35.02254,37.670216],[35.009892,37.666278],[34.999783,37.659451],[34.985343,37.654463],[34.969852,37.651574],[34.9604,37.662471],[34.95738,37.667328],[34.950948,37.682819],[34.938214,37.685838],[34.92246,37.685575],[34.916553,37.686494],[34.908414,37.690958],[34.901325,37.693321],[34.894236,37.688726],[34.886359,37.680062],[34.8752,37.671266],[34.865355,37.656694],[34.853802,37.633852],[34.849732,37.622956],[34.847238,37.609434],[34.838574,37.596832],[34.841856,37.580816],[34.8433,37.570051],[34.845663,37.561386],[34.846451,37.548653],[34.842381,37.545371],[34.833979,37.535525],[34.830566,37.52883],[34.827284,37.510844],[34.826496,37.496929],[34.825052,37.489052],[34.82072,37.480782],[34.815338,37.476975],[34.805754,37.474087],[34.799978,37.47028],[34.782387,37.464241],[34.776479,37.459909],[34.774641,37.455576],[34.776086,37.432734],[34.775257,37.421315],[34.767943,37.419907],[34.756809,37.425151],[34.745837,37.428136],[34.741883,37.432331],[34.727603,37.434994],[34.706304,37.435397],[34.676049,37.426926],[34.671369,37.427006],[34.654507,37.42265],[34.643857,37.421601],[34.634821,37.417406],[34.627076,37.41555],[34.616991,37.40603],[34.611828,37.398123],[34.593675,37.395622],[34.587624,37.391749],[34.57052,37.388684],[34.563178,37.389248],[34.555029,37.386586],[34.542846,37.386586],[34.529292,37.381664],[34.516948,37.378034],[34.512349,37.375452],[34.507428,37.376582],[34.499844,37.38118],[34.489436,37.380454],[34.483547,37.377388],[34.472574,37.376259],[34.465071,37.368917],[34.448693,37.349635],[34.444982,37.346327],[34.434009,37.340437],[34.427152,37.339388],[34.420928,37.340244],[34.412487,37.349952],[34.407527,37.357233],[34.405852,37.36694],[34.414399,37.387517],[34.421363,37.400496],[34.423184,37.413712],[34.423658,37.438166],[34.42073,37.444418],[34.412421,37.444576],[34.401579,37.441648],[34.395326,37.444497],[34.388362,37.450275],[34.358606,37.464441],[34.3389,37.472355],[34.324259,37.480506],[34.313575,37.488657],[34.310251,37.492693],[34.310172,37.497758],[34.313892,37.506859],[34.319115,37.515011],[34.32418,37.51968],[34.333835,37.523321],[34.349267,37.524508],[34.360742,37.532184],[34.365412,37.541523],[34.361929,37.547537],[34.348792,37.551573],[34.337554,37.556322],[34.328137,37.563207],[34.306136,37.574207],[34.299488,37.580697],[34.297589,37.585762],[34.299172,37.593992],[34.305819,37.600719],[34.344519,37.633325],[34.363037,37.650261],[34.371743,37.659362],[34.377837,37.667197],[34.384009,37.677722],[34.386067,37.685003],[34.386384,37.699881],[34.383772,37.712069],[34.372455,37.739451],[34.365966,37.753459],[34.360426,37.762323],[34.347051,37.776251],[34.336288,37.784244],[34.321014,37.796669],[34.307086,37.810123],[34.283502,37.825634],[34.268861,37.840433],[34.258415,37.848427],[34.241162,37.85824],[34.230492,37.870559],[34.215824,37.87478],[34.182586,37.881533],[34.153884,37.891136],[34.144493,37.895884],[34.119801,37.904009],[34.094582,37.908863],[34.085508,37.910129],[34.070735,37.915616],[34.055857,37.920259],[34.044249,37.925641],[34.041928,37.92965],[34.040662,37.944212],[34.036863,37.952865],[34.031481,37.960251],[34.019874,37.972913],[34.007106,37.979561],[33.998665,37.982832],[33.992017,37.988214],[33.990645,37.991274],[33.992228,38.00056],[33.997504,38.009001],[34.004257,38.014383],[34.0414,38.015965],[34.061766,38.021241],[34.06968,38.027889],[34.068506,38.038435],[34.076517,38.043057],[34.089988,38.052998],[34.097978,38.062474],[34.099744,38.067584],[34.108291,38.078083],[34.11944,38.085237],[34.124364,38.089975],[34.140345,38.109672],[34.152051,38.121564],[34.162364,38.126024],[34.175929,38.128718],[34.185777,38.129369],[34.198227,38.127789],[34.201107,38.126488],[34.221918,38.123051],[34.255458,38.114875],[34.258524,38.115247],[34.266236,38.119985],[34.274783,38.130948],[34.282959,38.145163],[34.290113,38.164488],[34.304979,38.190595],[34.307859,38.193847],[34.319101,38.196356],[34.335174,38.196634],[34.346973,38.202116],[34.360538,38.2115],[34.382371,38.227852],[34.398816,38.242252],[34.427153,38.254702],[34.433936,38.261484],[34.435701,38.269382],[34.434957,38.283782],[34.430219,38.291866],[34.426317,38.302271],[34.422694,38.320667],[34.422601,38.328843],[34.427711,38.334511],[34.442483,38.344173],[34.454561,38.356344],[34.467383,38.361361],[34.483084,38.364055],[34.490795,38.357087],[34.522756,38.335625],[34.52926,38.326427],[34.544311,38.319274],[34.554995,38.316579],[34.571068,38.313978],[34.583147,38.313792],[34.625792,38.310076],[34.643444,38.313978],[34.654965,38.319181],[34.659889,38.323176],[34.699991,38.337855],[34.70891,38.339319],[34.730372,38.340921],[34.744169,38.338204],[34.771902,38.337298],[34.78312,38.336113],[34.80068,38.336253],[34.811759,38.339876],[34.820191,38.343639],[34.827577,38.348307],[34.834615,38.351095],[34.857331,38.353534],[34.889384,38.353882],[34.905202,38.353255]]]}},{"type":"Feature","properties":{"id":"TR-P-52","region_id":"TR-R-KAR"},"geometry":{"type":"Polygon","coordinates":[[[38.116324,40.958173],[38.112472,40.951565],[38.106884,40.948659],[38.104872,40.941619],[38.101408,40.939011],[38.104859,40.934044],[38.112664,40.934139],[38.116756,40.928048],[38.116185,40.920433],[38.110094,40.91853],[38.1001,40.919577],[38.096864,40.916245],[38.090677,40.915579],[38.08411,40.910154],[38.081826,40.903777],[38.076686,40.90016],[38.063837,40.895592],[38.055489,40.894952],[38.047684,40.897903],[38.036358,40.896094],[38.027707,40.88809],[38.02151,40.886577],[38.021863,40.852761],[38.020341,40.846194],[38.015201,40.844576],[38.013393,40.841054],[38.014344,40.83087],[38.010918,40.820686],[38.011299,40.813643],[38.014725,40.808123],[38.016724,40.801175],[38.017009,40.781473],[38.018342,40.771955],[38.016343,40.766244],[38.011965,40.761009],[37.991692,40.757297],[37.972847,40.756917],[37.970206,40.75541],[37.975004,40.74067],[37.980335,40.735411],[37.995896,40.733269],[38.009174,40.732841],[38.022563,40.728653],[38.023775,40.720704],[38.029176,40.716942],[38.036763,40.715142],[38.035936,40.698419],[38.03977,40.689658],[38.0433,40.672072],[38.047714,40.654098],[38.034158,40.646467],[38.013171,40.637472],[37.997117,40.636897],[38.003399,40.629949],[38.010156,40.62519],[38.029586,40.615361],[38.030244,40.609402],[38.035218,40.601277],[38.034331,40.595991],[38.039562,40.589703],[38.046678,40.585188],[38.050022,40.579217],[38.048704,40.561801],[38.040994,40.54286],[38.036902,40.530297],[38.037378,40.524872],[38.040138,40.519922],[38.043109,40.506619],[38.031685,40.505975],[38.024927,40.503405],[38.017598,40.498741],[38.007319,40.496076],[38.002179,40.490175],[38.001608,40.485416],[37.996374,40.482561],[37.980859,40.483417],[37.963537,40.488271],[37.955066,40.494268],[37.948689,40.493506],[37.944406,40.489414],[37.942598,40.476945],[37.938315,40.467523],[37.939933,40.460099],[37.939552,40.452008],[37.934222,40.442681],[37.931557,40.434115],[37.932794,40.429166],[37.948118,40.41803],[37.952496,40.413842],[37.955828,40.406228],[37.954876,40.397376],[37.952877,40.392998],[37.937268,40.372915],[37.931747,40.36768],[37.925561,40.363873],[37.898911,40.355307],[37.891677,40.351405],[37.882064,40.344266],[37.87426,40.341316],[37.849704,40.343695],[37.838758,40.339983],[37.822768,40.338365],[37.814773,40.339508],[37.802971,40.352833],[37.798498,40.364539],[37.790503,40.377198],[37.781746,40.386621],[37.773942,40.389],[37.764804,40.388049],[37.755477,40.383194],[37.753954,40.377008],[37.754715,40.363968],[37.756524,40.355498],[37.75462,40.340174],[37.750813,40.333321],[37.740534,40.323327],[37.731397,40.323137],[37.711314,40.330085],[37.697037,40.339603],[37.678668,40.347978],[37.670673,40.363112],[37.666961,40.367776],[37.66087,40.370726],[37.652113,40.372154],[37.643452,40.374914],[37.627938,40.382243],[37.619372,40.384622],[37.603287,40.38605],[37.585869,40.386716],[37.584119,40.393718],[37.586499,40.407519],[37.585261,40.417703],[37.588307,40.427031],[37.593732,40.434931],[37.598967,40.469671],[37.600585,40.473764],[37.608675,40.48271],[37.612673,40.491657],[37.623047,40.5066],[37.626283,40.517546],[37.625998,40.520115],[37.621239,40.524113],[37.60563,40.526492],[37.59002,40.527539],[37.577457,40.532013],[37.570604,40.53306],[37.566416,40.530966],[37.553281,40.534678],[37.544482,40.531212],[37.525387,40.535173],[37.517487,40.532304],[37.511529,40.534395],[37.493012,40.543567],[37.474443,40.548851],[37.462716,40.550996],[37.452124,40.55715],[37.446159,40.565807],[37.437259,40.564278],[37.430787,40.558948],[37.420888,40.555236],[37.413084,40.554665],[37.399663,40.555522],[37.3871,40.559519],[37.372633,40.565896],[37.355501,40.569608],[37.341224,40.575224],[37.33104,40.578365],[37.317524,40.580839],[37.30439,40.587216],[37.295253,40.595877],[37.290589,40.602635],[37.284783,40.605491],[37.271648,40.60806],[37.258704,40.609107],[37.252803,40.613866],[37.250424,40.617959],[37.246997,40.630332],[37.242238,40.643181],[37.23767,40.653175],[37.228723,40.661455],[37.211496,40.676113],[37.201883,40.681538],[37.191603,40.684393],[37.187701,40.690675],[37.183323,40.694673],[37.175328,40.697909],[37.16067,40.698004],[37.148488,40.697338],[37.143538,40.702763],[37.138208,40.715897],[37.134116,40.723131],[37.127929,40.727985],[37.122599,40.729889],[37.108037,40.729413],[37.104039,40.725035],[37.090619,40.716278],[37.056355,40.698385],[37.046932,40.689723],[37.027801,40.681633],[37.014096,40.686487],[37.006196,40.687344],[36.98992,40.686392],[36.973264,40.683061],[36.967268,40.679349],[36.963556,40.68011],[36.952801,40.687249],[36.95242,40.691913],[36.947375,40.701906],[36.947375,40.707141],[36.950802,40.712471],[36.943759,40.720561],[36.933194,40.722179],[36.922724,40.720942],[36.912635,40.721894],[36.902356,40.721037],[36.891696,40.714851],[36.868377,40.705333],[36.856575,40.70381],[36.845154,40.703524],[36.827927,40.709521],[36.820407,40.713899],[36.813935,40.721513],[36.813269,40.73303],[36.8166,40.738645],[36.821359,40.741881],[36.84049,40.74407],[36.846486,40.747592],[36.851816,40.758633],[36.859431,40.769864],[36.862,40.783569],[36.85391,40.790137],[36.850293,40.791184],[36.83535,40.790422],[36.816791,40.794515],[36.808701,40.798608],[36.803942,40.804699],[36.794138,40.809458],[36.784525,40.820689],[36.780444,40.828776],[36.776969,40.832072],[36.763116,40.831961],[36.742844,40.835542],[36.703164,40.846724],[36.694744,40.848701],[36.700548,40.858066],[36.699506,40.864237],[36.690667,40.871496],[36.69078,40.881041],[36.685172,40.889245],[36.691197,40.892031],[36.702556,40.90215],[36.713802,40.907063],[36.7381,40.912792],[36.755034,40.912782],[36.761814,40.914503],[36.768712,40.918274],[36.778872,40.908886],[36.791912,40.907841],[36.801867,40.910628],[36.813364,40.918492],[36.819536,40.919736],[36.828395,40.919338],[36.82949,40.922623],[36.840241,40.922374],[36.84248,40.920781],[36.854525,40.920284],[36.854127,40.930387],[36.850792,40.93636],[36.877221,40.94497],[36.906287,40.945567],[36.915456,40.941182],[36.920323,40.94283],[36.920671,40.946463],[36.914649,40.95801],[36.914798,40.96025],[36.927523,40.976177],[36.935487,40.983477],[36.940862,40.984804],[36.947764,40.984008],[36.955395,40.987193],[36.962046,40.993252],[36.970924,40.999271],[36.979817,41.003385],[36.984661,41.007765],[36.986652,41.012411],[36.981675,41.025285],[36.977693,41.030129],[36.969464,41.036434],[36.964266,41.047627],[36.964885,41.052316],[36.969752,41.057094],[36.979396,41.060899],[36.999393,41.074614],[37.002579,41.082489],[37.00249,41.09116],[37.004968,41.095496],[37.020718,41.103194],[37.037795,41.104256],[37.05443,41.1116],[37.05965,41.112927],[37.071507,41.113723],[37.074958,41.11275],[37.091592,41.10284],[37.109466,41.097266],[37.118137,41.091072],[37.130171,41.094788],[37.136099,41.104787],[37.140966,41.108415],[37.149372,41.110361],[37.149372,41.117882],[37.158945,41.117787],[37.16314,41.123041],[37.163488,41.126633],[37.158328,41.129702],[37.157672,41.137006],[37.167683,41.140357],[37.169318,41.149401],[37.17516,41.148087],[37.198392,41.147565],[37.219994,41.147878],[37.22451,41.144896],[37.231148,41.144514],[37.252812,41.146239],[37.260427,41.146236],[37.267712,41.144484],[37.276919,41.145029],[37.280992,41.146568],[37.288362,41.144595],[37.293411,41.145056],[37.293131,41.13806],[37.287411,41.132811],[37.291676,41.125244],[37.30684,41.118262],[37.320278,41.115566],[37.335643,41.11494],[37.335459,41.113726],[37.34672,41.110211],[37.353436,41.109806],[37.363962,41.107377],[37.37732,41.106733],[37.384957,41.107414],[37.391195,41.104047],[37.396255,41.103642],[37.405897,41.095729],[37.413147,41.087688],[37.417452,41.086345],[37.418981,41.081591],[37.424684,41.078598],[37.442569,41.076979],[37.453766,41.070882],[37.465221,41.069029],[37.479834,41.065395],[37.483166,41.062643],[37.484233,41.05497],[37.490138,41.049128],[37.492414,41.04191],[37.500888,41.037781],[37.507093,41.031137],[37.525698,41.025281],[37.530538,41.025276],[37.54067,41.022518],[37.560743,41.02603],[37.575756,41.030729],[37.593002,41.038835],[37.604957,41.046837],[37.611013,41.053126],[37.614351,41.064687],[37.621473,41.075556],[37.632073,41.084361],[37.639204,41.095565],[37.649055,41.104826],[37.651483,41.108369],[37.653462,41.116153],[37.659982,41.121869],[37.672712,41.127911],[37.680295,41.133623],[37.684841,41.134985],[37.689069,41.127992],[37.69361,41.126606],[37.706306,41.115011],[37.716147,41.114647],[37.725692,41.116914],[37.730536,41.11633],[37.744627,41.119501],[37.759924,41.120146],[37.76824,41.116002],[37.77823,41.114712],[37.787922,41.115141],[37.78897,41.111589],[37.787279,41.103806],[37.775391,41.078647],[37.77823,41.067302],[37.783353,41.060642],[37.786657,41.053303],[37.79887,41.041244],[37.80926,41.028271],[37.81364,41.026766],[37.832779,41.023804],[37.842349,41.020604],[37.863507,41.017779],[37.87044,41.012715],[37.874773,41.001363],[37.879429,40.994699],[37.879545,40.98714],[37.894193,40.984335],[37.908957,40.986047],[37.919871,40.985145],[37.934703,40.985206],[37.944213,40.983102],[37.955846,40.982253],[37.965673,40.982781],[37.993268,40.981047],[38.007228,40.977453],[38.020548,40.976945],[38.031353,40.973197],[38.041925,40.972345],[38.050057,40.968292],[38.071205,40.967379],[38.080246,40.963898],[38.096055,40.96383],[38.106679,40.962839],[38.116324,40.958173]]]}},{"type":"Feature","properties":{"id":"TR-P-53","region_id":"TR-R-KAR"},"geometry":{"type":"Polygon","coordinates":[[[41.153166,40.811007],[41.139595,40.797656],[41.130078,40.79172],[41.103411,40.77702],[41.094742,40.77344],[41.073352,40.766467],[41.066285,40.763451],[41.049418,40.761001],[41.036132,40.761849],[40.993446,40.756667],[40.988358,40.754028],[40.975731,40.7447],[40.954435,40.736219],[40.937568,40.733015],[40.921549,40.73311],[40.896579,40.736596],[40.872833,40.735465],[40.865295,40.735654],[40.844282,40.738104],[40.835613,40.741213],[40.827697,40.741779],[40.82242,40.73556],[40.820913,40.727173],[40.822326,40.713604],[40.826943,40.700695],[40.829205,40.688634],[40.829582,40.673745],[40.827886,40.664605],[40.824305,40.660365],[40.795,40.647644],[40.78096,40.644817],[40.777191,40.642932],[40.772479,40.635394],[40.770783,40.629552],[40.76447,40.616171],[40.760889,40.610895],[40.756272,40.607502],[40.749299,40.604864],[40.736766,40.603262],[40.714528,40.604016],[40.701902,40.600718],[40.696813,40.598362],[40.675329,40.591766],[40.665529,40.586207],[40.652808,40.581401],[40.644045,40.576784],[40.618226,40.55709],[40.615211,40.553698],[40.589581,40.537019],[40.586377,40.535417],[40.576537,40.529925],[40.558072,40.521359],[40.549696,40.520503],[40.536562,40.520503],[40.527044,40.518409],[40.520191,40.518789],[40.501346,40.516981],[40.485261,40.521169],[40.479169,40.524405],[40.476409,40.527736],[40.477837,40.532685],[40.47698,40.539824],[40.473173,40.547343],[40.466035,40.557813],[40.465844,40.562857],[40.469937,40.570567],[40.4687,40.573612],[40.453661,40.58551],[40.445476,40.595218],[40.437862,40.611398],[40.438433,40.6232],[40.446713,40.632813],[40.457183,40.638334],[40.469461,40.656417],[40.482881,40.662033],[40.486403,40.665364],[40.486022,40.678118],[40.488116,40.682306],[40.506295,40.696963],[40.50639,40.706672],[40.504867,40.713715],[40.500299,40.720568],[40.49278,40.729039],[40.483547,40.734083],[40.47936,40.738556],[40.477837,40.744648],[40.472412,40.748074],[40.464702,40.755689],[40.462037,40.762541],[40.460134,40.771964],[40.457564,40.777389],[40.447189,40.790048],[40.445286,40.794712],[40.435673,40.805752],[40.435768,40.810702],[40.433103,40.818221],[40.435102,40.82298],[40.44243,40.830308],[40.4529,40.835829],[40.466466,40.839896],[40.471155,40.846565],[40.47212,40.85292],[40.46924,40.858111],[40.461747,40.866592],[40.44595,40.881306],[40.435008,40.890446],[40.418068,40.901246],[40.413656,40.908044],[40.410621,40.917423],[40.410601,40.923698],[40.408372,40.93167],[40.403526,40.936545],[40.400239,40.947741],[40.393906,40.960406],[40.389941,40.963228],[40.377833,40.966667],[40.369081,40.967365],[40.361101,40.965715],[40.350892,40.966601],[40.347513,40.968204],[40.327233,40.987197],[40.331598,40.993062],[40.338309,40.999519],[40.349474,41.007178],[40.382243,41.025946],[40.389943,41.028144],[40.395685,41.028273],[40.408697,41.026136],[40.417924,41.025702],[40.429681,41.027332],[40.434065,41.030081],[40.442694,41.030793],[40.448122,41.033549],[40.451548,41.032762],[40.469421,41.033573],[40.480179,41.037152],[40.486022,41.036879],[40.49785,41.040907],[40.507509,41.040526],[40.51196,41.035078],[40.520467,41.03005],[40.521509,41.0279],[40.536898,41.026813],[40.550022,41.030491],[40.562548,41.036846],[40.5745,41.044757],[40.581061,41.047173],[40.605939,41.049597],[40.613488,41.052579],[40.624364,41.060482],[40.638425,41.06415],[40.649758,41.069882],[40.670779,41.075391],[40.675466,41.077563],[40.683787,41.079055],[40.694369,41.079053],[40.705564,41.084898],[40.720088,41.088785],[40.728158,41.093901],[40.742711,41.107131],[40.754142,41.122597],[40.766845,41.136489],[40.776981,41.143809],[40.782164,41.149216],[40.787888,41.151936],[40.797885,41.15948],[40.805011,41.163712],[40.81425,41.164385],[40.842439,41.174891],[40.849859,41.174541],[40.856831,41.177621],[40.870509,41.180195],[40.875325,41.183668],[40.887748,41.182961],[40.89109,41.185361],[40.901849,41.184889],[40.9079,41.181094],[40.920463,41.177535],[40.925468,41.178901],[40.932734,41.178539],[40.943197,41.182076],[40.953669,41.187199],[40.97414,41.193795],[40.986425,41.195715],[40.992402,41.194119],[41.019101,41.203553],[41.032344,41.209758],[41.05289,41.213555],[41.068158,41.221202],[41.086005,41.234789],[41.092382,41.238189],[41.101374,41.245042],[41.128315,41.25994],[41.14218,41.275498],[41.15156,41.282616],[41.161589,41.285897],[41.170158,41.285909],[41.176386,41.287719],[41.190842,41.293845],[41.199069,41.296204],[41.212445,41.303732],[41.220568,41.306153],[41.227765,41.312344],[41.238892,41.31761],[41.249727,41.327466],[41.263134,41.309277],[41.26709,41.295212],[41.272584,41.283419],[41.276539,41.279023],[41.286868,41.270892],[41.295732,41.266497],[41.304376,41.259245],[41.311628,41.250015],[41.316096,41.23346],[41.318953,41.228112],[41.32833,41.219175],[41.336314,41.212729],[41.348768,41.19969],[41.353163,41.191851],[41.355727,41.182988],[41.365836,41.163429],[41.386127,41.137937],[41.390815,41.129],[41.39228,41.118598],[41.391914,41.106877],[41.395577,41.087538],[41.394112,41.077502],[41.387372,41.059628],[41.382318,41.055233],[41.37089,41.050618],[41.360635,41.042853],[41.347302,41.027324],[41.328916,41.015456],[41.302471,41.000952],[41.290751,40.992748],[41.276832,40.986155],[41.265551,40.980002],[41.245013,40.963192],[41.231307,40.95377],[41.22712,40.949016],[41.226453,40.944257],[41.228643,40.937975],[41.226453,40.930171],[41.222456,40.923603],[41.215222,40.917893],[41.213795,40.908089],[41.208655,40.898191],[41.203325,40.884485],[41.200089,40.879155],[41.189048,40.868495],[41.17915,40.863927],[41.172868,40.858501],[41.164778,40.848698],[41.15802,40.836325],[41.154784,40.827188],[41.153166,40.811007]]]}},{"type":"Feature","properties":{"id":"TR-P-54","region_id":"TR-R-MAR"},"geometry":{"type":"Polygon","coordinates":[[[30.965821,41.074368],[30.956204,41.065984],[30.96621,41.065592],[30.978442,41.060887],[30.982641,41.055335],[30.983584,41.050846],[30.980711,41.047804],[30.983464,41.045058],[30.990281,41.043499],[30.995779,41.044404],[31.005252,41.049411],[31.010216,41.047344],[31.010213,41.042898],[31.004715,41.034177],[31.001428,41.032129],[30.995565,41.031802],[30.984067,41.027441],[30.983915,41.022741],[30.98056,41.01738],[30.975074,41.012739],[30.961463,41.004783],[30.951549,41.002484],[30.954083,40.996344],[30.963046,40.993262],[30.963253,40.984619],[30.957207,40.980495],[30.943267,40.975765],[30.939897,40.97091],[30.925905,40.958668],[30.913133,40.952172],[30.907022,40.94562],[30.898764,40.939345],[30.892653,40.936041],[30.883074,40.933179],[30.872834,40.923049],[30.86254,40.916938],[30.838978,40.912809],[30.830665,40.912039],[30.823838,40.909451],[30.815415,40.895303],[30.811892,40.88187],[30.813984,40.87609],[30.818773,40.873833],[30.823123,40.875099],[30.833637,40.875484],[30.847841,40.87086],[30.862595,40.873117],[30.872504,40.873062],[30.878009,40.869759],[30.881202,40.864199],[30.880597,40.85996],[30.870853,40.849335],[30.869146,40.839921],[30.875312,40.83381],[30.887258,40.83359],[30.895461,40.835682],[30.899865,40.838599],[30.903774,40.838489],[30.908618,40.83381],[30.909664,40.827589],[30.900966,40.821368],[30.893039,40.819441],[30.877899,40.818175],[30.869531,40.81845],[30.854832,40.805238],[30.848281,40.800669],[30.840023,40.792025],[30.841455,40.786796],[30.847345,40.778648],[30.847153,40.771748],[30.839666,40.765876],[30.831151,40.762352],[30.829169,40.759343],[30.831371,40.751269],[30.836583,40.743708],[30.843189,40.739524],[30.850015,40.740992],[30.862274,40.741726],[30.867412,40.743194],[30.878055,40.743928],[30.88268,40.740772],[30.890974,40.722788],[30.895452,40.718825],[30.904774,40.723082],[30.926501,40.726752],[30.935016,40.722201],[30.937952,40.71787],[30.940154,40.705319],[30.93619,40.692547],[30.934575,40.690712],[30.933181,40.679554],[30.924446,40.672287],[30.923491,40.667223],[30.914084,40.651539],[30.910817,40.649293],[30.900521,40.64638],[30.896884,40.642007],[30.897749,40.63295],[30.895747,40.626494],[30.881271,40.611438],[30.874894,40.60183],[30.873176,40.596102],[30.874103,40.58528],[30.884142,40.576156],[30.886227,40.573109],[30.884142,40.570917],[30.874038,40.567442],[30.87345,40.557712],[30.871311,40.547821],[30.872541,40.542154],[30.880934,40.538626],[30.882378,40.535739],[30.876176,40.529965],[30.877085,40.525688],[30.874305,40.52232],[30.870456,40.521625],[30.85308,40.50473],[30.84998,40.50334],[30.831482,40.500988],[30.822874,40.501255],[30.80598,40.506922],[30.796624,40.50751],[30.774865,40.503982],[30.764974,40.499651],[30.732576,40.496818],[30.717232,40.497192],[30.686972,40.498903],[30.679755,40.498582],[30.662753,40.500453],[30.654253,40.502699],[30.637519,40.505479],[30.626773,40.503928],[30.600042,40.4811],[30.592076,40.475272],[30.589189,40.468536],[30.586934,40.454654],[30.584368,40.445957],[30.583156,40.436263],[30.579022,40.42999],[30.569327,40.417943],[30.568187,40.408676],[30.5689,40.386863],[30.560845,40.376527],[30.559847,40.370183],[30.562698,40.360132],[30.567688,40.35172],[30.575387,40.346588],[30.576384,40.343594],[30.574745,40.319856],[30.573177,40.316292],[30.56505,40.307952],[30.560702,40.30061],[30.559918,40.294266],[30.532075,40.292407],[30.523821,40.294319],[30.512004,40.298489],[30.494974,40.310393],[30.483504,40.315085],[30.479681,40.320299],[30.480029,40.330378],[30.479333,40.344193],[30.475684,40.350884],[30.466734,40.360181],[30.464128,40.368262],[30.447619,40.378167],[30.444665,40.384423],[30.445584,40.389014],[30.444197,40.394105],[30.434076,40.39631],[30.429779,40.396019],[30.421023,40.391902],[30.392877,40.382109],[30.376077,40.378526],[30.364445,40.378819],[30.355435,40.380976],[30.348639,40.384206],[30.342704,40.385362],[30.330421,40.384366],[30.308708,40.379114],[30.281606,40.366983],[30.257377,40.364584],[30.247129,40.362202],[30.233738,40.356545],[30.229712,40.35378],[30.228996,40.345365],[30.226891,40.34147],[30.22136,40.336567],[30.215669,40.337104],[30.204617,40.341748],[30.198389,40.345498],[30.190069,40.352364],[30.181625,40.356777],[30.173374,40.357673],[30.157958,40.355754],[30.151305,40.357417],[30.138192,40.365988],[30.122201,40.370786],[30.113885,40.375903],[30.106192,40.388949],[30.101189,40.400314],[30.089394,40.409964],[30.08476,40.417899],[30.082187,40.431337],[30.078851,40.4402],[30.073228,40.448016],[30.06932,40.451351],[30.063888,40.451256],[30.055501,40.448206],[30.046447,40.442392],[30.042634,40.436579],[30.029482,40.428954],[30.023001,40.42924],[30.014328,40.432195],[30.007943,40.440868],[30.00232,40.454782],[29.997364,40.463741],[29.993932,40.480611],[29.993075,40.493572],[29.9946,40.499958],[29.992312,40.5255],[29.992789,40.534268],[29.996029,40.547897],[30.00394,40.55638],[30.024049,40.561336],[30.045779,40.570962],[30.054834,40.573916],[30.068177,40.58278],[30.081996,40.586973],[30.088954,40.590499],[30.099342,40.597838],[30.112113,40.610323],[30.119071,40.622427],[30.122502,40.63272],[30.124217,40.644253],[30.134891,40.654927],[30.14671,40.659597],[30.155466,40.668675],[30.156395,40.678182],[30.156038,40.695623],[30.162014,40.712802],[30.166843,40.715598],[30.178026,40.71636],[30.199883,40.715725],[30.228094,40.718648],[30.248694,40.719451],[30.24851,40.739138],[30.246997,40.747909],[30.246997,40.764546],[30.243519,40.77551],[30.239662,40.782089],[30.225068,40.783526],[30.221514,40.786173],[30.218338,40.792146],[30.215464,40.801145],[30.213044,40.819596],[30.213801,40.840164],[30.217203,40.846516],[30.221287,40.848331],[30.237167,40.849919],[30.243292,40.854608],[30.245107,40.86648],[30.247451,40.873588],[30.253576,40.882511],[30.252971,40.885914],[30.245258,40.896122],[30.244426,40.901037],[30.24798,40.904818],[30.258945,40.908448],[30.271498,40.915481],[30.279891,40.925614],[30.285033,40.928865],[30.28579,40.933478],[30.278908,40.939074],[30.279286,40.942855],[30.282689,40.947921],[30.28284,40.953971],[30.277396,40.964784],[30.267717,40.973329],[30.263558,40.979303],[30.258718,40.981496],[30.249644,40.979076],[30.243897,40.979152],[30.240872,40.981647],[30.23694,40.992461],[30.238225,40.995107],[30.234747,41.004786],[30.230815,41.008265],[30.228471,41.013785],[30.231344,41.018851],[30.24488,41.024977],[30.255164,41.032614],[30.257811,41.036395],[30.260684,41.045469],[30.256525,41.051897],[30.252517,41.067021],[30.248207,41.072011],[30.24367,41.082447],[30.245938,41.085547],[30.26144,41.090462],[30.28095,41.094319],[30.284202,41.096512],[30.290478,41.104301],[30.308551,41.112921],[30.316566,41.119727],[30.322843,41.122298],[30.327002,41.138178],[30.325111,41.147177],[30.332068,41.155343],[30.339403,41.161847],[30.349612,41.165174],[30.356191,41.165023],[30.365341,41.168199],[30.362769,41.174929],[30.36742,41.179386],[30.369703,41.178992],[30.374737,41.18429],[30.413449,41.171677],[30.409423,41.168875],[30.451658,41.156168],[30.512625,41.144078],[30.535892,41.140723],[30.586114,41.134518],[30.619527,41.131169],[30.646611,41.129602],[30.665268,41.122121],[30.670305,41.121286],[30.678239,41.11641],[30.694162,41.111236],[30.731941,41.09687],[30.743627,41.091156],[30.762695,41.088876],[30.766457,41.087801],[30.786861,41.086284],[30.820817,41.081506],[30.841809,41.080786],[30.859216,41.078937],[30.881258,41.078883],[30.898834,41.07761],[30.916764,41.074049],[30.956311,41.075899],[30.965821,41.074368]]]}},{"type":"Feature","properties":{"id":"TR-P-55","region_id":"TR-R-KAR"},"geometry":{"type":"Polygon","coordinates":[[[37.169318,41.149401],[37.167683,41.140357],[37.157672,41.137006],[37.158328,41.129702],[37.163488,41.126633],[37.16314,41.123041],[37.158945,41.117787],[37.149372,41.117882],[37.149372,41.110361],[37.140966,41.108415],[37.136099,41.104787],[37.130171,41.094788],[37.118137,41.091072],[37.109466,41.097266],[37.091592,41.10284],[37.074958,41.11275],[37.071507,41.113723],[37.05965,41.112927],[37.05443,41.1116],[37.037795,41.104256],[37.020718,41.103194],[37.004968,41.095496],[37.00249,41.09116],[37.002579,41.082489],[36.999393,41.074614],[36.979396,41.060899],[36.969752,41.057094],[36.964885,41.052316],[36.964266,41.047627],[36.969464,41.036434],[36.977693,41.030129],[36.981675,41.025285],[36.986652,41.012411],[36.984661,41.007765],[36.979817,41.003385],[36.970924,40.999271],[36.962046,40.993252],[36.955395,40.987193],[36.947764,40.984008],[36.940862,40.984804],[36.935487,40.983477],[36.927523,40.976177],[36.914798,40.96025],[36.914649,40.95801],[36.920671,40.946463],[36.920323,40.94283],[36.915456,40.941182],[36.906287,40.945567],[36.877221,40.94497],[36.850792,40.93636],[36.854127,40.930387],[36.854525,40.920284],[36.84248,40.920781],[36.840241,40.922374],[36.82949,40.922623],[36.828395,40.919338],[36.819536,40.919736],[36.813364,40.918492],[36.801867,40.910628],[36.791912,40.907841],[36.778872,40.908886],[36.768712,40.918274],[36.761814,40.914503],[36.755034,40.912782],[36.7381,40.912792],[36.713802,40.907063],[36.702556,40.90215],[36.691197,40.892031],[36.685172,40.889245],[36.675327,40.895872],[36.667475,40.897681],[36.650352,40.905783],[36.636214,40.909575],[36.629667,40.908748],[36.62442,40.905516],[36.622747,40.899403],[36.61927,40.895398],[36.613168,40.894583],[36.610076,40.89648],[36.603316,40.906764],[36.593798,40.907666],[36.589739,40.904204],[36.58414,40.895071],[36.580201,40.894083],[36.568127,40.898247],[36.558475,40.896732],[36.541335,40.891677],[36.532431,40.888219],[36.517182,40.880268],[36.509203,40.877438],[36.493591,40.874908],[36.480194,40.875855],[36.472417,40.874092],[36.462159,40.881774],[36.452627,40.881605],[36.448371,40.873142],[36.439948,40.87425],[36.433253,40.873834],[36.430219,40.871706],[36.427499,40.865325],[36.418549,40.863071],[36.41281,40.86285],[36.407439,40.86594],[36.406777,40.870207],[36.400511,40.873862],[36.406495,40.887301],[36.410713,40.893384],[36.406397,40.898387],[36.39796,40.918105],[36.393987,40.923263],[36.378478,40.937415],[36.370339,40.94181],[36.349665,40.946857],[36.340224,40.954426],[36.33355,40.965333],[36.328015,40.969809],[36.312834,40.972973],[36.305258,40.977891],[36.302021,40.981604],[36.300878,40.987412],[36.298486,40.989816],[36.290932,40.990601],[36.28642,40.98962],[36.276518,40.984492],[36.263305,40.986296],[36.254065,40.985258],[36.245656,40.981209],[36.239635,40.980171],[36.206413,40.982247],[36.187933,40.979859],[36.177683,40.979468],[36.173661,40.977457],[36.173259,40.974079],[36.176396,40.969896],[36.189105,40.964104],[36.190478,40.959405],[36.185769,40.945965],[36.183218,40.935174],[36.178019,40.930662],[36.174684,40.924383],[36.170563,40.920263],[36.16919,40.909472],[36.163108,40.896327],[36.16144,40.890244],[36.154769,40.880925],[36.148589,40.874843],[36.142605,40.861893],[36.135738,40.853947],[36.123966,40.845511],[36.112292,40.839232],[36.0912,40.835799],[36.069128,40.828539],[36.047938,40.832954],[36.037147,40.840802],[36.027239,40.842077],[36.019685,40.840115],[36.00654,40.84502],[35.991236,40.847669],[35.983584,40.853163],[35.968869,40.855615],[35.959844,40.859049],[35.947679,40.862286],[35.935319,40.863365],[35.92129,40.867289],[35.911873,40.867191],[35.904515,40.868466],[35.884012,40.869643],[35.878028,40.872881],[35.869788,40.874548],[35.854484,40.871213],[35.846047,40.871213],[35.834177,40.873175],[35.82731,40.869545],[35.823681,40.864836],[35.811516,40.867191],[35.805434,40.867093],[35.78964,40.870036],[35.78395,40.872979],[35.765703,40.871703],[35.757169,40.8719],[35.72715,40.869349],[35.716535,40.866602],[35.698191,40.86464],[35.694659,40.865033],[35.681406,40.871507],[35.664434,40.885339],[35.660608,40.889656],[35.646874,40.898779],[35.634317,40.902115],[35.631098,40.910894],[35.628338,40.914321],[35.627745,40.928896],[35.62284,40.937136],[35.618916,40.937921],[35.606437,40.937136],[35.598099,40.939589],[35.584267,40.939098],[35.57014,40.940766],[35.554248,40.933311],[35.543241,40.929681],[35.534706,40.932624],[35.525485,40.930956],[35.521757,40.931545],[35.511653,40.938902],[35.501058,40.94055],[35.490267,40.945161],[35.483694,40.949772],[35.478789,40.955167],[35.474473,40.957659],[35.463976,40.970216],[35.462603,40.973355],[35.463191,40.980516],[35.46172,40.987285],[35.471137,40.995231],[35.471922,40.997782],[35.471334,41.009946],[35.467802,41.012105],[35.447574,41.013164],[35.441099,41.014145],[35.42658,41.010319],[35.417457,41.005512],[35.407058,41.004728],[35.405194,41.002569],[35.392441,41.002177],[35.384495,41.007278],[35.377726,41.005316],[35.366935,41.005218],[35.361147,41.007769],[35.353692,41.016401],[35.354869,41.021895],[35.349069,41.029596],[35.340818,41.03522],[35.33885,41.038962],[35.330367,41.040598],[35.312829,41.039837],[35.302675,41.03583],[35.286655,41.031081],[35.281546,41.027971],[35.261243,41.023276],[35.252391,41.022324],[35.237258,41.0228],[35.216028,41.026772],[35.201395,41.036595],[35.18136,41.054251],[35.168117,41.06373],[35.158694,41.069346],[35.140325,41.077626],[35.122804,41.081416],[35.11101,41.082005],[35.093211,41.080672],[35.085978,41.078388],[35.080827,41.076158],[35.074025,41.076496],[35.058748,41.079615],[35.047027,41.080031],[35.039296,41.081943],[35.029488,41.082524],[35.02184,41.079532],[35.015689,41.078618],[35.0112,41.080031],[35.000975,41.079781],[34.976952,41.081776],[34.946528,41.090089],[34.940876,41.095825],[34.934475,41.109125],[34.939795,41.117603],[34.950352,41.124004],[34.955755,41.129407],[34.95775,41.143871],[34.963153,41.163156],[34.962821,41.176789],[34.960078,41.182857],[34.953261,41.187761],[34.939296,41.192084],[34.930984,41.19782],[34.929799,41.216198],[34.927051,41.227893],[34.918992,41.233968],[34.911429,41.241655],[34.909124,41.245718],[34.912259,41.253961],[34.922092,41.255416],[34.928093,41.252665],[34.935853,41.245498],[34.95507,41.236075],[34.965856,41.229753],[34.970443,41.228761],[34.976642,41.23558],[34.978502,41.244506],[34.978626,41.252317],[34.983461,41.260003],[34.982097,41.267814],[34.974906,41.271905],[34.963376,41.266822],[34.954905,41.265225],[34.94308,41.27019],[34.932202,41.277986],[34.938172,41.286071],[34.944008,41.299303],[34.940494,41.305915],[34.929488,41.310843],[34.928972,41.314034],[34.935361,41.317031],[34.947455,41.319947],[34.967174,41.323409],[34.976049,41.327499],[34.98344,41.333298],[34.997967,41.335773],[35.004803,41.34213],[35.015242,41.343465],[35.017753,41.345772],[35.018986,41.352436],[35.024782,41.35631],[35.029808,41.35596],[35.038568,41.343993],[35.052532,41.347385],[35.062394,41.347701],[35.067207,41.345018],[35.076516,41.34344],[35.082355,41.340127],[35.091427,41.341073],[35.10192,41.339732],[35.107759,41.33705],[35.125092,41.338516],[35.130418,41.338279],[35.142789,41.335568],[35.149152,41.335665],[35.154576,41.32832],[35.164507,41.322575],[35.172688,41.319477],[35.185554,41.318576],[35.193144,41.313714],[35.19664,41.309298],[35.19776,41.291658],[35.194795,41.277111],[35.197703,41.271814],[35.204714,41.270921],[35.217559,41.266489],[35.227489,41.264706],[35.237411,41.260719],[35.247178,41.251001],[35.271489,41.243525],[35.288685,41.237154],[35.299042,41.232424],[35.314005,41.229409],[35.322879,41.230572],[35.326931,41.238027],[35.332741,41.241307],[35.339583,41.241587],[35.348571,41.240224],[35.356435,41.241479],[35.360075,41.244182],[35.365646,41.252172],[35.38216,41.256801],[35.386538,41.259839],[35.389007,41.264313],[35.388336,41.271051],[35.385798,41.274742],[35.385321,41.28123],[35.388971,41.28741],[35.389343,41.29457],[35.381532,41.302567],[35.373616,41.306476],[35.36811,41.313504],[35.357881,41.317041],[35.355805,41.323348],[35.347114,41.328039],[35.347806,41.333961],[35.351498,41.337114],[35.363034,41.341805],[35.370186,41.346727],[35.379723,41.346804],[35.390874,41.342959],[35.412331,41.341805],[35.420183,41.338344],[35.432179,41.330513],[35.439594,41.328181],[35.443343,41.329264],[35.447841,41.340177],[35.445096,41.349433],[35.446763,41.356613],[35.44717,41.371261],[35.44917,41.377875],[35.450685,41.38902],[35.449797,41.393796],[35.445354,41.403569],[35.44461,41.413369],[35.443111,41.416867],[35.436882,41.422404],[35.432575,41.430479],[35.430268,41.446015],[35.429854,41.457166],[35.418434,41.458897],[35.413646,41.461031],[35.410705,41.468471],[35.410243,41.473778],[35.397669,41.475797],[35.38942,41.471298],[35.38521,41.474355],[35.377856,41.476893],[35.36978,41.483122],[35.364551,41.485045],[35.363673,41.488321],[35.364848,41.496822],[35.361669,41.503872],[35.355293,41.514525],[35.352548,41.527553],[35.347141,41.531285],[35.346449,41.536996],[35.342872,41.542879],[35.343853,41.549801],[35.340392,41.553723],[35.331106,41.55528],[35.328625,41.557069],[35.328856,41.563644],[35.324184,41.566759],[35.324991,41.571143],[35.318589,41.574949],[35.31905,41.581352],[35.314609,41.589254],[35.317147,41.594099],[35.323549,41.598368],[35.335595,41.602344],[35.343367,41.60963],[35.356468,41.618041],[35.357744,41.623415],[35.356013,41.628242],[35.356651,41.635347],[35.362844,41.641085],[35.372317,41.646459],[35.382155,41.648828],[35.388075,41.653837],[35.399461,41.675516],[35.404926,41.678613],[35.411029,41.678339],[35.413061,41.683277],[35.418712,41.68179],[35.419985,41.67632],[35.423395,41.672777],[35.44047,41.664297],[35.446311,41.659501],[35.459142,41.651543],[35.475573,41.64551],[35.496945,41.642611],[35.502937,41.640926],[35.501062,41.638406],[35.510665,41.636084],[35.52353,41.634301],[35.533578,41.634357],[35.538503,41.632749],[35.553262,41.632008],[35.579931,41.632167],[35.615303,41.635738],[35.644149,41.639854],[35.668561,41.645313],[35.759376,41.668622],[35.783562,41.675358],[35.832697,41.690181],[35.858379,41.698652],[35.895043,41.711507],[35.952744,41.73388],[35.955226,41.735963],[35.96109,41.734055],[35.96859,41.729156],[35.990161,41.720105],[36.000267,41.712773],[36.003288,41.715002],[36.013826,41.713139],[36.037565,41.703107],[36.053949,41.694015],[36.073039,41.679464],[36.09297,41.653582],[36.097099,41.645846],[36.112903,41.634224],[36.118716,41.622252],[36.123634,41.609385],[36.128646,41.588297],[36.133005,41.57606],[36.133929,41.56806],[36.136921,41.55584],[36.135722,41.547359],[36.123012,41.535548],[36.118426,41.528863],[36.113187,41.509576],[36.113722,41.505806],[36.122903,41.481287],[36.125413,41.477654],[36.135343,41.468368],[36.156027,41.453929],[36.167305,41.437675],[36.170457,41.43445],[36.176882,41.420514],[36.193325,41.403862],[36.205118,41.392808],[36.21856,41.381615],[36.230171,41.373845],[36.230513,41.366181],[36.237856,41.357015],[36.250315,41.348597],[36.271886,41.338343],[36.285965,41.333272],[36.306158,41.327646],[36.318753,41.325502],[36.332421,41.322213],[36.335743,41.319686],[36.333452,41.31769],[36.340065,41.313151],[36.342065,41.30987],[36.337383,41.305662],[36.336103,41.297463],[36.345342,41.286837],[36.348165,41.286729],[36.350538,41.281862],[36.371054,41.273712],[36.36772,41.273008],[36.375101,41.270514],[36.381096,41.26674],[36.384247,41.262233],[36.385493,41.256001],[36.394031,41.252032],[36.405807,41.249225],[36.426704,41.24595],[36.444143,41.245041],[36.45876,41.245668],[36.470889,41.247054],[36.487472,41.250502],[36.501948,41.255194],[36.511345,41.259045],[36.537695,41.271582],[36.555621,41.281975],[36.564642,41.28933],[36.570863,41.299725],[36.57359,41.310964],[36.578744,41.317828],[36.59743,41.333336],[36.605715,41.33843],[36.611083,41.345909],[36.606061,41.357783],[36.606414,41.365453],[36.612256,41.371677],[36.622109,41.373684],[36.637348,41.370577],[36.645922,41.365709],[36.661246,41.367637],[36.671297,41.365983],[36.686767,41.368477],[36.702307,41.369492],[36.726419,41.368143],[36.768203,41.362158],[36.810595,41.356907],[36.815454,41.35716],[36.825225,41.354216],[36.861991,41.344925],[36.874304,41.34236],[36.889343,41.336663],[36.898435,41.331625],[36.913883,41.324499],[36.9275,41.316327],[36.951068,41.307019],[36.975323,41.299341],[36.984163,41.29502],[36.997133,41.286705],[37.010235,41.280568],[37.019874,41.270411],[37.027088,41.259558],[37.027187,41.246388],[37.025929,41.242356],[37.025738,41.217187],[37.027345,41.205169],[37.041097,41.190556],[37.05544,41.177201],[37.081529,41.167192],[37.101165,41.160726],[37.13743,41.151884],[37.148888,41.15032],[37.169318,41.149401]]]}},{"type":"Feature","properties":{"id":"TR-P-56","region_id":"TR-R-GDA"},"geometry":{"type":"Polygon","coordinates":[[[42.654155,37.999693],[42.667837,38.005999],[42.68364,38.010293],[42.690582,38.013124],[42.705107,38.01623],[42.712141,38.015682],[42.720362,38.013216],[42.737809,38.004355],[42.756992,37.990013],[42.76156,37.983162],[42.7643,37.969003],[42.761925,37.958681],[42.76156,37.95183],[42.765488,37.941599],[42.777637,37.932921],[42.788599,37.923146],[42.804219,37.907526],[42.817282,37.890718],[42.829614,37.871626],[42.830893,37.867333],[42.832811,37.850068],[42.835735,37.840659],[42.846057,37.818096],[42.854278,37.804668],[42.860307,37.798548],[42.87611,37.789321],[42.887132,37.784317],[42.8783,37.76341],[42.877084,37.748338],[42.871817,37.735048],[42.867765,37.728079],[42.866874,37.721191],[42.868332,37.70466],[42.866874,37.691451],[42.861769,37.685049],[42.848641,37.678567],[42.830894,37.676054],[42.816632,37.67573],[42.804234,37.676622],[42.784623,37.676865],[42.739892,37.674191],[42.719633,37.675163],[42.707235,37.671273],[42.696052,37.670139],[42.690137,37.671192],[42.6732,37.677513],[42.643056,37.692018],[42.633818,37.695098],[42.598892,37.700689],[42.577822,37.704579],[42.524988,37.716734],[42.516884,37.716977],[42.510483,37.715599],[42.492898,37.709279],[42.487226,37.707901],[42.46567,37.704822],[42.454163,37.701499],[42.435201,37.69218],[42.408568,37.681592],[42.397115,37.678026],[42.38631,37.672084],[42.377991,37.664737],[42.373345,37.653824],[42.369455,37.647773],[42.35919,37.637185],[42.344361,37.631701],[42.318025,37.619465],[42.303925,37.60966],[42.281316,37.591265],[42.273131,37.583567],[42.257249,37.57757],[42.249793,37.577084],[42.218757,37.582432],[42.198742,37.588105],[42.165031,37.609336],[42.157495,37.612496],[42.142665,37.617196],[42.122083,37.626515],[42.114789,37.628298],[42.109198,37.62692],[42.092829,37.627163],[42.076541,37.624489],[42.064872,37.625705],[42.038779,37.620519],[42.012523,37.618736],[42.001827,37.616143],[41.988375,37.615008],[41.97152,37.615251],[41.962768,37.616629],[41.952639,37.6206],[41.93708,37.629919],[41.918361,37.644829],[41.89559,37.6582],[41.870875,37.672219],[41.837569,37.678864],[41.824895,37.678846],[41.820181,37.6766],[41.800444,37.673525],[41.782028,37.668904],[41.772106,37.667953],[41.746282,37.666594],[41.732079,37.668564],[41.724527,37.673508],[41.722905,37.677127],[41.722293,37.699757],[41.720118,37.706757],[41.711673,37.709907],[41.711085,37.713202],[41.702374,37.715556],[41.700138,37.724031],[41.696372,37.727798],[41.682012,37.729092],[41.677882,37.725912],[41.674694,37.733248],[41.684365,37.76984],[41.686935,37.777764],[41.701283,37.807424],[41.702782,37.817275],[41.701712,37.829695],[41.699463,37.834621],[41.677727,37.856143],[41.666055,37.862675],[41.657918,37.868671],[41.641749,37.875096],[41.623975,37.879486],[41.604487,37.881413],[41.592066,37.880342],[41.578467,37.881199],[41.547094,37.881734],[41.532104,37.880985],[41.502122,37.880342],[41.485312,37.880449],[41.471178,37.882591],[41.45972,37.886124],[41.441732,37.893513],[41.420531,37.903471],[41.413357,37.910216],[41.408217,37.918783],[41.40372,37.929918],[41.400293,37.935379],[41.393869,37.940091],[41.38466,37.945016],[41.375773,37.95219],[41.373525,37.95658],[41.372561,37.96429],[41.375559,37.972856],[41.388622,37.9826],[41.395582,37.985705],[41.402221,37.986347],[41.407896,37.994485],[41.417533,37.999196],[41.428561,38.002195],[41.430596,38.006156],[41.4352,38.005407],[41.438627,38.011617],[41.453668,38.017867],[41.457309,38.016807],[41.463334,38.020052],[41.471412,38.028526],[41.475318,38.030248],[41.478959,38.038656],[41.484058,38.039186],[41.493128,38.048665],[41.497839,38.051985],[41.507797,38.054983],[41.52054,38.056268],[41.53296,38.060551],[41.546571,38.063846],[41.560277,38.068796],[41.577218,38.080693],[41.593399,38.081454],[41.614719,38.080693],[41.621571,38.085737],[41.621476,38.090401],[41.614338,38.1003],[41.612434,38.114005],[41.613672,38.117527],[41.619953,38.123143],[41.637086,38.129615],[41.647079,38.135801],[41.655265,38.149126],[41.656692,38.155408],[41.651838,38.173587],[41.642225,38.195383],[41.630233,38.213372],[41.629662,38.218511],[41.631851,38.225459],[41.638418,38.23669],[41.640417,38.24183],[41.649173,38.250967],[41.657282,38.256752],[41.661166,38.261056],[41.671826,38.258201],[41.690576,38.248207],[41.714941,38.237928],[41.747687,38.235557],[41.774178,38.229893],[41.787423,38.228249],[41.810534,38.226696],[41.816563,38.220485],[41.818847,38.213268],[41.822227,38.207787],[41.837848,38.200114],[41.853377,38.19509],[41.869363,38.195821],[41.876762,38.194907],[41.890373,38.187051],[41.904258,38.184402],[41.912844,38.189152],[41.929287,38.190705],[41.939518,38.184859],[41.94509,38.178739],[41.947009,38.170609],[41.950388,38.163483],[41.960437,38.155719],[41.974778,38.154805],[41.993231,38.167594],[42.000813,38.171979],[42.012596,38.177186],[42.029405,38.183032],[42.033789,38.183854],[42.048953,38.18358],[42.064025,38.180748],[42.082295,38.185864],[42.092526,38.194633],[42.100199,38.203859],[42.10705,38.215186],[42.109517,38.22359],[42.116094,38.228158],[42.127604,38.232999],[42.139753,38.235648],[42.155008,38.237932],[42.177754,38.238206],[42.197211,38.237201],[42.208447,38.235557],[42.216851,38.233182],[42.228361,38.227336],[42.230919,38.224778],[42.237313,38.213542],[42.24051,38.205504],[42.239961,38.187875],[42.242944,38.177307],[42.247206,38.171511],[42.252864,38.168287],[42.265996,38.165767],[42.270198,38.161017],[42.277415,38.144118],[42.282439,38.135805],[42.291665,38.12667],[42.307651,38.115708],[42.321079,38.11242],[42.327199,38.11178],[42.339988,38.10767],[42.355791,38.106665],[42.36584,38.100636],[42.388129,38.075424],[42.396167,38.070308],[42.40585,38.066289],[42.414802,38.061082],[42.423206,38.051125],[42.439649,38.037971],[42.45125,38.033678],[42.463765,38.032125],[42.476006,38.029384],[42.484136,38.025365],[42.486145,38.022807],[42.487333,38.014951],[42.483862,38.000518],[42.485049,37.99522],[42.498477,37.982614],[42.50204,37.980604],[42.520218,37.976037],[42.52981,37.9722],[42.540315,37.971104],[42.548445,37.968638],[42.561873,37.968272],[42.570551,37.969186],[42.579229,37.971835],[42.601701,37.975854],[42.62198,37.975763],[42.632394,37.979051],[42.640889,37.985811],[42.645822,37.992662],[42.654155,37.999693]]]}},{"type":"Feature","properties":{"id":"TR-P-57","region_id":"TR-R-KAR"},"geometry":{"type":"Polygon","coordinates":[[[35.413061,41.683277],[35.411029,41.678339],[35.404926,41.678613],[35.399461,41.675516],[35.388075,41.653837],[35.382155,41.648828],[35.372317,41.646459],[35.362844,41.641085],[35.356651,41.635347],[35.356013,41.628242],[35.357744,41.623415],[35.356468,41.618041],[35.343367,41.60963],[35.335595,41.602344],[35.323549,41.598368],[35.317147,41.594099],[35.314609,41.589254],[35.31905,41.581352],[35.318589,41.574949],[35.324991,41.571143],[35.324184,41.566759],[35.328856,41.563644],[35.328625,41.557069],[35.331106,41.55528],[35.340392,41.553723],[35.343853,41.549801],[35.342872,41.542879],[35.346449,41.536996],[35.347141,41.531285],[35.352548,41.527553],[35.355293,41.514525],[35.361669,41.503872],[35.364848,41.496822],[35.363673,41.488321],[35.364551,41.485045],[35.36978,41.483122],[35.377856,41.476893],[35.38521,41.474355],[35.38942,41.471298],[35.397669,41.475797],[35.410243,41.473778],[35.410705,41.468471],[35.413646,41.461031],[35.418434,41.458897],[35.429854,41.457166],[35.430268,41.446015],[35.432575,41.430479],[35.436882,41.422404],[35.443111,41.416867],[35.44461,41.413369],[35.445354,41.403569],[35.449797,41.393796],[35.450685,41.38902],[35.44917,41.377875],[35.44717,41.371261],[35.446763,41.356613],[35.445096,41.349433],[35.447841,41.340177],[35.443343,41.329264],[35.439594,41.328181],[35.432179,41.330513],[35.420183,41.338344],[35.412331,41.341805],[35.390874,41.342959],[35.379723,41.346804],[35.370186,41.346727],[35.363034,41.341805],[35.351498,41.337114],[35.347806,41.333961],[35.347114,41.328039],[35.355805,41.323348],[35.357881,41.317041],[35.36811,41.313504],[35.373616,41.306476],[35.381532,41.302567],[35.389343,41.29457],[35.388971,41.28741],[35.385321,41.28123],[35.385798,41.274742],[35.388336,41.271051],[35.389007,41.264313],[35.386538,41.259839],[35.38216,41.256801],[35.365646,41.252172],[35.360075,41.244182],[35.356435,41.241479],[35.348571,41.240224],[35.339583,41.241587],[35.332741,41.241307],[35.326931,41.238027],[35.322879,41.230572],[35.314005,41.229409],[35.299042,41.232424],[35.288685,41.237154],[35.271489,41.243525],[35.247178,41.251001],[35.237411,41.260719],[35.227489,41.264706],[35.217559,41.266489],[35.204714,41.270921],[35.197703,41.271814],[35.194795,41.277111],[35.19776,41.291658],[35.19664,41.309298],[35.193144,41.313714],[35.185554,41.318576],[35.172688,41.319477],[35.164507,41.322575],[35.154576,41.32832],[35.149152,41.335665],[35.142789,41.335568],[35.130418,41.338279],[35.125092,41.338516],[35.107759,41.33705],[35.10192,41.339732],[35.091427,41.341073],[35.082355,41.340127],[35.076516,41.34344],[35.067207,41.345018],[35.062394,41.347701],[35.052532,41.347385],[35.038568,41.343993],[35.029808,41.35596],[35.024782,41.35631],[35.018986,41.352436],[35.017753,41.345772],[35.015242,41.343465],[35.004803,41.34213],[34.997967,41.335773],[34.98344,41.333298],[34.976049,41.327499],[34.967174,41.323409],[34.947455,41.319947],[34.935361,41.317031],[34.928972,41.314034],[34.929488,41.310843],[34.940494,41.305915],[34.944008,41.299303],[34.938172,41.286071],[34.932202,41.277986],[34.94308,41.27019],[34.954905,41.265225],[34.963376,41.266822],[34.974906,41.271905],[34.982097,41.267814],[34.983461,41.260003],[34.978626,41.252317],[34.978502,41.244506],[34.976642,41.23558],[34.970443,41.228761],[34.965856,41.229753],[34.95507,41.236075],[34.935853,41.245498],[34.928093,41.252665],[34.922092,41.255416],[34.912259,41.253961],[34.89899,41.256256],[34.8944,41.255611],[34.876016,41.247924],[34.872106,41.242696],[34.875172,41.231999],[34.872389,41.22336],[34.866361,41.215434],[34.861365,41.21223],[34.850811,41.208714],[34.840894,41.209277],[34.827911,41.213867],[34.820954,41.217669],[34.80331,41.223335],[34.779641,41.228427],[34.764148,41.235815],[34.750019,41.241696],[34.740121,41.242987],[34.724413,41.24643],[34.709853,41.252455],[34.704115,41.256113],[34.692711,41.265365],[34.690057,41.272323],[34.692639,41.278778],[34.693356,41.286524],[34.688364,41.29202],[34.679514,41.292692],[34.665344,41.288486],[34.655245,41.286939],[34.642145,41.28803],[34.631888,41.290828],[34.623712,41.291545],[34.612666,41.289393],[34.607072,41.286237],[34.598321,41.283297],[34.592583,41.284516],[34.579888,41.292262],[34.57357,41.29344],[34.558636,41.291592],[34.536385,41.299354],[34.531653,41.302533],[34.519455,41.316357],[34.510362,41.325376],[34.501343,41.330255],[34.495651,41.331808],[34.489811,41.33129],[34.469851,41.327076],[34.45567,41.322557],[34.455906,41.325603],[34.452085,41.337524],[34.449716,41.349598],[34.451932,41.355787],[34.456059,41.359455],[34.460949,41.370841],[34.465152,41.384443],[34.466604,41.395065],[34.462401,41.405533],[34.453537,41.414627],[34.450557,41.420052],[34.448188,41.434495],[34.448646,41.460323],[34.447271,41.467812],[34.441998,41.474842],[34.425951,41.488061],[34.424652,41.49471],[34.43344,41.506936],[34.445666,41.516106],[34.474398,41.525963],[34.48502,41.531159],[34.493043,41.536814],[34.504964,41.541781],[34.522234,41.543844],[34.535607,41.547665],[34.545846,41.546213],[34.55066,41.548353],[34.55173,41.552174],[34.558216,41.552785],[34.567901,41.567227],[34.568704,41.573474],[34.56601,41.579836],[34.565953,41.59147],[34.570251,41.600754],[34.575696,41.603047],[34.588075,41.60448],[34.592717,41.608606],[34.595468,41.622303],[34.602173,41.631358],[34.604523,41.636631],[34.605383,41.654111],[34.608019,41.661504],[34.603033,41.681563],[34.592373,41.696292],[34.581885,41.704086],[34.541134,41.702431],[34.510058,41.713944],[34.501194,41.71537],[34.483772,41.714148],[34.474602,41.716797],[34.46584,41.717714],[34.457078,41.717306],[34.444036,41.719548],[34.422436,41.724846],[34.413674,41.725865],[34.39024,41.725355],[34.381172,41.720974],[34.362731,41.715676],[34.352848,41.719242],[34.341742,41.733404],[34.330433,41.73911],[34.315863,41.744612],[34.305267,41.745834],[34.295791,41.745325],[34.279489,41.739415],[34.269912,41.738091],[34.258908,41.738498],[34.253508,41.740536],[34.242823,41.749528],[34.239384,41.755947],[34.242594,41.765269],[34.24886,41.776273],[34.26208,41.784296],[34.270027,41.795071],[34.286313,41.811634],[34.287058,41.815302],[34.281957,41.824128],[34.283734,41.834788],[34.287287,41.839831],[34.298634,41.850434],[34.298634,41.854273],[34.295138,41.858572],[34.277945,41.870836],[34.268661,41.87886],[34.264477,41.886024],[34.257714,41.891124],[34.257714,41.901727],[34.263503,41.90998],[34.25972,41.918347],[34.228256,41.932159],[34.224302,41.938693],[34.228084,41.941558],[34.227721,41.955026],[34.240576,41.949632],[34.249898,41.948341],[34.275749,41.946616],[34.286987,41.94232],[34.293908,41.942489],[34.299146,41.940764],[34.306987,41.940785],[34.313442,41.942521],[34.319082,41.941981],[34.331007,41.944066],[34.335695,41.950192],[34.341716,41.950838],[34.344764,41.947367],[34.350711,41.945928],[34.364848,41.947176],[34.385044,41.953283],[34.391348,41.952045],[34.396517,41.952992],[34.404714,41.95819],[34.415745,41.960269],[34.421106,41.963934],[34.427966,41.963273],[34.434953,41.966111],[34.438147,41.963642],[34.44507,41.96298],[34.448137,41.965118],[34.464937,41.965398],[34.469035,41.966645],[34.477141,41.966009],[34.484739,41.970896],[34.490161,41.976508],[34.499629,41.972741],[34.502785,41.968287],[34.499064,41.965701],[34.500039,41.962916],[34.511463,41.957103],[34.520188,41.955303],[34.527696,41.955102],[34.530025,41.953524],[34.550602,41.94822],[34.552146,41.949277],[34.560813,41.94649],[34.567528,41.948335],[34.577119,41.947048],[34.593842,41.949572],[34.604346,41.944698],[34.616352,41.942072],[34.652329,41.942344],[34.658495,41.941105],[34.679724,41.943636],[34.693579,41.946903],[34.697791,41.94372],[34.718221,41.943363],[34.731225,41.945422],[34.749734,41.951167],[34.765007,41.95352],[34.77904,41.95122],[34.788603,41.955272],[34.800842,41.955359],[34.816761,41.963383],[34.826508,41.967021],[34.843752,41.978377],[34.857697,41.986774],[34.877096,42.000253],[34.889132,42.010207],[34.904116,42.021609],[34.919836,42.038385],[34.925092,42.045729],[34.924497,42.047785],[34.934587,42.055883],[34.938287,42.063466],[34.949542,42.075455],[34.945764,42.079955],[34.946847,42.087203],[34.949309,42.088965],[34.942748,42.093297],[34.94474,42.096091],[34.949784,42.097371],[34.956055,42.094853],[34.968291,42.095612],[34.97518,42.091716],[34.983492,42.091909],[34.987527,42.094721],[34.991894,42.094239],[35.00264,42.090325],[35.009289,42.089901],[35.016699,42.092759],[35.017858,42.088881],[35.02092,42.088604],[35.020181,42.084277],[35.027809,42.07735],[35.030904,42.077638],[35.036861,42.071004],[35.039349,42.07193],[35.04474,42.064691],[35.041994,42.059842],[35.050858,42.059072],[35.047448,42.05317],[35.04511,42.054938],[35.04051,42.053367],[35.043617,42.051033],[35.045603,42.040649],[35.058535,42.033399],[35.067703,42.030086],[35.073359,42.034173],[35.08752,42.031138],[35.090528,42.024674],[35.098917,42.023409],[35.115671,42.023043],[35.13404,42.024621],[35.144148,42.026585],[35.14651,42.029133],[35.159136,42.032929],[35.161768,42.037622],[35.170543,42.040809],[35.177432,42.041656],[35.181834,42.040169],[35.188996,42.041457],[35.192593,42.039439],[35.192112,42.035183],[35.196655,42.034048],[35.198955,42.028805],[35.208993,42.021121],[35.210891,42.017201],[35.204352,42.012428],[35.198974,42.015749],[35.194113,42.01643],[35.187269,42.014894],[35.176209,42.017264],[35.167654,42.017598],[35.147694,42.024224],[35.140512,42.023661],[35.132828,42.016405],[35.128869,42.017215],[35.121588,42.01386],[35.113254,42.003326],[35.108627,41.992039],[35.105356,41.975697],[35.097293,41.971407],[35.094837,41.965528],[35.095142,41.957284],[35.093468,41.954225],[35.093477,41.94603],[35.091465,41.942361],[35.092248,41.934145],[35.088381,41.931558],[35.089311,41.922313],[35.098013,41.906263],[35.103392,41.899314],[35.106268,41.892328],[35.117292,41.882821],[35.125473,41.877986],[35.127448,41.86778],[35.125987,41.863459],[35.131268,41.85617],[35.150034,41.841144],[35.157383,41.840055],[35.159081,41.832235],[35.179259,41.815822],[35.187292,41.814766],[35.198432,41.808974],[35.207246,41.802098],[35.197514,41.800513],[35.192995,41.795981],[35.193272,41.79195],[35.198945,41.783492],[35.202643,41.780232],[35.203159,41.773773],[35.207752,41.770298],[35.207602,41.767743],[35.213822,41.76261],[35.228842,41.753954],[35.238062,41.750685],[35.24621,41.74529],[35.264023,41.738158],[35.265649,41.736388],[35.262245,41.731565],[35.262896,41.726987],[35.26588,41.723329],[35.276408,41.715522],[35.292451,41.709984],[35.304281,41.706953],[35.307661,41.70512],[35.316301,41.704121],[35.332519,41.700083],[35.338438,41.700122],[35.347848,41.696258],[35.37215,41.689887],[35.383999,41.688763],[35.393035,41.684636],[35.413061,41.683277]]]}},{"type":"Feature","properties":{"id":"TR-P-58","region_id":"TR-R-ICA"},"geometry":{"type":"Polygon","coordinates":[[[38.76981,40.077574],[38.769433,40.074064],[38.763587,40.070385],[38.772061,40.067035],[38.768842,40.06664],[38.767134,40.062239],[38.768908,40.056918],[38.766871,40.055867],[38.766149,40.037998],[38.764375,40.03353],[38.764085,40.025479],[38.760705,40.022499],[38.759189,40.013452],[38.749206,40.011991],[38.742288,40.016755],[38.733971,40.020282],[38.722115,40.02255],[38.707498,40.023616],[38.701606,40.022156],[38.688726,40.023421],[38.683276,40.022372],[38.677996,40.012371],[38.674156,40.007332],[38.663305,40.002383],[38.642081,40.001241],[38.632087,39.998956],[38.619048,39.992484],[38.614764,39.985727],[38.606008,39.98249],[38.595919,39.980777],[38.584307,39.971545],[38.578406,39.972021],[38.566795,39.975257],[38.557086,39.97421],[38.550709,39.970498],[38.543857,39.969832],[38.530627,39.970308],[38.523895,39.971617],[38.510665,39.977804],[38.497149,39.982372],[38.487632,39.983039],[38.476781,39.980945],[38.457175,39.980374],[38.446134,39.976852],[38.439757,39.969428],[38.435283,39.961624],[38.429668,39.956389],[38.406349,39.942398],[38.396927,39.937258],[38.390169,39.935069],[38.38284,39.934688],[38.371038,39.937829],[38.366755,39.937829],[38.363804,39.931833],[38.355714,39.922791],[38.355524,39.91946],[38.358855,39.914891],[38.364947,39.910513],[38.386457,39.899853],[38.402828,39.88215],[38.41501,39.874916],[38.436521,39.870157],[38.448513,39.863495],[38.454985,39.854262],[38.457382,39.836367],[38.455028,39.831229],[38.435052,39.811178],[38.425706,39.800298],[38.409555,39.787875],[38.389742,39.777405],[38.380805,39.774007],[38.371968,39.773095],[38.366508,39.770845],[38.357779,39.763708],[38.354926,39.756163],[38.355834,39.749028],[38.361678,39.734313],[38.35988,39.727717],[38.353448,39.718184],[38.353385,39.710149],[38.351731,39.70333],[38.342823,39.686311],[38.331528,39.680145],[38.322986,39.671809],[38.327575,39.664898],[38.320183,39.651253],[38.315776,39.648008],[38.316612,39.637635],[38.319496,39.633296],[38.325748,39.630157],[38.332725,39.61518],[38.339222,39.608113],[38.346581,39.595275],[38.347377,39.58812],[38.345038,39.583337],[38.338863,39.578573],[38.335202,39.57124],[38.323432,39.573815],[38.317288,39.573799],[38.306455,39.567433],[38.284333,39.566858],[38.282237,39.55978],[38.277573,39.551309],[38.278144,39.539507],[38.281475,39.532274],[38.29185,39.518568],[38.299654,39.510383],[38.311837,39.49049],[38.319071,39.476309],[38.326209,39.469741],[38.341533,39.461366],[38.351907,39.45813],[38.36409,39.455941],[38.375226,39.455845],[38.385886,39.452704],[38.394262,39.448231],[38.405397,39.434621],[38.408158,39.426626],[38.40949,39.410636],[38.405969,39.405591],[38.376273,39.390267],[38.372085,39.385699],[38.367992,39.378275],[38.359997,39.369899],[38.35362,39.36514],[38.34277,39.360762],[38.33468,39.354861],[38.330206,39.350102],[38.330111,39.347532],[38.337059,39.336872],[38.338392,39.33278],[38.348957,39.311079],[38.350004,39.304512],[38.350004,39.293756],[38.354477,39.281669],[38.359807,39.271865],[38.362758,39.257303],[38.361235,39.249689],[38.350765,39.230177],[38.336964,39.219517],[38.333538,39.215996],[38.327066,39.194771],[38.323354,39.190202],[38.32383,39.177258],[38.32164,39.173165],[38.311932,39.167645],[38.310219,39.165361],[38.309648,39.157746],[38.314338,39.14751],[38.299033,39.142696],[38.288278,39.141173],[38.268481,39.139936],[38.255156,39.135368],[38.243734,39.133274],[38.23336,39.127658],[38.220321,39.124232],[38.208899,39.11776],[38.203569,39.112525],[38.195289,39.099771],[38.190339,39.098058],[38.180917,39.099485],[38.173112,39.099105],[38.160073,39.093394],[38.151316,39.085209],[38.142845,39.081782],[38.132281,39.0834],[38.124476,39.086636],[38.104013,39.099676],[38.096589,39.10177],[38.090878,39.101674],[38.07603,39.095773],[38.06023,39.093299],[38.05452,39.087017],[38.049951,39.077785],[38.043955,39.073026],[38.037007,39.070932],[38.027204,39.072074],[38.008549,39.080354],[37.996461,39.08083],[37.978663,39.076833],[37.96924,39.072835],[37.958294,39.070456],[37.950109,39.06722],[37.94259,39.066458],[37.930407,39.067886],[37.917272,39.065602],[37.903662,39.066363],[37.888148,39.070932],[37.866257,39.078546],[37.852932,39.079307],[37.848173,39.081782],[37.842748,39.089016],[37.834562,39.093394],[37.81981,39.092632],[37.803058,39.087493],[37.784784,39.078641],[37.754232,39.072264],[37.749758,39.06979],[37.74795,39.065411],[37.747855,39.058368],[37.750615,39.044948],[37.757658,39.031813],[37.767271,39.020011],[37.773363,39.010113],[37.774505,39.004592],[37.769365,39.000309],[37.75842,39.002118],[37.752994,39.006401],[37.746903,39.009161],[37.741383,39.009732],[37.735862,39.008019],[37.733007,39.000309],[37.733292,38.992124],[37.738622,38.982892],[37.746142,38.974992],[37.748426,38.967758],[37.74776,38.962333],[37.741954,38.956908],[37.729771,38.959287],[37.713971,38.968805],[37.700932,38.974231],[37.689701,38.982892],[37.682562,38.994408],[37.674377,38.999167],[37.668381,39.001261],[37.639161,39.008209],[37.633831,39.011255],[37.623076,39.014015],[37.605087,39.014777],[37.587098,39.010874],[37.567016,39.009922],[37.560258,39.007638],[37.54522,39.004592],[37.533894,39.005925],[37.518951,39.012778],[37.507529,39.013825],[37.498868,39.00878],[37.496489,38.997644],[37.49725,38.988317],[37.504579,38.973088],[37.507053,38.965379],[37.525137,38.948152],[37.54265,38.925118],[37.543221,38.920835],[37.53989,38.916172],[37.527612,38.904941],[37.51876,38.89114],[37.510289,38.879813],[37.508195,38.87277],[37.507815,38.862777],[37.51619,38.850784],[37.525994,38.844693],[37.53456,38.835651],[37.536083,38.828988],[37.540842,38.819851],[37.551311,38.811095],[37.558545,38.802243],[37.562066,38.794343],[37.561686,38.786539],[37.555023,38.771215],[37.551121,38.758651],[37.548932,38.755415],[37.540175,38.75018],[37.528944,38.751513],[37.51876,38.757128],[37.514382,38.756748],[37.494871,38.74999],[37.484211,38.742471],[37.469553,38.725339],[37.454134,38.722103],[37.445187,38.718391],[37.43881,38.713156],[37.434337,38.703543],[37.433576,38.69393],[37.427103,38.672705],[37.42282,38.667375],[37.419394,38.654621],[37.412922,38.647673],[37.402262,38.64577],[37.400834,38.640249],[37.401881,38.631874],[37.396075,38.626258],[37.392649,38.619881],[37.384654,38.60865],[37.373804,38.605319],[37.367141,38.601892],[37.361526,38.595706],[37.351722,38.591232],[37.339254,38.582762],[37.334971,38.577336],[37.331544,38.568009],[37.326119,38.562298],[37.315411,38.556638],[37.312746,38.561016],[37.297613,38.56844],[37.286667,38.57139],[37.26411,38.574055],[37.235557,38.575673],[37.204338,38.574055],[37.180068,38.570819],[37.163126,38.570724],[37.146755,38.572152],[37.102973,38.580052],[37.078702,38.586143],[37.056145,38.587856],[37.043677,38.586333],[37.029781,38.578433],[37.01341,38.575102],[36.995517,38.574626],[36.980478,38.572913],[36.966582,38.572152],[36.932413,38.572152],[36.921848,38.569772],[36.907857,38.56844],[36.897483,38.56568],[36.891582,38.562443],[36.842374,38.560825],[36.816962,38.553021],[36.774141,38.542435],[36.777149,38.552263],[36.782955,38.575772],[36.788951,38.588431],[36.790093,38.593856],[36.788951,38.600804],[36.786667,38.60404],[36.775817,38.61213],[36.770582,38.62003],[36.764966,38.635639],[36.760588,38.644777],[36.755924,38.660576],[36.744884,38.674187],[36.731654,38.686465],[36.730226,38.693127],[36.733557,38.700837],[36.732723,38.714094],[36.728132,38.720824],[36.720423,38.727867],[36.711666,38.738147],[36.711476,38.744904],[36.72442,38.770698],[36.730702,38.775076],[36.749167,38.781929],[36.769725,38.786497],[36.780861,38.794397],[36.800087,38.803534],[36.805417,38.80677],[36.822835,38.821047],[36.835874,38.83323],[36.853863,38.841225],[36.856433,38.84389],[36.861192,38.855121],[36.866046,38.863782],[36.867664,38.868922],[36.861382,38.879677],[36.862239,38.889576],[36.874422,38.910229],[36.878705,38.912418],[36.889365,38.912799],[36.903165,38.914893],[36.905545,38.918034],[36.907544,38.925934],[36.919251,38.932787],[36.930291,38.934595],[36.941903,38.932977],[36.946948,38.937165],[36.956751,38.954107],[36.964651,38.962958],[36.971123,38.974094],[36.971599,38.9799],[36.9696,38.989513],[36.963699,39.005313],[36.959035,39.010833],[36.949232,39.019209],[36.94295,39.025871],[36.937525,39.037197],[36.935431,39.045097],[36.928388,39.054234],[36.92144,39.057946],[36.911731,39.060516],[36.893457,39.062991],[36.886129,39.063276],[36.87642,39.061373],[36.863381,39.054139],[36.844155,39.047286],[36.837778,39.048904],[36.832353,39.05471],[36.825785,39.064609],[36.815411,39.069748],[36.805893,39.07603],[36.789808,39.081646],[36.781718,39.088308],[36.779719,39.096208],[36.768964,39.107249],[36.761159,39.120288],[36.75897,39.129996],[36.754116,39.135897],[36.73765,39.150269],[36.724325,39.154838],[36.71338,39.155885],[36.69739,39.155314],[36.668741,39.153125],[36.634857,39.147128],[36.605257,39.134375],[36.601831,39.132471],[36.596976,39.124666],[36.586792,39.112959],[36.579083,39.107915],[36.559095,39.105631],[36.54796,39.102204],[36.53216,39.099444],[36.509888,39.099539],[36.494374,39.099063],[36.483524,39.10011],[36.466296,39.104298],[36.444786,39.106487],[36.438124,39.109818],[36.423847,39.120193],[36.40938,39.122001],[36.404335,39.120098],[36.399386,39.114006],[36.38825,39.104679],[36.371023,39.10268],[36.356365,39.096303],[36.34799,39.093448],[36.328668,39.091449],[36.316676,39.091735],[36.306206,39.094114],[36.29764,39.097826],[36.279366,39.103251],[36.26823,39.104584],[36.259093,39.103442],[36.24177,39.098016],[36.225685,39.096779],[36.208172,39.096208],[36.194657,39.093924],[36.172956,39.086024],[36.153921,39.08412],[36.142595,39.083835],[36.128698,39.080123],[36.1109,39.0786],[36.104047,39.075745],[36.098432,39.075649],[36.090342,39.077648],[36.079967,39.083359],[36.076255,39.088213],[36.07064,39.100967],[36.050652,39.114292],[36.04161,39.122382],[36.040944,39.125142],[36.043133,39.133613],[36.040944,39.140942],[36.034377,39.149698],[36.029523,39.154267],[36.021147,39.159692],[35.999161,39.167401],[35.960804,39.191767],[35.951857,39.19862],[35.940531,39.204997],[35.919591,39.226031],[35.904268,39.243163],[35.901888,39.249255],[35.901222,39.256679],[35.895987,39.26515],[35.883519,39.27343],[35.8681,39.281996],[35.85744,39.290943],[35.851729,39.300651],[35.852338,39.307097],[35.855632,39.314642],[35.859344,39.318545],[35.869528,39.325588],[35.879045,39.335867],[35.888183,39.342339],[35.890943,39.359091],[35.889801,39.372796],[35.892656,39.376794],[35.895797,39.386407],[35.898557,39.390976],[35.899509,39.398685],[35.896082,39.417245],[35.896844,39.424954],[35.899699,39.437232],[35.904268,39.449034],[35.910074,39.458457],[35.917307,39.46255],[35.933963,39.46274],[35.941863,39.460361],[35.963945,39.458457],[35.984408,39.445989],[35.993831,39.442848],[35.999065,39.443038],[36.006585,39.441039],[36.012676,39.434853],[36.020956,39.431712],[36.031141,39.431236],[36.03904,39.435995],[36.045227,39.447987],[36.053127,39.456078],[36.058076,39.467975],[36.066833,39.480443],[36.081966,39.490437],[36.086915,39.502715],[36.103762,39.514993],[36.107569,39.522036],[36.115278,39.528604],[36.126414,39.541453],[36.136408,39.546878],[36.140405,39.550875],[36.139739,39.560584],[36.14031,39.576098],[36.138597,39.584664],[36.139168,39.59085],[36.147639,39.599512],[36.152969,39.606745],[36.154777,39.61179],[36.155729,39.62264],[36.158109,39.629969],[36.158775,39.639106],[36.157062,39.643484],[36.15097,39.648433],[36.147258,39.666327],[36.148305,39.670039],[36.154873,39.676511],[36.155634,39.680223],[36.150875,39.689836],[36.14526,39.69469],[36.146306,39.701257],[36.15335,39.708586],[36.153255,39.715153],[36.148876,39.720579],[36.138407,39.72667],[36.12432,39.728859],[36.119657,39.730477],[36.110329,39.736759],[36.102905,39.743421],[36.085202,39.75332],[36.068355,39.759697],[36.055601,39.762457],[36.047797,39.767692],[36.046845,39.775972],[36.04418,39.778923],[36.044656,39.784158],[36.042562,39.797197],[36.050271,39.801575],[36.058552,39.809856],[36.066452,39.81452],[36.076921,39.817565],[36.081871,39.821277],[36.086249,39.832604],[36.086344,39.845833],[36.083108,39.850307],[36.075018,39.855446],[36.067689,39.857255],[36.05998,39.860967],[36.038755,39.867629],[36.028095,39.877337],[36.022003,39.884285],[36.008203,39.904939],[36.00154,39.917979],[36.013236,39.919295],[36.027512,39.915773],[36.040171,39.915202],[36.049689,39.91387],[36.059873,39.909206],[36.067202,39.904732],[36.076434,39.895976],[36.083382,39.892645],[36.096231,39.888742],[36.112697,39.889599],[36.119264,39.89255],[36.126308,39.899878],[36.131923,39.903876],[36.143916,39.906446],[36.157336,39.907112],[36.162666,39.908254],[36.168376,39.911776],[36.174849,39.913679],[36.18903,39.913394],[36.210445,39.910824],[36.2212,39.913679],[36.233288,39.922531],[36.235572,39.934999],[36.235572,39.941091],[36.238333,39.947658],[36.251562,39.956605],[36.25556,39.956034],[36.266981,39.95118],[36.275833,39.949181],[36.297629,39.953749],[36.310097,39.953464],[36.32228,39.947658],[36.330656,39.947372],[36.339698,39.952702],[36.349311,39.952798],[36.355783,39.954796],[36.374533,39.957937],[36.382623,39.961935],[36.393093,39.970977],[36.399184,39.972595],[36.415079,39.973642],[36.422122,39.975355],[36.428499,39.969359],[36.433068,39.959841],[36.439349,39.95689],[36.452484,39.95651],[36.464477,39.960412],[36.478182,39.968597],[36.485225,39.975164],[36.487034,39.978401],[36.494648,39.983255],[36.511495,39.986396],[36.515302,39.985729],[36.522821,39.980114],[36.531577,39.975545],[36.551374,39.968312],[36.556324,39.96755],[36.591635,39.968692],[36.600106,39.972214],[36.608672,39.978496],[36.615525,39.982113],[36.618666,39.985444],[36.620569,39.995247],[36.630373,40.004004],[36.629802,40.019137],[36.624662,40.04455],[36.62628,40.05283],[36.634465,40.065298],[36.6397,40.075102],[36.64484,40.07929],[36.654453,40.082526],[36.659402,40.090521],[36.661686,40.098706],[36.665113,40.103846],[36.674059,40.108224],[36.686623,40.112317],[36.705278,40.121739],[36.715081,40.12488],[36.730595,40.137634],[36.74887,40.158002],[36.753914,40.165807],[36.758292,40.176657],[36.763432,40.182273],[36.769809,40.186841],[36.779898,40.190839],[36.791795,40.197311],[36.804359,40.199024],[36.814067,40.201499],[36.823204,40.207019],[36.829581,40.215109],[36.834721,40.218441],[36.839194,40.218441],[36.847379,40.215871],[36.86099,40.214729],[36.868509,40.220059],[36.873553,40.221772],[36.889543,40.222819],[36.918383,40.222057],[36.926473,40.217203],[36.934087,40.209494],[36.948649,40.198168],[36.961594,40.192171],[36.973967,40.189982],[36.997857,40.183415],[37.033644,40.179893],[37.045541,40.179417],[37.059723,40.177895],[37.070858,40.178942],[37.081994,40.189126],[37.083803,40.211017],[37.086848,40.222057],[37.088657,40.224913],[37.098365,40.230528],[37.115783,40.237],[37.125491,40.236524],[37.137388,40.234526],[37.14919,40.233955],[37.160897,40.231385],[37.171081,40.230814],[37.182312,40.23148],[37.188023,40.233955],[37.195637,40.233859],[37.210104,40.228244],[37.218195,40.221867],[37.224381,40.219392],[37.241799,40.21568],[37.252269,40.214824],[37.266069,40.209875],[37.273779,40.209494],[37.284534,40.205972],[37.294528,40.206638],[37.310232,40.205591],[37.321463,40.202641],[37.336597,40.195312],[37.356489,40.182463],[37.366007,40.167425],[37.369148,40.163808],[37.379237,40.158478],[37.395893,40.157717],[37.404364,40.161048],[37.408361,40.170471],[37.413215,40.173802],[37.42121,40.175515],[37.425493,40.173231],[37.428634,40.16771],[37.43701,40.163332],[37.442721,40.162856],[37.455094,40.169804],[37.462898,40.17799],[37.468799,40.188459],[37.468895,40.193218],[37.46661,40.196645],[37.453952,40.200452],[37.447575,40.205782],[37.440436,40.213586],[37.438152,40.218441],[37.438818,40.222819],[37.447384,40.237286],[37.461661,40.249469],[37.466039,40.251372],[37.473463,40.251087],[37.488121,40.248993],[37.498305,40.249659],[37.507727,40.253466],[37.517245,40.254989],[37.522575,40.259843],[37.535044,40.268029],[37.537518,40.271455],[37.541801,40.291633],[37.553889,40.30334],[37.571687,40.311906],[37.576351,40.315618],[37.580824,40.323422],[37.592722,40.338556],[37.600051,40.34617],[37.601002,40.351881],[37.599194,40.358924],[37.58644,40.376913],[37.585869,40.386716],[37.603287,40.38605],[37.619372,40.384622],[37.627938,40.382243],[37.643452,40.374914],[37.652113,40.372154],[37.66087,40.370726],[37.666961,40.367776],[37.670673,40.363112],[37.678668,40.347978],[37.697037,40.339603],[37.711314,40.330085],[37.731397,40.323137],[37.740534,40.323327],[37.750813,40.333321],[37.75462,40.340174],[37.756524,40.355498],[37.754715,40.363968],[37.753954,40.377008],[37.755477,40.383194],[37.764804,40.388049],[37.773942,40.389],[37.781746,40.386621],[37.790503,40.377198],[37.798498,40.364539],[37.802971,40.352833],[37.814773,40.339508],[37.822768,40.338365],[37.838758,40.339983],[37.849704,40.343695],[37.87426,40.341316],[37.882064,40.344266],[37.891677,40.351405],[37.898911,40.355307],[37.925561,40.363873],[37.931747,40.36768],[37.937268,40.372915],[37.952877,40.392998],[37.954876,40.397376],[37.955828,40.406228],[37.952496,40.413842],[37.948118,40.41803],[37.932794,40.429166],[37.931557,40.434115],[37.934222,40.442681],[37.939552,40.452008],[37.939933,40.460099],[37.938315,40.467523],[37.942598,40.476945],[37.944406,40.489414],[37.948689,40.493506],[37.955066,40.494268],[37.963537,40.488271],[37.980859,40.483417],[37.996374,40.482561],[38.001608,40.485416],[38.002179,40.490175],[38.007319,40.496076],[38.017598,40.498741],[38.024927,40.503405],[38.031685,40.505975],[38.043109,40.506619],[38.046247,40.50607],[38.058906,40.498265],[38.07737,40.497028],[38.094788,40.498931],[38.106209,40.498265],[38.127244,40.489985],[38.13029,40.485321],[38.130004,40.48199],[38.123056,40.468474],[38.12515,40.458766],[38.129719,40.453246],[38.131051,40.448868],[38.131527,40.436685],[38.133716,40.430213],[38.142568,40.414318],[38.147612,40.408036],[38.150753,40.400802],[38.152561,40.389],[38.153513,40.371773],[38.156273,40.351214],[38.154655,40.340364],[38.159414,40.330085],[38.173405,40.320186],[38.173786,40.315713],[38.171692,40.301722],[38.184446,40.292585],[38.185112,40.277642],[38.18359,40.262794],[38.174928,40.246042],[38.171883,40.235668],[38.17074,40.223961],[38.174452,40.217774],[38.182352,40.213491],[38.199865,40.209018],[38.211382,40.208256],[38.224326,40.203878],[38.233463,40.202736],[38.240411,40.204069],[38.24774,40.203878],[38.259066,40.198643],[38.268489,40.197596],[38.281243,40.197501],[38.295043,40.191124],[38.301896,40.185509],[38.309606,40.182463],[38.318966,40.1809],[38.321687,40.173913],[38.321861,40.168265],[38.326917,40.166761],[38.338529,40.167408],[38.35046,40.162471],[38.361558,40.153741],[38.372517,40.148379],[38.386011,40.144018],[38.395116,40.145147],[38.403054,40.143415],[38.407017,40.139029],[38.415444,40.134017],[38.422583,40.131352],[38.43467,40.131067],[38.440571,40.133732],[38.447995,40.142679],[38.456371,40.154576],[38.460273,40.161905],[38.46646,40.168282],[38.477881,40.172755],[38.488732,40.170851],[38.503294,40.161143],[38.52785,40.152767],[38.527374,40.13297],[38.525946,40.129354],[38.527089,40.124119],[38.531181,40.117932],[38.543364,40.112126],[38.549265,40.110318],[38.556403,40.110128],[38.566112,40.112221],[38.574678,40.112317],[38.585909,40.110984],[38.594094,40.111841],[38.607705,40.108509],[38.62122,40.110984],[38.629405,40.110699],[38.634926,40.1087],[38.646537,40.107272],[38.656246,40.107843],[38.670713,40.103179],[38.679469,40.098706],[38.688797,40.091282],[38.699552,40.085381],[38.709926,40.082145],[38.721443,40.080717],[38.741335,40.082145],[38.753804,40.08462],[38.765986,40.082145],[38.76981,40.077574]]]}},{"type":"Feature","properties":{"id":"TR-P-59","region_id":"TR-R-MAR"},"geometry":{"type":"Polygon","coordinates":[[[28.116533,41.541669],[28.116065,41.535424],[28.111225,41.527931],[28.097799,41.522467],[28.087574,41.516534],[28.080158,41.513334],[28.074538,41.507948],[28.074694,41.50225],[28.079612,41.496395],[28.085232,41.492024],[28.104512,41.474305],[28.111303,41.464782],[28.115753,41.435198],[28.122778,41.42786],[28.124339,41.417245],[28.122388,41.410141],[28.112552,41.402726],[28.099126,41.388597],[28.089838,41.371659],[28.088667,41.366351],[28.088901,41.355735],[28.090384,41.347851],[28.08211,41.333176],[28.077973,41.322716],[28.070479,41.293289],[28.066498,41.279707],[28.064625,41.268778],[28.0576,41.265188],[28.036914,41.261207],[28.013965,41.25145],[28.001944,41.243019],[27.999759,41.240209],[27.997651,41.23053],[27.998744,41.220461],[28.005691,41.211796],[28.020366,41.202507],[28.031606,41.193921],[28.028016,41.186349],[28.018415,41.169801],[28.013029,41.166054],[28.013497,41.159732],[28.009204,41.158092],[28.011389,41.155985],[28.004286,41.148881],[27.998119,41.139436],[27.998198,41.135299],[27.994841,41.13288],[27.989143,41.122966],[27.982664,41.115395],[27.980947,41.110945],[27.983523,41.108291],[27.984615,41.102905],[27.981337,41.098612],[27.978215,41.098066],[27.974624,41.088074],[27.978215,41.082142],[27.97439,41.079332],[27.975561,41.075429],[27.981571,41.075429],[27.98321,41.071058],[27.975717,41.065438],[27.978839,41.057632],[27.989611,41.045533],[28.00171,41.038117],[28.008854,41.031388],[27.991081,41.018798],[27.98329,41.006017],[27.982164,40.992734],[27.980836,40.987902],[27.975861,40.982362],[27.96731,40.983579],[27.959814,40.980332],[27.956488,40.975939],[27.956998,40.970773],[27.96163,40.969016],[27.9665,40.970569],[27.963599,40.965934],[27.956491,40.964225],[27.949269,40.965158],[27.932777,40.964039],[27.927357,40.969447],[27.915285,40.969896],[27.901777,40.968385],[27.889923,40.965289],[27.879741,40.966327],[27.864666,40.97008],[27.858087,40.977002],[27.85658,40.981653],[27.849087,40.988063],[27.842409,40.991336],[27.828037,40.996245],[27.81745,40.999009],[27.800272,41.002372],[27.779255,41.009442],[27.762412,41.012103],[27.752689,41.011804],[27.741788,41.013555],[27.721983,41.010854],[27.70806,41.006335],[27.708675,41.004909],[27.698396,41.002726],[27.683642,41.004219],[27.671131,41.000131],[27.654327,40.996961],[27.648018,40.996961],[27.621772,40.990339],[27.616314,40.990611],[27.605194,40.986277],[27.597821,40.986653],[27.58445,40.982833],[27.576281,40.984402],[27.568632,40.981148],[27.561098,40.98156],[27.5535,40.9781],[27.541878,40.977056],[27.532278,40.978428],[27.520191,40.977437],[27.512445,40.974727],[27.504268,40.968086],[27.494464,40.955453],[27.485456,40.937713],[27.48446,40.932991],[27.471782,40.914684],[27.469679,40.913443],[27.469382,40.904334],[27.46371,40.897447],[27.460053,40.888413],[27.462148,40.884549],[27.460196,40.875906],[27.462173,40.866311],[27.458605,40.862686],[27.454594,40.847353],[27.429169,40.827426],[27.413563,40.818731],[27.3907,40.803072],[27.378858,40.797164],[27.369628,40.787389],[27.367877,40.782186],[27.343506,40.762567],[27.337042,40.755919],[27.335389,40.749102],[27.332008,40.741848],[27.331576,40.736058],[27.325238,40.728567],[27.321099,40.717943],[27.316292,40.712105],[27.310627,40.708919],[27.309169,40.703696],[27.287075,40.686879],[27.277646,40.682212],[27.261554,40.67658],[27.252094,40.672496],[27.245275,40.665903],[27.237784,40.656555],[27.228254,40.657515],[27.222047,40.656383],[27.215642,40.652647],[27.209953,40.651573],[27.202488,40.645193],[27.186321,40.638667],[27.181929,40.631455],[27.177798,40.62726],[27.166796,40.625461],[27.162951,40.622513],[27.15082,40.618015],[27.146974,40.61564],[27.133004,40.613367],[27.127469,40.611193],[27.116722,40.609819],[27.107788,40.609851],[27.102579,40.607846],[27.081689,40.605332],[27.071869,40.60539],[27.063266,40.603617],[27.045737,40.598248],[27.032093,40.59476],[27.022463,40.589561],[27.009836,40.580175],[27.006366,40.57588],[26.999153,40.571172],[27.001396,40.566705],[26.995416,40.556179],[26.956585,40.550379],[26.964178,40.565127],[26.964867,40.569348],[26.961249,40.576498],[26.95677,40.581322],[26.958321,40.591573],[26.95901,40.603632],[26.964695,40.625168],[26.978305,40.640932],[26.992174,40.652733],[26.999841,40.660399],[27.015777,40.683744],[27.018189,40.691755],[27.018103,40.696234],[27.014312,40.70571],[27.005957,40.714065],[26.988987,40.722507],[26.9715,40.728193],[26.951343,40.732327],[26.908876,40.735773],[26.891131,40.737898],[26.879157,40.738415],[26.870198,40.737553],[26.863824,40.735572],[26.858397,40.729973],[26.847715,40.725666],[26.822131,40.726958],[26.809555,40.725235],[26.802836,40.720756],[26.796568,40.719165],[26.803934,40.729801],[26.804774,40.734646],[26.80458,40.75616],[26.800904,40.768313],[26.792602,40.780474],[26.783509,40.788711],[26.770993,40.798446],[26.765002,40.804115],[26.746602,40.817915],[26.733124,40.829255],[26.723496,40.839417],[26.718789,40.850436],[26.719003,40.860491],[26.7205,40.868515],[26.724672,40.880068],[26.728845,40.886272],[26.735049,40.906277],[26.736654,40.922109],[26.733658,40.937621],[26.728096,40.954095],[26.725635,40.96383],[26.726598,40.973136],[26.732268,40.983941],[26.741575,41.008224],[26.741896,41.014215],[26.739863,41.022238],[26.737617,41.025554],[26.730342,41.03101],[26.724886,41.032187],[26.711515,41.028122],[26.70638,41.027908],[26.68905,41.02994],[26.684022,41.031545],[26.683487,41.038284],[26.693543,41.05401],[26.702529,41.065322],[26.719778,41.076876],[26.743126,41.076475],[26.77241,41.07142],[26.780835,41.07134],[26.801213,41.07503],[26.807311,41.079604],[26.826727,41.099822],[26.833226,41.107604],[26.844538,41.113702],[26.854968,41.120602],[26.882087,41.13368],[26.892276,41.13737],[26.907039,41.140981],[26.917068,41.144992],[26.936083,41.160076],[26.941699,41.165532],[26.946352,41.172752],[26.950444,41.182461],[26.957585,41.216238],[26.958708,41.229155],[26.950284,41.25499],[26.94555,41.263895],[26.939934,41.270555],[26.932954,41.283392],[26.931188,41.288928],[26.950888,41.330162],[26.960124,41.343733],[26.969265,41.348822],[26.972811,41.353265],[26.972668,41.356908],[26.976026,41.36291],[26.986314,41.359766],[26.990458,41.363696],[27.001389,41.361624],[27.003961,41.358337],[27.008962,41.347335],[27.014749,41.347549],[27.033182,41.343334],[27.038469,41.340762],[27.047113,41.342119],[27.074477,41.342762],[27.096839,41.334475],[27.115486,41.331688],[27.148065,41.323329],[27.161568,41.323901],[27.178429,41.329116],[27.201648,41.331974],[27.214151,41.330617],[27.238919,41.322329],[27.256065,41.314327],[27.286358,41.291275],[27.294741,41.283368],[27.297598,41.278796],[27.303028,41.262983],[27.31284,41.253171],[27.322652,41.246788],[27.337512,41.240978],[27.357993,41.231356],[27.367995,41.227355],[27.384475,41.224117],[27.397907,41.222974],[27.411243,41.22345],[27.429247,41.226879],[27.451252,41.233738],[27.470399,41.238215],[27.491547,41.239549],[27.506788,41.242787],[27.515552,41.246217],[27.533652,41.258505],[27.544535,41.265197],[27.55568,41.279116],[27.561301,41.289658],[27.578638,41.313949],[27.582448,41.321284],[27.585782,41.33281],[27.589974,41.367104],[27.595118,41.385203],[27.597595,41.390633],[27.616647,41.412733],[27.624458,41.420354],[27.637413,41.42988],[27.651035,41.437501],[27.666467,41.445217],[27.697141,41.458077],[27.706857,41.463221],[27.718479,41.46646],[27.734197,41.469508],[27.745628,41.470365],[27.767728,41.473699],[27.794687,41.482844],[27.810023,41.490084],[27.8346,41.496847],[27.842316,41.4978],[27.859749,41.497038],[27.885945,41.497895],[27.897853,41.501515],[27.918905,41.512375],[27.932813,41.520377],[27.939576,41.526092],[27.945864,41.534475],[27.958724,41.549621],[27.96301,41.553241],[27.971679,41.55648],[27.977204,41.556385],[27.98854,41.552479],[27.999114,41.550764],[28.007687,41.552574],[28.015498,41.556289],[28.028835,41.560005],[28.040075,41.568864],[28.054555,41.57496],[28.062366,41.575627],[28.067351,41.573817],[28.075353,41.564958],[28.090595,41.553527],[28.098596,41.546573],[28.111647,41.54381],[28.116533,41.541669]]]}},{"type":"Feature","properties":{"id":"TR-P-60","region_id":"TR-R-KAR"},"geometry":{"type":"Polygon","coordinates":[[[36.685172,40.889245],[36.69078,40.881041],[36.690667,40.871496],[36.699506,40.864237],[36.700548,40.858066],[36.694744,40.848701],[36.703164,40.846724],[36.742844,40.835542],[36.763116,40.831961],[36.776969,40.832072],[36.780444,40.828776],[36.784525,40.820689],[36.794138,40.809458],[36.803942,40.804699],[36.808701,40.798608],[36.816791,40.794515],[36.83535,40.790422],[36.850293,40.791184],[36.85391,40.790137],[36.862,40.783569],[36.859431,40.769864],[36.851816,40.758633],[36.846486,40.747592],[36.84049,40.74407],[36.821359,40.741881],[36.8166,40.738645],[36.813269,40.73303],[36.813935,40.721513],[36.820407,40.713899],[36.827927,40.709521],[36.845154,40.703524],[36.856575,40.70381],[36.868377,40.705333],[36.891696,40.714851],[36.902356,40.721037],[36.912635,40.721894],[36.922724,40.720942],[36.933194,40.722179],[36.943759,40.720561],[36.950802,40.712471],[36.947375,40.707141],[36.947375,40.701906],[36.95242,40.691913],[36.952801,40.687249],[36.963556,40.68011],[36.967268,40.679349],[36.973264,40.683061],[36.98992,40.686392],[37.006196,40.687344],[37.014096,40.686487],[37.027801,40.681633],[37.046932,40.689723],[37.056355,40.698385],[37.090619,40.716278],[37.104039,40.725035],[37.108037,40.729413],[37.122599,40.729889],[37.127929,40.727985],[37.134116,40.723131],[37.138208,40.715897],[37.143538,40.702763],[37.148488,40.697338],[37.16067,40.698004],[37.175328,40.697909],[37.183323,40.694673],[37.187701,40.690675],[37.191603,40.684393],[37.201883,40.681538],[37.211496,40.676113],[37.228723,40.661455],[37.23767,40.653175],[37.242238,40.643181],[37.246997,40.630332],[37.250424,40.617959],[37.252803,40.613866],[37.258704,40.609107],[37.271648,40.60806],[37.284783,40.605491],[37.290589,40.602635],[37.295253,40.595877],[37.30439,40.587216],[37.317524,40.580839],[37.33104,40.578365],[37.341224,40.575224],[37.355501,40.569608],[37.372633,40.565896],[37.3871,40.559519],[37.399663,40.555522],[37.413084,40.554665],[37.420888,40.555236],[37.430787,40.558948],[37.437259,40.564278],[37.446159,40.565807],[37.452124,40.55715],[37.462716,40.550996],[37.474443,40.548851],[37.493012,40.543567],[37.511529,40.534395],[37.517487,40.532304],[37.525387,40.535173],[37.544482,40.531212],[37.553281,40.534678],[37.566416,40.530966],[37.570604,40.53306],[37.577457,40.532013],[37.59002,40.527539],[37.60563,40.526492],[37.621239,40.524113],[37.625998,40.520115],[37.626283,40.517546],[37.623047,40.5066],[37.612673,40.491657],[37.608675,40.48271],[37.600585,40.473764],[37.598967,40.469671],[37.593732,40.434931],[37.588307,40.427031],[37.585261,40.417703],[37.586499,40.407519],[37.584119,40.393718],[37.585869,40.386716],[37.58644,40.376913],[37.599194,40.358924],[37.601002,40.351881],[37.600051,40.34617],[37.592722,40.338556],[37.580824,40.323422],[37.576351,40.315618],[37.571687,40.311906],[37.553889,40.30334],[37.541801,40.291633],[37.537518,40.271455],[37.535044,40.268029],[37.522575,40.259843],[37.517245,40.254989],[37.507727,40.253466],[37.498305,40.249659],[37.488121,40.248993],[37.473463,40.251087],[37.466039,40.251372],[37.461661,40.249469],[37.447384,40.237286],[37.438818,40.222819],[37.438152,40.218441],[37.440436,40.213586],[37.447575,40.205782],[37.453952,40.200452],[37.46661,40.196645],[37.468895,40.193218],[37.468799,40.188459],[37.462898,40.17799],[37.455094,40.169804],[37.442721,40.162856],[37.43701,40.163332],[37.428634,40.16771],[37.425493,40.173231],[37.42121,40.175515],[37.413215,40.173802],[37.408361,40.170471],[37.404364,40.161048],[37.395893,40.157717],[37.379237,40.158478],[37.369148,40.163808],[37.366007,40.167425],[37.356489,40.182463],[37.336597,40.195312],[37.321463,40.202641],[37.310232,40.205591],[37.294528,40.206638],[37.284534,40.205972],[37.273779,40.209494],[37.266069,40.209875],[37.252269,40.214824],[37.241799,40.21568],[37.224381,40.219392],[37.218195,40.221867],[37.210104,40.228244],[37.195637,40.233859],[37.188023,40.233955],[37.182312,40.23148],[37.171081,40.230814],[37.160897,40.231385],[37.14919,40.233955],[37.137388,40.234526],[37.125491,40.236524],[37.115783,40.237],[37.098365,40.230528],[37.088657,40.224913],[37.086848,40.222057],[37.083803,40.211017],[37.081994,40.189126],[37.070858,40.178942],[37.059723,40.177895],[37.045541,40.179417],[37.033644,40.179893],[36.997857,40.183415],[36.973967,40.189982],[36.961594,40.192171],[36.948649,40.198168],[36.934087,40.209494],[36.926473,40.217203],[36.918383,40.222057],[36.889543,40.222819],[36.873553,40.221772],[36.868509,40.220059],[36.86099,40.214729],[36.847379,40.215871],[36.839194,40.218441],[36.834721,40.218441],[36.829581,40.215109],[36.823204,40.207019],[36.814067,40.201499],[36.804359,40.199024],[36.791795,40.197311],[36.779898,40.190839],[36.769809,40.186841],[36.763432,40.182273],[36.758292,40.176657],[36.753914,40.165807],[36.74887,40.158002],[36.730595,40.137634],[36.715081,40.12488],[36.705278,40.121739],[36.686623,40.112317],[36.674059,40.108224],[36.665113,40.103846],[36.661686,40.098706],[36.659402,40.090521],[36.654453,40.082526],[36.64484,40.07929],[36.6397,40.075102],[36.634465,40.065298],[36.62628,40.05283],[36.624662,40.04455],[36.629802,40.019137],[36.630373,40.004004],[36.620569,39.995247],[36.618666,39.985444],[36.615525,39.982113],[36.608672,39.978496],[36.600106,39.972214],[36.591635,39.968692],[36.556324,39.96755],[36.551374,39.968312],[36.531577,39.975545],[36.522821,39.980114],[36.515302,39.985729],[36.511495,39.986396],[36.494648,39.983255],[36.487034,39.978401],[36.485225,39.975164],[36.478182,39.968597],[36.464477,39.960412],[36.452484,39.95651],[36.439349,39.95689],[36.433068,39.959841],[36.428499,39.969359],[36.422122,39.975355],[36.415079,39.973642],[36.399184,39.972595],[36.393093,39.970977],[36.382623,39.961935],[36.374533,39.957937],[36.355783,39.954796],[36.349311,39.952798],[36.339698,39.952702],[36.330656,39.947372],[36.32228,39.947658],[36.310097,39.953464],[36.297629,39.953749],[36.275833,39.949181],[36.266981,39.95118],[36.25556,39.956034],[36.251562,39.956605],[36.238333,39.947658],[36.235572,39.941091],[36.235572,39.934999],[36.233288,39.922531],[36.2212,39.913679],[36.210445,39.910824],[36.18903,39.913394],[36.174849,39.913679],[36.168376,39.911776],[36.162666,39.908254],[36.157336,39.907112],[36.143916,39.906446],[36.131923,39.903876],[36.126308,39.899878],[36.119264,39.89255],[36.112697,39.889599],[36.096231,39.888742],[36.083382,39.892645],[36.076434,39.895976],[36.067202,39.904732],[36.059873,39.909206],[36.049689,39.91387],[36.040171,39.915202],[36.027512,39.915773],[36.013236,39.919295],[36.00154,39.917979],[36.000588,39.927972],[35.996686,39.946913],[35.994126,39.954793],[35.983647,39.969375],[35.97508,39.979178],[35.959376,39.9906],[35.953761,39.996786],[35.943576,40.021723],[35.941387,40.029908],[35.942339,40.042186],[35.947193,40.048183],[35.964516,40.059985],[35.966324,40.068265],[35.964896,40.081114],[35.962327,40.086635],[35.950429,40.095391],[35.930727,40.102815],[35.922637,40.103005],[35.907123,40.101197],[35.891704,40.102244],[35.875714,40.108716],[35.866577,40.108621],[35.855536,40.10548],[35.84402,40.097771],[35.830695,40.095391],[35.823556,40.095677],[35.803569,40.103196],[35.795003,40.10291],[35.782059,40.098627],[35.765973,40.096343],[35.753124,40.097009],[35.741513,40.095867],[35.732756,40.090156],[35.708676,40.08692],[35.699634,40.083875],[35.690211,40.082066],[35.682216,40.082447],[35.676791,40.0893],[35.674507,40.094725],[35.667369,40.106717],[35.660325,40.109192],[35.648428,40.111096],[35.633295,40.115664],[35.620731,40.113761],[35.609976,40.11062],[35.592368,40.111952],[35.581232,40.114712],[35.560103,40.124421],[35.54811,40.12661],[35.524315,40.128133],[35.508706,40.13213],[35.501948,40.138602],[35.499093,40.143266],[35.498903,40.156496],[35.500806,40.165443],[35.499474,40.179719],[35.49462,40.189903],[35.48967,40.196947],[35.480057,40.206084],[35.47054,40.213793],[35.463972,40.216268],[35.458452,40.220932],[35.449315,40.225976],[35.448839,40.23064],[35.451011,40.233825],[35.459159,40.241265],[35.466393,40.254019],[35.467059,40.269152],[35.478766,40.278384],[35.496659,40.291138],[35.514172,40.301894],[35.522453,40.31065],[35.526165,40.312744],[35.53949,40.317312],[35.567948,40.322071],[35.575943,40.32407],[35.586317,40.328068],[35.622771,40.334635],[35.631337,40.338632],[35.650468,40.360143],[35.665696,40.362903],[35.696439,40.365378],[35.709193,40.368518],[35.716522,40.372706],[35.722137,40.380987],[35.723565,40.387269],[35.724231,40.404496],[35.726611,40.422104],[35.725754,40.432574],[35.727277,40.437904],[35.732987,40.440569],[35.740602,40.44114],[35.755925,40.437713],[35.769822,40.43581],[35.777912,40.435619],[35.79276,40.436952],[35.814555,40.445613],[35.831592,40.448564],[35.84368,40.453037],[35.86262,40.4656],[35.872329,40.475689],[35.879657,40.48159],[35.893744,40.487111],[35.902215,40.487396],[35.909829,40.484731],[35.918966,40.47607],[35.924486,40.474357],[35.936479,40.475499],[35.951803,40.480543],[35.958656,40.484255],[35.972932,40.496438],[35.977215,40.501007],[35.984611,40.504384],[36.012145,40.495999],[36.024485,40.485883],[36.022438,40.473982],[36.034234,40.46959],[36.061021,40.466019],[36.086476,40.45721],[36.099048,40.449191],[36.113626,40.458747],[36.134609,40.471119],[36.147663,40.473679],[36.16459,40.479578],[36.19745,40.485768],[36.20764,40.491235],[36.235778,40.500992],[36.242378,40.506524],[36.244189,40.51299],[36.248737,40.517155],[36.254188,40.517885],[36.26185,40.513272],[36.266174,40.512655],[36.274282,40.514479],[36.280573,40.521524],[36.286694,40.525853],[36.285974,40.531083],[36.277598,40.545836],[36.271602,40.561255],[36.269128,40.57182],[36.271126,40.579434],[36.281025,40.587619],[36.290543,40.588952],[36.295111,40.587524],[36.305676,40.587905],[36.313576,40.590094],[36.323379,40.594187],[36.344509,40.594091],[36.356692,40.595995],[36.366495,40.599041],[36.377345,40.613698],[36.380962,40.621788],[36.381914,40.631496],[36.385626,40.644821],[36.398856,40.675945],[36.402092,40.696884],[36.404376,40.70821],[36.410563,40.719632],[36.419985,40.734194],[36.427965,40.742166],[36.43303,40.745572],[36.435778,40.751916],[36.440932,40.759008],[36.457251,40.760878],[36.464954,40.758074],[36.472733,40.756898],[36.48537,40.76304],[36.491669,40.760082],[36.503071,40.761713],[36.508276,40.76433],[36.508774,40.771296],[36.500498,40.776838],[36.486487,40.777908],[36.472324,40.787072],[36.451613,40.792815],[36.43275,40.800922],[36.413961,40.815026],[36.411311,40.822285],[36.411528,40.836422],[36.414096,40.850996],[36.417413,40.856442],[36.42532,40.857751],[36.427499,40.865325],[36.430219,40.871706],[36.433253,40.873834],[36.439948,40.87425],[36.448371,40.873142],[36.452627,40.881605],[36.462159,40.881774],[36.472417,40.874092],[36.480194,40.875855],[36.493591,40.874908],[36.509203,40.877438],[36.517182,40.880268],[36.532431,40.888219],[36.541335,40.891677],[36.558475,40.896732],[36.568127,40.898247],[36.580201,40.894083],[36.58414,40.895071],[36.589739,40.904204],[36.593798,40.907666],[36.603316,40.906764],[36.610076,40.89648],[36.613168,40.894583],[36.61927,40.895398],[36.622747,40.899403],[36.62442,40.905516],[36.629667,40.908748],[36.636214,40.909575],[36.650352,40.905783],[36.667475,40.897681],[36.675327,40.895872],[36.685172,40.889245]]]}},{"type":"Feature","properties":{"id":"TR-P-61","region_id":"TR-R-KAR"},"geometry":{"type":"Polygon","coordinates":[[[40.327233,40.987197],[40.347513,40.968204],[40.350892,40.966601],[40.361101,40.965715],[40.369081,40.967365],[40.377833,40.966667],[40.389941,40.963228],[40.393906,40.960406],[40.400239,40.947741],[40.403526,40.936545],[40.408372,40.93167],[40.410601,40.923698],[40.410621,40.917423],[40.413656,40.908044],[40.418068,40.901246],[40.435008,40.890446],[40.44595,40.881306],[40.461747,40.866592],[40.46924,40.858111],[40.47212,40.85292],[40.471155,40.846565],[40.466466,40.839896],[40.4529,40.835829],[40.44243,40.830308],[40.435102,40.82298],[40.433103,40.818221],[40.435768,40.810702],[40.435673,40.805752],[40.445286,40.794712],[40.447189,40.790048],[40.457564,40.777389],[40.460134,40.771964],[40.462037,40.762541],[40.464702,40.755689],[40.472412,40.748074],[40.477837,40.744648],[40.47936,40.738556],[40.483547,40.734083],[40.49278,40.729039],[40.500299,40.720568],[40.504867,40.713715],[40.50639,40.706672],[40.506295,40.696963],[40.488116,40.682306],[40.486022,40.678118],[40.486403,40.665364],[40.482881,40.662033],[40.469461,40.656417],[40.457183,40.638334],[40.446713,40.632813],[40.438433,40.6232],[40.437862,40.611398],[40.445476,40.595218],[40.453661,40.58551],[40.4687,40.573612],[40.469937,40.570567],[40.465844,40.562857],[40.466035,40.557813],[40.473173,40.547343],[40.47698,40.539824],[40.477837,40.532685],[40.476409,40.527736],[40.459869,40.51875],[40.440929,40.517227],[40.430935,40.51856],[40.420751,40.518464],[40.406093,40.51323],[40.40181,40.51342],[40.381157,40.519131],[40.377921,40.521129],[40.36945,40.522462],[40.357648,40.519131],[40.336518,40.519892],[40.293117,40.514943],[40.276936,40.514277],[40.266371,40.516846],[40.253332,40.523509],[40.235153,40.537215],[40.226397,40.546732],[40.212691,40.553204],[40.19337,40.554823],[40.176523,40.562437],[40.154918,40.570432],[40.143591,40.572431],[40.128835,40.573844],[40.123985,40.575952],[40.11913,40.581758],[40.116465,40.588421],[40.110564,40.593941],[40.096764,40.600603],[40.076871,40.604886],[40.064212,40.606124],[40.056217,40.609074],[40.054409,40.61469],[40.05498,40.622685],[40.045082,40.647146],[40.039181,40.651809],[40.023095,40.650858],[40.015576,40.649049],[39.995779,40.647812],[39.988926,40.646099],[39.983216,40.640864],[39.983216,40.631917],[39.985024,40.626397],[39.99892,40.609455],[40.008057,40.602602],[40.022429,40.596796],[40.033279,40.589753],[40.038609,40.583281],[40.040037,40.579283],[40.039276,40.570146],[40.035469,40.566339],[40.018812,40.554632],[40.006154,40.54835],[39.979408,40.539784],[39.970652,40.539023],[39.966274,40.539975],[39.947333,40.548255],[39.938577,40.553204],[39.924966,40.563864],[39.921826,40.567291],[39.917923,40.576809],[39.914402,40.605172],[39.909548,40.615832],[39.90003,40.621828],[39.894033,40.622209],[39.879281,40.60974],[39.875378,40.607551],[39.864243,40.606029],[39.857199,40.60698],[39.850822,40.610883],[39.845302,40.616784],[39.84159,40.624588],[39.840258,40.631917],[39.840924,40.651048],[39.849585,40.66837],[39.851108,40.678745],[39.850918,40.691784],[39.851869,40.708536],[39.851489,40.714151],[39.846539,40.720052],[39.839591,40.723669],[39.833119,40.724811],[39.821507,40.724145],[39.807421,40.717673],[39.780771,40.709963],[39.769635,40.705871],[39.762021,40.698256],[39.755358,40.689786],[39.749553,40.677508],[39.739971,40.664056],[39.731976,40.656314],[39.718651,40.640832],[39.705073,40.632583],[39.693143,40.62205],[39.684133,40.617609],[39.665351,40.612786],[39.654311,40.612405],[39.633276,40.60606],[39.617667,40.605013],[39.602058,40.606155],[39.591778,40.610819],[39.582165,40.613579],[39.556087,40.618433],[39.549234,40.618243],[39.543523,40.616054],[39.527628,40.616244],[39.514779,40.614246],[39.493078,40.613103],[39.47528,40.61948],[39.462145,40.62167],[39.452342,40.629855],[39.44311,40.632044],[39.435686,40.638421],[39.431688,40.644036],[39.427405,40.653078],[39.416745,40.661549],[39.396948,40.668497],[39.375247,40.677063],[39.356593,40.680585],[39.334606,40.689912],[39.322138,40.692292],[39.316998,40.694195],[39.299771,40.711708],[39.292728,40.716658],[39.276643,40.722273],[39.27274,40.725509],[39.264079,40.740928],[39.253134,40.748638],[39.247423,40.756061],[39.241427,40.761487],[39.231243,40.768339],[39.228102,40.775859],[39.222201,40.782616],[39.21649,40.785472],[39.199263,40.790897],[39.191172,40.796703],[39.183082,40.798987],[39.170614,40.798511],[39.150246,40.806411],[39.135779,40.810028],[39.133399,40.812026],[39.131305,40.818403],[39.127022,40.824209],[39.12588,40.829254],[39.133304,40.848004],[39.141394,40.852668],[39.14463,40.85638],[39.146819,40.864279],[39.146439,40.88046],[39.138824,40.887788],[39.134827,40.899591],[39.133589,40.925384],[39.135207,40.944039],[39.140537,40.955175],[39.145867,40.961266],[39.145867,40.964122],[39.141013,40.978303],[39.141584,40.989153],[39.146343,40.995055],[39.146724,40.997815],[39.143488,41.006571],[39.153577,41.015232],[39.1551,41.020658],[39.153767,41.025512],[39.153958,41.034078],[39.155385,41.039408],[39.161953,41.044071],[39.159573,41.051305],[39.169852,41.057492],[39.16833,41.060918],[39.164237,41.062822],[39.165855,41.068056],[39.172788,41.070457],[39.175528,41.077487],[39.174915,41.080284],[39.182132,41.078337],[39.19335,41.077438],[39.208771,41.078083],[39.217829,41.072248],[39.223922,41.063288],[39.234468,41.058263],[39.244689,41.05461],[39.261092,41.051258],[39.271091,41.050574],[39.302273,41.056663],[39.314558,41.062298],[39.340414,41.070373],[39.358734,41.07722],[39.371022,41.083075],[39.380039,41.086258],[39.410836,41.105932],[39.422719,41.109835],[39.436666,41.104828],[39.43447,41.101014],[39.442494,41.10168],[39.457351,41.099135],[39.481963,41.09191],[39.487623,41.09157],[39.495017,41.084177],[39.50423,41.08144],[39.503924,41.078245],[39.520479,41.064486],[39.529351,41.058967],[39.540051,41.050344],[39.546621,41.047424],[39.550398,41.043333],[39.556377,41.039783],[39.560859,41.034656],[39.567061,41.025037],[39.577908,41.021871],[39.587134,41.018173],[39.59659,41.019656],[39.604353,41.015067],[39.615155,41.013062],[39.617998,41.010791],[39.630606,41.007848],[39.630831,41.004968],[39.645983,40.996329],[39.653104,40.995276],[39.656975,40.997229],[39.667202,40.998062],[39.689821,41.003992],[39.707933,41.010618],[39.720475,41.012624],[39.727608,41.00943],[39.737384,41.007727],[39.735938,41.004395],[39.748293,41.001554],[39.755668,41.002588],[39.767732,41.002016],[39.775981,41.003427],[39.780686,41.002374],[39.789997,40.996744],[39.799703,40.994449],[39.814967,40.987134],[39.816866,40.988597],[39.827845,40.986249],[39.832236,40.980386],[39.836454,40.969118],[39.846869,40.962858],[39.852614,40.960723],[39.868307,40.957283],[39.922272,40.956742],[39.936,40.957748],[39.959353,40.96328],[39.970661,40.965175],[39.979177,40.965571],[39.994838,40.965016],[40.011975,40.958445],[40.028415,40.960598],[40.039291,40.959513],[40.047025,40.956811],[40.05221,40.951693],[40.055781,40.943577],[40.060923,40.942011],[40.06628,40.937437],[40.068263,40.933482],[40.07554,40.926797],[40.094268,40.91803],[40.105282,40.917713],[40.119806,40.91407],[40.148888,40.912799],[40.164438,40.915484],[40.170486,40.914278],[40.188668,40.91596],[40.204525,40.923012],[40.223975,40.926647],[40.23371,40.92956],[40.253457,40.940379],[40.257741,40.941915],[40.264432,40.947522],[40.276776,40.95397],[40.283993,40.956524],[40.29628,40.963557],[40.313336,40.974923],[40.327233,40.987197]]]}},{"type":"Feature","properties":{"id":"TR-P-62","region_id":"TR-R-DOA"},"geometry":{"type":"Polygon","coordinates":[[[40.421825,39.529747],[40.411987,39.520126],[40.406752,39.516414],[40.395712,39.512226],[40.382387,39.511941],[40.37325,39.513273],[40.356213,39.512988],[40.332132,39.513559],[40.319664,39.509086],[40.305958,39.505278],[40.28816,39.497093],[40.284448,39.489764],[40.274454,39.481103],[40.273312,39.478819],[40.274074,39.467683],[40.277976,39.458165],[40.280355,39.455405],[40.294727,39.444459],[40.299962,39.431991],[40.313764,39.41651],[40.317,39.411942],[40.31719,39.40566],[40.308434,39.390622],[40.299201,39.379928],[40.297107,39.370125],[40.291777,39.364319],[40.287303,39.362796],[40.278357,39.365081],[40.260844,39.366699],[40.255038,39.366318],[40.242855,39.367936],[40.235812,39.367841],[40.224771,39.365652],[40.215063,39.360036],[40.210685,39.351375],[40.194124,39.339763],[40.188603,39.338431],[40.168616,39.339573],[40.155101,39.335861],[40.144631,39.335195],[40.137778,39.330245],[40.126928,39.326057],[40.124453,39.318824],[40.115513,39.303284],[40.096228,39.308803],[40.087526,39.310563],[40.078752,39.315851],[40.065203,39.316015],[40.057469,39.317617],[40.052755,39.320601],[40.049364,39.325752],[40.046106,39.326891],[40.032066,39.327967],[40.019581,39.332169],[40.016471,39.328621],[39.999193,39.325859],[39.995196,39.32348],[39.995481,39.319007],[40.001192,39.311963],[40.018895,39.300732],[40.024511,39.295593],[40.026129,39.291976],[40.023464,39.280935],[40.010424,39.271798],[40.001668,39.267991],[39.985964,39.266468],[39.972924,39.266183],[39.964072,39.264564],[39.950462,39.252572],[39.948273,39.248575],[39.948654,39.239437],[39.94418,39.224399],[39.942848,39.217261],[39.939707,39.209361],[39.934662,39.204031],[39.933235,39.19794],[39.92781,39.186709],[39.926667,39.178523],[39.929618,39.163961],[39.937327,39.158631],[39.938089,39.147114],[39.940278,39.143783],[39.946655,39.1395],[39.954174,39.136454],[39.95741,39.132933],[39.958647,39.12589],[39.9576,39.12094],[39.94694,39.111993],[39.937633,39.107266],[39.931934,39.110237],[39.918564,39.107636],[39.909252,39.099855],[39.891035,39.088224],[39.869358,39.065593],[39.86548,39.050594],[39.870294,39.040362],[39.874912,39.027273],[39.890519,39.013725],[39.902682,39.006527],[39.896292,39.000048],[39.889655,38.996816],[39.884021,38.982362],[39.887014,38.974094],[39.879714,38.964229],[39.872887,38.950809],[39.867591,38.937468],[39.868122,38.93202],[39.874007,38.924175],[39.873064,38.914926],[39.864326,38.906039],[39.844019,38.896397],[39.849617,38.889794],[39.85069,38.885723],[39.846676,38.880774],[39.84202,38.879233],[39.832308,38.879227],[39.82669,38.876378],[39.820187,38.867174],[39.816963,38.858787],[39.806586,38.857837],[39.80013,38.858859],[39.79861,38.849953],[39.800419,38.827586],[39.795279,38.821399],[39.786713,38.822636],[39.776529,38.826919],[39.765298,38.840625],[39.757588,38.844527],[39.749498,38.842814],[39.732842,38.822636],[39.723134,38.815879],[39.719041,38.81131],[39.713616,38.80874],[39.68097,38.810073],[39.663933,38.809121],[39.658698,38.810453],[39.653273,38.81407],[39.638615,38.821018],[39.626908,38.822065],[39.615487,38.818258],[39.607862,38.81409],[39.588913,38.818404],[39.583805,38.829596],[39.570787,38.818281],[39.550759,38.80958],[39.544741,38.809214],[39.537342,38.814477],[39.530401,38.815452],[39.525826,38.812651],[39.522936,38.808262],[39.520352,38.79741],[39.508614,38.790714],[39.507122,38.787598],[39.510123,38.773778],[39.507795,38.769417],[39.500399,38.766894],[39.480256,38.763067],[39.469968,38.765486],[39.456713,38.765483],[39.448524,38.770519],[39.440803,38.7813],[39.435238,38.785819],[39.428818,38.78545],[39.410373,38.777353],[39.400337,38.770808],[39.392747,38.767971],[39.389487,38.768749],[39.388509,38.773464],[39.390402,38.785959],[39.388601,38.790225],[39.38029,38.797849],[39.365748,38.808731],[39.349829,38.813292],[39.330008,38.815091],[39.306728,38.81989],[39.29159,38.828676],[39.281066,38.835876],[39.265804,38.852491],[39.251174,38.863593],[39.246291,38.863718],[39.21013,38.861446],[39.191126,38.863007],[39.167048,38.868222],[39.146086,38.873401],[39.126541,38.880905],[39.120162,38.881552],[39.104645,38.877418],[39.096903,38.877922],[39.080906,38.885209],[39.064415,38.890078],[39.045712,38.890346],[39.02722,38.888291],[39.00886,38.887667],[38.974862,38.893944],[38.952788,38.896491],[38.933115,38.898101],[38.928081,38.897748],[38.876397,38.891247],[38.835787,38.885374],[38.803185,38.878133],[38.79284,38.874647],[38.786516,38.871265],[38.778561,38.878812],[38.761992,38.885993],[38.755649,38.893393],[38.754732,38.905413],[38.756403,38.917803],[38.764031,38.938299],[38.775045,38.951927],[38.783666,38.96659],[38.788815,38.978651],[38.786449,38.990955],[38.779151,39.006151],[38.773434,39.011374],[38.748891,39.031072],[38.745847,39.040199],[38.743853,39.056594],[38.740474,39.07335],[38.740311,39.083042],[38.744179,39.104012],[38.74245,39.108005],[38.734806,39.113816],[38.733539,39.116838],[38.732859,39.130418],[38.729804,39.136882],[38.750222,39.142129],[38.760439,39.147626],[38.763424,39.151744],[38.773229,39.175936],[38.770664,39.184571],[38.760269,39.189044],[38.759852,39.193697],[38.762054,39.197751],[38.77222,39.202065],[38.783256,39.204574],[38.796486,39.206478],[38.80962,39.20743],[38.828846,39.20743],[38.847596,39.208001],[38.854544,39.206573],[38.866727,39.208477],[38.879291,39.20762],[38.883859,39.203813],[38.893092,39.205526],[38.903085,39.204289],[38.906893,39.204955],[38.916315,39.209524],[38.921169,39.21552],[38.927546,39.219708],[38.934018,39.221135],[38.941633,39.22618],[38.945916,39.23446],[38.956671,39.243693],[38.959907,39.252544],[38.954196,39.262443],[38.952007,39.268439],[38.941633,39.276434],[38.934875,39.277576],[38.918124,39.276624],[38.901563,39.277005],[38.887952,39.280812],[38.878434,39.288141],[38.872248,39.291282],[38.848263,39.296707],[38.842266,39.297373],[38.825801,39.296707],[38.81771,39.298896],[38.804385,39.308699],[38.799627,39.31422],[38.795819,39.320977],[38.795534,39.330019],[38.797342,39.340679],[38.805908,39.348865],[38.828751,39.362761],[38.834557,39.365045],[38.843504,39.366092],[38.855687,39.365616],[38.867298,39.361904],[38.87339,39.356384],[38.889094,39.345153],[38.899754,39.335254],[38.920694,39.328021],[38.929069,39.326593],[38.943917,39.327164],[38.951341,39.328401],[38.963905,39.334017],[38.97466,39.341155],[38.989032,39.3462],[38.997217,39.352386],[39.001595,39.359239],[39.001595,39.363332],[39.008543,39.373897],[39.013492,39.378275],[39.021868,39.381892],[39.027579,39.38646],[39.033385,39.393028],[39.038715,39.404735],[39.047376,39.413015],[39.06803,39.430909],[39.077548,39.444614],[39.090016,39.455369],[39.102294,39.461461],[39.108766,39.463364],[39.134559,39.466886],[39.142174,39.468694],[39.15093,39.472597],[39.159496,39.474881],[39.172536,39.47431],[39.184814,39.468885],[39.197663,39.466981],[39.210512,39.467933],[39.227644,39.468314],[39.236115,39.472597],[39.247441,39.476214],[39.257054,39.47707],[39.267619,39.4745],[39.274757,39.470027],[39.285322,39.468219],[39.289224,39.459938],[39.29484,39.456416],[39.304453,39.453561],[39.322442,39.457939],[39.328914,39.458034],[39.337004,39.462508],[39.353755,39.467076],[39.368508,39.474691],[39.383641,39.481353],[39.394397,39.481448],[39.401821,39.484494],[39.415812,39.491728],[39.427043,39.494393],[39.431611,39.494488],[39.451313,39.492299],[39.466542,39.495725],[39.479772,39.50096],[39.487386,39.501626],[39.507373,39.505814],[39.522126,39.512001],[39.533262,39.514856],[39.536688,39.514666],[39.544112,39.510763],[39.547348,39.504767],[39.546111,39.489539],[39.546968,39.477736],[39.549252,39.471835],[39.550965,39.460699],[39.554582,39.451657],[39.557628,39.447755],[39.565052,39.443758],[39.576092,39.440331],[39.596365,39.43976],[39.602933,39.443472],[39.616829,39.448231],[39.63101,39.448802],[39.643098,39.453942],[39.660611,39.463364],[39.679932,39.470598],[39.692115,39.478307],[39.70049,39.486017],[39.714577,39.491823],[39.736658,39.504482],[39.747413,39.516855],[39.754076,39.518758],[39.776348,39.519329],[39.787103,39.529133],[39.789387,39.536366],[39.789197,39.54379],[39.784819,39.554069],[39.78282,39.564063],[39.78301,39.570821],[39.781392,39.586049],[39.783201,39.593569],[39.791005,39.613746],[39.795003,39.616887],[39.80402,39.61567],[39.808053,39.612026],[39.816747,39.609522],[39.81743,39.607082],[39.82553,39.60435],[39.838216,39.608595],[39.841876,39.606692],[39.848414,39.606399],[39.848365,39.601763],[39.857831,39.599763],[39.862564,39.5942],[39.871689,39.593712],[39.872762,39.589565],[39.885254,39.588247],[39.89389,39.588296],[39.899111,39.58532],[39.903991,39.585808],[39.91414,39.582831],[39.921117,39.583173],[39.92463,39.580538],[39.936097,39.579221],[39.949857,39.574488],[39.956591,39.574244],[39.96147,39.570779],[39.966496,39.572536],[39.970594,39.57156],[39.979524,39.566778],[39.98816,39.56468],[40.009337,39.568583],[40.018949,39.566046],[40.025146,39.562631],[40.031538,39.560874],[40.039687,39.556775],[40.045591,39.555507],[40.05091,39.551652],[40.053935,39.554775],[40.064133,39.550432],[40.075941,39.553067],[40.083797,39.556043],[40.093068,39.555263],[40.102631,39.556385],[40.105754,39.56024],[40.115659,39.561655],[40.121124,39.561118],[40.122832,39.564143],[40.13181,39.563899],[40.138544,39.566046],[40.15328,39.57761],[40.156988,39.576927],[40.170291,39.578435],[40.178286,39.577103],[40.19085,39.572724],[40.194752,39.57301],[40.221021,39.5811],[40.229302,39.581862],[40.24158,39.585669],[40.255095,39.581386],[40.26033,39.581671],[40.272513,39.584907],[40.296212,39.584051],[40.306967,39.587382],[40.3241,39.59414],[40.343706,39.598327],[40.369024,39.602039],[40.385299,39.602039],[40.412711,39.602991],[40.420801,39.596234],[40.421277,39.586049],[40.417089,39.577103],[40.413472,39.566348],[40.412996,39.561113],[40.417212,39.542379],[40.421825,39.529747]]]}},{"type":"Feature","properties":{"id":"TR-P-63","region_id":"TR-R-GDA"},"geometry":{"type":"Polygon","coordinates":[[[39.859104,37.533611],[39.863341,37.510776],[39.866854,37.500547],[39.873777,37.490317],[39.883489,37.481328],[39.906738,37.457046],[39.911697,37.44847],[39.918827,37.438654],[39.922547,37.435451],[39.941145,37.423362],[39.952306,37.413742],[39.952429,37.407691],[39.94854,37.392628],[39.948848,37.387813],[39.951873,37.381022],[39.957924,37.374107],[39.962492,37.371699],[39.962245,37.368674],[39.967987,37.363303],[39.966814,37.353549],[39.968789,37.351265],[39.966937,37.347869],[39.973172,37.33651],[39.978975,37.33009],[39.977247,37.328793],[39.977494,37.322496],[39.984408,37.315952],[39.984038,37.310087],[39.986322,37.303914],[39.983853,37.300518],[39.987125,37.296073],[39.992125,37.296011],[39.993422,37.290949],[39.996694,37.28848],[40.001386,37.277059],[40.008053,37.271255],[40.007374,37.265514],[40.010955,37.262983],[40.011202,37.256254],[40.004287,37.2515],[40.009905,37.24829],[40.012868,37.240079],[40.01293,37.231683],[40.019474,37.227546],[40.011387,37.224645],[40.016943,37.217792],[40.02287,37.216434],[40.023549,37.211927],[40.019845,37.20705],[40.019783,37.201926],[40.022684,37.198407],[40.032068,37.191863],[40.031389,37.186924],[40.035217,37.186616],[40.043736,37.192666],[40.050774,37.188406],[40.046329,37.182109],[40.047317,37.180257],[40.056454,37.179578],[40.063593,37.17463],[40.08039,37.168935],[40.084807,37.165099],[40.087074,37.153765],[40.092014,37.141443],[40.095792,37.136387],[40.10183,37.135869],[40.109423,37.138215],[40.110041,37.135251],[40.106769,37.131979],[40.111152,37.130313],[40.11535,37.125497],[40.117696,37.116484],[40.123684,37.117039],[40.126771,37.114755],[40.127018,37.110681],[40.133253,37.11278],[40.136217,37.11136],[40.135229,37.105618],[40.132204,37.103951],[40.132204,37.09963],[40.126586,37.093518],[40.128191,37.08753],[40.135723,37.088147],[40.143316,37.086295],[40.145477,37.082653],[40.151404,37.079566],[40.14949,37.073824],[40.150971,37.070367],[40.159553,37.070676],[40.159738,37.067959],[40.155602,37.065613],[40.154305,37.061477],[40.163072,37.055489],[40.158945,37.050789],[40.158542,37.04616],[40.163754,37.041682],[40.164152,37.035699],[40.159603,37.031659],[40.157246,37.024896],[40.158988,37.017614],[40.165768,37.007714],[40.175738,37.002625],[40.184815,36.996859],[40.185453,36.991602],[40.17703,36.988058],[40.176249,36.979936],[40.181218,36.975599],[40.18887,36.97391],[40.220908,36.963805],[40.232675,36.958053],[40.237031,36.954948],[40.234856,36.946064],[40.232278,36.943506],[40.220917,36.941143],[40.215417,36.93685],[40.213687,36.932897],[40.21783,36.922246],[40.223101,36.918689],[40.232689,36.915815],[40.235076,36.912465],[40.222556,36.901799],[40.197039,36.888192],[40.184599,36.877996],[40.18064,36.87683],[40.144698,36.869178],[40.111035,36.867302],[40.078503,36.858075],[40.061436,36.855433],[40.05901,36.85344],[40.055034,36.844071],[40.04871,36.839831],[40.034256,36.828137],[40.028188,36.825589],[40.00004,36.822467],[39.965506,36.809959],[39.932394,36.797568],[39.879401,36.783855],[39.874501,36.782816],[39.854625,36.776158],[39.848685,36.772965],[39.836037,36.762495],[39.828191,36.760045],[39.820617,36.756134],[39.712107,36.750219],[39.683964,36.738536],[39.640683,36.724434],[39.59726,36.723105],[39.550917,36.71453],[39.512577,36.70512],[39.489562,36.699803],[39.401604,36.694463],[39.3632,36.691931],[39.265429,36.674928],[39.215854,36.669179],[39.209797,36.668883],[39.156797,36.681302],[39.128294,36.68646],[39.063164,36.70575],[39.017798,36.710591],[38.963747,36.70557],[38.944526,36.704314],[38.929295,36.704531],[38.893017,36.700555],[38.773318,36.705597],[38.743974,36.706963],[38.736754,36.708749],[38.723715,36.715557],[38.691729,36.734048],[38.649201,36.767064],[38.636923,36.7782],[38.618916,36.789747],[38.611403,36.793745],[38.604336,36.800098],[38.597572,36.803346],[38.593022,36.807397],[38.590326,36.814407],[38.590719,36.823391],[38.584299,36.826813],[38.575299,36.823914],[38.570717,36.824365],[38.565751,36.827853],[38.557933,36.842102],[38.554224,36.844591],[38.481809,36.870545],[38.392949,36.901622],[38.384598,36.902698],[38.351997,36.899739],[38.34045,36.899873],[38.298888,36.906815],[38.284477,36.909915],[38.262911,36.915581],[38.256159,36.919835],[38.241173,36.92388],[38.237569,36.922946],[38.229381,36.916694],[38.220932,36.912253],[38.214298,36.907157],[38.198656,36.908002],[38.194341,36.909277],[38.182089,36.908868],[38.172995,36.911699],[38.166801,36.910099],[38.16414,36.90762],[38.1646,36.901946],[38.16227,36.899114],[38.145066,36.893825],[38.136705,36.89513],[38.128306,36.89138],[38.123462,36.890755],[38.113513,36.881601],[38.103759,36.880038],[38.098043,36.875936],[38.090873,36.877266],[38.080088,36.876182],[38.072116,36.870697],[38.069248,36.865222],[38.06504,36.863195],[38.057172,36.865749],[38.045392,36.864212],[38.035608,36.860149],[38.029029,36.853469],[38.029029,36.845593],[38.031924,36.836917],[38.026943,36.831567],[38.021744,36.84015],[38.021961,36.847665],[38.025411,36.857014],[38.0346,36.865753],[38.037172,36.869733],[38.036922,36.876858],[38.033692,36.886338],[38.015175,36.905148],[38.011445,36.910942],[38.003557,36.93312],[38.000912,36.947157],[38.001516,36.957291],[37.99544,36.966409],[37.985546,36.969095],[37.974885,36.97585],[37.969235,36.981228],[37.961311,36.99648],[37.963091,37.008179],[37.970773,37.018525],[37.979738,37.037514],[37.980795,37.047101],[37.975232,37.054601],[37.969528,37.056147],[37.958505,37.055251],[37.953844,37.053432],[37.944896,37.045133],[37.936847,37.04106],[37.921829,37.039792],[37.911584,37.041531],[37.895637,37.049377],[37.877291,37.059553],[37.867391,37.068352],[37.861677,37.078995],[37.863582,37.094228],[37.867512,37.108685],[37.875634,37.122828],[37.876489,37.135393],[37.871104,37.146491],[37.860534,37.156617],[37.849898,37.169099],[37.838234,37.189387],[37.834739,37.202381],[37.834626,37.209786],[37.839554,37.221825],[37.849167,37.224648],[37.858953,37.219596],[37.865744,37.213699],[37.871561,37.21154],[37.879925,37.212179],[37.882683,37.21619],[37.880022,37.22576],[37.865005,37.241604],[37.848454,37.249696],[37.844604,37.25411],[37.8408,37.26142],[37.840693,37.269214],[37.849075,37.279521],[37.853241,37.288378],[37.858133,37.303117],[37.859427,37.309605],[37.864945,37.317376],[37.878624,37.319852],[37.886317,37.324112],[37.884965,37.330097],[37.875968,37.333389],[37.87327,37.335841],[37.874041,37.342401],[37.879085,37.346592],[37.890995,37.35205],[37.905551,37.360837],[37.931521,37.384198],[37.936509,37.391307],[37.938827,37.398124],[37.94346,37.403787],[37.96414,37.415444],[37.968144,37.422138],[37.970348,37.428988],[37.976538,37.435727],[37.985657,37.439167],[37.992213,37.439714],[38.004069,37.435502],[38.011576,37.435457],[38.024418,37.440555],[38.035228,37.440998],[38.04484,37.438426],[38.060884,37.429604],[38.067536,37.43015],[38.070341,37.432378],[38.075667,37.443427],[38.081224,37.447386],[38.089997,37.447791],[38.098365,37.44486],[38.104632,37.439999],[38.115777,37.428925],[38.131995,37.422043],[38.148615,37.417846],[38.165704,37.420458],[38.171262,37.417065],[38.169709,37.411712],[38.171478,37.408962],[38.181798,37.41076],[38.18909,37.415743],[38.192137,37.422707],[38.189429,37.434075],[38.192888,37.444864],[38.198719,37.449972],[38.202859,37.451221],[38.215698,37.451504],[38.229894,37.444454],[38.240017,37.442433],[38.247806,37.443627],[38.269399,37.473279],[38.277052,37.476342],[38.290001,37.475163],[38.300175,37.472848],[38.30783,37.47272],[38.314712,37.480452],[38.32019,37.482891],[38.332797,37.477798],[38.343421,37.477684],[38.377616,37.480518],[38.414277,37.486044],[38.421517,37.486822],[38.469566,37.489892],[38.484829,37.493003],[38.507007,37.503283],[38.526418,37.515261],[38.546015,37.532777],[38.573992,37.559484],[38.596346,37.578883],[38.601307,37.582472],[38.636381,37.604263],[38.659314,37.616499],[38.679008,37.624157],[38.685353,37.625773],[38.70674,37.627093],[38.727611,37.626176],[38.746817,37.628486],[38.762788,37.632503],[38.776744,37.63709],[38.807308,37.641685],[38.824259,37.642407],[38.846968,37.645844],[38.855245,37.649266],[38.855666,37.655991],[38.841272,37.661776],[38.829237,37.663221],[38.81853,37.666696],[38.810201,37.672989],[38.806965,37.682137],[38.807306,37.688339],[38.809871,37.693127],[38.814363,37.696929],[38.818551,37.697588],[38.831945,37.696997],[38.855619,37.692904],[38.861055,37.692641],[38.87061,37.694408],[38.878987,37.699245],[38.884703,37.704111],[38.896286,37.709393],[38.913201,37.712492],[38.915935,37.718953],[38.914326,37.724052],[38.907816,37.730489],[38.90663,37.739825],[38.909981,37.746095],[38.914029,37.748789],[38.927281,37.751982],[38.950596,37.75141],[38.96087,37.754652],[38.962764,37.758581],[38.962294,37.763705],[38.956959,37.77513],[38.956153,37.794666],[38.953887,37.801558],[38.949179,37.805037],[38.942984,37.806024],[38.934564,37.804727],[38.912533,37.796202],[38.902751,37.794416],[38.899245,37.795115],[38.898039,37.799241],[38.901482,37.80597],[38.906914,37.811958],[38.918685,37.821618],[38.924241,37.825061],[38.933467,37.827598],[38.942799,37.828021],[38.967012,37.823648],[38.972708,37.824443],[38.97756,37.828756],[38.975812,37.844677],[38.973948,37.853454],[38.975715,37.862528],[38.98268,37.868263],[38.988838,37.875067],[38.991758,37.880277],[38.99165,37.886109],[38.988851,37.88914],[38.973698,37.893295],[38.972426,37.896857],[38.981914,37.904024],[38.998988,37.912309],[39.011395,37.915431],[39.023463,37.914975],[39.028068,37.917188],[39.034913,37.926916],[39.048413,37.954823],[39.054381,37.959568],[39.057863,37.967765],[39.058392,37.979486],[39.062743,37.988851],[39.087469,38.006329],[39.104383,38.014919],[39.121739,38.020434],[39.132277,38.020341],[39.131677,38.011817],[39.134641,38.00462],[39.146131,37.997847],[39.153509,37.995113],[39.164142,37.996057],[39.175547,37.998801],[39.182321,38.002574],[39.191325,38.003002],[39.196727,38.001888],[39.203587,37.9982],[39.211647,37.984566],[39.223052,37.969217],[39.234971,37.955497],[39.240545,37.951381],[39.255293,37.945379],[39.26747,37.944607],[39.275959,37.945808],[39.293023,37.95584],[39.301941,37.959613],[39.317119,37.963386],[39.325093,37.964158],[39.343958,37.964501],[39.363166,37.963386],[39.38366,37.959785],[39.400981,37.953354],[39.424476,37.938691],[39.441369,37.93003],[39.450458,37.927114],[39.469837,37.923513],[39.475668,37.921026],[39.48613,37.911508],[39.49299,37.908335],[39.50448,37.899761],[39.522573,37.887756],[39.527804,37.882182],[39.528919,37.878152],[39.538094,37.868891],[39.545725,37.865547],[39.562275,37.863317],[39.568963,37.861345],[39.581997,37.853971],[39.594945,37.841451],[39.611323,37.833477],[39.631217,37.822672],[39.642107,37.81787],[39.655227,37.809981],[39.668089,37.806809],[39.678036,37.80698],[39.683867,37.809295],[39.699816,37.825159],[39.710363,37.83725],[39.721425,37.845053],[39.744663,37.856715],[39.759214,37.861993],[39.783677,37.862128],[39.794133,37.860455],[39.804171,37.855018],[39.812404,37.844024],[39.815234,37.831933],[39.816521,37.820014],[39.814977,37.808695],[39.81189,37.794632],[39.806488,37.774138],[39.806145,37.762905],[39.807238,37.755466],[39.811097,37.748649],[39.818043,37.741125],[39.824795,37.73135],[39.828911,37.718037],[39.827432,37.694049],[39.828333,37.685109],[39.83322,37.676234],[39.837529,37.649995],[39.836757,37.632052],[39.842353,37.610894],[39.855408,37.587613],[39.868463,37.570506],[39.8702,37.562403],[39.862096,37.544395],[39.859104,37.533611]]]}},{"type":"Feature","properties":{"id":"TR-P-64","region_id":"TR-R-EGE"},"geometry":{"type":"Polygon","coordinates":[[[30.013348,38.806362],[30.01282,38.789388],[30.011041,38.774905],[30.007785,38.763644],[30.003046,38.760906],[29.991751,38.750337],[29.980344,38.745584],[29.969775,38.743515],[29.957697,38.738259],[29.949813,38.732388],[29.945172,38.731549],[29.936337,38.727132],[29.930465,38.721987],[29.923252,38.718688],[29.91643,38.717402],[29.908322,38.712649],[29.898425,38.695091],[29.894128,38.679322],[29.89711,38.670599],[29.901509,38.646442],[29.903,38.628027],[29.90218,38.623852],[29.890549,38.613414],[29.884287,38.609388],[29.880261,38.604616],[29.863933,38.593805],[29.846934,38.588884],[29.842982,38.586797],[29.838509,38.581652],[29.830904,38.567934],[29.823896,38.56018],[29.815247,38.552352],[29.802871,38.544896],[29.789376,38.533712],[29.761939,38.514775],[29.7559,38.507692],[29.744269,38.49032],[29.743747,38.485176],[29.746953,38.480255],[29.748295,38.466462],[29.747321,38.455964],[29.744418,38.453489],[29.732042,38.452371],[29.721976,38.450432],[29.690215,38.43828],[29.677168,38.431495],[29.661063,38.425605],[29.649134,38.42225],[29.641753,38.421355],[29.625202,38.415316],[29.618641,38.41375],[29.612676,38.407264],[29.611856,38.400703],[29.623966,38.382917],[29.628184,38.365587],[29.628408,38.350824],[29.627587,38.333005],[29.628631,38.325028],[29.631763,38.316379],[29.633701,38.305643],[29.636832,38.296323],[29.642499,38.287153],[29.642872,38.283872],[29.635789,38.278504],[29.625326,38.269035],[29.60184,38.256286],[29.590731,38.252037],[29.577237,38.243761],[29.571645,38.24391],[29.564935,38.258299],[29.559194,38.266873],[29.547787,38.273136],[29.52624,38.277386],[29.49679,38.276044],[29.485233,38.271869],[29.47241,38.273285],[29.463761,38.275298],[29.454516,38.280666],[29.443183,38.292745],[29.432895,38.295876],[29.428645,38.300349],[29.426706,38.305196],[29.415299,38.318392],[29.408365,38.321896],[29.397405,38.324208],[29.380034,38.323835],[29.361022,38.319138],[29.349093,38.314664],[29.343352,38.311533],[29.327809,38.308518],[29.321007,38.30557],[29.306458,38.302394],[29.284224,38.291304],[29.27742,38.285484],[29.267574,38.270918],[29.260703,38.262757],[29.258442,38.255568],[29.25281,38.249021],[29.243101,38.243451],[29.226171,38.238031],[29.221144,38.240185],[29.213399,38.239115],[29.211206,38.228377],[29.205264,38.226866],[29.205092,38.222288],[29.209445,38.214239],[29.213184,38.211438],[29.220715,38.209783],[29.222763,38.202911],[29.220858,38.190952],[29.212646,38.177799],[29.210364,38.16734],[29.207983,38.161954],[29.201682,38.164647],[29.187884,38.176121],[29.183034,38.187201],[29.183224,38.20524],[29.18146,38.21237],[29.177595,38.214367],[29.168623,38.215073],[29.153381,38.219231],[29.146671,38.224972],[29.136456,38.224674],[29.128181,38.228402],[29.1249,38.233248],[29.119159,38.233546],[29.118265,38.240257],[29.114388,38.239735],[29.091349,38.242941],[29.087249,38.245326],[29.070539,38.242344],[29.059859,38.23569],[29.046997,38.229036],[29.036709,38.227638],[29.024574,38.227135],[29.01395,38.234963],[29.00752,38.237759],[28.981126,38.234068],[28.970726,38.231217],[28.955293,38.231608],[28.945619,38.234627],[28.934379,38.236808],[28.923811,38.241841],[28.916653,38.243239],[28.904552,38.241785],[28.888753,38.241538],[28.877481,38.246557],[28.870693,38.246454],[28.86955,38.251503],[28.860916,38.25407],[28.859575,38.256462],[28.848491,38.267954],[28.837232,38.276354],[28.829649,38.279038],[28.827082,38.284463],[28.828132,38.30383],[28.827082,38.308964],[28.824107,38.312405],[28.812615,38.320281],[28.802639,38.320572],[28.797623,38.326814],[28.794589,38.342798],[28.792372,38.345306],[28.782689,38.350907],[28.778022,38.356974],[28.776622,38.365782],[28.78088,38.370274],[28.780005,38.375933],[28.776155,38.384216],[28.77598,38.38865],[28.778139,38.397633],[28.783389,38.407025],[28.787355,38.411167],[28.801123,38.419276],[28.810223,38.427384],[28.811215,38.436485],[28.816815,38.445235],[28.821097,38.455933],[28.824457,38.470436],[28.817457,38.481578],[28.816407,38.485895],[28.810806,38.49762],[28.819207,38.521888],[28.819557,38.534313],[28.816757,38.538863],[28.808123,38.544872],[28.801473,38.547614],[28.800248,38.553447],[28.803748,38.557297],[28.806081,38.563656],[28.810426,38.570701],[28.816115,38.576431],[28.820257,38.57859],[28.822473,38.582673],[28.819965,38.589732],[28.81979,38.596032],[28.821132,38.611141],[28.822648,38.617849],[28.825623,38.622808],[28.833265,38.625666],[28.838032,38.6322],[28.843151,38.642963],[28.842888,38.651801],[28.844113,38.656307],[28.848051,38.660288],[28.85807,38.665407],[28.876883,38.671401],[28.881783,38.675295],[28.907772,38.686845],[28.935904,38.694239],[28.950823,38.698921],[28.956249,38.706665],[28.968455,38.709509],[28.985737,38.715021],[29.003544,38.719265],[29.015576,38.719922],[29.020126,38.722678],[29.032595,38.745035],[29.038195,38.750198],[29.052371,38.758554],[29.055493,38.758904],[29.062712,38.766517],[29.065469,38.773375],[29.065108,38.778067],[29.068225,38.782071],[29.07633,38.796443],[29.078233,38.801595],[29.085026,38.804286],[29.10117,38.826369],[29.111999,38.831751],[29.113863,38.839716],[29.120857,38.842007],[29.123482,38.848603],[29.127516,38.851741],[29.133175,38.860513],[29.140043,38.868582],[29.1484,38.870215],[29.152338,38.868822],[29.159734,38.85888],[29.164643,38.846645],[29.173282,38.840123],[29.177941,38.839276],[29.184039,38.84673],[29.189883,38.849525],[29.194792,38.849859],[29.205983,38.835011],[29.209729,38.833186],[29.219335,38.833282],[29.226683,38.835059],[29.231555,38.837845],[29.242243,38.836932],[29.245653,38.834867],[29.244933,38.829152],[29.252222,38.821913],[29.252815,38.818021],[29.249267,38.814091],[29.239807,38.811308],[29.233133,38.811496],[29.230841,38.809116],[29.229509,38.802401],[29.224914,38.789241],[29.227534,38.782268],[29.243585,38.781243],[29.248281,38.784744],[29.258015,38.78722],[29.266723,38.793709],[29.270992,38.794989],[29.27715,38.799685],[29.285539,38.801222],[29.300721,38.800771],[29.321614,38.808504],[29.330965,38.815798],[29.33809,38.823674],[29.345739,38.824826],[29.365953,38.835698],[29.365825,38.840641],[29.363342,38.846486],[29.365135,38.854115],[29.367696,38.855844],[29.37109,38.863464],[29.384537,38.865385],[29.395039,38.870508],[29.399137,38.876399],[29.422044,38.885353],[29.430598,38.885691],[29.451265,38.879424],[29.458803,38.874257],[29.464661,38.868123],[29.470424,38.864025],[29.475611,38.863704],[29.494053,38.870748],[29.501033,38.87728],[29.50686,38.879905],[29.513904,38.885604],[29.521012,38.893032],[29.538091,38.894549],[29.551959,38.898351],[29.55783,38.898463],[29.567168,38.896562],[29.581371,38.897065],[29.59166,38.900532],[29.602956,38.918034],[29.609498,38.926254],[29.614642,38.935425],[29.619955,38.938612],[29.638352,38.943477],[29.648025,38.950411],[29.660942,38.951585],[29.690131,38.944372],[29.709591,38.934754],[29.718705,38.932741],[29.727932,38.93207],[29.752591,38.92385],[29.760532,38.924409],[29.786421,38.914959],[29.793635,38.914008],[29.805657,38.910374],[29.822432,38.90892],[29.832665,38.905677],[29.838816,38.906683],[29.849553,38.9059],[29.856207,38.902601],[29.866104,38.895723],[29.876673,38.895611],[29.88383,38.90098],[29.896635,38.905453],[29.914026,38.906851],[29.921519,38.910597],[29.9289,38.910989],[29.933317,38.907522],[29.937958,38.898519],[29.937567,38.889628],[29.944109,38.881297],[29.949813,38.87727],[29.956523,38.869666],[29.959543,38.855854],[29.956691,38.844279],[29.958536,38.840421],[29.966532,38.835835],[29.986103,38.831474],[30.006582,38.824112],[30.013159,38.813104],[30.013348,38.806362]]]}},{"type":"Feature","properties":{"id":"TR-P-65","region_id":"TR-R-DOA"},"geometry":{"type":"Polygon","coordinates":[[[44.059963,39.351026],[44.056405,39.346369],[44.05846,39.342563],[44.062126,39.343166],[44.065272,39.339089],[44.072347,39.336652],[44.076954,39.326457],[44.080117,39.324801],[44.077634,39.319028],[44.079685,39.315933],[44.076784,39.308353],[44.078845,39.303903],[44.079172,39.297259],[44.081363,39.293998],[44.088444,39.290815],[44.098226,39.290213],[44.10345,39.285648],[44.108384,39.283643],[44.104145,39.281713],[44.098509,39.27556],[44.094051,39.27607],[44.091803,39.270669],[44.093001,39.263623],[44.089882,39.259299],[44.083551,39.254831],[44.089764,39.246513],[44.093274,39.246457],[44.103194,39.242577],[44.101486,39.231603],[44.098224,39.224317],[44.093085,39.216951],[44.097423,39.212152],[44.096592,39.203582],[44.10235,39.203006],[44.109601,39.199577],[44.113797,39.189469],[44.137281,39.182277],[44.14217,39.185364],[44.147597,39.184197],[44.149736,39.18121],[44.158504,39.179559],[44.161481,39.177382],[44.166646,39.177623],[44.167982,39.175001],[44.17687,39.170733],[44.180868,39.165558],[44.185992,39.162646],[44.19003,39.156734],[44.187978,39.154216],[44.195612,39.149566],[44.202062,39.138789],[44.208147,39.136622],[44.213372,39.130803],[44.211591,39.129319],[44.21067,39.119493],[44.207761,39.113705],[44.21262,39.108758],[44.218094,39.106401],[44.224029,39.094118],[44.220613,39.090494],[44.216085,39.090426],[44.21211,39.087542],[44.207195,39.089521],[44.199701,39.086931],[44.193307,39.080806],[44.190439,39.074838],[44.192874,39.068266],[44.197136,39.061539],[44.200345,39.062255],[44.204925,39.056797],[44.199458,39.046849],[44.196275,39.047527],[44.195362,39.04225],[44.200168,39.037409],[44.204329,39.028364],[44.208277,39.026131],[44.211788,39.02074],[44.202712,39.016636],[44.191353,39.009245],[44.188935,39.011582],[44.179832,39.010413],[44.176038,38.998544],[44.171462,38.991745],[44.1735,38.98794],[44.180935,38.985853],[44.188633,38.980699],[44.189867,38.974603],[44.186634,38.972115],[44.188364,38.967366],[44.181821,38.959632],[44.182856,38.954918],[44.19093,38.951749],[44.199762,38.949715],[44.197413,38.941846],[44.192084,38.935856],[44.188292,38.935382],[44.196805,38.930051],[44.196912,38.92443],[44.199513,38.921864],[44.209416,38.922927],[44.214916,38.920743],[44.22053,38.914274],[44.221196,38.904397],[44.215979,38.902993],[44.209755,38.897542],[44.209961,38.892577],[44.217153,38.883394],[44.221734,38.884449],[44.232617,38.87971],[44.239697,38.871917],[44.245807,38.870173],[44.244056,38.860632],[44.241568,38.858717],[44.245629,38.85058],[44.252099,38.850222],[44.256574,38.846851],[44.270397,38.853656],[44.278414,38.854202],[44.283307,38.847554],[44.292996,38.842464],[44.300333,38.840779],[44.301387,38.836771],[44.294997,38.831336],[44.29763,38.830493],[44.294225,38.825859],[44.301702,38.824315],[44.306406,38.816521],[44.312969,38.810703],[44.315009,38.806842],[44.311949,38.805203],[44.302917,38.804293],[44.299821,38.790671],[44.287349,38.784548],[44.287365,38.781566],[44.291699,38.775848],[44.289186,38.771077],[44.29301,38.764193],[44.28802,38.75862],[44.288457,38.755015],[44.277822,38.746674],[44.277167,38.74041],[44.280627,38.735602],[44.274508,38.726278],[44.269715,38.725615],[44.269389,38.721678],[44.262926,38.722221],[44.26289,38.718958],[44.255242,38.719505],[44.253457,38.717465],[44.261297,38.714237],[44.260129,38.706172],[44.262274,38.703592],[44.266076,38.704869],[44.270991,38.702615],[44.269769,38.696939],[44.274005,38.688277],[44.270502,38.683878],[44.272756,38.680728],[44.28245,38.676411],[44.282694,38.6725],[44.279735,38.668644],[44.282993,38.662317],[44.278866,38.660009],[44.280169,38.658],[44.272728,38.655094],[44.26909,38.649772],[44.27319,38.644993],[44.281961,38.640729],[44.291546,38.64024],[44.298172,38.637009],[44.301675,38.637471],[44.310853,38.632365],[44.320955,38.624056],[44.322448,38.61705],[44.322149,38.610615],[44.316963,38.607383],[44.320438,38.600812],[44.317506,38.598286],[44.321633,38.593643],[44.322855,38.588294],[44.320873,38.586203],[44.324729,38.580935],[44.32519,38.577133],[44.316718,38.574092],[44.316908,38.56953],[44.31145,38.55951],[44.314111,38.553889],[44.317696,38.551526],[44.312482,38.544466],[44.313731,38.541778],[44.310201,38.536455],[44.309223,38.52983],[44.313948,38.52296],[44.313324,38.515601],[44.321633,38.51055],[44.322094,38.504712],[44.325516,38.502675],[44.319841,38.4948],[44.323588,38.488717],[44.324593,38.484047],[44.320003,38.482743],[44.312237,38.475765],[44.313405,38.472615],[44.312156,38.462405],[44.308598,38.458847],[44.310499,38.455181],[44.308816,38.451108],[44.301375,38.447714],[44.30515,38.440979],[44.312427,38.436526],[44.312671,38.434001],[44.317478,38.432779],[44.316147,38.428896],[44.318186,38.417209],[44.317426,38.41344],[44.319298,38.408369],[44.313657,38.404789],[44.310972,38.400206],[44.311108,38.395378],[44.300504,38.394728],[44.30868,38.386197],[44.313086,38.376792],[44.317097,38.3736],[44.329311,38.368921],[44.334326,38.368968],[44.341013,38.372636],[44.350486,38.369386],[44.35578,38.374958],[44.362281,38.375098],[44.364557,38.369711],[44.368225,38.368875],[44.37538,38.359853],[44.38132,38.357909],[44.38699,38.362931],[44.39904,38.367329],[44.409418,38.367241],[44.411969,38.370231],[44.427361,38.374981],[44.43387,38.379203],[44.435541,38.382017],[44.449965,38.385711],[44.449438,38.382369],[44.457002,38.374101],[44.458497,38.369088],[44.462631,38.364162],[44.461663,38.359589],[44.472224,38.356257],[44.485147,38.358445],[44.491216,38.357654],[44.49054,38.355641],[44.499783,38.34947],[44.491304,38.346044],[44.496493,38.344109],[44.500275,38.34622],[44.506872,38.34622],[44.511446,38.342613],[44.510184,38.334694],[44.498252,38.333818],[44.496317,38.331003],[44.499396,38.323879],[44.496757,38.318778],[44.498692,38.311829],[44.497197,38.306992],[44.490588,38.302468],[44.478172,38.302255],[44.475296,38.299955],[44.473889,38.29503],[44.469491,38.294766],[44.457705,38.287378],[44.456562,38.28342],[44.449525,38.282189],[44.433342,38.268732],[44.422893,38.268113],[44.415085,38.26307],[44.413552,38.258441],[44.407314,38.25306],[44.402821,38.252548],[44.402206,38.246503],[44.396665,38.239795],[44.406336,38.231611],[44.41072,38.221018],[44.406779,38.214903],[44.406164,38.204613],[44.399652,38.200864],[44.401024,38.193761],[44.398424,38.19098],[44.400271,38.184647],[44.399295,38.177037],[44.391211,38.166616],[44.393884,38.160013],[44.392155,38.15244],[44.388923,38.145394],[44.379885,38.138479],[44.370718,38.138735],[44.370132,38.136355],[44.363499,38.134476],[44.358932,38.135392],[44.350364,38.134082],[44.349521,38.131522],[44.353258,38.126791],[44.35946,38.122551],[44.358756,38.113843],[44.363236,38.107155],[44.366938,38.104731],[44.359628,38.101442],[44.353503,38.104393],[44.347233,38.101758],[44.339053,38.100691],[44.334359,38.098106],[44.328267,38.100127],[44.330922,38.090525],[44.32793,38.082882],[44.328746,38.078883],[44.323877,38.077632],[44.32086,38.07963],[44.315833,38.074089],[44.311034,38.071004],[44.312977,38.067976],[44.317147,38.068719],[44.319318,38.063063],[44.310977,38.058036],[44.301894,38.05438],[44.307321,38.050495],[44.306064,38.04781],[44.308978,38.043982],[44.297666,38.0293],[44.291782,38.027187],[44.28527,38.020446],[44.280528,38.021074],[44.274529,38.016275],[44.270816,38.010562],[44.266703,37.999194],[44.269959,37.993824],[44.261617,37.98759],[44.260846,37.982854],[44.254194,37.978138],[44.252785,37.974511],[44.244598,37.964655],[44.240767,37.964231],[44.240843,37.956233],[44.24339,37.955458],[44.248536,37.949149],[44.251564,37.941437],[44.24619,37.935709],[44.246441,37.931097],[44.234352,37.925506],[44.234177,37.918298],[44.230368,37.917313],[44.230786,37.911218],[44.225754,37.905768],[44.233225,37.899612],[44.226086,37.890215],[44.222865,37.887589],[44.225788,37.885277],[44.238996,37.883016],[44.240127,37.879387],[44.245065,37.874508],[44.25036,37.874746],[44.258555,37.869039],[44.268804,37.866952],[44.280763,37.872366],[44.287164,37.872035],[44.293995,37.864906],[44.304984,37.867157],[44.310273,37.869313],[44.317728,37.876989],[44.32547,37.874734],[44.33246,37.875091],[44.337778,37.868834],[44.351828,37.86589],[44.358366,37.862419],[44.366356,37.861693],[44.368938,37.864033],[44.389641,37.861581],[44.395071,37.854853],[44.406548,37.846439],[44.404369,37.83974],[44.39695,37.837322],[44.392343,37.829087],[44.393231,37.823518],[44.396688,37.819151],[44.405989,37.818719],[44.41405,37.815186],[44.415854,37.80891],[44.422709,37.80323],[44.425869,37.797909],[44.434707,37.799051],[44.442063,37.803444],[44.448919,37.804372],[44.447366,37.796194],[44.449812,37.78882],[44.449026,37.782178],[44.443527,37.775197],[44.445932,37.77072],[44.434312,37.766951],[44.421323,37.769711],[44.402814,37.768899],[44.387227,37.770929],[44.353943,37.782781],[44.34801,37.783925],[44.338177,37.782363],[44.30813,37.779147],[44.291222,37.773725],[44.280195,37.767293],[44.265217,37.760861],[44.257131,37.752866],[44.244358,37.742299],[44.210267,37.732007],[44.178956,37.731531],[44.161278,37.732203],[44.151819,37.733598],[44.141689,37.738147],[44.131333,37.74746],[44.127273,37.754388],[44.110919,37.75929],[44.096927,37.760851],[44.083791,37.754239],[44.08435,37.765088],[44.090336,37.775365],[44.090838,37.779772],[44.088871,37.785536],[44.088608,37.796037],[44.066574,37.797929],[44.059077,37.79907],[44.040087,37.804938],[44.032263,37.806242],[44.020772,37.804612],[43.994529,37.795647],[43.974562,37.79255],[43.95158,37.781711],[43.928352,37.773887],[43.898116,37.768671],[43.861931,37.76753],[43.837726,37.77079],[43.826316,37.770464],[43.765192,37.762396],[43.729984,37.759136],[43.71727,37.760032],[43.703234,37.762924],[43.689134,37.764463],[43.677222,37.764139],[43.656558,37.769326],[43.642701,37.774269],[43.63087,37.773053],[43.614582,37.764463],[43.600806,37.756117],[43.594729,37.753929],[43.581844,37.745906],[43.574713,37.739829],[43.564178,37.735534],[43.552671,37.733508],[43.536465,37.733022],[43.528523,37.733589],[43.493921,37.738046],[43.478363,37.742827],[43.458104,37.748013],[43.423259,37.755144],[43.403405,37.7579],[43.381364,37.756198],[43.368803,37.750769],[43.362078,37.746798],[43.346924,37.739991],[43.333877,37.736831],[43.328367,37.73675],[43.30981,37.74145],[43.298303,37.742584],[43.268239,37.740963],[43.238824,37.735291],[43.23226,37.734724],[43.20333,37.7344],[43.170754,37.736182],[43.159977,37.739019],[43.137368,37.74777],[43.131209,37.748662],[43.092394,37.748338],[43.074161,37.747122],[43.053173,37.746636],[43.037938,37.747446],[43.014924,37.752065],[42.998798,37.753443],[42.99029,37.752875],[42.971409,37.753362],[42.955283,37.756765],[42.947341,37.759601],[42.941507,37.764707],[42.93154,37.775808],[42.919303,37.782858],[42.915414,37.783507],[42.887132,37.784317],[42.87611,37.789321],[42.860307,37.798548],[42.854278,37.804668],[42.846057,37.818096],[42.835735,37.840659],[42.832811,37.850068],[42.830893,37.867333],[42.829614,37.871626],[42.817282,37.890718],[42.804219,37.907526],[42.788599,37.923146],[42.777637,37.932921],[42.765488,37.941599],[42.76156,37.95183],[42.761925,37.958681],[42.7643,37.969003],[42.76156,37.983162],[42.756992,37.990013],[42.737809,38.004355],[42.720362,38.013216],[42.712141,38.015682],[42.705107,38.01623],[42.690582,38.013124],[42.68364,38.010293],[42.667837,38.005999],[42.654155,37.999693],[42.654769,38.014438],[42.656833,38.021169],[42.663474,38.029695],[42.672629,38.034721],[42.676308,38.043427],[42.677654,38.05303],[42.683309,38.064697],[42.684475,38.072326],[42.690578,38.086327],[42.684745,38.092968],[42.675141,38.097815],[42.665808,38.105713],[42.664192,38.113431],[42.665359,38.123034],[42.673077,38.144394],[42.688155,38.152562],[42.691027,38.159831],[42.697489,38.166832],[42.702694,38.180473],[42.707272,38.183704],[42.719567,38.184961],[42.730068,38.187833],[42.731863,38.189987],[42.733209,38.201475],[42.739222,38.214039],[42.739312,38.218437],[42.73644,38.223553],[42.720554,38.233605],[42.710772,38.244285],[42.704489,38.254516],[42.700899,38.256221],[42.690848,38.255593],[42.68654,38.259811],[42.682591,38.273094],[42.678013,38.278569],[42.675052,38.287723],[42.678911,38.299121],[42.680526,38.308366],[42.682501,38.310878],[42.698745,38.320571],[42.708708,38.323443],[42.718221,38.330175],[42.748915,38.341303],[42.753402,38.347855],[42.758339,38.363471],[42.765249,38.379177],[42.76866,38.384742],[42.777365,38.394524],[42.777545,38.407628],[42.776288,38.412474],[42.773057,38.415346],[42.768391,38.423693],[42.763365,38.440566],[42.759132,38.46025],[42.757339,38.515832],[42.761821,38.552587],[42.786026,38.593825],[42.846986,38.622512],[43.007455,38.684369],[43.063933,38.713057],[43.123997,38.751605],[43.167028,38.783878],[43.20737,38.815255],[43.234264,38.843942],[43.243229,38.864561],[43.245918,38.88518],[43.242332,38.896834],[43.230678,38.908488],[43.217231,38.914764],[43.19213,38.919246],[43.171511,38.920143],[43.149099,38.91835],[43.126687,38.913867],[43.090828,38.913867],[43.080967,38.916557],[43.074018,38.92022],[43.069147,38.925409],[43.063322,38.936953],[43.061521,38.951568],[43.059085,38.959512],[43.054425,38.968937],[43.046059,38.989801],[43.037056,39.001875],[43.027419,39.011513],[43.010113,39.022841],[43.013752,39.028739],[43.013829,39.034008],[43.011659,39.042068],[42.994301,39.062216],[42.993371,39.07291],[42.996238,39.081202],[43.018556,39.100576],[43.025686,39.104606],[43.045912,39.108868],[43.053506,39.112433],[43.082644,39.133279],[43.100391,39.15056],[43.119144,39.162184],[43.14557,39.174738],[43.149832,39.180163],[43.155257,39.191245],[43.153707,39.199769],[43.155722,39.206356],[43.160139,39.210541],[43.162541,39.22108],[43.161301,39.232549],[43.167501,39.243295],[43.168327,39.249495],[43.166778,39.254351],[43.163058,39.258587],[43.149238,39.279149],[43.139164,39.289998],[43.126222,39.302088],[43.119558,39.312704],[43.11731,39.326033],[43.117698,39.33417],[43.120255,39.337813],[43.130717,39.344555],[43.145208,39.350754],[43.15722,39.349902],[43.185195,39.338278],[43.191472,39.338278],[43.205344,39.341532],[43.240139,39.354706],[43.246261,39.358736],[43.25494,39.366563],[43.265867,39.371833],[43.279351,39.380047],[43.282606,39.381132],[43.29733,39.38059],[43.320423,39.377257],[43.33569,39.378265],[43.36878,39.382217],[43.381257,39.379892],[43.392416,39.374158],[43.408612,39.361758],[43.433643,39.350987],[43.446972,39.340525],[43.462316,39.33386],[43.480527,39.328668],[43.503,39.317587],[43.522297,39.300305],[43.531441,39.293098],[43.537098,39.289921],[43.55128,39.285891],[43.564144,39.277987],[43.590259,39.259466],[43.605448,39.239472],[43.613275,39.23335],[43.630091,39.224283],[43.634896,39.220718],[43.650473,39.211962],[43.653882,39.20336],[43.653572,39.20026],[43.661012,39.199795],[43.672326,39.195843],[43.689452,39.192588],[43.703634,39.191735],[43.722542,39.193363],[43.734322,39.196075],[43.739514,39.19933],[43.745093,39.205917],[43.750673,39.218006],[43.76098,39.248694],[43.777294,39.25987],[43.781168,39.265682],[43.782253,39.281104],[43.781014,39.289163],[43.774969,39.30288],[43.773652,39.333568],[43.772334,39.347439],[43.769157,39.364565],[43.771559,39.369603],[43.782641,39.379367],[43.789538,39.382312],[43.807052,39.385954],[43.820148,39.383242],[43.83216,39.37743],[43.852618,39.360536],[43.859128,39.356816],[43.866247,39.354501],[43.897649,39.360172],[43.918555,39.364742],[43.951311,39.365843],[43.966208,39.365335],[43.995917,39.360764],[44.031594,39.352342],[44.038513,39.350184],[44.053622,39.350121],[44.059963,39.351026]]]}},{"type":"Feature","properties":{"id":"TR-P-66","region_id":"TR-R-ICA"},"geometry":{"type":"Polygon","coordinates":[[[35.451011,40.233825],[35.448839,40.23064],[35.449315,40.225976],[35.458452,40.220932],[35.463972,40.216268],[35.47054,40.213793],[35.480057,40.206084],[35.48967,40.196947],[35.49462,40.189903],[35.499474,40.179719],[35.500806,40.165443],[35.498903,40.156496],[35.499093,40.143266],[35.501948,40.138602],[35.508706,40.13213],[35.524315,40.128133],[35.54811,40.12661],[35.560103,40.124421],[35.581232,40.114712],[35.592368,40.111952],[35.609976,40.11062],[35.620731,40.113761],[35.633295,40.115664],[35.648428,40.111096],[35.660325,40.109192],[35.667369,40.106717],[35.674507,40.094725],[35.676791,40.0893],[35.682216,40.082447],[35.690211,40.082066],[35.699634,40.083875],[35.708676,40.08692],[35.732756,40.090156],[35.741513,40.095867],[35.753124,40.097009],[35.765973,40.096343],[35.782059,40.098627],[35.795003,40.10291],[35.803569,40.103196],[35.823556,40.095677],[35.830695,40.095391],[35.84402,40.097771],[35.855536,40.10548],[35.866577,40.108621],[35.875714,40.108716],[35.891704,40.102244],[35.907123,40.101197],[35.922637,40.103005],[35.930727,40.102815],[35.950429,40.095391],[35.962327,40.086635],[35.964896,40.081114],[35.966324,40.068265],[35.964516,40.059985],[35.947193,40.048183],[35.942339,40.042186],[35.941387,40.029908],[35.943576,40.021723],[35.953761,39.996786],[35.959376,39.9906],[35.97508,39.979178],[35.983647,39.969375],[35.994126,39.954793],[35.996686,39.946913],[36.000588,39.927972],[36.00154,39.917979],[36.008203,39.904939],[36.022003,39.884285],[36.028095,39.877337],[36.038755,39.867629],[36.05998,39.860967],[36.067689,39.857255],[36.075018,39.855446],[36.083108,39.850307],[36.086344,39.845833],[36.086249,39.832604],[36.081871,39.821277],[36.076921,39.817565],[36.066452,39.81452],[36.058552,39.809856],[36.050271,39.801575],[36.042562,39.797197],[36.044656,39.784158],[36.04418,39.778923],[36.046845,39.775972],[36.047797,39.767692],[36.055601,39.762457],[36.068355,39.759697],[36.085202,39.75332],[36.102905,39.743421],[36.110329,39.736759],[36.119657,39.730477],[36.12432,39.728859],[36.138407,39.72667],[36.148876,39.720579],[36.153255,39.715153],[36.15335,39.708586],[36.146306,39.701257],[36.14526,39.69469],[36.150875,39.689836],[36.155634,39.680223],[36.154873,39.676511],[36.148305,39.670039],[36.147258,39.666327],[36.15097,39.648433],[36.157062,39.643484],[36.158775,39.639106],[36.158109,39.629969],[36.155729,39.62264],[36.154777,39.61179],[36.152969,39.606745],[36.147639,39.599512],[36.139168,39.59085],[36.138597,39.584664],[36.14031,39.576098],[36.139739,39.560584],[36.140405,39.550875],[36.136408,39.546878],[36.126414,39.541453],[36.115278,39.528604],[36.107569,39.522036],[36.103762,39.514993],[36.086915,39.502715],[36.081966,39.490437],[36.066833,39.480443],[36.058076,39.467975],[36.053127,39.456078],[36.045227,39.447987],[36.03904,39.435995],[36.031141,39.431236],[36.020956,39.431712],[36.012676,39.434853],[36.006585,39.441039],[35.999065,39.443038],[35.993831,39.442848],[35.984408,39.445989],[35.963945,39.458457],[35.941863,39.460361],[35.933963,39.46274],[35.917307,39.46255],[35.910074,39.458457],[35.904268,39.449034],[35.899699,39.437232],[35.896844,39.424954],[35.896082,39.417245],[35.899509,39.398685],[35.898557,39.390976],[35.895797,39.386407],[35.892656,39.376794],[35.889801,39.372796],[35.890943,39.359091],[35.888183,39.342339],[35.879045,39.335867],[35.869528,39.325588],[35.859344,39.318545],[35.855632,39.314642],[35.852338,39.307097],[35.845025,39.309433],[35.836755,39.309915],[35.82985,39.306463],[35.816201,39.29458],[35.808815,39.279245],[35.793078,39.27226],[35.772042,39.256282],[35.762006,39.252348],[35.754218,39.246326],[35.748438,39.238458],[35.748036,39.233159],[35.741051,39.229626],[35.7213,39.224648],[35.712709,39.221597],[35.691192,39.207306],[35.680112,39.201927],[35.660441,39.196306],[35.626238,39.189321],[35.610421,39.187956],[35.585692,39.187394],[35.557671,39.190124],[35.538402,39.18908],[35.519454,39.189723],[35.506527,39.194139],[35.49617,39.19454],[35.490068,39.190927],[35.482762,39.184665],[35.466624,39.172621],[35.462609,39.164512],[35.455785,39.154717],[35.449362,39.141228],[35.443501,39.126214],[35.442617,39.121076],[35.44437,39.114572],[35.448438,39.106437],[35.457645,39.090914],[35.458501,39.08235],[35.456936,39.075177],[35.453242,39.069878],[35.437345,39.059682],[35.412054,39.037201],[35.406113,39.026603],[35.403062,39.024033],[35.388048,39.015683],[35.378815,39.005487],[35.376486,39.000669],[35.368444,38.991918],[35.364376,38.978751],[35.3617,38.967082],[35.359452,38.9628],[35.357785,38.954198],[35.336757,38.955949],[35.30796,38.965797],[35.283766,38.975218],[35.263903,38.977421],[35.248006,38.982239],[35.225365,38.991713],[35.211154,38.998377],[35.206497,39.001829],[35.180483,39.017164],[35.162178,39.023507],[35.147565,39.025193],[35.131427,39.024952],[35.116814,39.023748],[35.102443,39.025273],[35.092407,39.025434],[35.070086,39.019091],[35.059723,39.010815],[35.049638,39.017384],[35.043732,39.026142],[35.044595,39.032246],[35.0436,39.038019],[35.044595,39.046711],[35.041145,39.055138],[35.034244,39.065024],[35.029666,39.067877],[35.023296,39.066816],[35.018054,39.068673],[35.017988,39.077166],[35.006576,39.083868],[35.006509,39.085991],[35.011751,39.097802],[35.010557,39.114257],[34.992244,39.12766],[34.978083,39.135529],[34.96157,39.142134],[34.947151,39.154217],[34.937082,39.165816],[34.937888,39.170166],[34.958106,39.183134],[34.967047,39.208347],[34.969705,39.221557],[34.9689,39.234606],[34.966113,39.245397],[34.955124,39.248595],[34.950425,39.260841],[34.945059,39.262751],[34.940988,39.26192],[34.934399,39.257416],[34.926947,39.257636],[34.925725,39.271499],[34.927014,39.278184],[34.923469,39.287287],[34.917428,39.294858],[34.907842,39.300497],[34.898176,39.302672],[34.882147,39.303236],[34.87095,39.304766],[34.851296,39.308713],[34.841388,39.311371],[34.821814,39.318621],[34.801354,39.329012],[34.788627,39.33457],[34.760032,39.341417],[34.748513,39.343431],[34.737478,39.344075],[34.725395,39.348102],[34.72032,39.353258],[34.710251,39.369046],[34.697444,39.374362],[34.675212,39.385397],[34.665868,39.391117],[34.651208,39.406421],[34.643394,39.412946],[34.637675,39.414154],[34.620757,39.411998],[34.617715,39.422143],[34.602001,39.444641],[34.593555,39.451771],[34.576042,39.461463],[34.557005,39.470946],[34.536238,39.478423],[34.522254,39.487145],[34.516647,39.495383],[34.515401,39.509851],[34.518516,39.519057],[34.521562,39.535325],[34.524746,39.54204],[34.5289,39.554916],[34.537691,39.570076],[34.540876,39.576998],[34.539491,39.582536],[34.531461,39.590981],[34.522393,39.597142],[34.49588,39.605934],[34.487088,39.609326],[34.473382,39.612372],[34.465698,39.615418],[34.462306,39.620471],[34.461664,39.625862],[34.463942,39.631294],[34.453195,39.633718],[34.453672,39.640556],[34.457338,39.64431],[34.464228,39.646568],[34.469418,39.651512],[34.467822,39.669698],[34.454059,39.673815],[34.427499,39.676552],[34.326474,39.703416],[34.284531,39.715835],[34.247957,39.728963],[34.22244,39.746444],[34.213241,39.75834],[34.19309,39.773909],[34.187725,39.777277],[34.18244,39.786235],[34.176816,39.791442],[34.165689,39.791365],[34.148404,39.789334],[34.121533,39.792253],[34.115495,39.79324],[34.08951,39.80225],[34.071443,39.812602],[34.06572,39.82448],[34.06488,39.849629],[34.075822,39.857873],[34.077631,39.866315],[34.077812,39.874818],[34.072867,39.889291],[34.072203,39.899904],[34.081249,39.911422],[34.085531,39.913111],[34.102898,39.914196],[34.122436,39.913834],[34.132567,39.91287],[34.144688,39.913473],[34.153553,39.915161],[34.171885,39.922337],[34.180509,39.923905],[34.190278,39.922518],[34.206198,39.919021],[34.214219,39.922217],[34.229355,39.92282],[34.236772,39.921433],[34.244762,39.927902],[34.249557,39.931021],[34.259386,39.934096],[34.275789,39.937534],[34.296955,39.935604],[34.310343,39.936207],[34.327228,39.939524],[34.334886,39.945916],[34.349842,39.954539],[34.355933,39.964851],[34.367149,39.975947],[34.374385,39.98047],[34.399592,39.991385],[34.41491,39.998682],[34.425825,40.002059],[34.430769,40.001999],[34.453022,39.997536],[34.469484,39.993013],[34.481244,39.989094],[34.493907,39.988852],[34.502893,39.987103],[34.515134,39.982943],[34.533768,39.974018],[34.549508,39.963464],[34.555598,39.96051],[34.578634,39.95267],[34.589549,39.949534],[34.603902,39.947906],[34.617711,39.948147],[34.63134,39.956288],[34.641049,39.965635],[34.645029,39.975827],[34.651915,39.988277],[34.652041,39.99157],[34.649002,40.002399],[34.651471,40.007022],[34.663567,40.020067],[34.671799,40.024563],[34.711568,40.019687],[34.734429,40.018104],[34.742661,40.016901],[34.754429,40.011919],[34.773934,40.005924],[34.793269,40.005502],[34.800277,40.006346],[34.808383,40.009048],[34.834811,40.016478],[34.845112,40.022135],[34.852289,40.027961],[34.858706,40.036405],[34.867403,40.043244],[34.874327,40.046031],[34.883614,40.045355],[34.896449,40.037165],[34.898137,40.02222],[34.898137,40.010906],[34.903794,40.00128],[34.910043,39.998072],[34.914771,39.997565],[34.926507,40.001787],[34.944999,40.006515],[34.956904,40.007022],[34.967374,40.006008],[34.980968,40.001111],[34.9949,40.000351],[35.003512,40.001871],[35.017021,40.002462],[35.03585,40.002293],[35.040748,40.003138],[35.048262,40.009048],[35.075619,40.018758],[35.097319,40.024922],[35.112517,40.026188],[35.129826,40.023993],[35.148993,40.025428],[35.158197,40.027708],[35.169304,40.033341],[35.173741,40.04038],[35.172135,40.053079],[35.157774,40.06697],[35.152202,40.076258],[35.139959,40.092132],[35.131515,40.101673],[35.130249,40.106317],[35.131515,40.11189],[35.137003,40.116787],[35.148318,40.122866],[35.15617,40.130043],[35.166556,40.13646],[35.182092,40.140682],[35.199401,40.143215],[35.206915,40.146761],[35.207169,40.155289],[35.19881,40.15968],[35.180741,40.157907],[35.163516,40.159933],[35.159547,40.161537],[35.151526,40.169981],[35.148402,40.17834],[35.146291,40.193369],[35.146122,40.205444],[35.148487,40.219713],[35.156339,40.227312],[35.16284,40.229423],[35.172044,40.228916],[35.182345,40.224188],[35.187918,40.21946],[35.205649,40.20747],[35.22338,40.198351],[35.231233,40.195734],[35.242716,40.194889],[35.248542,40.199702],[35.255043,40.20291],[35.297598,40.228157],[35.320649,40.23964],[35.33019,40.243777],[35.350455,40.247914],[35.369875,40.254585],[35.37211,40.252654],[35.386482,40.246658],[35.398714,40.246777],[35.416934,40.244356],[35.431714,40.238367],[35.451011,40.233825]]]}},{"type":"Feature","properties":{"id":"TR-P-67","region_id":"TR-R-KAR"},"geometry":{"type":"Polygon","coordinates":[[[32.322951,41.32024],[32.320282,41.315642],[32.312377,41.308197],[32.295373,41.29873],[32.287285,41.288987],[32.282138,41.28485],[32.272578,41.281082],[32.242155,41.27428],[32.229562,41.272258],[32.207503,41.270052],[32.199139,41.26849],[32.190315,41.264445],[32.181123,41.258103],[32.168255,41.24496],[32.163752,41.238526],[32.15695,41.231632],[32.150424,41.220878],[32.147207,41.213433],[32.14638,41.200565],[32.144541,41.186961],[32.14785,41.168854],[32.151895,41.160031],[32.153365,41.152769],[32.153549,41.139625],[32.149229,41.132456],[32.136729,41.119129],[32.128548,41.111408],[32.122298,41.107455],[32.109798,41.101941],[32.103548,41.091462],[32.102169,41.083558],[32.102812,41.077951],[32.106397,41.069035],[32.110073,41.064439],[32.126342,41.051571],[32.131581,41.044034],[32.13535,41.034291],[32.137832,41.023262],[32.141233,41.012967],[32.134814,41.008991],[32.127061,41.009833],[32.09925,41.008822],[32.089137,41.009581],[32.06318,41.013963],[32.045482,41.021801],[32.03419,41.022728],[32.010593,41.02711],[31.998036,41.031998],[31.98767,41.031239],[31.973174,41.02711],[31.955392,41.025172],[31.940897,41.02239],[31.932806,41.01784],[31.926064,41.01548],[31.886455,41.007137],[31.881651,41.00503],[31.858939,41.004229],[31.85738,41.00621],[31.849543,41.005872],[31.844655,41.007979],[31.840188,41.0068],[31.829064,41.008485],[31.827336,41.006294],[31.819372,41.009243],[31.801337,41.011013],[31.777656,41.015143],[31.76928,41.019243],[31.744283,41.02475],[31.724984,41.029891],[31.712258,41.031661],[31.69397,41.032588],[31.670963,41.033009],[31.65158,41.035537],[31.62891,41.036296],[31.603796,41.036296],[31.558624,41.035032],[31.53646,41.03343],[31.515138,41.031155],[31.509913,41.029891],[31.498705,41.021716],[31.494659,41.019862],[31.486822,41.019441],[31.478731,41.020705],[31.472748,41.024582],[31.464742,41.032503],[31.460528,41.040088],[31.454881,41.047252],[31.443926,41.053657],[31.426902,41.06023],[31.410468,41.061326],[31.39926,41.062843],[31.380888,41.066803],[31.37482,41.069416],[31.365128,41.075905],[31.357291,41.084923],[31.351139,41.088462],[31.336812,41.090822],[31.322148,41.091075],[31.305293,41.089979],[31.297118,41.09217],[31.288943,41.097733],[31.28178,41.107087],[31.277899,41.114871],[31.290632,41.11801],[31.299807,41.119277],[31.316478,41.128252],[31.330048,41.132333],[31.334319,41.134818],[31.34403,41.1483],[31.347357,41.158424],[31.358076,41.166459],[31.366357,41.170889],[31.372772,41.176391],[31.384595,41.183879],[31.383634,41.187404],[31.386016,41.192128],[31.399764,41.202072],[31.408007,41.21048],[31.409958,41.21549],[31.408889,41.220346],[31.402366,41.222996],[31.399452,41.231036],[31.400235,41.236317],[31.40387,41.236725],[31.404234,41.240284],[31.397934,41.243163],[31.403218,41.243768],[31.402755,41.245798],[31.408832,41.249526],[31.403748,41.248336],[31.406311,41.253947],[31.403775,41.25659],[31.40411,41.261595],[31.413145,41.265509],[31.417951,41.262563],[31.420852,41.269354],[31.420257,41.27849],[31.406179,41.289617],[31.396274,41.287231],[31.39276,41.292872],[31.393982,41.30005],[31.392484,41.304892],[31.397813,41.310274],[31.396629,41.313324],[31.405718,41.317193],[31.41127,41.31424],[31.42219,41.315712],[31.437533,41.327248],[31.446838,41.327586],[31.450497,41.330272],[31.459569,41.331309],[31.468049,41.329342],[31.473611,41.339239],[31.476593,41.342559],[31.489367,41.352647],[31.498079,41.355883],[31.508675,41.357173],[31.521977,41.362904],[31.535173,41.366922],[31.54433,41.366457],[31.553783,41.369946],[31.581212,41.376734],[31.590496,41.375655],[31.595445,41.381598],[31.604814,41.380541],[31.614045,41.381757],[31.623285,41.384847],[31.628902,41.390607],[31.637394,41.395027],[31.646981,41.403596],[31.651758,41.402437],[31.656551,41.403613],[31.669713,41.40958],[31.679427,41.410013],[31.686703,41.411809],[31.695776,41.416982],[31.700552,41.417993],[31.708994,41.423767],[31.718505,41.42556],[31.728372,41.433875],[31.736094,41.438716],[31.741225,41.439735],[31.750004,41.444828],[31.755858,41.452437],[31.755795,41.454686],[31.765543,41.456172],[31.766939,41.45486],[31.781661,41.455348],[31.786708,41.45285],[31.788157,41.460501],[31.786917,41.464674],[31.79302,41.467039],[31.796268,41.465601],[31.802508,41.470706],[31.801518,41.473577],[31.814432,41.47621],[31.816376,41.478786],[31.83155,41.485516],[31.833077,41.492575],[31.841221,41.499417],[31.853932,41.505608],[31.862406,41.511138],[31.87365,41.51513],[31.883572,41.515208],[31.900304,41.519867],[31.910196,41.524563],[31.91937,41.527424],[31.931055,41.533624],[31.951616,41.537056],[31.956286,41.538517],[31.964035,41.543344],[31.977924,41.545231],[31.997129,41.549005],[32.010293,41.554601],[32.03585,41.576633],[32.04396,41.580091],[32.062899,41.585232],[32.088992,41.588777],[32.095246,41.582031],[32.121225,41.566459],[32.124925,41.561602],[32.13194,41.559598],[32.138107,41.559906],[32.148514,41.55451],[32.156608,41.543949],[32.153756,41.529765],[32.159383,41.520515],[32.158073,41.509491],[32.160848,41.50502],[32.16848,41.502553],[32.175109,41.504557],[32.182587,41.511033],[32.189525,41.515195],[32.189987,41.524677],[32.186826,41.529842],[32.186749,41.53439],[32.191375,41.540943],[32.202398,41.547958],[32.214886,41.551427],[32.221516,41.549962],[32.222749,41.546108],[32.21743,41.539016],[32.21982,41.535161],[32.227143,41.529071],[32.229071,41.525679],[32.227606,41.522133],[32.216891,41.514116],[32.216737,41.510339],[32.225293,41.495076],[32.232617,41.485671],[32.234698,41.477808],[32.230998,41.469328],[32.232154,41.464317],[32.246107,41.455992],[32.249653,41.452523],[32.256822,41.449285],[32.273615,41.445945],[32.278343,41.442142],[32.279576,41.438031],[32.278137,41.427135],[32.271867,41.410587],[32.273923,41.397431],[32.280193,41.39003],[32.290368,41.382527],[32.290677,41.371015],[32.285846,41.357242],[32.280707,41.348095],[32.279987,41.340386],[32.284304,41.327949],[32.287799,41.326202],[32.309897,41.320549],[32.322951,41.32024]]]}},{"type":"Feature","properties":{"id":"TR-P-68","region_id":"TR-R-ICA"},"geometry":{"type":"Polygon","coordinates":[[[34.241629,38.833025],[34.250893,38.824003],[34.256934,38.81627],[34.275541,38.799677],[34.283435,38.790414],[34.283919,38.785661],[34.281905,38.77672],[34.2695,38.758516],[34.271433,38.745789],[34.271675,38.727342],[34.265714,38.710749],[34.261042,38.70068],[34.251779,38.67579],[34.249201,38.655088],[34.25194,38.639945],[34.259431,38.629795],[34.285368,38.615216],[34.290524,38.613363],[34.298901,38.607644],[34.307681,38.604341],[34.331121,38.597495],[34.356092,38.593709],[34.367047,38.588151],[34.377599,38.58807],[34.38356,38.586379],[34.397576,38.574215],[34.406195,38.563502],[34.410222,38.562455],[34.430601,38.559958],[34.43914,38.555769],[34.446389,38.548278],[34.446873,38.537323],[34.445664,38.527657],[34.443812,38.522905],[34.439704,38.518555],[34.421741,38.503733],[34.416344,38.496645],[34.408289,38.483999],[34.4012,38.470869],[34.397253,38.461847],[34.394837,38.45057],[34.394595,38.436957],[34.396609,38.430191],[34.402811,38.419316],[34.407886,38.413356],[34.438979,38.39064],[34.461385,38.376087],[34.478355,38.369214],[34.483084,38.364055],[34.467383,38.361361],[34.454561,38.356344],[34.442483,38.344173],[34.427711,38.334511],[34.422601,38.328843],[34.422694,38.320667],[34.426317,38.302271],[34.430219,38.291866],[34.434957,38.283782],[34.435701,38.269382],[34.433936,38.261484],[34.427153,38.254702],[34.398816,38.242252],[34.382371,38.227852],[34.360538,38.2115],[34.346973,38.202116],[34.335174,38.196634],[34.319101,38.196356],[34.307859,38.193847],[34.304979,38.190595],[34.290113,38.164488],[34.282959,38.145163],[34.274783,38.130948],[34.266236,38.119985],[34.258524,38.115247],[34.255458,38.114875],[34.221918,38.123051],[34.201107,38.126488],[34.198227,38.127789],[34.185777,38.129369],[34.175929,38.128718],[34.162364,38.126024],[34.152051,38.121564],[34.140345,38.109672],[34.124364,38.089975],[34.11944,38.085237],[34.108291,38.078083],[34.099744,38.067584],[34.097978,38.062474],[34.089988,38.052998],[34.076517,38.043057],[34.068506,38.038435],[34.064615,38.043084],[34.048007,38.052991],[34.034876,38.059182],[34.012177,38.078879],[34.002047,38.094449],[33.996044,38.106454],[33.991167,38.114146],[33.981225,38.1239],[33.975222,38.127652],[33.963404,38.129903],[33.939392,38.128778],[33.92476,38.122587],[33.909565,38.11696],[33.891908,38.108002],[33.865177,38.08929],[33.851811,38.081411],[33.828596,38.065935],[33.801302,38.051303],[33.791594,38.05074],[33.779635,38.053413],[33.767536,38.058337],[33.758531,38.06298],[33.738694,38.079441],[33.733769,38.088727],[33.72378,38.101952],[33.709992,38.110957],[33.697875,38.113841],[33.673395,38.109198],[33.657567,38.105294],[33.633614,38.098329],[33.621057,38.09337],[33.6085,38.085034],[33.585286,38.062347],[33.581593,38.057599],[33.572834,38.039555],[33.570513,38.026365],[33.567347,38.017923],[33.563338,38.011803],[33.556162,38.003784],[33.543922,37.993443],[33.527144,37.985318],[33.511633,37.979409],[33.491162,37.974238],[33.456974,37.96949],[33.447688,37.971495],[33.437558,37.97962],[33.422996,37.995237],[33.406219,38.018134],[33.398199,38.023622],[33.374879,38.035651],[33.351982,38.045886],[33.342379,38.051162],[33.326974,38.065091],[33.321592,38.070789],[33.316211,38.080391],[33.309457,38.088938],[33.301649,38.096325],[33.278751,38.111097],[33.265245,38.124709],[33.263873,38.130829],[33.265878,38.135578],[33.271365,38.14117],[33.288248,38.152883],[33.297217,38.161536],[33.303654,38.171877],[33.305236,38.176836],[33.30397,38.183062],[33.294473,38.209547],[33.283288,38.237193],[33.274319,38.247323],[33.26324,38.251438],[33.250788,38.253338],[33.241186,38.25376],[33.221665,38.249434],[33.212063,38.250172],[33.200561,38.24975],[33.192753,38.25281],[33.18505,38.259247],[33.179985,38.269377],[33.175975,38.281195],[33.175553,38.290903],[33.178824,38.298078],[33.185894,38.307469],[33.212801,38.333427],[33.223986,38.345562],[33.228313,38.354004],[33.231478,38.366982],[33.231689,38.377007],[33.228207,38.391147],[33.23649,38.419215],[33.247605,38.43455],[33.267584,38.465503],[33.277151,38.48126],[33.292064,38.502083],[33.330473,38.563706],[33.335538,38.577354],[33.37009,38.631013],[33.393003,38.665859],[33.40971,38.696886],[33.454161,38.668732],[33.487462,38.649092],[33.525032,38.648239],[33.577546,38.653362],[33.641586,38.672574],[33.656956,38.678124],[33.674461,38.685382],[33.700266,38.700692],[33.704027,38.70401],[33.71289,38.708877],[33.726164,38.717921],[33.737696,38.723894],[33.743836,38.733518],[33.755202,38.738496],[33.759267,38.74198],[33.762005,38.74729],[33.767481,38.76239],[33.773371,38.772096],[33.777685,38.782218],[33.780257,38.803374],[33.780257,38.819054],[33.781585,38.834652],[33.784239,38.850664],[33.787641,38.860288],[33.79909,38.883933],[33.801413,38.89115],[33.790628,38.902766],[33.782995,38.914464],[33.778598,38.918114],[33.773786,38.919607],[33.759516,38.929397],[33.74201,38.944994],[33.732967,38.956775],[33.726496,38.960675],[33.720191,38.966316],[33.71961,38.976438],[33.721103,38.981093],[33.727824,38.985573],[33.749062,38.991298],[33.761507,38.99221],[33.778349,38.991962],[33.787226,38.989473],[33.814107,38.988975],[33.830036,38.996939],[33.855921,39.017598],[33.872763,39.028051],[33.879317,39.029959],[33.888277,39.030042],[33.895138,39.037832],[33.904875,39.037866],[33.930243,39.04593],[33.947681,39.050877],[33.956419,39.05245],[33.962405,39.050967],[33.964183,39.046937],[33.965108,39.03495],[33.97013,39.032659],[33.977988,39.023116],[33.98551,39.006745],[33.988054,39.003315],[33.997346,38.98451],[34.006196,38.973116],[34.021682,38.961501],[34.04635,38.949886],[34.055642,38.947453],[34.06051,38.940152],[34.063386,38.923338],[34.063165,38.915484],[34.067368,38.899444],[34.07489,38.889378],[34.08197,38.882298],[34.094249,38.873891],[34.106417,38.867917],[34.11593,38.864156],[34.133408,38.855528],[34.140916,38.844024],[34.14299,38.833736],[34.144069,38.818636],[34.145728,38.812995],[34.156265,38.802458],[34.161491,38.799886],[34.168626,38.799057],[34.175678,38.800052],[34.208408,38.810299],[34.226079,38.826725],[34.241629,38.833025]]]}},{"type":"Feature","properties":{"id":"TR-P-69","region_id":"TR-R-KAR"},"geometry":{"type":"Polygon","coordinates":[[[40.476409,40.527736],[40.479169,40.524405],[40.485261,40.521169],[40.501346,40.516981],[40.520191,40.518789],[40.527044,40.518409],[40.536562,40.520503],[40.549696,40.520503],[40.558072,40.521359],[40.576537,40.529925],[40.586377,40.535417],[40.585906,40.515723],[40.581854,40.490658],[40.579121,40.485193],[40.571489,40.476901],[40.564421,40.461353],[40.564516,40.448632],[40.55547,40.429033],[40.557072,40.420269],[40.562725,40.411883],[40.575917,40.400104],[40.580535,40.393979],[40.583079,40.384368],[40.584775,40.372495],[40.582231,40.36147],[40.570829,40.351671],[40.559239,40.347525],[40.545953,40.347148],[40.534928,40.344321],[40.526259,40.337065],[40.525882,40.329244],[40.528803,40.32491],[40.537472,40.307477],[40.545293,40.288349],[40.550853,40.283543],[40.564704,40.277512],[40.575352,40.266393],[40.586942,40.261211],[40.594198,40.253767],[40.603998,40.249244],[40.617001,40.23803],[40.628026,40.230209],[40.635847,40.222012],[40.650829,40.219562],[40.659122,40.220975],[40.667885,40.226723],[40.682867,40.231811],[40.693327,40.231152],[40.702373,40.226817],[40.707744,40.222954],[40.712078,40.214096],[40.712549,40.203072],[40.705859,40.18856],[40.699263,40.172259],[40.695211,40.155957],[40.687108,40.140692],[40.680417,40.131081],[40.674292,40.124296],[40.664022,40.117983],[40.652054,40.116192],[40.643103,40.113837],[40.637826,40.11035],[40.621053,40.102812],[40.612101,40.098006],[40.574692,40.081328],[40.56395,40.077653],[40.542749,40.071716],[40.525316,40.068795],[40.511559,40.062953],[40.506942,40.057394],[40.506282,40.053153],[40.491488,40.03214],[40.479144,40.025638],[40.469816,40.016498],[40.449556,40.0083],[40.442772,40.006133],[40.429486,40.005002],[40.411111,40.001893],[40.399144,40.002552],[40.389344,40.004531],[40.372571,40.010468],[40.357511,40.015036],[40.339047,40.018557],[40.330766,40.013322],[40.320296,40.015226],[40.308018,40.014369],[40.29533,40.02237],[40.274772,40.037313],[40.252785,40.048639],[40.245266,40.050258],[40.238223,40.049401],[40.225279,40.045499],[40.21262,40.039693],[40.199105,40.037408],[40.175596,40.038075],[40.158368,40.033601],[40.15104,40.029128],[40.146281,40.028081],[40.138095,40.030556],[40.129244,40.04093],[40.111541,40.052161],[40.09536,40.053398],[40.066426,40.063011],[40.058241,40.066533],[40.048913,40.078716],[40.045011,40.080715],[40.033304,40.07805],[40.008653,40.071006],[39.978576,40.064249],[39.974484,40.061203],[39.970486,40.054255],[39.958589,40.045308],[39.950975,40.041787],[39.933938,40.036552],[39.930416,40.033887],[39.924039,40.021514],[39.910809,40.009902],[39.897484,40.000194],[39.890156,39.997909],[39.87645,39.996196],[39.869597,39.992199],[39.862744,39.984965],[39.853988,39.97935],[39.84742,39.966405],[39.841424,39.963074],[39.83143,39.960504],[39.8261,39.957554],[39.819819,39.945942],[39.813918,39.941088],[39.808588,39.939565],[39.798023,39.925574],[39.791653,39.922992],[39.788868,39.930996],[39.787631,39.943084],[39.784966,39.948128],[39.776114,39.960597],[39.770974,39.966593],[39.761361,39.969353],[39.753271,39.978205],[39.748417,39.982107],[39.723861,39.98896],[39.714534,39.990959],[39.706919,39.994766],[39.697592,40.002475],[39.682554,40.009518],[39.672179,40.019512],[39.670561,40.023224],[39.668753,40.045686],[39.662757,40.061486],[39.651906,40.072812],[39.651526,40.077666],[39.654095,40.08747],[39.657236,40.094418],[39.658283,40.105839],[39.662566,40.11726],[39.670561,40.12754],[39.678556,40.131537],[39.681412,40.135535],[39.68341,40.142959],[39.686266,40.144957],[39.695212,40.145909],[39.713296,40.1461],[39.717294,40.146766],[39.734331,40.154856],[39.764217,40.155332],[39.797434,40.159996],[39.802098,40.161899],[39.80619,40.167515],[39.809427,40.175319],[39.823894,40.194165],[39.831698,40.215961],[39.833221,40.22881],[39.83284,40.252985],[39.831984,40.269451],[39.826463,40.275637],[39.826463,40.292198],[39.823227,40.296672],[39.817897,40.315517],[39.818088,40.323893],[39.822085,40.332744],[39.826844,40.340359],[39.842168,40.346545],[39.857587,40.361488],[39.861489,40.369579],[39.868628,40.376527],[39.871673,40.383665],[39.872054,40.392326],[39.867295,40.402415],[39.865201,40.4106],[39.865296,40.420309],[39.871007,40.438773],[39.876432,40.443723],[39.887663,40.448672],[39.897371,40.458666],[39.903177,40.461616],[39.917549,40.464376],[39.925068,40.474656],[39.932587,40.4797],[39.940773,40.480747],[39.958381,40.486077],[39.963711,40.488742],[39.977131,40.493215],[39.985887,40.494072],[39.998736,40.492359],[40.018058,40.495595],[40.031097,40.495595],[40.037664,40.498165],[40.042804,40.504256],[40.053845,40.507207],[40.068122,40.508634],[40.078972,40.513298],[40.090298,40.520246],[40.09658,40.529002],[40.097436,40.53576],[40.106954,40.542708],[40.118852,40.546896],[40.121136,40.551084],[40.124658,40.565646],[40.128835,40.573844],[40.143591,40.572431],[40.154918,40.570432],[40.176523,40.562437],[40.19337,40.554823],[40.212691,40.553204],[40.226397,40.546732],[40.235153,40.537215],[40.253332,40.523509],[40.266371,40.516846],[40.276936,40.514277],[40.293117,40.514943],[40.336518,40.519892],[40.357648,40.519131],[40.36945,40.522462],[40.377921,40.521129],[40.381157,40.519131],[40.40181,40.51342],[40.406093,40.51323],[40.420751,40.518464],[40.430935,40.51856],[40.440929,40.517227],[40.459869,40.51875],[40.476409,40.527736]]]}},{"type":"Feature","properties":{"id":"TR-P-70","region_id":"TR-R-ICA"},"geometry":{"type":"Polygon","coordinates":[[[34.291891,37.215511],[34.270335,37.209982],[34.264035,37.207317],[34.253615,37.205782],[34.243437,37.20239],[34.232856,37.201501],[34.217428,37.190354],[34.210562,37.188093],[34.194731,37.18575],[34.18843,37.18365],[34.174457,37.183246],[34.166379,37.185912],[34.129869,37.19197],[34.111534,37.190031],[34.061777,37.182196],[34.055315,37.180096],[34.046753,37.174927],[34.037949,37.174684],[34.028014,37.169919],[34.016221,37.167899],[34.006851,37.164264],[33.998289,37.147787],[33.989969,37.124039],[33.986819,37.11887],[33.966222,37.105623],[33.951198,37.099888],[33.945947,37.097061],[33.930681,37.091083],[33.918,37.085025],[33.90136,37.079129],[33.896271,37.075413],[33.880521,37.059824],[33.875674,37.052473],[33.861135,37.033492],[33.854511,37.031068],[33.843445,37.023395],[33.827129,37.014267],[33.800716,37.011198],[33.782219,37.008129],[33.777453,37.008048],[33.750071,37.012894],[33.726566,37.019841],[33.709845,37.025818],[33.702414,37.027191],[33.679151,37.034461],[33.672205,37.035915],[33.659927,37.036803],[33.634887,37.036319],[33.628829,37.033734],[33.617682,37.025899],[33.608151,37.015802],[33.600801,37.00304],[33.58925,36.986239],[33.57358,36.977515],[33.557587,36.97485],[33.53812,36.9738],[33.530527,36.975657],[33.509365,36.978969],[33.499914,36.978646],[33.483436,36.976465],[33.464777,36.976465],[33.454438,36.974769],[33.431579,36.966288],[33.397977,36.959987],[33.366233,36.959503],[33.356944,36.959987],[33.349836,36.957403],[33.333278,36.947064],[33.32835,36.941813],[33.308803,36.933332],[33.287398,36.926385],[33.277624,36.924124],[33.265751,36.923397],[33.257593,36.925012],[33.249596,36.928243],[33.23336,36.930182],[33.219306,36.928889],[33.213167,36.926466],[33.202909,36.910635],[33.197093,36.906273],[33.190227,36.904577],[33.179727,36.9049],[33.173911,36.90183],[33.170195,36.880506],[33.16446,36.865563],[33.159533,36.856193],[33.149759,36.845369],[33.140794,36.843915],[33.127143,36.844965],[33.118985,36.847792],[33.114623,36.850943],[33.114623,36.854174],[33.109292,36.85902],[33.110907,36.864836],[33.103314,36.865159],[33.102345,36.872429],[33.096045,36.872509],[33.081829,36.868713],[33.06422,36.868551],[33.037241,36.869198],[33.013494,36.861686],[32.999358,36.854739],[32.985465,36.856678],[32.977953,36.856193],[32.95779,36.851347],[32.953913,36.848378],[32.952277,36.841957],[32.944826,36.825842],[32.942766,36.808577],[32.944038,36.799793],[32.948219,36.790221],[32.959547,36.783739],[32.968149,36.76714],[32.974874,36.760234],[32.98069,36.752419],[32.982265,36.748299],[32.98178,36.735093],[32.980508,36.727581],[32.975994,36.71508],[32.977991,36.697993],[32.976305,36.693244],[32.978834,36.687475],[32.986912,36.687785],[33.011588,36.69462],[33.032048,36.700878],[33.054816,36.702742],[33.058677,36.701677],[33.065468,36.692046],[33.068841,36.673095],[33.0739,36.665062],[33.083043,36.659736],[33.09325,36.641318],[33.098177,36.631021],[33.107142,36.619792],[33.111225,36.61713],[33.127735,36.613402],[33.143357,36.612336],[33.161421,36.604658],[33.176821,36.595072],[33.204464,36.562821],[33.209789,36.55862],[33.218074,36.540216],[33.223012,36.53245],[33.222061,36.529518],[33.211487,36.525526],[33.202402,36.526245],[33.187353,36.530387],[33.167972,36.540876],[33.162897,36.544192],[33.152003,36.553455],[33.144749,36.564525],[33.13168,36.576497],[33.121944,36.581596],[33.115788,36.580958],[33.108302,36.575768],[33.097782,36.572289],[33.083091,36.572358],[33.064928,36.564774],[33.050903,36.555838],[33.047352,36.550158],[33.036841,36.542923],[33.033024,36.535378],[33.032803,36.527834],[33.046428,36.500805],[33.051717,36.49184],[33.053078,36.482313],[33.05148,36.465803],[33.046983,36.447281],[33.044379,36.4416],[33.034496,36.436037],[33.019643,36.437813],[33.010649,36.436866],[32.995736,36.437398],[32.98544,36.436333],[32.977274,36.436925],[32.950704,36.446038],[32.947508,36.447932],[32.921708,36.456098],[32.907624,36.460122],[32.901825,36.462903],[32.894605,36.464323],[32.878983,36.469117],[32.848508,36.479531],[32.831465,36.48249],[32.814896,36.482904],[32.806848,36.482076],[32.792113,36.482668],[32.757377,36.487165],[32.741932,36.485804],[32.719623,36.48539],[32.707433,36.487106],[32.694621,36.495035],[32.674028,36.502768],[32.662588,36.505924],[32.637418,36.509395],[32.620297,36.510106],[32.614616,36.509632],[32.609487,36.506713],[32.604122,36.500401],[32.590946,36.492037],[32.581793,36.483832],[32.568597,36.480086],[32.565789,36.482615],[32.559151,36.484333],[32.541814,36.490581],[32.531975,36.495422],[32.516903,36.508542],[32.488722,36.525214],[32.475192,36.52867],[32.470389,36.531364],[32.464825,36.538217],[32.459906,36.546241],[32.447899,36.554909],[32.437708,36.557134],[32.434252,36.559243],[32.430387,36.570488],[32.417619,36.578512],[32.411176,36.580503],[32.406666,36.584076],[32.410532,36.596844],[32.41469,36.606157],[32.415803,36.618339],[32.419142,36.640829],[32.420375,36.64512],[32.420589,36.655034],[32.418878,36.663949],[32.41146,36.674861],[32.410319,36.68128],[32.423085,36.695401],[32.424364,36.698526],[32.421678,36.708339],[32.412011,36.733983],[32.427974,36.742053],[32.444039,36.745218],[32.47253,36.746247],[32.499516,36.748305],[32.525711,36.747276],[32.538295,36.748305],[32.559346,36.748859],[32.576757,36.747751],[32.58934,36.74878],[32.623132,36.755032],[32.636349,36.760809],[32.651926,36.771335],[32.657097,36.7764],[32.660895,36.782731],[32.673452,36.795921],[32.687064,36.808055],[32.704158,36.819979],[32.721991,36.826838],[32.730116,36.833064],[32.76441,36.849103],[32.777706,36.856806],[32.799865,36.866724],[32.809045,36.875271],[32.811472,36.878859],[32.819702,36.904817],[32.821602,36.917268],[32.820758,36.926554],[32.824134,36.939427],[32.825717,36.950085],[32.824556,36.960953],[32.819702,36.968762],[32.808412,36.97541],[32.799759,36.98153],[32.795749,36.986173],[32.799878,37.00113],[32.801302,37.011735],[32.800907,37.033973],[32.796791,37.048297],[32.795367,37.057003],[32.795446,37.07291],[32.78959,37.080982],[32.788798,37.084385],[32.793151,37.102666],[32.793151,37.116437],[32.790935,37.124192],[32.779539,37.143977],[32.77487,37.149517],[32.774157,37.158618],[32.775661,37.169223],[32.779539,37.175],[32.78682,37.178403],[32.796791,37.186713],[32.801302,37.197871],[32.800274,37.203728],[32.792122,37.209347],[32.790539,37.216074],[32.788798,37.230477],[32.788719,37.241082],[32.778273,37.258651],[32.77764,37.261816],[32.777402,37.28176],[32.776057,37.30566],[32.777877,37.312624],[32.782942,37.320301],[32.794655,37.33328],[32.799403,37.335496],[32.822828,37.33597],[32.840556,37.332805],[32.849499,37.33051],[32.86042,37.332093],[32.878701,37.339848],[32.890176,37.346575],[32.894687,37.351798],[32.89627,37.359079],[32.893342,37.37277],[32.892709,37.379893],[32.901889,37.391368],[32.911386,37.398174],[32.9193,37.401182],[32.934257,37.41052],[32.947553,37.415981],[32.961956,37.42429],[32.973985,37.434737],[32.979763,37.44368],[32.982691,37.455709],[32.987997,37.46568],[33.002067,37.48791],[33.007413,37.494382],[33.015855,37.497477],[33.024859,37.49804],[33.054264,37.491568],[33.06763,37.491146],[33.094502,37.494522],[33.13066,37.501416],[33.147403,37.508873],[33.152749,37.51239],[33.156829,37.519706],[33.158658,37.534761],[33.161894,37.542921],[33.170054,37.554036],[33.1754,37.557553],[33.192706,37.5591],[33.200162,37.556146],[33.204946,37.551644],[33.222251,37.544187],[33.236602,37.535323],[33.246169,37.530399],[33.259675,37.522098],[33.272338,37.51239],[33.284156,37.50423],[33.293582,37.499165],[33.296396,37.494663],[33.299351,37.475388],[33.30118,37.469901],[33.307933,37.463992],[33.314124,37.46357],[33.326927,37.466947],[33.346764,37.468776],[33.368431,37.468494],[33.391364,37.470745],[33.414297,37.474966],[33.440184,37.481016],[33.464806,37.487206],[33.493507,37.495507],[33.505325,37.499587],[33.516862,37.511265],[33.525726,37.528007],[33.528258,37.536027],[33.527977,37.552629],[33.533745,37.576828],[33.536278,37.583581],[33.539514,37.596665],[33.544156,37.606514],[33.55386,37.61179],[33.576177,37.613056],[33.591372,37.612819],[33.617554,37.609996],[33.641507,37.603032],[33.697116,37.585727],[33.706296,37.580978],[33.743545,37.555337],[33.762222,37.544574],[33.779843,37.536554],[33.791345,37.530012],[33.807068,37.515134],[33.835136,37.489598],[33.850225,37.477674],[33.857611,37.467756],[33.864681,37.45446],[33.866053,37.447074],[33.874495,37.433145],[33.887262,37.42597],[33.898342,37.421432],[33.910371,37.418267],[33.92525,37.416684],[33.938545,37.410353],[33.958383,37.402756],[33.971467,37.401278],[33.991199,37.397374],[34.013464,37.389143],[34.021378,37.382918],[34.033724,37.376692],[34.064113,37.36614],[34.089333,37.350207],[34.103156,37.334273],[34.113075,37.326887],[34.131857,37.316968],[34.147474,37.311164],[34.153911,37.307577],[34.169105,37.296392],[34.178075,37.291327],[34.190209,37.283202],[34.204679,37.278031],[34.215125,37.272254],[34.222564,37.265765],[34.236968,37.255476],[34.254062,37.240202],[34.262293,37.236166],[34.291891,37.215511]]]}},{"type":"Feature","properties":{"id":"TR-P-71","region_id":"TR-R-ICA"},"geometry":{"type":"Polygon","coordinates":[[[33.970828,40.248028],[33.970197,40.241532],[33.974793,40.230194],[33.978241,40.226747],[33.986285,40.22284],[34.00714,40.215611],[34.023361,40.212165],[34.03227,40.208971],[34.041768,40.202079],[34.049668,40.195187],[34.058914,40.181235],[34.06058,40.173649],[34.051484,40.161678],[34.055441,40.155374],[34.056459,40.145311],[34.054659,40.139496],[34.057434,40.135016],[34.063578,40.131051],[34.070773,40.128396],[34.076248,40.123122],[34.078551,40.11723],[34.078947,40.109491],[34.083209,40.103015],[34.084151,40.088405],[34.090302,40.081568],[34.089994,40.074883],[34.09361,40.067962],[34.098818,40.069062],[34.105093,40.065483],[34.123376,40.061044],[34.134711,40.05684],[34.151826,40.040926],[34.158282,40.030192],[34.164737,40.023961],[34.173595,40.019457],[34.179075,40.013227],[34.188758,39.996262],[34.19574,39.987929],[34.208276,39.97772],[34.216983,39.969163],[34.226892,39.955426],[34.230016,39.946137],[34.235309,39.935665],[34.244762,39.927902],[34.236772,39.921433],[34.229355,39.92282],[34.214219,39.922217],[34.206198,39.919021],[34.190278,39.922518],[34.180509,39.923905],[34.171885,39.922337],[34.153553,39.915161],[34.144688,39.913473],[34.132567,39.91287],[34.122436,39.913834],[34.102898,39.914196],[34.085531,39.913111],[34.081249,39.911422],[34.072203,39.899904],[34.072867,39.889291],[34.077812,39.874818],[34.077631,39.866315],[34.075822,39.857873],[34.06488,39.849629],[34.06572,39.82448],[34.071443,39.812602],[34.08951,39.80225],[34.115495,39.79324],[34.121533,39.792253],[34.112202,39.785835],[34.103315,39.783127],[34.093804,39.777296],[34.085542,39.775143],[34.071032,39.777365],[34.061451,39.77792],[34.053606,39.77681],[34.044303,39.773338],[34.036458,39.766604],[34.028612,39.754593],[34.016949,39.746609],[34.012922,39.745012],[33.984385,39.738649],[33.976892,39.732665],[33.975141,39.722028],[33.971885,39.718656],[33.962455,39.713956],[33.960158,39.705925],[33.964115,39.69197],[33.963976,39.679404],[33.962518,39.67142],[33.957589,39.665172],[33.945856,39.657396],[33.933706,39.652814],[33.923848,39.653022],[33.918085,39.651703],[33.911906,39.646426],[33.909557,39.639322],[33.905114,39.634971],[33.884101,39.623955],[33.869012,39.615254],[33.865495,39.611921],[33.861051,39.601739],[33.856799,39.575143],[33.833169,39.566883],[33.815715,39.558763],[33.804086,39.55087],[33.787378,39.543426],[33.765199,39.535549],[33.752154,39.533207],[33.745379,39.529673],[33.731844,39.526666],[33.730992,39.519376],[33.736268,39.512896],[33.747932,39.504842],[33.756171,39.497067],[33.75904,39.492901],[33.758543,39.486629],[33.754875,39.476516],[33.750617,39.471703],[33.738305,39.472443],[33.717292,39.477442],[33.707387,39.482441],[33.698223,39.489106],[33.69415,39.4954],[33.687947,39.49864],[33.679894,39.500306],[33.671667,39.500168],[33.663544,39.498015],[33.653894,39.491559],[33.642577,39.476563],[33.638967,39.4733],[33.620499,39.463996],[33.605295,39.457193],[33.597797,39.452333],[33.573845,39.438933],[33.567944,39.433726],[33.560793,39.423035],[33.550726,39.417619],[33.545172,39.4188],[33.525663,39.429144],[33.499003,39.433657],[33.477828,39.438725],[33.455403,39.433102],[33.449918,39.430741],[33.425573,39.413701],[33.419479,39.395837],[33.415556,39.398644],[33.407996,39.396734],[33.403543,39.397644],[33.385905,39.409644],[33.38327,39.414211],[33.385084,39.418653],[33.392517,39.421823],[33.395092,39.42457],[33.393023,39.431704],[33.386752,39.435635],[33.385969,39.43841],[33.390871,39.445973],[33.394059,39.457136],[33.391882,39.465639],[33.385323,39.465601],[33.365755,39.470191],[33.358125,39.473011],[33.34893,39.480304],[33.345841,39.487175],[33.344202,39.495307],[33.3425,39.516109],[33.3398,39.529976],[33.332824,39.556452],[33.324335,39.574774],[33.323327,39.581918],[33.319881,39.593517],[33.317695,39.607048],[33.317443,39.628481],[33.3124,39.646467],[33.307526,39.652939],[33.295339,39.657561],[33.263232,39.666134],[33.24844,39.671849],[33.240371,39.676472],[33.23348,39.686306],[33.233143,39.693786],[33.238102,39.707149],[33.244826,39.71236],[33.250709,39.714209],[33.264639,39.72457],[33.268193,39.728646],[33.284204,39.736947],[33.292212,39.747139],[33.306408,39.756057],[33.311414,39.760152],[33.31378,39.764884],[33.313689,39.773893],[33.30923,39.78536],[33.290028,39.804015],[33.284568,39.808565],[33.281471,39.815235],[33.283656,39.820362],[33.28332,39.825825],[33.295171,39.83381],[33.301222,39.848854],[33.304584,39.854906],[33.305845,39.860789],[33.305509,39.875077],[33.306349,39.877935],[33.314946,39.890369],[33.317685,39.901195],[33.321278,39.909579],[33.336438,39.926178],[33.345431,39.92912],[33.355349,39.935003],[33.365939,39.948955],[33.371055,39.960386],[33.372883,39.962214],[33.395072,39.972804],[33.404654,39.976082],[33.415117,39.984528],[33.420412,39.987428],[33.44632,39.998144],[33.455334,40.00035],[33.460882,39.999972],[33.478658,40.002368],[33.484079,40.004889],[33.49656,40.008608],[33.515849,40.010625],[33.523476,40.012895],[33.534192,40.018883],[33.544845,40.029473],[33.556381,40.039811],[33.560037,40.045043],[33.571636,40.052166],[33.583108,40.062315],[33.585188,40.065908],[33.585468,40.08081],[33.583613,40.094139],[33.578307,40.108605],[33.573336,40.119376],[33.571905,40.130825],[33.576198,40.142425],[33.584183,40.150409],[33.588476,40.159749],[33.60072,40.189998],[33.60212,40.196021],[33.60311,40.220468],[33.606564,40.22652],[33.605205,40.231817],[33.608372,40.237314],[33.61434,40.241476],[33.61765,40.247402],[33.612567,40.25396],[33.612228,40.259771],[33.625648,40.274681],[33.631476,40.278073],[33.646323,40.282285],[33.648732,40.291877],[33.658519,40.295725],[33.66001,40.305604],[33.656317,40.321858],[33.65929,40.324226],[33.669419,40.329812],[33.673644,40.330407],[33.684959,40.32937],[33.69227,40.332779],[33.712097,40.330627],[33.729216,40.326748],[33.738733,40.327887],[33.748036,40.324583],[33.784141,40.327709],[33.811511,40.318083],[33.815222,40.313461],[33.815852,40.300716],[33.817743,40.289721],[33.821665,40.280057],[33.829158,40.271653],[33.838542,40.267381],[33.854579,40.268782],[33.873977,40.269272],[33.890154,40.271373],[33.913334,40.270953],[33.92692,40.269622],[33.936584,40.266961],[33.945058,40.261009],[33.95052,40.255827],[33.957733,40.251555],[33.970828,40.248028]]]}},{"type":"Feature","properties":{"id":"TR-P-72","region_id":"TR-R-GDA"},"geometry":{"type":"Polygon","coordinates":[[[41.661166,38.261056],[41.657282,38.256752],[41.649173,38.250967],[41.640417,38.24183],[41.638418,38.23669],[41.631851,38.225459],[41.629662,38.218511],[41.630233,38.213372],[41.642225,38.195383],[41.651838,38.173587],[41.656692,38.155408],[41.655265,38.149126],[41.647079,38.135801],[41.637086,38.129615],[41.619953,38.123143],[41.613672,38.117527],[41.612434,38.114005],[41.614338,38.1003],[41.621476,38.090401],[41.621571,38.085737],[41.614719,38.080693],[41.593399,38.081454],[41.577218,38.080693],[41.560277,38.068796],[41.546571,38.063846],[41.53296,38.060551],[41.52054,38.056268],[41.507797,38.054983],[41.497839,38.051985],[41.493128,38.048665],[41.484058,38.039186],[41.478959,38.038656],[41.475318,38.030248],[41.471412,38.028526],[41.463334,38.020052],[41.457309,38.016807],[41.453668,38.017867],[41.438627,38.011617],[41.4352,38.005407],[41.430596,38.006156],[41.428561,38.002195],[41.417533,37.999196],[41.407896,37.994485],[41.402221,37.986347],[41.395582,37.985705],[41.388622,37.9826],[41.375559,37.972856],[41.372561,37.96429],[41.373525,37.95658],[41.375773,37.95219],[41.38466,37.945016],[41.393869,37.940091],[41.400293,37.935379],[41.40372,37.929918],[41.408217,37.918783],[41.413357,37.910216],[41.420531,37.903471],[41.441732,37.893513],[41.45972,37.886124],[41.471178,37.882591],[41.485312,37.880449],[41.502122,37.880342],[41.532104,37.880985],[41.547094,37.881734],[41.578467,37.881199],[41.592066,37.880342],[41.604487,37.881413],[41.623975,37.879486],[41.641749,37.875096],[41.657918,37.868671],[41.666055,37.862675],[41.677727,37.856143],[41.699463,37.834621],[41.701712,37.829695],[41.702782,37.817275],[41.701283,37.807424],[41.686935,37.777764],[41.684365,37.76984],[41.674694,37.733248],[41.677882,37.725912],[41.682012,37.729092],[41.696372,37.727798],[41.700138,37.724031],[41.702374,37.715556],[41.711085,37.713202],[41.711673,37.709907],[41.720118,37.706757],[41.722293,37.699757],[41.722905,37.677127],[41.724527,37.673508],[41.717357,37.669452],[41.712785,37.664966],[41.705453,37.660222],[41.700881,37.647628],[41.699587,37.633395],[41.697603,37.622441],[41.692773,37.615195],[41.686303,37.610709],[41.679575,37.610709],[41.670518,37.62546],[41.662496,37.632533],[41.658269,37.630894],[41.645934,37.611831],[41.638084,37.591128],[41.628423,37.580605],[41.610395,37.574135],[41.603581,37.570426],[41.593661,37.561973],[41.589003,37.555331],[41.569767,37.5392],[41.562607,37.535232],[41.548471,37.530051],[41.534142,37.528763],[41.52543,37.524277],[41.516114,37.523501],[41.505159,37.527642],[41.501018,37.528159],[41.488942,37.525399],[41.480316,37.519533],[41.473243,37.512374],[41.464789,37.506422],[41.455818,37.50392],[41.440464,37.502799],[41.429768,37.502971],[41.404063,37.506767],[41.390779,37.507284],[41.378185,37.506594],[41.350927,37.506767],[41.315906,37.510649],[41.29529,37.511597],[41.281661,37.510476],[41.267773,37.505473],[41.261821,37.505214],[41.250349,37.510476],[41.239739,37.510131],[41.228698,37.506077],[41.21757,37.505818],[41.204545,37.504265],[41.190312,37.501246],[41.185309,37.502281],[41.178064,37.505991],[41.166419,37.514185],[41.152876,37.526175],[41.146751,37.528849],[41.130621,37.534025],[41.123979,37.539287],[41.120874,37.54567],[41.118803,37.557832],[41.119148,37.56758],[41.120874,37.582071],[41.119925,37.592767],[41.114663,37.603291],[41.115784,37.614332],[41.11104,37.623303],[41.103277,37.629083],[41.094651,37.633913],[41.080332,37.649698],[41.079814,37.655995],[41.082574,37.666605],[41.08361,37.677301],[41.078175,37.687135],[41.069463,37.693518],[41.06308,37.702748],[41.057732,37.708182],[41.052384,37.717412],[41.044383,37.734425],[41.04911,37.749846],[41.052859,37.77076],[41.05128,37.778574],[41.039034,37.777761],[41.027338,37.770343],[41.017938,37.773475],[41.020197,37.776097],[41.028733,37.781139],[41.032071,37.785206],[41.031054,37.791569],[41.027197,37.793471],[41.022325,37.791248],[41.01587,37.783679],[41.011775,37.781616],[41.005432,37.781771],[40.991061,37.787382],[40.990606,37.791835],[40.987012,37.801087],[40.987211,37.808061],[40.995147,37.812002],[40.999477,37.818477],[40.999848,37.831501],[40.998903,37.845999],[41.009137,37.850903],[41.017041,37.862766],[41.022196,37.865365],[41.026494,37.869701],[41.031395,37.878983],[41.036782,37.884137],[41.051593,37.891259],[41.069661,37.894195],[41.077824,37.89948],[41.079529,37.904985],[41.08296,37.90749],[41.092972,37.9087],[41.099259,37.914722],[41.102673,37.921926],[41.106336,37.93416],[41.116297,37.940551],[41.124948,37.94191],[41.130844,37.947862],[41.133541,37.959077],[41.136138,37.965287],[41.143212,37.976509],[41.150584,37.981359],[41.154803,37.986185],[41.15405,37.989838],[41.146284,38.000191],[41.144169,38.007748],[41.145577,38.010708],[41.15759,38.022456],[41.167266,38.033315],[41.170584,38.038705],[41.172546,38.045442],[41.172295,38.051732],[41.174146,38.055819],[41.184781,38.064083],[41.197185,38.067246],[41.201792,38.069552],[41.209064,38.082661],[41.214418,38.097418],[41.213103,38.102043],[41.214942,38.109173],[41.221117,38.117384],[41.216316,38.132575],[41.217394,38.140498],[41.213346,38.144262],[41.203967,38.148451],[41.202079,38.152184],[41.202622,38.169368],[41.190254,38.172886],[41.181815,38.181719],[41.172554,38.183365],[41.166149,38.186173],[41.164389,38.189131],[41.16495,38.200182],[41.168198,38.203305],[41.172465,38.222626],[41.178358,38.245349],[41.183147,38.277293],[41.186205,38.289046],[41.178699,38.305811],[41.177889,38.312607],[41.185502,38.312625],[41.1941,38.315632],[41.200265,38.322909],[41.212781,38.343862],[41.220981,38.361877],[41.238345,38.368974],[41.240348,38.371116],[41.234376,38.381528],[41.233202,38.387086],[41.235653,38.396224],[41.240579,38.406647],[41.242744,38.409012],[41.253503,38.413905],[41.263069,38.415182],[41.265711,38.417481],[41.268775,38.426273],[41.272676,38.431826],[41.284834,38.44218],[41.301605,38.450527],[41.314217,38.450242],[41.318002,38.451698],[41.324227,38.460192],[41.331187,38.46313],[41.339126,38.462438],[41.346422,38.458974],[41.355767,38.459785],[41.360541,38.473143],[41.366159,38.478118],[41.37208,38.47847],[41.37492,38.483085],[41.382813,38.485475],[41.392771,38.483903],[41.412637,38.488059],[41.431546,38.497746],[41.448052,38.503558],[41.460606,38.506503],[41.472308,38.510378],[41.488969,38.518127],[41.498889,38.528821],[41.503306,38.539051],[41.50842,38.55517],[41.534444,38.536367],[41.549535,38.523348],[41.558313,38.518712],[41.578829,38.511019],[41.592539,38.507172],[41.611476,38.504904],[41.62558,38.504213],[41.629526,38.502734],[41.632583,38.496914],[41.641263,38.472454],[41.643334,38.46338],[41.641953,38.455489],[41.643137,38.42008],[41.640474,38.404595],[41.63495,38.393647],[41.636726,38.377175],[41.636821,38.355863],[41.637602,38.342143],[41.641506,38.326639],[41.642398,38.315707],[41.645298,38.298195],[41.661327,38.267936],[41.661166,38.261056]]]}},{"type":"Feature","properties":{"id":"TR-P-73","region_id":"TR-R-GDA"},"geometry":{"type":"Polygon","coordinates":[[[43.493921,37.738046],[43.494483,37.732897],[43.494146,37.706943],[43.492191,37.681191],[43.492865,37.670472],[43.484978,37.66063],[43.478641,37.647686],[43.462125,37.630698],[43.444058,37.611014],[43.401251,37.582992],[43.391633,37.579037],[43.372577,37.574543],[43.330512,37.562499],[43.316669,37.556476],[43.311906,37.550903],[43.310557,37.543892],[43.311816,37.526006],[43.313523,37.511354],[43.313703,37.493108],[43.311276,37.474412],[43.307771,37.456076],[43.311636,37.4452],[43.326736,37.417785],[43.33204,37.409605],[43.342466,37.376887],[43.345432,37.341113],[43.340207,37.325854],[43.326668,37.325279],[43.32456,37.320321],[43.31818,37.316882],[43.316885,37.308523],[43.318475,37.304712],[43.308957,37.302005],[43.300464,37.303077],[43.294803,37.306088],[43.290156,37.310927],[43.269653,37.312934],[43.269721,37.327878],[43.256334,37.327901],[43.249804,37.329446],[43.241897,37.343944],[43.234426,37.346769],[43.224688,37.346865],[43.220124,37.345289],[43.212259,37.345384],[43.201149,37.348481],[43.194942,37.356387],[43.186785,37.358419],[43.179497,37.356542],[43.169768,37.356026],[43.166256,37.358928],[43.162698,37.356714],[43.161048,37.361532],[43.152773,37.364582],[43.152162,37.369296],[43.146054,37.372034],[43.137344,37.369227],[43.126358,37.371993],[43.120047,37.370115],[43.116489,37.371824],[43.109783,37.370751],[43.107906,37.36828],[43.099039,37.365471],[43.085924,37.36725],[43.079373,37.365328],[43.071067,37.365486],[43.067076,37.359735],[43.061841,37.356372],[43.051609,37.354427],[43.04318,37.354402],[43.035737,37.352706],[43.02156,37.352786],[43.022511,37.347351],[43.021073,37.342769],[43.014687,37.337943],[43.011128,37.331459],[42.988914,37.325271],[42.976201,37.324279],[42.973437,37.325058],[42.959141,37.311307],[42.954982,37.311897],[42.952974,37.315017],[42.947397,37.318159],[42.933811,37.317876],[42.9215,37.326075],[42.904534,37.329218],[42.896595,37.32728],[42.88022,37.337489],[42.871194,37.335882],[42.86394,37.344223],[42.860584,37.343821],[42.850834,37.347695],[42.841879,37.342751],[42.836253,37.341817],[42.82689,37.34754],[42.827084,37.352757],[42.821692,37.359551],[42.8258,37.360583],[42.826131,37.368993],[42.817449,37.373957],[42.815035,37.373237],[42.797164,37.377948],[42.78926,37.379311],[42.784394,37.374113],[42.77939,37.374483],[42.773473,37.364049],[42.7608,37.353985],[42.755193,37.347502],[42.749587,37.347989],[42.744953,37.345497],[42.741974,37.33947],[42.73836,37.336153],[42.734153,37.335392],[42.735844,37.329869],[42.732695,37.321196],[42.735341,37.317647],[42.730011,37.316551],[42.729805,37.319287],[42.72552,37.317893],[42.723829,37.312147],[42.715818,37.310476],[42.713039,37.30695],[42.706348,37.306198],[42.701272,37.308538],[42.690639,37.309318],[42.687299,37.307004],[42.692743,37.30054],[42.689647,37.293765],[42.696282,37.294205],[42.697317,37.290717],[42.692341,37.289569],[42.69047,37.285982],[42.687265,37.286379],[42.681847,37.279943],[42.684898,37.277589],[42.682275,37.269791],[42.675413,37.269394],[42.677043,37.272471],[42.671004,37.270401],[42.659662,37.270486],[42.660569,37.267679],[42.654728,37.266275],[42.654005,37.263964],[42.658188,37.262263],[42.650362,37.255756],[42.650801,37.251729],[42.65599,37.246058],[42.647158,37.240799],[42.646704,37.235893],[42.637134,37.231399],[42.633803,37.224977],[42.628841,37.222793],[42.630641,37.218795],[42.621468,37.21752],[42.617399,37.218172],[42.617655,37.215251],[42.612919,37.214627],[42.613614,37.211452],[42.618619,37.205313],[42.607419,37.19451],[42.6005,37.190242],[42.598104,37.182657],[42.589783,37.17201],[42.585912,37.171528],[42.585317,37.164993],[42.578909,37.157082],[42.579462,37.152517],[42.582481,37.14764],[42.576414,37.141997],[42.561343,37.14781],[42.549165,37.149148],[42.543793,37.144503],[42.539256,37.143326],[42.529946,37.145188],[42.523205,37.141914],[42.511519,37.142834],[42.506504,37.136664],[42.501384,37.134534],[42.489051,37.135973],[42.485893,37.138178],[42.47568,37.13703],[42.472143,37.140413],[42.466341,37.140966],[42.451832,37.134934],[42.448101,37.132027],[42.442146,37.13276],[42.440757,37.128039],[42.433309,37.127074],[42.428923,37.128065],[42.424279,37.12472],[42.410709,37.120231],[42.408689,37.114173],[42.40203,37.113843],[42.397076,37.110927],[42.385394,37.11051],[42.373921,37.115141],[42.369227,37.1185],[42.361676,37.114995],[42.360945,37.111866],[42.356189,37.109989],[42.35137,37.117686],[42.35452,37.127512],[42.34676,37.134104],[42.334272,37.146705],[42.328774,37.159493],[42.327191,37.16874],[42.319818,37.182986],[42.320443,37.187152],[42.324137,37.194003],[42.330149,37.201731],[42.337779,37.209693],[42.347193,37.213677],[42.347769,37.215935],[42.340214,37.222018],[42.342338,37.2323],[42.337751,37.237791],[42.327767,37.240356],[42.315538,37.247767],[42.308302,37.258979],[42.291206,37.265165],[42.288964,37.267917],[42.285576,37.280544],[42.279533,37.281196],[42.270039,37.273817],[42.263073,37.271782],[42.254646,37.273312],[42.246771,37.279033],[42.235283,37.283347],[42.223555,37.278494],[42.216775,37.277168],[42.20863,37.278267],[42.205713,37.280956],[42.208062,37.283987],[42.206357,37.290919],[42.220184,37.30573],[42.224729,37.309329],[42.224123,37.316451],[42.220676,37.31842],[42.207304,37.318345],[42.196432,37.311412],[42.194387,37.305579],[42.189357,37.300081],[42.190276,37.294611],[42.18463,37.286971],[42.179825,37.282793],[42.169357,37.276072],[42.141145,37.254828],[42.127573,37.243719],[42.122452,37.241442],[42.097457,37.223982],[42.092647,37.216951],[42.090225,37.209618],[42.088038,37.207498],[42.082555,37.208104],[42.070881,37.206893],[42.056718,37.199122],[42.044137,37.187886],[42.03576,37.18284],[42.030041,37.181427],[42.0219,37.183446],[42.00626,37.183247],[42.001896,37.181262],[41.99571,37.175559],[41.988606,37.172441],[41.980064,37.170877],[41.968505,37.162651],[41.950756,37.156956],[41.929363,37.158324],[41.912033,37.154991],[41.878388,37.14594],[41.853574,37.141326],[41.814498,37.137374],[41.80697,37.134946],[41.794298,37.128455],[41.775952,37.126137],[41.721489,37.118146],[41.704225,37.116159],[41.687138,37.115408],[41.677314,37.115828],[41.664831,37.117992],[41.667234,37.130582],[41.667342,37.139226],[41.665937,37.155649],[41.666154,37.172504],[41.671772,37.191088],[41.672528,37.20146],[41.667315,37.21105],[41.660022,37.216884],[41.649406,37.220693],[41.633037,37.234712],[41.62777,37.238115],[41.611401,37.246381],[41.601353,37.24865],[41.580284,37.251972],[41.568696,37.255862],[41.560268,37.26356],[41.556054,37.272555],[41.555082,37.283252],[41.55654,37.296298],[41.559134,37.304726],[41.571532,37.315909],[41.574692,37.322554],[41.572342,37.33641],[41.573801,37.348323],[41.575584,37.35513],[41.586523,37.36534],[41.589198,37.37085],[41.591385,37.382195],[41.590413,37.398402],[41.591304,37.400752],[41.599975,37.410152],[41.604837,37.418256],[41.606863,37.423928],[41.606377,37.433652],[41.607998,37.437623],[41.61683,37.437785],[41.622989,37.433085],[41.635063,37.420038],[41.64187,37.4155],[41.651131,37.415274],[41.661229,37.41763],[41.688156,37.426886],[41.701788,37.434291],[41.706079,37.43387],[41.725464,37.426194],[41.740952,37.418427],[41.768609,37.413069],[41.798835,37.404723],[41.817554,37.401887],[41.834166,37.403021],[41.84235,37.405776],[41.857018,37.414042],[41.864163,37.418895],[41.858254,37.430368],[41.848899,37.438256],[41.84601,37.443319],[41.847755,37.445654],[41.855763,37.450013],[41.859799,37.454234],[41.859827,37.457009],[41.850634,37.464323],[41.84925,37.468899],[41.855747,37.476688],[41.856232,37.479607],[41.854113,37.496061],[41.852367,37.500719],[41.844884,37.507761],[41.838348,37.518561],[41.845462,37.521962],[41.853291,37.52775],[41.854877,37.536046],[41.851197,37.547346],[41.85431,37.549642],[41.864723,37.544337],[41.869456,37.54463],[41.882972,37.54996],[41.890292,37.554577],[41.891767,37.561877],[41.897297,37.573909],[41.89534,37.579236],[41.887081,37.58685],[41.879431,37.589073],[41.875357,37.592253],[41.869772,37.604394],[41.866667,37.608715],[41.856695,37.611121],[41.835295,37.619504],[41.829748,37.626001],[41.835809,37.635584],[41.83415,37.638335],[41.825849,37.643376],[41.82394,37.649191],[41.824549,37.65952],[41.820181,37.6766],[41.824895,37.678846],[41.837569,37.678864],[41.870875,37.672219],[41.89559,37.6582],[41.918361,37.644829],[41.93708,37.629919],[41.952639,37.6206],[41.962768,37.616629],[41.97152,37.615251],[41.988375,37.615008],[42.001827,37.616143],[42.012523,37.618736],[42.038779,37.620519],[42.064872,37.625705],[42.076541,37.624489],[42.092829,37.627163],[42.109198,37.62692],[42.114789,37.628298],[42.122083,37.626515],[42.142665,37.617196],[42.157495,37.612496],[42.165031,37.609336],[42.198742,37.588105],[42.218757,37.582432],[42.249793,37.577084],[42.257249,37.57757],[42.273131,37.583567],[42.281316,37.591265],[42.303925,37.60966],[42.318025,37.619465],[42.344361,37.631701],[42.35919,37.637185],[42.369455,37.647773],[42.373345,37.653824],[42.377991,37.664737],[42.38631,37.672084],[42.397115,37.678026],[42.408568,37.681592],[42.435201,37.69218],[42.454163,37.701499],[42.46567,37.704822],[42.487226,37.707901],[42.492898,37.709279],[42.510483,37.715599],[42.516884,37.716977],[42.524988,37.716734],[42.577822,37.704579],[42.598892,37.700689],[42.633818,37.695098],[42.643056,37.692018],[42.6732,37.677513],[42.690137,37.671192],[42.696052,37.670139],[42.707235,37.671273],[42.719633,37.675163],[42.739892,37.674191],[42.784623,37.676865],[42.804234,37.676622],[42.816632,37.67573],[42.830894,37.676054],[42.848641,37.678567],[42.861769,37.685049],[42.866874,37.691451],[42.868332,37.70466],[42.866874,37.721191],[42.867765,37.728079],[42.871817,37.735048],[42.877084,37.748338],[42.8783,37.76341],[42.887132,37.784317],[42.915414,37.783507],[42.919303,37.782858],[42.93154,37.775808],[42.941507,37.764707],[42.947341,37.759601],[42.955283,37.756765],[42.971409,37.753362],[42.99029,37.752875],[42.998798,37.753443],[43.014924,37.752065],[43.037938,37.747446],[43.053173,37.746636],[43.074161,37.747122],[43.092394,37.748338],[43.131209,37.748662],[43.137368,37.74777],[43.159977,37.739019],[43.170754,37.736182],[43.20333,37.7344],[43.23226,37.734724],[43.238824,37.735291],[43.268239,37.740963],[43.298303,37.742584],[43.30981,37.74145],[43.328367,37.73675],[43.333877,37.736831],[43.346924,37.739991],[43.362078,37.746798],[43.368803,37.750769],[43.381364,37.756198],[43.403405,37.7579],[43.423259,37.755144],[43.458104,37.748013],[43.478363,37.742827],[43.493921,37.738046]]]}},{"type":"Feature","properties":{"id":"TR-P-74","region_id":"TR-R-KAR"},"geometry":{"type":"Polygon","coordinates":[[[32.757143,41.848216],[32.752145,41.844197],[32.755351,41.840349],[32.751474,41.837433],[32.751097,41.83352],[32.746968,41.829678],[32.750452,41.82738],[32.751194,41.821301],[32.754159,41.812701],[32.768394,41.800913],[32.769951,41.796168],[32.768171,41.789273],[32.771285,41.780228],[32.774547,41.778152],[32.787522,41.782081],[32.796641,41.78223],[32.807823,41.778523],[32.821662,41.771998],[32.830065,41.760631],[32.838072,41.753909],[32.842223,41.748373],[32.843904,41.743134],[32.848253,41.737499],[32.857743,41.734435],[32.863378,41.733842],[32.871681,41.735423],[32.880182,41.738982],[32.884137,41.737203],[32.892638,41.738685],[32.897684,41.743853],[32.917774,41.751875],[32.924493,41.742756],[32.932367,41.738605],[32.934515,41.7323],[32.927073,41.704923],[32.921403,41.693493],[32.915024,41.685077],[32.910328,41.674799],[32.905455,41.667445],[32.897038,41.658763],[32.895,41.645916],[32.896507,41.630145],[32.895355,41.622526],[32.889419,41.614021],[32.882597,41.608439],[32.869218,41.593554],[32.861156,41.588238],[32.853005,41.580176],[32.847334,41.57167],[32.83909,41.570487],[32.834696,41.568021],[32.814268,41.548595],[32.811724,41.544817],[32.79646,41.531018],[32.771021,41.518145],[32.756837,41.51298],[32.743038,41.514136],[32.732477,41.513134],[32.703569,41.512517],[32.680751,41.507507],[32.668957,41.507584],[32.661479,41.505348],[32.644289,41.494016],[32.640897,41.489314],[32.64082,41.483378],[32.646524,41.477211],[32.651535,41.465571],[32.659706,41.453006],[32.666799,41.434042],[32.668109,41.423018],[32.663988,41.418296],[32.650523,41.408634],[32.636647,41.400823],[32.628116,41.394861],[32.622257,41.387975],[32.619277,41.379752],[32.614857,41.360018],[32.603756,41.355701],[32.571585,41.353542],[32.555037,41.349431],[32.548664,41.348609],[32.531294,41.340591],[32.517726,41.337508],[32.50827,41.336686],[32.489666,41.333397],[32.460064,41.330416],[32.439713,41.327641],[32.411242,41.319726],[32.390891,41.31654],[32.37866,41.316643],[32.365092,41.318185],[32.343919,41.319726],[32.322951,41.32024],[32.309897,41.320549],[32.287799,41.326202],[32.284304,41.327949],[32.279987,41.340386],[32.280707,41.348095],[32.285846,41.357242],[32.290677,41.371015],[32.290368,41.382527],[32.280193,41.39003],[32.273923,41.397431],[32.271867,41.410587],[32.278137,41.427135],[32.279576,41.438031],[32.278343,41.442142],[32.273615,41.445945],[32.256822,41.449285],[32.249653,41.452523],[32.246107,41.455992],[32.232154,41.464317],[32.230998,41.469328],[32.234698,41.477808],[32.232617,41.485671],[32.225293,41.495076],[32.216737,41.510339],[32.216891,41.514116],[32.227606,41.522133],[32.229071,41.525679],[32.227143,41.529071],[32.21982,41.535161],[32.21743,41.539016],[32.222749,41.546108],[32.221516,41.549962],[32.214886,41.551427],[32.202398,41.547958],[32.191375,41.540943],[32.186749,41.53439],[32.186826,41.529842],[32.189987,41.524677],[32.189525,41.515195],[32.182587,41.511033],[32.175109,41.504557],[32.16848,41.502553],[32.160848,41.50502],[32.158073,41.509491],[32.159383,41.520515],[32.153756,41.529765],[32.156608,41.543949],[32.148514,41.55451],[32.138107,41.559906],[32.13194,41.559598],[32.124925,41.561602],[32.121225,41.566459],[32.095246,41.582031],[32.088992,41.588777],[32.113986,41.593445],[32.123511,41.595782],[32.148329,41.605915],[32.1642,41.619432],[32.173337,41.629174],[32.183305,41.636879],[32.178078,41.642841],[32.181043,41.645519],[32.190301,41.646929],[32.197298,41.652297],[32.205574,41.655861],[32.213959,41.660799],[32.227753,41.673242],[32.228712,41.676682],[32.225808,41.685386],[32.231838,41.684974],[32.23625,41.68272],[32.236081,41.685302],[32.230833,41.688814],[32.235276,41.689417],[32.241867,41.693077],[32.246237,41.693141],[32.251527,41.696008],[32.258615,41.703625],[32.261186,41.702895],[32.264646,41.707847],[32.269748,41.709174],[32.272331,41.712856],[32.280125,41.71585],[32.283808,41.720173],[32.29319,41.72089],[32.296231,41.723147],[32.301664,41.722707],[32.305719,41.724429],[32.311085,41.722755],[32.32083,41.72505],[32.32764,41.723271],[32.331322,41.720488],[32.343277,41.725021],[32.339451,41.731659],[32.346806,41.732845],[32.346567,41.735236],[32.351837,41.73581],[32.357885,41.733828],[32.362457,41.735671],[32.364992,41.744146],[32.371469,41.745809],[32.373568,41.74367],[32.379496,41.748056],[32.385138,41.748036],[32.380246,41.751162],[32.385403,41.753377],[32.384777,41.750187],[32.391287,41.750312],[32.387783,41.748377],[32.388121,41.74515],[32.40149,41.741112],[32.404662,41.738415],[32.416016,41.739311],[32.425943,41.758119],[32.429035,41.758693],[32.431266,41.762997],[32.4433,41.7687],[32.453678,41.775679],[32.461028,41.773559],[32.467721,41.774596],[32.471415,41.77767],[32.483456,41.780732],[32.48521,41.785035],[32.495694,41.789923],[32.50108,41.795471],[32.499202,41.801557],[32.503073,41.798605],[32.512973,41.805553],[32.532198,41.808929],[32.540478,41.809401],[32.541134,41.807007],[32.545816,41.806636],[32.547511,41.810598],[32.553856,41.811689],[32.560741,41.810354],[32.571979,41.811275],[32.576883,41.814845],[32.57737,41.82602],[32.584414,41.827683],[32.588948,41.827058],[32.599741,41.830119],[32.610005,41.829801],[32.617006,41.83139],[32.619951,41.828085],[32.625914,41.831644],[32.631666,41.830542],[32.642735,41.831972],[32.651081,41.829462],[32.656568,41.83033],[32.665201,41.828922],[32.666525,41.831697],[32.670613,41.830002],[32.68075,41.831527],[32.684267,41.836643],[32.696056,41.838603],[32.708586,41.83802],[32.713702,41.846568],[32.71653,41.84822],[32.725319,41.844678],[32.737775,41.84934],[32.757143,41.848216]]]}},{"type":"Feature","properties":{"id":"TR-P-75","region_id":"TR-R-DOA"},"geometry":{"type":"Polygon","coordinates":[[[43.48909,41.016691],[43.485963,41.005263],[43.475303,41.000387],[43.466656,41.000203],[43.457457,41.002779],[43.441799,41.023275],[43.424431,41.044612],[43.410105,41.059775],[43.392256,41.074368],[43.369221,41.088237],[43.357402,41.093061],[43.346427,41.094991],[43.325684,41.09294],[43.314347,41.087996],[43.299755,41.069557],[43.282602,41.050046],[43.265987,41.03624],[43.248156,41.024405],[43.229142,41.017857],[43.188668,41.014622],[43.17202,41.005706],[43.164052,41.002629],[43.154111,41.000578],[43.145116,40.999947],[43.129889,41.004523],[43.114583,41.00405],[43.106535,40.998685],[43.082866,40.977303],[43.077659,40.974463],[43.065903,40.970203],[43.053122,40.967204],[43.038017,40.964521],[43.029058,40.961062],[43.016374,40.953434],[43.008214,40.94758],[42.994997,40.934807],[42.978144,40.916003],[42.961646,40.898617],[42.94772,40.881587],[42.940092,40.870145],[42.933972,40.852937],[42.933794,40.848236],[42.937963,40.838834],[42.945858,40.826327],[42.94621,40.81455],[42.94178,40.807082],[42.938419,40.804265],[42.923492,40.811614],[42.912418,40.81861],[42.901862,40.822779],[42.885364,40.825972],[42.881461,40.825795],[42.870019,40.822069],[42.865762,40.818699],[42.862568,40.812579],[42.860262,40.800781],[42.860085,40.784815],[42.858754,40.775058],[42.851924,40.735764],[42.846159,40.729467],[42.811477,40.716428],[42.797197,40.711904],[42.776263,40.703389],[42.758435,40.690528],[42.740606,40.680771],[42.728809,40.675626],[42.692708,40.664006],[42.685878,40.661168],[42.672218,40.652741],[42.658647,40.646],[42.64348,40.641299],[42.624764,40.639259],[42.613765,40.640501],[42.59638,40.643517],[42.588841,40.646089],[42.582011,40.650169],[42.570812,40.659888],[42.573088,40.67588],[42.567953,40.689423],[42.564456,40.694335],[42.560958,40.707456],[42.561157,40.718371],[42.560462,40.736329],[42.555204,40.747442],[42.54806,40.757364],[42.541313,40.763615],[42.52385,40.774628],[42.513928,40.782565],[42.501427,40.796555],[42.490314,40.806279],[42.469677,40.810843],[42.449932,40.812331],[42.410641,40.823741],[42.389908,40.826837],[42.377778,40.83078],[42.369995,40.83917],[42.368175,40.845235],[42.360992,40.860781],[42.355376,40.867398],[42.349225,40.878411],[42.34476,40.888432],[42.344065,40.897461],[42.340493,40.91036],[42.341585,40.921075],[42.354384,40.929906],[42.363413,40.940026],[42.36758,40.945979],[42.379288,40.970189],[42.382562,40.980905],[42.385241,41.002237],[42.381173,41.017417],[42.375617,41.025256],[42.371648,41.040436],[42.372045,41.049068],[42.373831,41.056311],[42.3905,41.089649],[42.405978,41.111279],[42.428203,41.135786],[42.444971,41.151959],[42.473447,41.174581],[42.50232,41.19373],[42.51115,41.202957],[42.518195,41.21655],[42.530697,41.229449],[42.543694,41.235997],[42.554013,41.239768],[42.572071,41.244431],[42.581497,41.249193],[42.589434,41.256436],[42.601043,41.269533],[42.605309,41.27757],[42.615033,41.299001],[42.616323,41.306443],[42.612354,41.314182],[42.60144,41.322318],[42.587847,41.335911],[42.567308,41.354763],[42.549449,41.369745],[42.545579,41.379865],[42.542702,41.393954],[42.544091,41.410028],[42.545479,41.416017],[42.543421,41.428553],[42.541176,41.434104],[42.530822,41.440965],[42.5243,41.443921],[42.520144,41.448529],[42.521126,41.453571],[42.516346,41.45786],[42.512483,41.469942],[42.514447,41.474002],[42.526267,41.479797],[42.523582,41.486935],[42.533044,41.49106],[42.545061,41.492828],[42.549677,41.498689],[42.554654,41.498296],[42.55819,41.505434],[42.560908,41.50694],[42.57073,41.508086],[42.571745,41.511032],[42.567456,41.517384],[42.564836,41.526486],[42.568634,41.53202],[42.575117,41.535818],[42.580716,41.543119],[42.576296,41.555528],[42.573775,41.557657],[42.576427,41.565613],[42.59103,41.573798],[42.595155,41.579528],[42.60111,41.585104],[42.615369,41.587481],[42.631733,41.588703],[42.643446,41.590876],[42.647622,41.589755],[42.668298,41.594678],[42.684323,41.599974],[42.687786,41.59899],[42.698446,41.600925],[42.713927,41.595153],[42.736708,41.596919],[42.740239,41.596341],[42.74927,41.586835],[42.749677,41.584629],[42.762986,41.586666],[42.770025,41.584781],[42.775109,41.578432],[42.78152,41.577173],[42.782457,41.582482],[42.786283,41.586137],[42.792967,41.586215],[42.792873,41.588042],[42.830053,41.587546],[42.836065,41.58454],[42.833586,41.580057],[42.834192,41.568745],[42.828576,41.557116],[42.821166,41.556193],[42.819083,41.551869],[42.819452,41.54438],[42.812868,41.535285],[42.806209,41.530932],[42.803839,41.525027],[42.797524,41.516407],[42.804981,41.507744],[42.801883,41.503286],[42.800733,41.497159],[42.803601,41.4942],[42.808702,41.493931],[42.822842,41.48713],[42.829575,41.479626],[42.837881,41.477526],[42.846251,41.473499],[42.851204,41.473279],[42.857533,41.477223],[42.860725,41.481277],[42.862851,41.492927],[42.867111,41.497159],[42.873355,41.50019],[42.890057,41.503854],[42.90016,41.499149],[42.89848,41.488313],[42.896942,41.487698],[42.899095,41.479181],[42.910853,41.475988],[42.924196,41.473456],[42.931672,41.469363],[42.929945,41.465767],[42.935812,41.464632],[42.941869,41.458528],[42.957483,41.452424],[42.968318,41.450673],[42.971346,41.441636],[42.968082,41.437803],[42.971394,41.430871],[42.979532,41.427063],[42.988285,41.420628],[42.990296,41.415801],[42.987836,41.412016],[42.999357,41.407639],[43.003592,41.406977],[43.006635,41.396873],[43.01173,41.395455],[43.012464,41.391055],[43.01547,41.388674],[43.021703,41.378205],[43.016144,41.372458],[43.016425,41.37074],[43.032143,41.371046],[43.039924,41.37632],[43.045392,41.376175],[43.055975,41.371851],[43.060572,41.366507],[43.069502,41.364564],[43.073721,41.364875],[43.085735,41.358945],[43.09619,41.356345],[43.110977,41.348028],[43.114962,41.340596],[43.121354,41.334511],[43.133138,41.320591],[43.135641,41.318974],[43.145941,41.31676],[43.160035,41.315816],[43.166273,41.308885],[43.169334,41.308923],[43.189165,41.304495],[43.198176,41.308634],[43.204318,41.30592],[43.213021,41.306228],[43.215774,41.301279],[43.212,41.297448],[43.213675,41.290324],[43.203333,41.287177],[43.203159,41.285062],[43.197964,41.285976],[43.186518,41.280923],[43.184663,41.27707],[43.18041,41.275928],[43.179496,41.27296],[43.169135,41.27256],[43.15923,41.267964],[43.156318,41.267993],[43.153949,41.263711],[43.147727,41.262398],[43.132457,41.256967],[43.127667,41.252442],[43.135943,41.25244],[43.147413,41.246157],[43.155769,41.246104],[43.163986,41.24972],[43.166987,41.249474],[43.176139,41.254542],[43.183322,41.254542],[43.196533,41.251319],[43.199608,41.245193],[43.201354,41.234025],[43.232699,41.189903],[43.237688,41.184112],[43.231211,41.174234],[43.239544,41.175431],[43.242244,41.174485],[43.246684,41.177111],[43.264391,41.179481],[43.27371,41.184175],[43.281764,41.18648],[43.28976,41.186924],[43.29273,41.189122],[43.306257,41.189612],[43.312717,41.192765],[43.325283,41.196671],[43.32948,41.200433],[43.351899,41.202672],[43.353946,41.201931],[43.37562,41.20299],[43.384513,41.200157],[43.400631,41.192951],[43.411368,41.187319],[43.420281,41.185668],[43.448617,41.176651],[43.462026,41.152254],[43.474364,41.123195],[43.459014,41.119961],[43.456749,41.109396],[43.450766,41.104371],[43.447377,41.09906],[43.447544,41.092244],[43.44984,41.087502],[43.456342,41.08352],[43.461663,41.073874],[43.471425,41.068198],[43.471198,41.061538],[43.469011,41.047105],[43.478766,41.036036],[43.482625,41.020825],[43.48909,41.016691]]]}},{"type":"Feature","properties":{"id":"TR-P-76","region_id":"TR-R-DOA"},"geometry":{"type":"Polygon","coordinates":[[[43.64859,40.13154],[43.654763,40.126421],[43.656897,40.122264],[43.654803,40.116727],[43.656799,40.112631],[43.666855,40.107866],[43.672081,40.108454],[43.67454,40.106624],[43.676409,40.100623],[43.694316,40.09617],[43.696662,40.094201],[43.696391,40.088036],[43.707901,40.085154],[43.717502,40.079716],[43.730308,40.078216],[43.744329,40.075639],[43.756665,40.078698],[43.764852,40.082088],[43.770548,40.080019],[43.773032,40.076947],[43.787384,40.069348],[43.790688,40.07022],[43.798663,40.068859],[43.809044,40.061597],[43.814357,40.061927],[43.823356,40.06005],[43.825424,40.047925],[43.835197,40.047442],[43.845148,40.043768],[43.858158,40.042797],[43.865143,40.036446],[43.899713,40.022557],[43.906532,40.02325],[43.910398,40.02103],[43.92399,40.023739],[43.933769,40.023369],[43.936114,40.021321],[43.948841,40.022827],[43.952012,40.021148],[43.961402,40.021598],[43.970864,40.01836],[43.979407,40.02052],[43.98328,40.023751],[43.983947,40.02946],[43.992385,40.032394],[44.001523,40.029764],[44.00827,40.025991],[44.013179,40.027854],[44.018049,40.02644],[44.019806,40.023321],[44.030359,40.024241],[44.038321,40.026373],[44.041359,40.029556],[44.046784,40.027141],[44.056283,40.027285],[44.060425,40.031517],[44.064293,40.03234],[44.073888,40.029973],[44.081967,40.034376],[44.092261,40.031962],[44.102298,40.032941],[44.108755,40.031283],[44.119447,40.034445],[44.125119,40.033251],[44.129557,40.02904],[44.133514,40.027833],[44.137985,40.031419],[44.142985,40.032963],[44.15723,40.030775],[44.163128,40.033106],[44.17285,40.026933],[44.176652,40.029512],[44.188318,40.030898],[44.188393,40.037008],[44.195046,40.04028],[44.206348,40.039114],[44.212932,40.033078],[44.217932,40.036528],[44.220853,40.042652],[44.224296,40.043571],[44.230627,40.04139],[44.234241,40.047556],[44.241024,40.045477],[44.244151,40.048852],[44.251496,40.049503],[44.259232,40.046554],[44.265933,40.047027],[44.269849,40.049084],[44.279238,40.048687],[44.284052,40.043728],[44.29471,40.043645],[44.297419,40.036135],[44.30379,40.036608],[44.311609,40.039297],[44.319098,40.037459],[44.321107,40.033577],[44.326272,40.030854],[44.333713,40.032671],[44.343067,40.026629],[44.351983,40.027205],[44.355103,40.021848],[44.360329,40.016766],[44.36448,40.014814],[44.368237,40.010059],[44.380692,40.003769],[44.389662,40.004963],[44.395471,40.00333],[44.410004,40.002713],[44.41905,40.000209],[44.422273,39.994935],[44.43601,39.986019],[44.44828,39.98189],[44.45162,39.977432],[44.450934,39.97449],[44.455048,39.97067],[44.46692,39.972377],[44.482145,39.965698],[44.491569,39.956678],[44.492858,39.951527],[44.501177,39.944326],[44.504346,39.935787],[44.510676,39.931062],[44.515886,39.929556],[44.521375,39.92052],[44.534249,39.922278],[44.536206,39.921315],[44.543136,39.90943],[44.551829,39.902906],[44.553515,39.898662],[44.550186,39.886008],[44.55343,39.881296],[44.559441,39.877972],[44.56553,39.870233],[44.571162,39.867701],[44.577688,39.862223],[44.58292,39.863512],[44.591822,39.858921],[44.594851,39.850046],[44.594496,39.842261],[44.589278,39.835564],[44.592213,39.827821],[44.596774,39.824364],[44.605651,39.823679],[44.610936,39.82791],[44.618453,39.827114],[44.619596,39.821463],[44.612287,39.816586],[44.614619,39.813329],[44.624975,39.812725],[44.63424,39.806511],[44.643931,39.803781],[44.649221,39.800598],[44.652367,39.794509],[44.658855,39.790853],[44.66615,39.792478],[44.671453,39.791656],[44.678641,39.788261],[44.679436,39.792568],[44.684807,39.796113],[44.691898,39.794735],[44.694971,39.792567],[44.696013,39.788253],[44.689484,39.7835],[44.686054,39.777952],[44.686843,39.772245],[44.690286,39.770215],[44.704092,39.772149],[44.710456,39.769708],[44.717945,39.750806],[44.718219,39.748042],[44.723692,39.742143],[44.729391,39.741204],[44.735564,39.745847],[44.74448,39.743686],[44.74271,39.733817],[44.748108,39.725333],[44.74819,39.717308],[44.751283,39.714387],[44.767647,39.71427],[44.769272,39.711204],[44.763113,39.70414],[44.764718,39.702576],[44.772577,39.703118],[44.778956,39.702068],[44.779333,39.695594],[44.78521,39.693276],[44.784271,39.686664],[44.791945,39.683921],[44.801718,39.683488],[44.798166,39.674888],[44.794678,39.670339],[44.79619,39.668688],[44.80279,39.672551],[44.805493,39.669257],[44.799447,39.66149],[44.799187,39.659134],[44.803699,39.655648],[44.815207,39.655967],[44.817616,39.653188],[44.815207,39.643684],[44.808139,39.638337],[44.809072,39.62841],[44.804648,39.629773],[44.803559,39.642115],[44.798092,39.64915],[44.78786,39.651142],[44.778569,39.659586],[44.770276,39.661108],[44.767854,39.665496],[44.763572,39.665542],[44.761523,39.67053],[44.755027,39.670936],[44.758666,39.673439],[44.754492,39.67809],[44.749191,39.687964],[44.742831,39.692993],[44.734295,39.694061],[44.727212,39.699823],[44.728364,39.702377],[44.724664,39.705845],[44.717232,39.708929],[44.712632,39.714624],[44.704309,39.712764],[44.70213,39.710085],[44.693162,39.713556],[44.688368,39.713337],[44.690432,39.717282],[44.677803,39.714465],[44.667389,39.715065],[44.661168,39.718659],[44.656447,39.725251],[44.652761,39.727644],[44.647699,39.727405],[44.645492,39.732596],[44.639088,39.740906],[44.630606,39.744443],[44.62928,39.746752],[44.632055,39.755971],[44.621513,39.766073],[44.621575,39.76857],[44.61738,39.779112],[44.614898,39.782413],[44.564656,39.749502],[44.500475,39.705674],[44.499394,39.705596],[44.467485,39.684233],[44.474418,39.679653],[44.482696,39.670579],[44.485106,39.646556],[44.487722,39.641901],[44.484767,39.630316],[44.444215,39.63938],[44.422448,39.64493],[44.414904,39.647878],[44.382471,39.658545],[44.352032,39.66739],[44.338071,39.672593],[44.323242,39.674328],[44.295366,39.705576],[44.2646,39.706224],[44.242973,39.707546],[44.206929,39.708147],[44.193954,39.704302],[44.177373,39.702019],[44.164638,39.701779],[44.151422,39.7025],[44.109851,39.703461],[44.10084,39.705533],[44.085701,39.713013],[44.077141,39.719681],[44.070743,39.727881],[44.065787,39.731936],[44.044341,39.733918],[44.033798,39.730043],[44.026319,39.725718],[43.993339,39.728331],[43.968108,39.731035],[43.956574,39.733017],[43.942066,39.736621],[43.931433,39.740226],[43.906653,39.745993],[43.875565,39.754914],[43.865743,39.760771],[43.851505,39.771945],[43.838079,39.777621],[43.824563,39.779153],[43.816363,39.783208],[43.809784,39.783298],[43.801765,39.781136],[43.793024,39.780145],[43.776804,39.771674],[43.768514,39.769872],[43.753646,39.770142],[43.733191,39.771945],[43.719368,39.775231],[43.710393,39.77618],[43.700841,39.779514],[43.687055,39.786092],[43.669393,39.788795],[43.654975,39.788705],[43.648668,39.787894],[43.637404,39.783208],[43.626321,39.78492],[43.596314,39.790868],[43.587573,39.796995],[43.574958,39.812854],[43.563964,39.831417],[43.558378,39.836103],[43.545221,39.84223],[43.5354,39.844303],[43.526659,39.844934],[43.514494,39.843222],[43.504131,39.840428],[43.496292,39.836103],[43.49476,39.833039],[43.48692,39.799879],[43.484848,39.795103],[43.475476,39.787804],[43.460248,39.782668],[43.454661,39.781857],[43.451237,39.783479],[43.430962,39.801591],[43.420419,39.810061],[43.41303,39.827542],[43.411138,39.8662],[43.409606,39.872417],[43.403569,39.884312],[43.393026,39.901162],[43.390683,39.911165],[43.383023,39.917923],[43.378969,39.919274],[43.374103,39.925132],[43.368065,39.934773],[43.361397,39.941171],[43.357522,39.947389],[43.346979,39.955228],[43.343645,39.960094],[43.335896,39.965501],[43.335265,39.968835],[43.330309,39.972259],[43.324632,39.973521],[43.324452,39.979017],[43.320127,39.978026],[43.311026,39.979558],[43.304718,39.977215],[43.299582,39.979378],[43.296067,39.988299],[43.293905,40.003978],[43.291291,40.008844],[43.281289,40.017494],[43.299848,40.025109],[43.346764,40.054348],[43.35422,40.063312],[43.355393,40.071942],[43.351371,40.084508],[43.344502,40.094227],[43.342742,40.100343],[43.342994,40.114836],[43.343915,40.121874],[43.342738,40.138371],[43.344255,40.138264],[43.372269,40.128348],[43.390822,40.136014],[43.405419,40.134983],[43.45733,40.113413],[43.475263,40.109004],[43.494211,40.112644],[43.513887,40.118149],[43.528779,40.121306],[43.545641,40.120095],[43.562363,40.117895],[43.568421,40.124252],[43.57894,40.130575],[43.590689,40.135132],[43.600088,40.135274],[43.624014,40.125448],[43.632345,40.125519],[43.637401,40.131073],[43.64859,40.13154]]]}},{"type":"Feature","properties":{"id":"TR-P-77","region_id":"TR-R-MAR"},"geometry":{"type":"Polygon","coordinates":[[[29.558664,40.687219],[29.556702,40.687619],[29.554538,40.681847],[29.549836,40.675421],[29.539179,40.66829],[29.532518,40.666096],[29.525857,40.662256],[29.517315,40.649875],[29.511203,40.646035],[29.500859,40.643292],[29.494041,40.639766],[29.49169,40.635926],[29.490436,40.626679],[29.493101,40.613044],[29.497254,40.60027],[29.495843,40.593218],[29.488118,40.582443],[29.481642,40.565525],[29.479132,40.556094],[29.46742,40.554801],[29.448406,40.556094],[29.433803,40.548412],[29.421558,40.544001],[29.405931,40.550086],[29.398209,40.550618],[29.386573,40.555257],[29.376153,40.563319],[29.369688,40.565221],[29.346796,40.561494],[29.328847,40.553964],[29.311278,40.55077],[29.287853,40.541035],[29.266025,40.534038],[29.244805,40.528182],[29.231724,40.526204],[29.211721,40.524759],[29.197043,40.524987],[29.185102,40.527421],[29.168066,40.541111],[29.151714,40.547652],[29.126996,40.554953],[29.111861,40.561722],[29.103647,40.562483],[29.094748,40.560657],[29.076571,40.560353],[29.067368,40.561646],[29.052613,40.565677],[29.041281,40.565373],[29.016791,40.558832],[29.011696,40.553508],[29.006676,40.54172],[29.004242,40.526432],[28.999831,40.512058],[28.986902,40.490458],[28.983707,40.47692],[28.989841,40.466232],[28.975168,40.455122],[28.969455,40.460616],[28.958766,40.462528],[28.946418,40.462158],[28.941961,40.463586],[28.935608,40.462631],[28.930117,40.465404],[28.918051,40.46723],[28.913875,40.471723],[28.898602,40.472485],[28.899015,40.475518],[28.895125,40.47582],[28.883594,40.480109],[28.873677,40.490208],[28.864606,40.49764],[28.860758,40.499015],[28.853727,40.506356],[28.849275,40.505856],[28.839713,40.50926],[28.83453,40.508569],[28.824468,40.509443],[28.819893,40.512112],[28.816461,40.511588],[28.807771,40.513672],[28.796816,40.514071],[28.790479,40.517687],[28.780779,40.518089],[28.779582,40.525662],[28.780399,40.534542],[28.786994,40.539038],[28.790018,40.543166],[28.792538,40.550974],[28.809743,40.55907],[28.815794,40.564299],[28.823698,40.565715],[28.832875,40.565855],[28.850627,40.572681],[28.866516,40.575733],[28.874113,40.578518],[28.889648,40.582371],[28.901303,40.588028],[28.905864,40.591665],[28.917419,40.594577],[28.932992,40.601274],[28.943446,40.609296],[28.951217,40.612855],[28.955314,40.619398],[28.953972,40.620112],[28.961728,40.629884],[28.973412,40.637191],[28.985188,40.640869],[28.990754,40.644207],[29.003422,40.644667],[29.006796,40.646532],[29.01203,40.644118],[29.030601,40.646771],[29.035762,40.645805],[29.047059,40.648519],[29.070798,40.644198],[29.079177,40.646678],[29.091067,40.645665],[29.103503,40.643389],[29.113617,40.644824],[29.117338,40.646944],[29.128921,40.649272],[29.135816,40.648629],[29.139749,40.650635],[29.145721,40.657111],[29.144424,40.661345],[29.151308,40.660214],[29.154561,40.657572],[29.162007,40.65581],[29.171638,40.655471],[29.189897,40.657572],[29.196765,40.656059],[29.222098,40.656878],[29.243301,40.65953],[29.261538,40.657462],[29.273235,40.659264],[29.278581,40.661551],[29.280561,40.659916],[29.290514,40.663773],[29.298656,40.664948],[29.307525,40.667785],[29.322555,40.680725],[29.336442,40.682952],[29.344831,40.682544],[29.361533,40.696151],[29.384927,40.711899],[29.391778,40.710377],[29.396346,40.712108],[29.420467,40.698535],[29.431251,40.697842],[29.440505,40.700988],[29.445023,40.700776],[29.453479,40.705131],[29.467032,40.706203],[29.471029,40.708629],[29.477748,40.719467],[29.483031,40.724155],[29.483516,40.728951],[29.494742,40.731903],[29.509469,40.739806],[29.513213,40.743385],[29.514335,40.74908],[29.517354,40.74947],[29.522528,40.741265],[29.526815,40.747917],[29.531031,40.750227],[29.5329,40.747569],[29.532922,40.737018],[29.53444,40.730375],[29.545326,40.720849],[29.556911,40.705175],[29.563661,40.698116],[29.558664,40.687219]]]}},{"type":"Feature","properties":{"id":"TR-P-78","region_id":"TR-R-KAR"},"geometry":{"type":"Polygon","coordinates":[[[33.087004,41.060714],[33.082231,41.048293],[33.073952,41.037511],[33.066924,41.030964],[33.054408,41.024321],[33.048728,41.018545],[33.042952,41.003334],[33.038427,40.996306],[33.032939,40.992166],[33.000207,40.977918],[32.976042,40.97089],[32.963238,40.968772],[32.941576,40.963958],[32.908459,40.958663],[32.863981,40.953849],[32.850117,40.954042],[32.838757,40.956834],[32.821813,40.95953],[32.806121,40.959818],[32.799959,40.959048],[32.790813,40.955294],[32.785422,40.948073],[32.781956,40.931899],[32.776372,40.916784],[32.770115,40.90735],[32.759621,40.896182],[32.732953,40.873173],[32.720823,40.870862],[32.703012,40.865567],[32.697621,40.86239],[32.686357,40.858539],[32.680388,40.85748],[32.659016,40.851223],[32.644639,40.840504],[32.637419,40.836653],[32.630294,40.834824],[32.623074,40.830492],[32.611714,40.829818],[32.604493,40.828085],[32.598621,40.82356],[32.593711,40.810467],[32.588031,40.804209],[32.570316,40.797374],[32.56845,40.803764],[32.568365,40.815762],[32.562578,40.824102],[32.540368,40.841717],[32.529135,40.854907],[32.523774,40.869203],[32.519008,40.87967],[32.512796,40.885712],[32.492458,40.886223],[32.478162,40.884861],[32.459015,40.876181],[32.449785,40.872889],[32.436911,40.86591],[32.426105,40.866323],[32.413076,40.863221],[32.377135,40.860343],[32.368323,40.861308],[32.360786,40.866455],[32.351135,40.868937],[32.34277,40.873809],[32.33937,40.878772],[32.342403,40.890721],[32.349327,40.901751],[32.35236,40.910483],[32.352728,40.923534],[32.355485,40.931715],[32.362379,40.942009],[32.365228,40.948535],[32.366055,40.955429],[32.363022,40.963517],[32.353096,40.960668],[32.340595,40.958278],[32.332691,40.958554],[32.327359,40.965815],[32.325154,40.980981],[32.320282,40.988702],[32.308057,41.002121],[32.299693,41.013427],[32.29427,41.017379],[32.28177,41.030431],[32.268994,41.033188],[32.248589,41.03328],[32.240133,41.031718],[32.222853,41.021056],[32.195554,41.012508],[32.187833,41.013243],[32.173035,41.013059],[32.162097,41.016],[32.153641,41.016184],[32.141233,41.012967],[32.137832,41.023262],[32.13535,41.034291],[32.131581,41.044034],[32.126342,41.051571],[32.110073,41.064439],[32.106397,41.069035],[32.102812,41.077951],[32.102169,41.083558],[32.103548,41.091462],[32.109798,41.101941],[32.122298,41.107455],[32.128548,41.111408],[32.136729,41.119129],[32.149229,41.132456],[32.153549,41.139625],[32.153365,41.152769],[32.151895,41.160031],[32.14785,41.168854],[32.144541,41.186961],[32.14638,41.200565],[32.147207,41.213433],[32.150424,41.220878],[32.15695,41.231632],[32.163752,41.238526],[32.168255,41.24496],[32.181123,41.258103],[32.190315,41.264445],[32.199139,41.26849],[32.207503,41.270052],[32.229562,41.272258],[32.242155,41.27428],[32.272578,41.281082],[32.282138,41.28485],[32.287285,41.288987],[32.295373,41.29873],[32.312377,41.308197],[32.320282,41.315642],[32.322951,41.32024],[32.343919,41.319726],[32.365092,41.318185],[32.37866,41.316643],[32.390891,41.31654],[32.411242,41.319726],[32.439713,41.327641],[32.460064,41.330416],[32.489666,41.333397],[32.50827,41.336686],[32.517726,41.337508],[32.531294,41.340591],[32.548664,41.348609],[32.555037,41.349431],[32.571585,41.353542],[32.603756,41.355701],[32.614857,41.360018],[32.619277,41.379752],[32.622257,41.387975],[32.628116,41.394861],[32.636647,41.400823],[32.650523,41.408634],[32.663988,41.418296],[32.668109,41.423018],[32.666799,41.434042],[32.659706,41.453006],[32.651535,41.465571],[32.646524,41.477211],[32.64082,41.483378],[32.640897,41.489314],[32.644289,41.494016],[32.661479,41.505348],[32.668957,41.507584],[32.680751,41.507507],[32.703569,41.512517],[32.732477,41.513134],[32.743038,41.514136],[32.756837,41.51298],[32.771021,41.518145],[32.79646,41.531018],[32.811724,41.544817],[32.814268,41.548595],[32.834696,41.568021],[32.83909,41.570487],[32.847334,41.57167],[32.862219,41.570784],[32.874268,41.565646],[32.886141,41.562279],[32.898367,41.562279],[32.915644,41.561216],[32.923883,41.562988],[32.935756,41.568215],[32.945502,41.573531],[32.95126,41.580264],[32.9595,41.583011],[32.975093,41.581682],[32.979346,41.580264],[32.987763,41.573354],[32.995825,41.569455],[33.006723,41.568481],[33.015849,41.572645],[33.026481,41.575037],[33.051997,41.573265],[33.057047,41.571139],[33.064312,41.560507],[33.065818,41.546331],[33.066084,41.534105],[33.067324,41.525954],[33.062097,41.51036],[33.063072,41.502121],[33.06697,41.496273],[33.078222,41.487768],[33.090006,41.484667],[33.096651,41.475098],[33.101258,41.463226],[33.103827,41.453037],[33.110826,41.44781],[33.122256,41.442494],[33.143874,41.435052],[33.153442,41.433014],[33.158227,41.425837],[33.157961,41.420699],[33.151759,41.403776],[33.151847,41.396777],[33.147329,41.387828],[33.13758,41.377997],[33.133463,41.377197],[33.117752,41.380977],[33.107947,41.380504],[33.100032,41.378142],[33.09637,41.375188],[33.0986,41.361633],[33.104181,41.344002],[33.10427,41.337888],[33.097005,41.326459],[33.092221,41.323093],[33.075919,41.316536],[33.070071,41.316005],[33.057579,41.319992],[33.045706,41.320878],[33.037644,41.314498],[33.01452,41.303069],[32.994408,41.289868],[32.986523,41.286324],[32.96774,41.28278],[32.962601,41.281097],[32.947451,41.278262],[32.93425,41.273034],[32.927505,41.258238],[32.927704,41.248803],[32.926309,41.225678],[32.923119,41.205013],[32.928502,41.198966],[32.937805,41.183151],[32.953486,41.172652],[32.96166,41.168732],[32.980611,41.165466],[32.98399,41.162468],[32.985212,41.15502],[32.985122,41.146205],[32.995786,41.145804],[33.001889,41.147881],[33.010412,41.145018],[33.014685,41.141561],[33.017356,41.136607],[33.034154,41.123881],[33.043748,41.11146],[33.054009,41.108464],[33.0583,41.104208],[33.057848,41.096216],[33.052507,41.084795],[33.053622,41.078306],[33.058839,41.074739],[33.05983,41.071071],[33.07178,41.063189],[33.075668,41.061827],[33.087004,41.060714]]]}},{"type":"Feature","properties":{"id":"TR-P-79","region_id":"TR-R-GDA"},"geometry":{"type":"Polygon","coordinates":[[[37.567072,36.703011],[37.522021,36.686051],[37.498281,36.675364],[37.488983,36.667204],[37.487754,36.649984],[37.474687,36.633611],[37.472253,36.632077],[37.460826,36.633466],[37.443653,36.632145],[37.425526,36.642757],[37.40706,36.643917],[37.394517,36.64888],[37.377479,36.6525],[37.35436,36.656162],[37.293857,36.667709],[37.279309,36.670909],[37.279084,36.663785],[37.272935,36.663635],[37.270185,36.665984],[37.255137,36.669434],[37.239877,36.670039],[37.237634,36.67129],[37.224126,36.671833],[37.215766,36.674785],[37.201171,36.669023],[37.187687,36.66508],[37.180343,36.659955],[37.161994,36.65587],[37.158168,36.660711],[37.155665,36.66012],[37.146266,36.670299],[37.142125,36.677156],[37.137859,36.673345],[37.125106,36.665646],[37.120478,36.667158],[37.114196,36.672212],[37.106025,36.671857],[37.099191,36.648637],[37.086074,36.634243],[37.05696,36.645337],[37.057484,36.65489],[37.039739,36.661908],[37.035968,36.664757],[37.020696,36.665218],[37.01946,36.683047],[37.012421,36.68577],[37.018391,36.691825],[37.017993,36.695261],[37.022938,36.698718],[37.033287,36.698969],[37.040913,36.704605],[37.040494,36.705904],[37.050445,36.72522],[37.046863,36.72677],[37.04372,36.733034],[37.039616,36.736589],[37.030327,36.737267],[37.011712,36.737271],[36.999821,36.739947],[36.997972,36.746517],[36.998931,36.751979],[36.996082,36.75314],[36.993524,36.758821],[36.997552,36.764283],[36.99405,36.76461],[36.98445,36.761742],[36.971801,36.763212],[36.955541,36.769981],[36.945288,36.776188],[36.941477,36.774046],[36.933928,36.773484],[36.934781,36.778529],[36.923656,36.785963],[36.910308,36.782134],[36.906698,36.778924],[36.900024,36.777064],[36.8827,36.778961],[36.864137,36.782936],[36.832881,36.79178],[36.80761,36.793998],[36.789232,36.797628],[36.782311,36.800047],[36.759343,36.81307],[36.752956,36.818461],[36.745715,36.820525],[36.739221,36.818995],[36.726483,36.822357],[36.726412,36.823976],[36.716753,36.827535],[36.719663,36.832872],[36.719769,36.837538],[36.713762,36.850277],[36.719301,36.857349],[36.730322,36.862022],[36.741229,36.870231],[36.748103,36.871907],[36.760089,36.880513],[36.774859,36.892698],[36.78077,36.907065],[36.7838,36.918527],[36.786325,36.921708],[36.798242,36.923324],[36.814754,36.920496],[36.828287,36.908125],[36.838992,36.906206],[36.845658,36.901207],[36.857626,36.895299],[36.873885,36.897925],[36.883429,36.901308],[36.884641,36.904136],[36.881763,36.906711],[36.888984,36.91272],[36.897265,36.928576],[36.901406,36.933625],[36.90287,36.939837],[36.911404,36.949633],[36.92019,36.954127],[36.92221,36.962105],[36.930087,36.974931],[36.930963,36.980284],[36.937494,36.988633],[36.940793,37.00129],[36.948603,37.012938],[36.960183,37.01516],[36.968263,37.019132],[36.989329,37.020749],[36.991122,37.018956],[37.001592,37.017737],[37.00532,37.015514],[37.005392,37.010064],[37.009766,37.004614],[37.017511,36.999738],[37.018085,36.995292],[37.022753,36.994547],[37.043217,36.99569],[37.055685,36.99312],[37.06349,36.989503],[37.066345,36.979033],[37.067202,36.961521],[37.063775,36.946006],[37.066059,36.937631],[37.072056,36.931159],[37.077957,36.928018],[37.085571,36.915169],[37.0929,36.911266],[37.099753,36.910219],[37.121644,36.910886],[37.136016,36.904128],[37.147247,36.896038],[37.160001,36.890517],[37.174848,36.88652],[37.187888,36.884807],[37.196549,36.887186],[37.207495,36.887186],[37.220915,36.881761],[37.232051,36.87586],[37.246898,36.871291],[37.287159,36.86244],[37.296582,36.859109],[37.303434,36.852351],[37.309145,36.841786],[37.312191,36.832459],[37.312096,36.826367],[37.295249,36.800288],[37.294488,36.791627],[37.301531,36.779825],[37.31162,36.772211],[37.313619,36.76907],[37.317806,36.755745],[37.322089,36.751367],[37.330846,36.747179],[37.345979,36.742515],[37.353498,36.737756],[37.36254,36.729095],[37.373676,36.727857],[37.380053,36.729666],[37.385669,36.734139],[37.390618,36.741278],[37.395567,36.752128],[37.397185,36.759837],[37.392712,36.77183],[37.385954,36.783251],[37.386145,36.792008],[37.388714,36.798289],[37.397661,36.804666],[37.401849,36.810187],[37.404514,36.821608],[37.407179,36.827414],[37.412794,36.830841],[37.422312,36.831221],[37.42926,36.829318],[37.43421,36.826272],[37.444774,36.814184],[37.451913,36.804095],[37.461526,36.792579],[37.466285,36.789628],[37.484369,36.788581],[37.491126,36.785536],[37.497027,36.780396],[37.501596,36.772401],[37.504261,36.763645],[37.502833,36.750605],[37.505118,36.744514],[37.510352,36.741087],[37.516063,36.740135],[37.521583,36.73709],[37.532053,36.736519],[37.539953,36.733378],[37.552516,36.724526],[37.562986,36.710535],[37.567072,36.703011]]]}},{"type":"Feature","properties":{"id":"TR-P-80","region_id":"TR-R-AKD"},"geometry":{"type":"Polygon","coordinates":[[[36.705417,37.207275],[36.679434,37.182955],[36.666585,37.17734],[36.660018,37.173152],[36.648216,37.162492],[36.635176,37.159446],[36.626494,37.154102],[36.62218,37.144771],[36.621382,37.137762],[36.615615,37.131906],[36.613663,37.125961],[36.614727,37.117799],[36.607186,37.108305],[36.605589,37.10236],[36.598402,37.091181],[36.593433,37.085857],[36.581987,37.081598],[36.578882,37.072637],[36.569477,37.055069],[36.567614,37.052762],[36.560959,37.050456],[36.550844,37.044955],[36.54836,37.041139],[36.542948,37.037235],[36.539221,37.030137],[36.534164,37.024991],[36.524759,37.020644],[36.506748,37.016119],[36.498407,37.008932],[36.498141,37.002189],[36.492906,36.995357],[36.495036,36.986307],[36.494148,36.981782],[36.488204,36.976547],[36.475693,36.968916],[36.467619,36.959068],[36.467619,36.955341],[36.471612,36.948509],[36.471878,36.943807],[36.46966,36.930409],[36.471523,36.926328],[36.47108,36.920915],[36.465135,36.913551],[36.462184,36.906659],[36.451462,36.913319],[36.439888,36.926436],[36.435819,36.927489],[36.420878,36.927909],[36.414143,36.926506],[36.407058,36.929242],[36.3985,36.926436],[36.371072,36.927769],[36.357533,36.926927],[36.344556,36.930154],[36.33684,36.934293],[36.321758,36.938712],[36.316146,36.943553],[36.302607,36.946429],[36.292295,36.951058],[36.278687,36.953303],[36.273636,36.957933],[36.277564,36.972103],[36.2756,36.976663],[36.268094,36.981503],[36.261711,36.98031],[36.253573,36.981573],[36.247962,36.987886],[36.236317,36.988167],[36.232669,36.990342],[36.228951,36.996374],[36.224602,37.000443],[36.214732,37.006153],[36.200347,37.006576],[36.195835,37.005377],[36.184059,37.004954],[36.164528,37.002204],[36.150214,36.997692],[36.142458,36.997339],[36.126875,36.998467],[36.11383,36.998256],[36.097542,37.000159],[36.084991,37.003403],[36.075261,37.004672],[36.065672,37.00305],[36.056324,36.999576],[36.048354,37.015655],[36.049734,37.028248],[36.054737,37.04041],[36.055772,37.049984],[36.058446,37.05861],[36.062069,37.06137],[36.074662,37.065424],[36.078758,37.065003],[36.085161,37.069307],[36.090965,37.098633],[36.09131,37.106913],[36.087256,37.123216],[36.088291,37.139087],[36.093639,37.149869],[36.091741,37.156856],[36.084582,37.16367],[36.07863,37.173158],[36.0738,37.184113],[36.07311,37.190841],[36.074325,37.199987],[36.072811,37.2022],[36.038418,37.211349],[36.028021,37.210197],[36.011457,37.211129],[36.004878,37.213962],[35.99961,37.221593],[35.99472,37.221286],[35.986597,37.214911],[35.982971,37.215314],[35.978364,37.220061],[35.973134,37.220262],[35.960762,37.210318],[35.956701,37.209498],[35.945668,37.213091],[35.930423,37.195247],[35.924383,37.191979],[35.900291,37.185948],[35.896967,37.184103],[35.899427,37.177051],[35.894329,37.175656],[35.884839,37.175391],[35.881799,37.177662],[35.879527,37.185725],[35.879837,37.19047],[35.886853,37.205145],[35.898516,37.225014],[35.903523,37.230831],[35.912074,37.233592],[35.916027,37.24239],[35.915581,37.255952],[35.910209,37.27131],[35.904089,37.282328],[35.90375,37.288596],[35.90597,37.300706],[35.900953,37.307205],[35.901077,37.31135],[35.898144,37.315922],[35.895901,37.325496],[35.898662,37.339211],[35.901681,37.347319],[35.913498,37.371902],[35.914188,37.38415],[35.919967,37.397434],[35.927903,37.410544],[35.928334,37.422189],[35.927299,37.445219],[35.929283,37.457382],[35.932733,37.464196],[35.934027,37.476703],[35.943946,37.496801],[35.941962,37.502407],[35.940582,37.51224],[35.935234,37.52078],[35.935062,37.525179],[35.949553,37.535961],[35.959645,37.544414],[35.96413,37.553816],[35.969392,37.562355],[35.974998,37.567013],[35.9844,37.569773],[35.997511,37.570895],[36.002083,37.574],[36.012692,37.586248],[36.014417,37.594442],[36.017695,37.597979],[36.02934,37.603499],[36.038138,37.61385],[36.03969,37.621354],[36.037706,37.628082],[36.042968,37.639641],[36.048747,37.645765],[36.052102,37.652672],[36.065552,37.66455],[36.073869,37.668128],[36.089151,37.671417],[36.097179,37.675189],[36.103369,37.681282],[36.113815,37.68902],[36.132194,37.692881],[36.149029,37.700809],[36.166274,37.706775],[36.178778,37.708491],[36.190314,37.707925],[36.201416,37.709226],[36.213838,37.706856],[36.22005,37.70721],[36.229857,37.702062],[36.233616,37.696177],[36.229693,37.679669],[36.222992,37.672313],[36.22103,37.666838],[36.224054,37.662506],[36.231655,37.660054],[36.237376,37.660626],[36.257235,37.654415],[36.266389,37.652536],[36.271456,37.642238],[36.270694,37.630117],[36.267309,37.61706],[36.260442,37.607678],[36.259572,37.601295],[36.255316,37.595105],[36.257057,37.591913],[36.254736,37.585433],[36.249635,37.576285],[36.251178,37.559976],[36.245357,37.543108],[36.240625,37.535701],[36.237744,37.525368],[36.238302,37.521123],[36.249553,37.496282],[36.247715,37.487732],[36.247899,37.475857],[36.256011,37.465134],[36.257705,37.456111],[36.255632,37.445284],[36.258984,37.429992],[36.255682,37.424862],[36.255864,37.417997],[36.262007,37.414677],[36.263466,37.405104],[36.261721,37.398927],[36.261301,37.390662],[36.262389,37.382282],[36.272019,37.358565],[36.277854,37.345946],[36.289971,37.363036],[36.294081,37.3649],[36.326304,37.363927],[36.331787,37.363089],[36.340955,37.359036],[36.345742,37.358516],[36.352658,37.362114],[36.36027,37.359721],[36.364547,37.353348],[36.372216,37.348188],[36.377908,37.348702],[36.388981,37.35221],[36.402372,37.352062],[36.405584,37.353466],[36.411135,37.361491],[36.419875,37.365154],[36.437864,37.368301],[36.449428,37.368684],[36.456748,37.370131],[36.469816,37.375741],[36.474846,37.383921],[36.475419,37.387796],[36.472529,37.403873],[36.478989,37.407061],[36.48642,37.407698],[36.500579,37.412473],[36.50634,37.413328],[36.529329,37.425174],[36.542403,37.427982],[36.549071,37.428157],[36.552142,37.416575],[36.554511,37.412714],[36.555652,37.405519],[36.572938,37.392972],[36.570656,37.382969],[36.571358,37.380337],[36.577325,37.37788],[36.577851,37.37086],[36.583424,37.361174],[36.589813,37.354391],[36.5977,37.351709],[36.611108,37.349659],[36.619779,37.343907],[36.625781,37.342923],[36.635227,37.34371],[36.647729,37.347886],[36.646543,37.342234],[36.643787,37.338692],[36.641426,37.323835],[36.631535,37.317085],[36.63122,37.310381],[36.628775,37.306359],[36.629327,37.295632],[36.643523,37.285537],[36.651174,37.279069],[36.659613,37.275757],[36.664424,37.272129],[36.67799,37.25667],[36.677122,37.249887],[36.674046,37.244208],[36.677359,37.241921],[36.689663,37.239318],[36.692029,37.234507],[36.692108,37.225595],[36.695342,37.220705],[36.693528,37.216761],[36.705417,37.207275]]]}},{"type":"Feature","properties":{"id":"TR-P-81","region_id":"TR-R-KAR"},"geometry":{"type":"Polygon","coordinates":[[[31.76928,41.019243],[31.765516,41.010873],[31.757047,41.000179],[31.751119,40.988606],[31.745155,40.985807],[31.736771,40.984438],[31.728901,40.981358],[31.717352,40.978706],[31.703236,40.970066],[31.6922,40.969296],[31.683731,40.966473],[31.675005,40.960826],[31.668931,40.960056],[31.664653,40.955865],[31.650709,40.955266],[31.644121,40.951501],[31.63531,40.950475],[31.63069,40.947652],[31.624958,40.939781],[31.615548,40.934648],[31.609645,40.928831],[31.605196,40.917795],[31.607592,40.909582],[31.603229,40.904963],[31.596299,40.901883],[31.58937,40.902139],[31.583723,40.893242],[31.579275,40.890932],[31.564902,40.885971],[31.553867,40.883746],[31.545055,40.883062],[31.534532,40.878955],[31.520417,40.87579],[31.514599,40.869288],[31.511862,40.858509],[31.500911,40.846447],[31.491159,40.840886],[31.485427,40.838747],[31.46404,40.836437],[31.452576,40.833272],[31.436749,40.824033],[31.429221,40.806581],[31.417928,40.789471],[31.413651,40.784594],[31.405096,40.766886],[31.39945,40.744386],[31.396712,40.729415],[31.393033,40.716069],[31.388585,40.70375],[31.382682,40.69203],[31.372929,40.676631],[31.363861,40.665681],[31.353595,40.657211],[31.348719,40.65088],[31.342645,40.646004],[31.324765,40.642411],[31.317151,40.638989],[31.307741,40.632744],[31.303292,40.631033],[31.291572,40.629236],[31.282076,40.632658],[31.271125,40.634027],[31.245632,40.63283],[31.234767,40.630349],[31.223303,40.622392],[31.216203,40.621024],[31.197382,40.622649],[31.192591,40.626157],[31.180443,40.637364],[31.169407,40.649426],[31.161536,40.654388],[31.15204,40.656185],[31.114484,40.658323],[31.091728,40.661403],[31.081462,40.663542],[31.061615,40.663542],[31.051006,40.662173],[31.020038,40.654816],[31.009344,40.648913],[30.992576,40.64763],[30.982738,40.645234],[30.969221,40.638904],[30.958271,40.636936],[30.935857,40.635653],[30.916812,40.639697],[30.913594,40.642339],[30.910817,40.649293],[30.914084,40.651539],[30.923491,40.667223],[30.924446,40.672287],[30.933181,40.679554],[30.934575,40.690712],[30.93619,40.692547],[30.940154,40.705319],[30.937952,40.71787],[30.935016,40.722201],[30.926501,40.726752],[30.904774,40.723082],[30.895452,40.718825],[30.890974,40.722788],[30.88268,40.740772],[30.878055,40.743928],[30.867412,40.743194],[30.862274,40.741726],[30.850015,40.740992],[30.843189,40.739524],[30.836583,40.743708],[30.831371,40.751269],[30.829169,40.759343],[30.831151,40.762352],[30.839666,40.765876],[30.847153,40.771748],[30.847345,40.778648],[30.841455,40.786796],[30.840023,40.792025],[30.848281,40.800669],[30.854832,40.805238],[30.869531,40.81845],[30.877899,40.818175],[30.893039,40.819441],[30.900966,40.821368],[30.909664,40.827589],[30.908618,40.83381],[30.903774,40.838489],[30.899865,40.838599],[30.895461,40.835682],[30.887258,40.83359],[30.875312,40.83381],[30.869146,40.839921],[30.870853,40.849335],[30.880597,40.85996],[30.881202,40.864199],[30.878009,40.869759],[30.872504,40.873062],[30.862595,40.873117],[30.847841,40.87086],[30.833637,40.875484],[30.823123,40.875099],[30.818773,40.873833],[30.813984,40.87609],[30.811892,40.88187],[30.815415,40.895303],[30.823838,40.909451],[30.830665,40.912039],[30.838978,40.912809],[30.86254,40.916938],[30.872834,40.923049],[30.883074,40.933179],[30.892653,40.936041],[30.898764,40.939345],[30.907022,40.94562],[30.913133,40.952172],[30.925905,40.958668],[30.939897,40.97091],[30.943267,40.975765],[30.957207,40.980495],[30.963253,40.984619],[30.963046,40.993262],[30.954083,40.996344],[30.951549,41.002484],[30.961463,41.004783],[30.975074,41.012739],[30.98056,41.01738],[30.983915,41.022741],[30.984067,41.027441],[30.995565,41.031802],[31.001428,41.032129],[31.004715,41.034177],[31.010213,41.042898],[31.010216,41.047344],[31.005252,41.049411],[30.995779,41.044404],[30.990281,41.043499],[30.983464,41.045058],[30.980711,41.047804],[30.983584,41.050846],[30.982641,41.055335],[30.978442,41.060887],[30.96621,41.065592],[30.956204,41.065984],[30.965821,41.074368],[30.989252,41.073604],[31.000623,41.071693],[31.00046,41.077238],[31.016484,41.077664],[31.029756,41.081786],[31.049087,41.079551],[31.058194,41.08219],[31.067907,41.081645],[31.08751,41.086386],[31.096414,41.09016],[31.111096,41.093397],[31.12853,41.094455],[31.13987,41.096417],[31.150644,41.095893],[31.167609,41.098953],[31.181537,41.098962],[31.196074,41.102184],[31.215604,41.102215],[31.225225,41.103714],[31.239537,41.108636],[31.248647,41.108061],[31.263842,41.113577],[31.277899,41.114871],[31.28178,41.107087],[31.288943,41.097733],[31.297118,41.09217],[31.305293,41.089979],[31.322148,41.091075],[31.336812,41.090822],[31.351139,41.088462],[31.357291,41.084923],[31.365128,41.075905],[31.37482,41.069416],[31.380888,41.066803],[31.39926,41.062843],[31.410468,41.061326],[31.426902,41.06023],[31.443926,41.053657],[31.454881,41.047252],[31.460528,41.040088],[31.464742,41.032503],[31.472748,41.024582],[31.478731,41.020705],[31.486822,41.019441],[31.494659,41.019862],[31.498705,41.021716],[31.509913,41.029891],[31.515138,41.031155],[31.53646,41.03343],[31.558624,41.035032],[31.603796,41.036296],[31.62891,41.036296],[31.65158,41.035537],[31.670963,41.033009],[31.69397,41.032588],[31.712258,41.031661],[31.724984,41.029891],[31.744283,41.02475],[31.76928,41.019243]]]}}]}