{"type":"FeatureCollection","metadata":{"source":"OpenStreetMap Overpass snapshot","license":"ODbL 1.0; © OpenStreetMap contributors","input":"data/source-snapshots/osm/rail-stations-20260803.json","osm_timestamp":"2026-08-03T09:10:01Z","query_scope":"Named passenger rail stations and halts in Türkiye","policy":"Metro, light rail, funicular, ferry, freight-only and industrial facilities excluded; inactive facilities are included only on TCDD-crosschecked official network gaps; candidates must be within 120 m of the published physical railway network","catalog_station_count":368,"additional_station_count":735,"total_map_station_count":1103,"rejection_counts":{"nonPassenger":51,"invalidCoordinate":0,"farFromRail":53,"existingCatalogStation":182,"duplicateOsmFacility":18}},"features":[{"type":"Feature","id":"osm-node-13528379826","properties":{"id":"osm-node-13528379826","name":"32 Evler","facility_type":"halt","infrastructure_status":"operational","timetable_status":"not_assessed","source_status":"odbl","operator":"","osm_type":"node","osm_id":13528379826,"distance_to_rail_m":3.1},"geometry":{"type":"Point","coordinates":[30.376525,40.7502015]}},{"type":"Feature","id":"osm-node-2560606964","properties":{"id":"osm-node-2560606964","name":"Abalar","facility_type":"station","infrastructure_status":"operational","timetable_status":"not_assessed","source_status":"odbl","operator":"TCDD Taşımacılık","osm_type":"node","osm_id":2560606964,"distance_to_rail_m":4.8},"geometry":{"type":"Point","coordinates":[26.7311326,41.520013]}},{"type":"Feature","id":"osm-node-7700053726","properties":{"id":"osm-node-7700053726","name":"Adapazarı","facility_type":"station","infrastructure_status":"operational","timetable_status":"not_assessed","source_status":"odbl","operator":"TCDD Taşımacılık","osm_type":"node","osm_id":7700053726,"distance_to_rail_m":23.3},"geometry":{"type":"Point","coordinates":[30.4003109,40.7749088]}},{"type":"Feature","id":"osm-node-10160022336","properties":{"id":"osm-node-10160022336","name":"Adliye","facility_type":"station","infrastructure_status":"operational","timetable_status":"not_assessed","source_status":"odbl","operator":"TCDD Taşımacılık","osm_type":"node","osm_id":10160022336,"distance_to_rail_m":4.8},"geometry":{"type":"Point","coordinates":[37.3586626,37.0878414]}},{"type":"Feature","id":"osm-node-1016618867","properties":{"id":"osm-node-1016618867","name":"Afyonkarahisar Şehir","facility_type":"station","infrastructure_status":"operational","timetable_status":"not_assessed","source_status":"odbl","operator":"TCDD Taşımacılık","osm_type":"node","osm_id":1016618867,"distance_to_rail_m":1.7},"geometry":{"type":"Point","coordinates":[30.5355037,38.7670863]}},{"type":"Feature","id":"osm-node-977917658","properties":{"id":"osm-node-977917658","name":"Ağapınar","facility_type":"station","infrastructure_status":"operational","timetable_status":"not_assessed","source_status":"odbl","operator":"TCDD Taşımacılık","osm_type":"node","osm_id":977917658,"distance_to_rail_m":1.6},"geometry":{"type":"Point","coordinates":[30.767216,39.806806]}},{"type":"Feature","id":"osm-node-2630084631","properties":{"id":"osm-node-2630084631","name":"Ahmetler","facility_type":"station","infrastructure_status":"operational","timetable_status":"not_assessed","source_status":"odbl","operator":"TCDD Taşımacılık","osm_type":"node","osm_id":2630084631,"distance_to_rail_m":1.8},"geometry":{"type":"Point","coordinates":[29.1032999,38.3903132]}},{"type":"Feature","id":"osm-node-2629875444","properties":{"id":"osm-node-2629875444","name":"Ahmetli","facility_type":"station","infrastructure_status":"operational","timetable_status":"not_assessed","source_status":"odbl","operator":"TCDD Taşımacılık","osm_type":"node","osm_id":2629875444,"distance_to_rail_m":3},"geometry":{"type":"Point","coordinates":[27.9359393,38.5162225]}},{"type":"Feature","id":"osm-node-12387720478","properties":{"id":"osm-node-12387720478","name":"Akbulut","facility_type":"halt","infrastructure_status":"operational","timetable_status":"not_assessed","source_status":"odbl","operator":"TCDD Taşımacılık","osm_type":"node","osm_id":12387720478,"distance_to_rail_m":4.5},"geometry":{"type":"Point","coordinates":[40.2196411,38.7317262]}},{"type":"Feature","id":"osm-node-1029552677","properties":{"id":"osm-node-1029552677","name":"Akçadağ","facility_type":"station","infrastructure_status":"operational","timetable_status":"not_assessed","source_status":"odbl","operator":"TCDD Taşımacılık","osm_type":"node","osm_id":1029552677,"distance_to_rail_m":3},"geometry":{"type":"Point","coordinates":[38.0444287,38.2908984]}},{"type":"Feature","id":"osm-node-13381770534","properties":{"id":"osm-node-13381770534","name":"Akçagöze","facility_type":"station","infrastructure_status":"operational","timetable_status":"not_assessed","source_status":"odbl","operator":"TCDD Taşımacılık","osm_type":"node","osm_id":13381770534,"distance_to_rail_m":6.5},"geometry":{"type":"Point","coordinates":[37.2860231,37.2668357]}},{"type":"Feature","id":"osm-node-2106364149","properties":{"id":"osm-node-2106364149","name":"Akçakale","facility_type":"station","infrastructure_status":"official_network_inactive","timetable_status":"not_assessed","source_status":"odbl","operator":"TCDD","osm_type":"node","osm_id":2106364149,"distance_to_rail_m":4.9},"geometry":{"type":"Point","coordinates":[38.949854,36.7052271]}},{"type":"Feature","id":"osm-node-130197880","properties":{"id":"osm-node-130197880","name":"Akçakoyunlu İstasyonu","facility_type":"halt","infrastructure_status":"official_network_inactive","timetable_status":"not_assessed","source_status":"odbl","operator":"","osm_type":"node","osm_id":130197880,"distance_to_rail_m":0},"geometry":{"type":"Point","coordinates":[37.6519191,36.7451653]}},{"type":"Feature","id":"osm-node-2106364144","properties":{"id":"osm-node-2106364144","name":"Akdoğan","facility_type":"station","infrastructure_status":"official_network_inactive","timetable_status":"not_assessed","source_status":"odbl","operator":"TCDD Taşımacılık","osm_type":"node","osm_id":2106364144,"distance_to_rail_m":0.6},"geometry":{"type":"Point","coordinates":[40.4067779,37.0126212]}},{"type":"Feature","id":"osm-node-2683739237","properties":{"id":"osm-node-2683739237","name":"Akgedik","facility_type":"station","infrastructure_status":"operational","timetable_status":"not_assessed","source_status":"odbl","operator":"TCDD Taşımacılık","osm_type":"node","osm_id":2683739237,"distance_to_rail_m":3.1},"geometry":{"type":"Point","coordinates":[37.7173672,39.0494568]}},{"type":"Feature","id":"osm-node-8765021384","properties":{"id":"osm-node-8765021384","name":"Akhisar","facility_type":"station","infrastructure_status":"operational","timetable_status":"not_assessed","source_status":"odbl","operator":"TCDD Taşımacılık","osm_type":"node","osm_id":8765021384,"distance_to_rail_m":16.7},"geometry":{"type":"Point","coordinates":[27.7905314,38.9080572]}},{"type":"Feature","id":"osm-node-2629886809","properties":{"id":"osm-node-2629886809","name":"Akkeçili","facility_type":"halt","infrastructure_status":"operational","timetable_status":"not_assessed","source_status":"odbl","operator":"","osm_type":"node","osm_id":2629886809,"distance_to_rail_m":4.8},"geometry":{"type":"Point","coordinates":[28.4843179,38.3791064]}},{"type":"Feature","id":"osm-node-2036394530","properties":{"id":"osm-node-2036394530","name":"Aksakal","facility_type":"station","infrastructure_status":"operational","timetable_status":"not_assessed","source_status":"odbl","operator":"TCDD Taşımacılık","osm_type":"node","osm_id":2036394530,"distance_to_rail_m":3.5},"geometry":{"type":"Point","coordinates":[28.0889395,40.143747]}},{"type":"Feature","id":"osm-node-142421346","properties":{"id":"osm-node-142421346","name":"Akşehir","facility_type":"station","infrastructure_status":"operational","timetable_status":"not_assessed","source_status":"odbl","operator":"TCDD Taşımacılık","osm_type":"node","osm_id":142421346,"distance_to_rail_m":3.8},"geometry":{"type":"Point","coordinates":[31.4421545,38.3699219]}},{"type":"Feature","id":"osm-node-13247813127","properties":{"id":"osm-node-13247813127","name":"Akyaka","facility_type":"station","infrastructure_status":"operational","timetable_status":"not_assessed","source_status":"odbl","operator":"TCDD Taşımacılık","osm_type":"node","osm_id":13247813127,"distance_to_rail_m":0.8},"geometry":{"type":"Point","coordinates":[43.6234121,40.7398464]}},{"type":"Feature","id":"osm-node-204787267","properties":{"id":"osm-node-204787267","name":"Akyarma Durağı","facility_type":"halt","infrastructure_status":"operational","timetable_status":"not_assessed","source_status":"odbl","operator":"","osm_type":"node","osm_id":204787267,"distance_to_rail_m":14.3},"geometry":{"type":"Point","coordinates":[29.8987965,37.99846]}},{"type":"Feature","id":"osm-node-1870300033","properties":{"id":"osm-node-1870300033","name":"Alaşehir","facility_type":"station","infrastructure_status":"operational","timetable_status":"not_assessed","source_status":"odbl","operator":"TCDD Taşımacılık","osm_type":"node","osm_id":1870300033,"distance_to_rail_m":5.7},"geometry":{"type":"Point","coordinates":[28.5150652,38.3577385]}},{"type":"Feature","id":"osm-node-8428053111","properties":{"id":"osm-node-8428053111","name":"Alaybey","facility_type":"station","infrastructure_status":"operational","timetable_status":"not_assessed","source_status":"odbl","operator":"İZBAN","osm_type":"node","osm_id":8428053111,"distance_to_rail_m":1.2},"geometry":{"type":"Point","coordinates":[27.1214638,38.4606272]}},{"type":"Feature","id":"osm-node-282817504","properties":{"id":"osm-node-282817504","name":"Alayunt Müselles","facility_type":"halt","infrastructure_status":"operational","timetable_status":"not_assessed","source_status":"odbl","operator":"","osm_type":"node","osm_id":282817504,"distance_to_rail_m":2.5},"geometry":{"type":"Point","coordinates":[30.1015949,39.3904463]}},{"type":"Feature","id":"osm-node-4556804484","properties":{"id":"osm-node-4556804484","name":"Aliağa","facility_type":"station","infrastructure_status":"operational","timetable_status":"not_assessed","source_status":"odbl","operator":"TCDD Taşımacılık","osm_type":"node","osm_id":4556804484,"distance_to_rail_m":22.3},"geometry":{"type":"Point","coordinates":[26.9669803,38.7889142]}},{"type":"Feature","id":"osm-node-2438905434","properties":{"id":"osm-node-2438905434","name":"Alibey","facility_type":"station","infrastructure_status":"operational","timetable_status":"not_assessed","source_status":"odbl","operator":"TCDD Taşımacılık","osm_type":"node","osm_id":2438905434,"distance_to_rail_m":2.6},"geometry":{"type":"Point","coordinates":[33.5677973,40.1943274]}},{"type":"Feature","id":"osm-node-2698765850","properties":{"id":"osm-node-2698765850","name":"Alifuatpaşa","facility_type":"station","infrastructure_status":"operational","timetable_status":"not_assessed","source_status":"odbl","operator":"TCDD Taşımacılık","osm_type":"node","osm_id":2698765850,"distance_to_rail_m":2},"geometry":{"type":"Point","coordinates":[30.2932463,40.5348702]}},{"type":"Feature","id":"osm-node-13361855300","properties":{"id":"osm-node-13361855300","name":"Aliköy","facility_type":"station","infrastructure_status":"operational","timetable_status":"not_assessed","source_status":"odbl","operator":"TCDD Taşımacılık","osm_type":"node","osm_id":13361855300,"distance_to_rail_m":8.5},"geometry":{"type":"Point","coordinates":[29.6736413,39.4869548]}},{"type":"Feature","id":"osm-node-4394452381","properties":{"id":"osm-node-4394452381","name":"Alöve","facility_type":"halt","infrastructure_status":"operational","timetable_status":"not_assessed","source_status":"odbl","operator":"","osm_type":"node","osm_id":4394452381,"distance_to_rail_m":2.7},"geometry":{"type":"Point","coordinates":[29.0091859,39.5789527]}},{"type":"Feature","id":"osm-node-13233090414","properties":{"id":"osm-node-13233090414","name":"Alp","facility_type":"station","infrastructure_status":"operational","timetable_status":"not_assessed","source_status":"odbl","operator":"TCDD Taşımacılık","osm_type":"node","osm_id":13233090414,"distance_to_rail_m":2.4},"geometry":{"type":"Point","coordinates":[39.1929236,39.6173206]}},{"type":"Feature","id":"osm-node-11675949253","properties":{"id":"osm-node-11675949253","name":"Alsancak Gar","facility_type":"station","infrastructure_status":"operational","timetable_status":"not_assessed","source_status":"odbl","operator":"TCDD Taşımacılık","osm_type":"node","osm_id":11675949253,"distance_to_rail_m":3.1},"geometry":{"type":"Point","coordinates":[27.1481153,38.4386339]}},{"type":"Feature","id":"osm-node-1019524637","properties":{"id":"osm-node-1019524637","name":"Altınbaşak","facility_type":"halt","infrastructure_status":"operational","timetable_status":"not_assessed","source_status":"odbl","operator":"","osm_type":"node","osm_id":1019524637,"distance_to_rail_m":4.1},"geometry":{"type":"Point","coordinates":[39.6776406,39.6638178]}},{"type":"Feature","id":"osm-node-2784873940","properties":{"id":"osm-node-2784873940","name":"Altunkent","facility_type":"halt","infrastructure_status":"operational","timetable_status":"not_assessed","source_status":"odbl","operator":"","osm_type":"node","osm_id":2784873940,"distance_to_rail_m":3.5},"geometry":{"type":"Point","coordinates":[40.1967304,39.6687481]}},{"type":"Feature","id":"osm-node-2852454543","properties":{"id":"osm-node-2852454543","name":"Ambar","facility_type":"halt","infrastructure_status":"operational","timetable_status":"not_assessed","source_status":"odbl","operator":"","osm_type":"node","osm_id":2852454543,"distance_to_rail_m":3.1},"geometry":{"type":"Point","coordinates":[40.5228036,37.8583511]}},{"type":"Feature","id":"osm-node-13347970371","properties":{"id":"osm-node-13347970371","name":"Araplı","facility_type":"station","infrastructure_status":"operational","timetable_status":"not_assessed","source_status":"odbl","operator":"TCDD Taşımacılık","osm_type":"node","osm_id":13347970371,"distance_to_rail_m":3.2},"geometry":{"type":"Point","coordinates":[35.0471873,38.2402782]}},{"type":"Feature","id":"osm-node-1032782207","properties":{"id":"osm-node-1032782207","name":"Argavlı","facility_type":"halt","infrastructure_status":"operational","timetable_status":"not_assessed","source_status":"odbl","operator":"","osm_type":"node","osm_id":1032782207,"distance_to_rail_m":3.6},"geometry":{"type":"Point","coordinates":[27.5115954,37.8262863]}},{"type":"Feature","id":"osm-node-2069722229","properties":{"id":"osm-node-2069722229","name":"Argıthan","facility_type":"station","infrastructure_status":"operational","timetable_status":"not_assessed","source_status":"odbl","operator":"TCDD Taşımacılık","osm_type":"node","osm_id":2069722229,"distance_to_rail_m":1.4},"geometry":{"type":"Point","coordinates":[31.7184534,38.3096742]}},{"type":"Feature","id":"osm-node-521150853","properties":{"id":"osm-node-521150853","name":"Arıkören","facility_type":"station","infrastructure_status":"operational","timetable_status":"not_assessed","source_status":"odbl","operator":"TCDD Taşımacılık","osm_type":"node","osm_id":521150853,"distance_to_rail_m":1},"geometry":{"type":"Point","coordinates":[32.9280828,37.4607025]}},{"type":"Feature","id":"osm-node-13372031491","properties":{"id":"osm-node-13372031491","name":"Arındık","facility_type":"halt","infrastructure_status":"operational","timetable_status":"not_assessed","source_status":"odbl","operator":"","osm_type":"node","osm_id":13372031491,"distance_to_rail_m":2.4},"geometry":{"type":"Point","coordinates":[40.1882509,38.7338996]}},{"type":"Feature","id":"osm-node-2630070392","properties":{"id":"osm-node-2630070392","name":"Armutlu","facility_type":"halt","infrastructure_status":"operational","timetable_status":"not_assessed","source_status":"odbl","operator":"","osm_type":"node","osm_id":2630070392,"distance_to_rail_m":5.8},"geometry":{"type":"Point","coordinates":[28.9043558,38.389796]}},{"type":"Feature","id":"osm-node-2639602235","properties":{"id":"osm-node-2639602235","name":"Arzuoğlu","facility_type":"halt","infrastructure_status":"operational","timetable_status":"not_assessed","source_status":"odbl","operator":"","osm_type":"node","osm_id":2639602235,"distance_to_rail_m":4},"geometry":{"type":"Point","coordinates":[40.436349,37.829127]}},{"type":"Feature","id":"osm-node-12387720330","properties":{"id":"osm-node-12387720330","name":"Asmakaya","facility_type":"station","infrastructure_status":"operational","timetable_status":"not_assessed","source_status":"odbl","operator":"TCDD Taşımacılık","osm_type":"node","osm_id":12387720330,"distance_to_rail_m":5.6},"geometry":{"type":"Point","coordinates":[41.0868611,38.7790194]}},{"type":"Feature","id":"osm-node-13702365050","properties":{"id":"osm-node-13702365050","name":"ASTİM OSB","facility_type":"station","infrastructure_status":"operational","timetable_status":"not_assessed","source_status":"odbl","operator":"TCDD Taşımacılık","osm_type":"node","osm_id":13702365050,"distance_to_rail_m":9},"geometry":{"type":"Point","coordinates":[27.8870407,37.844523]}},{"type":"Feature","id":"osm-node-3063506337","properties":{"id":"osm-node-3063506337","name":"Aşağı Güneş","facility_type":"halt","infrastructure_status":"operational","timetable_status":"not_assessed","source_status":"odbl","operator":"","osm_type":"node","osm_id":3063506337,"distance_to_rail_m":1.3},"geometry":{"type":"Point","coordinates":[37.8828196,39.3872998]}},{"type":"Feature","id":"osm-node-6325698566","properties":{"id":"osm-node-6325698566","name":"Ataköy","facility_type":"station","infrastructure_status":"operational","timetable_status":"not_assessed","source_status":"odbl","operator":"TCDD Taşımacılık","osm_type":"node","osm_id":6325698566,"distance_to_rail_m":7.3},"geometry":{"type":"Point","coordinates":[28.8562288,40.9802283]}},{"type":"Feature","id":"osm-node-282909259","properties":{"id":"osm-node-282909259","name":"Atalar","facility_type":"station","infrastructure_status":"operational","timetable_status":"not_assessed","source_status":"odbl","operator":"TCDD Taşımacılık","osm_type":"node","osm_id":282909259,"distance_to_rail_m":4.8},"geometry":{"type":"Point","coordinates":[29.1691914,40.8987868]}},{"type":"Feature","id":"osm-node-738753118","properties":{"id":"osm-node-738753118","name":"Atasanayi","facility_type":"station","infrastructure_status":"operational","timetable_status":"not_assessed","source_status":"odbl","operator":"izban","osm_type":"node","osm_id":738753118,"distance_to_rail_m":0.5},"geometry":{"type":"Point","coordinates":[27.0531415,38.4990422]}},{"type":"Feature","id":"osm-node-2232271626","properties":{"id":"osm-node-2232271626","name":"Atkaracalar","facility_type":"station","infrastructure_status":"operational","timetable_status":"not_assessed","source_status":"odbl","operator":"TCDD Taşımacılık","osm_type":"node","osm_id":2232271626,"distance_to_rail_m":1.6},"geometry":{"type":"Point","coordinates":[33.0829926,40.7980871]}},{"type":"Feature","id":"osm-node-3881605975","properties":{"id":"osm-node-3881605975","name":"Atma","facility_type":"halt","infrastructure_status":"operational","timetable_status":"not_assessed","source_status":"odbl","operator":"","osm_type":"node","osm_id":3881605975,"distance_to_rail_m":2.2},"geometry":{"type":"Point","coordinates":[38.6266585,39.4961749]}},{"type":"Feature","id":"osm-node-1208397892","properties":{"id":"osm-node-1208397892","name":"Avşar","facility_type":"station","infrastructure_status":"operational","timetable_status":"not_assessed","source_status":"odbl","operator":"TCDD Taşımacılık","osm_type":"node","osm_id":1208397892,"distance_to_rail_m":1.7},"geometry":{"type":"Point","coordinates":[37.7317494,39.3301249]}},{"type":"Feature","id":"osm-node-13397853851","properties":{"id":"osm-node-13397853851","name":"Ayaz","facility_type":"halt","infrastructure_status":"operational","timetable_status":"not_assessed","source_status":"odbl","operator":"TCDD","osm_type":"node","osm_id":13397853851,"distance_to_rail_m":2.4},"geometry":{"type":"Point","coordinates":[35.6402531,40.8257389]}},{"type":"Feature","id":"osm-node-1033065272","properties":{"id":"osm-node-1033065272","name":"Aydın","facility_type":"station","infrastructure_status":"operational","timetable_status":"not_assessed","source_status":"odbl","operator":"TCDD Taşımacılık","osm_type":"node","osm_id":1033065272,"distance_to_rail_m":5.6},"geometry":{"type":"Point","coordinates":[27.8420086,37.8482859]}},{"type":"Feature","id":"osm-node-13702365051","properties":{"id":"osm-node-13702365051","name":"Aydın OSB","facility_type":"station","infrastructure_status":"operational","timetable_status":"not_assessed","source_status":"odbl","operator":"TCDD Taşımacılık","osm_type":"node","osm_id":13702365051,"distance_to_rail_m":8.1},"geometry":{"type":"Point","coordinates":[27.9850177,37.8558378]}},{"type":"Feature","id":"osm-node-5084128493","properties":{"id":"osm-node-5084128493","name":"Aydıntepe","facility_type":"station","infrastructure_status":"operational","timetable_status":"not_assessed","source_status":"odbl","operator":"TCDD Taşımacılık","osm_type":"node","osm_id":5084128493,"distance_to_rail_m":5.3},"geometry":{"type":"Point","coordinates":[29.2931959,40.8522949]}},{"type":"Feature","id":"osm-node-13381649733","properties":{"id":"osm-node-13381649733","name":"Ayran","facility_type":"station","infrastructure_status":"operational","timetable_status":"not_assessed","source_status":"odbl","operator":"TCDD Taşımacılık","osm_type":"node","osm_id":13381649733,"distance_to_rail_m":1.3},"geometry":{"type":"Point","coordinates":[36.6194789,37.1834028]}},{"type":"Feature","id":"osm-node-4929219587","properties":{"id":"osm-node-4929219587","name":"Ayrancı","facility_type":"station","infrastructure_status":"operational","timetable_status":"not_assessed","source_status":"odbl","operator":"TCDD Taşımacılık","osm_type":"node","osm_id":4929219587,"distance_to_rail_m":3},"geometry":{"type":"Point","coordinates":[33.6662614,37.3710613]}},{"type":"Feature","id":"osm-node-14005979335","properties":{"id":"osm-node-14005979335","name":"Ayrılık Çeşmesi","facility_type":"station","infrastructure_status":"operational","timetable_status":"not_assessed","source_status":"odbl","operator":"TCDD Taşımacılık","osm_type":"node","osm_id":14005979335,"distance_to_rail_m":4.6},"geometry":{"type":"Point","coordinates":[29.030104,41.0001528]}},{"type":"Feature","id":"osm-node-3050697993","properties":{"id":"osm-node-3050697993","name":"Ayvacık","facility_type":"station","infrastructure_status":"operational","timetable_status":"not_assessed","source_status":"odbl","operator":"TCDD Taşımacılık","osm_type":"node","osm_id":3050697993,"distance_to_rail_m":6.2},"geometry":{"type":"Point","coordinates":[27.2119241,38.6358928]}},{"type":"Feature","id":"osm-node-2704811021","properties":{"id":"osm-node-2704811021","name":"Ayvalı","facility_type":"station","infrastructure_status":"operational","timetable_status":"not_assessed","source_status":"odbl","operator":"TCDD Taşımacılık","osm_type":"node","osm_id":2704811021,"distance_to_rail_m":1.6},"geometry":{"type":"Point","coordinates":[29.9798874,39.9372318]}},{"type":"Feature","id":"osm-node-1426057756","properties":{"id":"osm-node-1426057756","name":"Ayvaz","facility_type":"station","infrastructure_status":"operational","timetable_status":"not_assessed","source_status":"odbl","operator":"TCDD Taşımacılık","osm_type":"node","osm_id":1426057756,"distance_to_rail_m":2.4},"geometry":{"type":"Point","coordinates":[37.3105215,39.4368694]}},{"type":"Feature","id":"osm-node-13528379825","properties":{"id":"osm-node-13528379825","name":"Aziz Duran Parkı","facility_type":"halt","infrastructure_status":"operational","timetable_status":"not_assessed","source_status":"odbl","operator":"TCDD Taşımacılık","osm_type":"node","osm_id":13528379825,"distance_to_rail_m":3.6},"geometry":{"type":"Point","coordinates":[30.3910662,40.7710335]}},{"type":"Feature","id":"osm-node-12144121424","properties":{"id":"osm-node-12144121424","name":"Azot","facility_type":"station","infrastructure_status":"operational","timetable_status":"not_assessed","source_status":"odbl","operator":"TCDD Taşımacılık","osm_type":"node","osm_id":12144121424,"distance_to_rail_m":31.7},"geometry":{"type":"Point","coordinates":[30.0202905,39.4534308]}},{"type":"Feature","id":"osm-node-6942688153","properties":{"id":"osm-node-6942688153","name":"Bağderesi","facility_type":"station","infrastructure_status":"operational","timetable_status":"not_assessed","source_status":"odbl","operator":"TCDD Taşımacılık","osm_type":"node","osm_id":6942688153,"distance_to_rail_m":5.4},"geometry":{"type":"Point","coordinates":[32.9229894,39.9260014]}},{"type":"Feature","id":"osm-node-2775053914","properties":{"id":"osm-node-2775053914","name":"Bahçe","facility_type":"station","infrastructure_status":"operational","timetable_status":"not_assessed","source_status":"odbl","operator":"TCDD Taşımacılık","osm_type":"node","osm_id":2775053914,"distance_to_rail_m":4.9},"geometry":{"type":"Point","coordinates":[36.5589133,37.1870677]}},{"type":"Feature","id":"osm-node-1027182121","properties":{"id":"osm-node-1027182121","name":"Bahçe Şehir","facility_type":"halt","infrastructure_status":"operational","timetable_status":"not_assessed","source_status":"odbl","operator":"","osm_type":"node","osm_id":1027182121,"distance_to_rail_m":3.1},"geometry":{"type":"Point","coordinates":[36.5779129,37.2016033]}},{"type":"Feature","id":"osm-node-1211785004","properties":{"id":"osm-node-1211785004","name":"Bahçeli","facility_type":"station","infrastructure_status":"operational","timetable_status":"not_assessed","source_status":"odbl","operator":"TCDD Taşımacılık","osm_type":"node","osm_id":1211785004,"distance_to_rail_m":1.9},"geometry":{"type":"Point","coordinates":[37.955142,39.412995]}},{"type":"Feature","id":"osm-node-13528379828","properties":{"id":"osm-node-13528379828","name":"Bahçelievler","facility_type":"halt","infrastructure_status":"operational","timetable_status":"not_assessed","source_status":"odbl","operator":"TCDD Taşımacılık","osm_type":"node","osm_id":13528379828,"distance_to_rail_m":1.6},"geometry":{"type":"Point","coordinates":[30.3674458,40.7178212]}},{"type":"Feature","id":"osm-node-13270950265","properties":{"id":"osm-node-13270950265","name":"Bahçesaray","facility_type":"station","infrastructure_status":"operational","timetable_status":"not_assessed","source_status":"odbl","operator":"TCDD Taşımacılık","osm_type":"node","osm_id":13270950265,"distance_to_rail_m":11},"geometry":{"type":"Point","coordinates":[35.2018629,38.637069]}},{"type":"Feature","id":"osm-node-9665946456","properties":{"id":"osm-node-9665946456","name":"Bahçeşehir","facility_type":"station","infrastructure_status":"operational","timetable_status":"not_assessed","source_status":"odbl","operator":"TCDD Taşımacılık","osm_type":"node","osm_id":9665946456,"distance_to_rail_m":13.4},"geometry":{"type":"Point","coordinates":[28.6788206,41.0844106]}},{"type":"Feature","id":"osm-node-12387684325","properties":{"id":"osm-node-12387684325","name":"Bahçetepe","facility_type":"station","infrastructure_status":"operational","timetable_status":"not_assessed","source_status":"odbl","operator":"TCDD Taşımacılık","osm_type":"node","osm_id":12387684325,"distance_to_rail_m":7.5},"geometry":{"type":"Point","coordinates":[42.0148623,38.682433]}},{"type":"Feature","id":"osm-node-5885475439","properties":{"id":"osm-node-5885475439","name":"Bakırköy","facility_type":"station","infrastructure_status":"operational","timetable_status":"not_assessed","source_status":"odbl","operator":"TCDD Taşımacılık","osm_type":"node","osm_id":5885475439,"distance_to_rail_m":2.4},"geometry":{"type":"Point","coordinates":[28.8724292,40.9803568]}},{"type":"Feature","id":"osm-node-2631293412","properties":{"id":"osm-node-2631293412","name":"Bakir","facility_type":"halt","infrastructure_status":"operational","timetable_status":"not_assessed","source_status":"odbl","operator":"TCDD Taşımacılık","osm_type":"node","osm_id":2631293412,"distance_to_rail_m":3.1},"geometry":{"type":"Point","coordinates":[27.7474179,39.0413986]}},{"type":"Feature","id":"osm-node-1449711345","properties":{"id":"osm-node-1449711345","name":"Balabanlı","facility_type":"station","infrastructure_status":"operational","timetable_status":"not_assessed","source_status":"odbl","operator":"","osm_type":"node","osm_id":1449711345,"distance_to_rail_m":4.3},"geometry":{"type":"Point","coordinates":[27.6061757,41.1406427]}},{"type":"Feature","id":"osm-node-13496014159","properties":{"id":"osm-node-13496014159","name":"Balastocağı","facility_type":"station","infrastructure_status":"operational","timetable_status":"not_assessed","source_status":"odbl","operator":"TCDD Taşımacılık","osm_type":"node","osm_id":13496014159,"distance_to_rail_m":4.1},"geometry":{"type":"Point","coordinates":[32.1647288,41.2738209]}},{"type":"Feature","id":"osm-node-1033938313","properties":{"id":"osm-node-1033938313","name":"Balıkesir","facility_type":"station","infrastructure_status":"operational","timetable_status":"not_assessed","source_status":"odbl","operator":"TCDD Taşımacılık","osm_type":"node","osm_id":1033938313,"distance_to_rail_m":2.4},"geometry":{"type":"Point","coordinates":[27.8885353,39.6469144]}},{"type":"Feature","id":"osm-node-4394447169","properties":{"id":"osm-node-4394447169","name":"Balıköy","facility_type":"station","infrastructure_status":"operational","timetable_status":"not_assessed","source_status":"odbl","operator":"TCDD Taşımacılık","osm_type":"node","osm_id":4394447169,"distance_to_rail_m":6.8},"geometry":{"type":"Point","coordinates":[29.0951005,39.5240739]}},{"type":"Feature","id":"osm-node-1038519101","properties":{"id":"osm-node-1038519101","name":"Balışıh","facility_type":"station","infrastructure_status":"operational","timetable_status":"not_assessed","source_status":"odbl","operator":"TCDD Taşımacılık","osm_type":"node","osm_id":1038519101,"distance_to_rail_m":3.2},"geometry":{"type":"Point","coordinates":[33.7205598,39.9086866]}},{"type":"Feature","id":"osm-node-287818379","properties":{"id":"osm-node-287818379","name":"Ballıhoca","facility_type":"halt","infrastructure_status":"operational","timetable_status":"not_assessed","source_status":"odbl","operator":"","osm_type":"node","osm_id":287818379,"distance_to_rail_m":6.2},"geometry":{"type":"Point","coordinates":[27.497257,41.2186078]}},{"type":"Feature","id":"osm-node-1991061657","properties":{"id":"osm-node-1991061657","name":"Balmahmut","facility_type":"station","infrastructure_status":"operational","timetable_status":"not_assessed","source_status":"odbl","operator":"TCDD Taşımacılık","osm_type":"node","osm_id":1991061657,"distance_to_rail_m":2.5},"geometry":{"type":"Point","coordinates":[30.3435535,38.809467]}},{"type":"Feature","id":"osm-node-2201637031","properties":{"id":"osm-node-2201637031","name":"Banaz","facility_type":"station","infrastructure_status":"operational","timetable_status":"not_assessed","source_status":"odbl","operator":"TCDD Taşımacılık","osm_type":"node","osm_id":2201637031,"distance_to_rail_m":3.9},"geometry":{"type":"Point","coordinates":[29.7533111,38.735612]}},{"type":"Feature","id":"osm-node-13066965373","properties":{"id":"osm-node-13066965373","name":"Bandırma","facility_type":"station","infrastructure_status":"operational","timetable_status":"not_assessed","source_status":"odbl","operator":"TCDD Taşımacılık","osm_type":"node","osm_id":13066965373,"distance_to_rail_m":0.7},"geometry":{"type":"Point","coordinates":[27.9593669,40.3507684]}},{"type":"Feature","id":"osm-node-1035673748","properties":{"id":"osm-node-1035673748","name":"Baraklı","facility_type":"halt","infrastructure_status":"operational","timetable_status":"not_assessed","source_status":"odbl","operator":"","osm_type":"node","osm_id":1035673748,"distance_to_rail_m":4.3},"geometry":{"type":"Point","coordinates":[29.9739245,38.0918674]}},{"type":"Feature","id":"osm-node-2435856875","properties":{"id":"osm-node-2435856875","name":"Baskil","facility_type":"station","infrastructure_status":"operational","timetable_status":"not_assessed","source_status":"odbl","operator":"TCDD Taşımacılık","osm_type":"node","osm_id":2435856875,"distance_to_rail_m":2.6},"geometry":{"type":"Point","coordinates":[38.8262323,38.5651599]}},{"type":"Feature","id":"osm-node-8072437221","properties":{"id":"osm-node-8072437221","name":"Basmane","facility_type":"station","infrastructure_status":"operational","timetable_status":"not_assessed","source_status":"odbl","operator":"TCDD Taşımacılık","osm_type":"node","osm_id":8072437221,"distance_to_rail_m":13.4},"geometry":{"type":"Point","coordinates":[27.1439012,38.4224462]}},{"type":"Feature","id":"osm-node-6328169453","properties":{"id":"osm-node-6328169453","name":"Başak","facility_type":"station","infrastructure_status":"operational","timetable_status":"not_assessed","source_status":"odbl","operator":"TCDD Taşımacılık","osm_type":"node","osm_id":6328169453,"distance_to_rail_m":5.5},"geometry":{"type":"Point","coordinates":[29.1774971,40.890264]}},{"type":"Feature","id":"osm-node-165991741","properties":{"id":"osm-node-165991741","name":"Başçeşme Durağı","facility_type":"halt","infrastructure_status":"operational","timetable_status":"not_assessed","source_status":"odbl","operator":"","osm_type":"node","osm_id":165991741,"distance_to_rail_m":3.8},"geometry":{"type":"Point","coordinates":[29.5492138,37.8336283]}},{"type":"Feature","id":"osm-node-6067508752","properties":{"id":"osm-node-6067508752","name":"Başgedik","facility_type":"halt","infrastructure_status":"operational","timetable_status":"not_assessed","source_status":"odbl","operator":"","osm_type":"node","osm_id":6067508752,"distance_to_rail_m":3.7},"geometry":{"type":"Point","coordinates":[43.4292126,40.705869]}},{"type":"Feature","id":"osm-node-13345351413","properties":{"id":"osm-node-13345351413","name":"Başköy","facility_type":"station","infrastructure_status":"operational","timetable_status":"not_assessed","source_status":"odbl","operator":"TCDD Taşımacılık","osm_type":"node","osm_id":13345351413,"distance_to_rail_m":3.7},"geometry":{"type":"Point","coordinates":[35.1504419,38.4845294]}},{"type":"Feature","id":"osm-node-10159892609","properties":{"id":"osm-node-10159892609","name":"Başpınar","facility_type":"station","infrastructure_status":"operational","timetable_status":"not_assessed","source_status":"odbl","operator":"TCDD Taşımacılık","osm_type":"node","osm_id":10159892609,"distance_to_rail_m":4.8},"geometry":{"type":"Point","coordinates":[37.334519,37.1668712]}},{"type":"Feature","id":"osm-node-2705917179","properties":{"id":"osm-node-2705917179","name":"Battalgazi","facility_type":"station","infrastructure_status":"operational","timetable_status":"not_assessed","source_status":"odbl","operator":"TCDD Taşımacılık","osm_type":"node","osm_id":2705917179,"distance_to_rail_m":0.8},"geometry":{"type":"Point","coordinates":[38.3698881,38.4335031]}},{"type":"Feature","id":"osm-node-13716629810","properties":{"id":"osm-node-13716629810","name":"Bayırköy","facility_type":"station","infrastructure_status":"operational","timetable_status":"not_assessed","source_status":"odbl","operator":"TCDD Taşımacılık","osm_type":"node","osm_id":13716629810,"distance_to_rail_m":14.1},"geometry":{"type":"Point","coordinates":[30.0207923,40.2801393]}},{"type":"Feature","id":"osm-node-1976917814","properties":{"id":"osm-node-1976917814","name":"Bayraklı","facility_type":"station","infrastructure_status":"operational","timetable_status":"not_assessed","source_status":"odbl","operator":"izban","osm_type":"node","osm_id":1976917814,"distance_to_rail_m":0.2},"geometry":{"type":"Point","coordinates":[27.1644029,38.4639144]}},{"type":"Feature","id":"osm-node-1022802015","properties":{"id":"osm-node-1022802015","name":"Bedirli","facility_type":"station","infrastructure_status":"operational","timetable_status":"not_assessed","source_status":"odbl","operator":"TCDD Taşımacılık","osm_type":"node","osm_id":1022802015,"distance_to_rail_m":1.7},"geometry":{"type":"Point","coordinates":[36.6194845,39.5806164]}},{"type":"Feature","id":"osm-node-6981627652","properties":{"id":"osm-node-6981627652","name":"Behiçbey","facility_type":"station","infrastructure_status":"operational","timetable_status":"not_assessed","source_status":"odbl","operator":"TCDD Taşımacılık","osm_type":"node","osm_id":6981627652,"distance_to_rail_m":7.5},"geometry":{"type":"Point","coordinates":[32.7501306,39.9314992]}},{"type":"Feature","id":"osm-node-2308821571","properties":{"id":"osm-node-2308821571","name":"Bekdiğin","facility_type":"halt","infrastructure_status":"operational","timetable_status":"not_assessed","source_status":"odbl","operator":"","osm_type":"node","osm_id":2308821571,"distance_to_rail_m":1},"geometry":{"type":"Point","coordinates":[35.7975711,40.9990069]}},{"type":"Feature","id":"osm-node-442532879","properties":{"id":"osm-node-442532879","name":"Belemedik","facility_type":"station","infrastructure_status":"operational","timetable_status":"not_assessed","source_status":"odbl","operator":"TCDD Taşımacılık","osm_type":"node","osm_id":442532879,"distance_to_rail_m":4.7},"geometry":{"type":"Point","coordinates":[34.9107819,37.3553067]}},{"type":"Feature","id":"osm-node-8440806257","properties":{"id":"osm-node-8440806257","name":"Belevi","facility_type":"station","infrastructure_status":"operational","timetable_status":"not_assessed","source_status":"odbl","operator":"TCDD Taşımacılık","osm_type":"node","osm_id":8440806257,"distance_to_rail_m":0.4},"geometry":{"type":"Point","coordinates":[27.4331644,38.0307899]}},{"type":"Feature","id":"osm-node-13351322432","properties":{"id":"osm-node-13351322432","name":"Bereket","facility_type":"station","infrastructure_status":"operational","timetable_status":"not_assessed","source_status":"odbl","operator":"TCDD Taşımacılık","osm_type":"node","osm_id":13351322432,"distance_to_rail_m":4.3},"geometry":{"type":"Point","coordinates":[34.5292101,37.7570655]}},{"type":"Feature","id":"osm-node-1963402543","properties":{"id":"osm-node-1963402543","name":"Beşeylül Durağı","facility_type":"halt","infrastructure_status":"operational","timetable_status":"not_assessed","source_status":"odbl","operator":"","osm_type":"node","osm_id":1963402543,"distance_to_rail_m":5.4},"geometry":{"type":"Point","coordinates":[28.4210229,37.9081775]}},{"type":"Feature","id":"osm-node-2195395254","properties":{"id":"osm-node-2195395254","name":"Beşiri","facility_type":"station","infrastructure_status":"operational","timetable_status":"not_assessed","source_status":"odbl","operator":"TCDD Taşımacılık","osm_type":"node","osm_id":2195395254,"distance_to_rail_m":2.1},"geometry":{"type":"Point","coordinates":[41.3314384,37.9643114]}},{"type":"Feature","id":"osm-node-13414188676","properties":{"id":"osm-node-13414188676","name":"Beyce","facility_type":"station","infrastructure_status":"operational","timetable_status":"not_assessed","source_status":"odbl","operator":"TCDD Taşımacılık","osm_type":"node","osm_id":13414188676,"distance_to_rail_m":4},"geometry":{"type":"Point","coordinates":[27.6076657,39.2894937]}},{"type":"Feature","id":"osm-node-1803640762","properties":{"id":"osm-node-1803640762","name":"Beydeğirmeni","facility_type":"station","infrastructure_status":"operational","timetable_status":"not_assessed","source_status":"odbl","operator":"TCDD Taşımacılık","osm_type":"node","osm_id":1803640762,"distance_to_rail_m":2.6},"geometry":{"type":"Point","coordinates":[35.2040991,38.8345649]}},{"type":"Feature","id":"osm-node-1927013931","properties":{"id":"osm-node-1927013931","name":"Beyhan","facility_type":"station","infrastructure_status":"operational","timetable_status":"not_assessed","source_status":"odbl","operator":"TCDD Taşımacılık","osm_type":"node","osm_id":1927013931,"distance_to_rail_m":8.8},"geometry":{"type":"Point","coordinates":[40.1193345,38.7329894]}},{"type":"Feature","id":"osm-node-1963402540","properties":{"id":"osm-node-1963402540","name":"Beyköy Durağı","facility_type":"halt","infrastructure_status":"operational","timetable_status":"not_assessed","source_status":"odbl","operator":"","osm_type":"node","osm_id":1963402540,"distance_to_rail_m":6.6},"geometry":{"type":"Point","coordinates":[28.0139923,37.8572256]}},{"type":"Feature","id":"osm-node-10159892635","properties":{"id":"osm-node-10159892635","name":"Beylerbeyi","facility_type":"station","infrastructure_status":"operational","timetable_status":"not_assessed","source_status":"odbl","operator":"TCDD Taşımacılık","osm_type":"node","osm_id":10159892635,"distance_to_rail_m":6.4},"geometry":{"type":"Point","coordinates":[37.3847552,37.1198821]}},{"type":"Feature","id":"osm-node-13381705406","properties":{"id":"osm-node-13381705406","name":"Beyoğlu","facility_type":"station","infrastructure_status":"operational","timetable_status":"not_assessed","source_status":"odbl","operator":"TCDD Taşımacılık","osm_type":"node","osm_id":13381705406,"distance_to_rail_m":4.7},"geometry":{"type":"Point","coordinates":[36.7917705,37.2886702]}},{"type":"Feature","id":"osm-node-2679004379","properties":{"id":"osm-node-2679004379","name":"Biçer","facility_type":"station","infrastructure_status":"operational","timetable_status":"not_assessed","source_status":"odbl","operator":"TCDD Taşımacılık","osm_type":"node","osm_id":2679004379,"distance_to_rail_m":4.3},"geometry":{"type":"Point","coordinates":[31.6965078,39.6944789]}},{"type":"Feature","id":"osm-node-1697786687","properties":{"id":"osm-node-1697786687","name":"Biçerova","facility_type":"station","infrastructure_status":"operational","timetable_status":"not_assessed","source_status":"odbl","operator":"TCDD Taşımacılık","osm_type":"node","osm_id":1697786687,"distance_to_rail_m":22.4},"geometry":{"type":"Point","coordinates":[26.9612753,38.7493538]}},{"type":"Feature","id":"osm-node-1018997848","properties":{"id":"osm-node-1018997848","name":"Bismil","facility_type":"station","infrastructure_status":"operational","timetable_status":"not_assessed","source_status":"odbl","operator":"TCDD Taşımacılık","osm_type":"node","osm_id":1018997848,"distance_to_rail_m":5.3},"geometry":{"type":"Point","coordinates":[40.6619924,37.8527687]}},{"type":"Feature","id":"osm-node-87863868","properties":{"id":"osm-node-87863868","name":"Bogazkopru Muselles (364+074)","facility_type":"halt","infrastructure_status":"operational","timetable_status":"not_assessed","source_status":"odbl","operator":"","osm_type":"node","osm_id":87863868,"distance_to_rail_m":4.6},"geometry":{"type":"Point","coordinates":[35.3137934,38.7522639]}},{"type":"Feature","id":"osm-node-13271001915","properties":{"id":"osm-node-13271001915","name":"Boğazköprü","facility_type":"station","infrastructure_status":"operational","timetable_status":"not_assessed","source_status":"odbl","operator":"TCDD Taşımacılık","osm_type":"node","osm_id":13271001915,"distance_to_rail_m":1.5},"geometry":{"type":"Point","coordinates":[35.3177981,38.7534885]}},{"type":"Feature","id":"osm-node-2718797605","properties":{"id":"osm-node-2718797605","name":"Bor","facility_type":"station","infrastructure_status":"operational","timetable_status":"not_assessed","source_status":"odbl","operator":"TCDD Taşımacılık","osm_type":"node","osm_id":2718797605,"distance_to_rail_m":2.2},"geometry":{"type":"Point","coordinates":[34.5625033,37.8876069]}},{"type":"Feature","id":"osm-node-13397853850","properties":{"id":"osm-node-13397853850","name":"Borsa","facility_type":"station","infrastructure_status":"operational","timetable_status":"not_assessed","source_status":"odbl","operator":"TCDD Taşımacılık","osm_type":"node","osm_id":13397853850,"distance_to_rail_m":0},"geometry":{"type":"Point","coordinates":[35.638927,40.8370572]}},{"type":"Feature","id":"osm-node-1020960459","properties":{"id":"osm-node-1020960459","name":"Bostankaya","facility_type":"station","infrastructure_status":"operational","timetable_status":"not_assessed","source_status":"odbl","operator":"TCDD Taşımacılık","osm_type":"node","osm_id":1020960459,"distance_to_rail_m":20.3},"geometry":{"type":"Point","coordinates":[37.0089066,39.512037]}},{"type":"Feature","id":"osm-node-1807828593","properties":{"id":"osm-node-1807828593","name":"Boyalıca Mh","facility_type":"halt","infrastructure_status":"operational","timetable_status":"not_assessed","source_status":"odbl","operator":"","osm_type":"node","osm_id":1807828593,"distance_to_rail_m":1.4},"geometry":{"type":"Point","coordinates":[35.6614553,40.9533315]}},{"type":"Feature","id":"osm-node-1035593588","properties":{"id":"osm-node-1035593588","name":"Bozanönü","facility_type":"station","infrastructure_status":"operational","timetable_status":"not_assessed","source_status":"odbl","operator":"TCDD Taşımacılık","osm_type":"node","osm_id":1035593588,"distance_to_rail_m":1.3},"geometry":{"type":"Point","coordinates":[30.5459029,37.8834483]}},{"type":"Feature","id":"osm-node-2633427933","properties":{"id":"osm-node-2633427933","name":"Bozarmut","facility_type":"station","infrastructure_status":"operational","timetable_status":"not_assessed","source_status":"odbl","operator":"TCDD Taşımacılık","osm_type":"node","osm_id":2633427933,"distance_to_rail_m":2.2},"geometry":{"type":"Point","coordinates":[37.3920262,39.3260082]}},{"type":"Feature","id":"osm-node-13171455282","properties":{"id":"osm-node-13171455282","name":"Bozdemir","facility_type":"station","infrastructure_status":"operational","timetable_status":"not_assessed","source_status":"odbl","operator":"TCDD Taşımacılık","osm_type":"node","osm_id":13171455282,"distance_to_rail_m":1.6},"geometry":{"type":"Point","coordinates":[40.3088957,37.8362965]}},{"type":"Feature","id":"osm-node-12387720331","properties":{"id":"osm-node-12387720331","name":"Bozkanat","facility_type":"station","infrastructure_status":"operational","timetable_status":"not_assessed","source_status":"odbl","operator":"TCDD Taşımacılık","osm_type":"node","osm_id":12387720331,"distance_to_rail_m":1.8},"geometry":{"type":"Point","coordinates":[40.8880993,38.8665541]}},{"type":"Feature","id":"osm-node-165993895","properties":{"id":"osm-node-165993895","name":"Bozkurt","facility_type":"station","infrastructure_status":"operational","timetable_status":"not_assessed","source_status":"odbl","operator":"TCDD Taşımacılık","osm_type":"node","osm_id":165993895,"distance_to_rail_m":2.3},"geometry":{"type":"Point","coordinates":[29.6126499,37.8273811]}},{"type":"Feature","id":"osm-node-14021962816","properties":{"id":"osm-node-14021962816","name":"Böceli","facility_type":"station","infrastructure_status":"operational","timetable_status":"not_assessed","source_status":"odbl","operator":"TCDD Taşımacılık","osm_type":"node","osm_id":14021962816,"distance_to_rail_m":10.8},"geometry":{"type":"Point","coordinates":[29.1967806,37.8002937]}},{"type":"Feature","id":"osm-node-130028657","properties":{"id":"osm-node-130028657","name":"Böğecik","facility_type":"station","infrastructure_status":"operational","timetable_status":"not_assessed","source_status":"odbl","operator":"TCDD Taşımacılık","osm_type":"node","osm_id":130028657,"distance_to_rail_m":17.8},"geometry":{"type":"Point","coordinates":[33.8776181,37.4552124]}},{"type":"Feature","id":"osm-node-1030808774","properties":{"id":"osm-node-1030808774","name":"Burdur","facility_type":"station","infrastructure_status":"operational","timetable_status":"not_assessed","source_status":"odbl","operator":"TCDD Taşımacılık","osm_type":"node","osm_id":1030808774,"distance_to_rail_m":3.3},"geometry":{"type":"Point","coordinates":[30.2818887,37.7233217]}},{"type":"Feature","id":"osm-node-13543252649","properties":{"id":"osm-node-13543252649","name":"Burmahan","facility_type":"halt","infrastructure_status":"operational","timetable_status":"not_assessed","source_status":"odbl","operator":"","osm_type":"node","osm_id":13543252649,"distance_to_rail_m":0.6},"geometry":{"type":"Point","coordinates":[38.31247,39.3642566]}},{"type":"Feature","id":"osm-node-1991061675","properties":{"id":"osm-node-1991061675","name":"Caberkamara","facility_type":"halt","infrastructure_status":"operational","timetable_status":"not_assessed","source_status":"odbl","operator":"","osm_type":"node","osm_id":1991061675,"distance_to_rail_m":4.9},"geometry":{"type":"Point","coordinates":[28.678092,38.3578052]}},{"type":"Feature","id":"osm-node-2679015583","properties":{"id":"osm-node-2679015583","name":"Caferli","facility_type":"station","infrastructure_status":"operational","timetable_status":"not_assessed","source_status":"odbl","operator":"TCDD Taşımacılık","osm_type":"node","osm_id":2679015583,"distance_to_rail_m":4.5},"geometry":{"type":"Point","coordinates":[34.6980409,39.5495474]}},{"type":"Feature","id":"osm-node-13249471379","properties":{"id":"osm-node-13249471379","name":"Canbaz","facility_type":"station","infrastructure_status":"operational","timetable_status":"not_assessed","source_status":"odbl","operator":"TCDD Taşımacılık","osm_type":"node","osm_id":13249471379,"distance_to_rail_m":7.3},"geometry":{"type":"Point","coordinates":[43.3047284,40.9671793]}},{"type":"Feature","id":"osm-node-13249471514","properties":{"id":"osm-node-13249471514","name":"Canbazlar","facility_type":"station","infrastructure_status":"operational","timetable_status":"not_assessed","source_status":"odbl","operator":"TCDD Taşımacılık","osm_type":"node","osm_id":13249471514,"distance_to_rail_m":7.1},"geometry":{"type":"Point","coordinates":[43.3011659,41.1301613]}},{"type":"Feature","id":"osm-node-13261185143","properties":{"id":"osm-node-13261185143","name":"Candoğan","facility_type":"station","infrastructure_status":"operational","timetable_status":"not_assessed","source_status":"odbl","operator":"TCDD Taşımacılık","osm_type":"node","osm_id":13261185143,"distance_to_rail_m":9},"geometry":{"type":"Point","coordinates":[37.2389241,39.3218455]}},{"type":"Feature","id":"osm-node-11228793732","properties":{"id":"osm-node-11228793732","name":"Cankurtaran","facility_type":"station","infrastructure_status":"operational","timetable_status":"not_assessed","source_status":"odbl","operator":"TCDD Taşımacılık","osm_type":"node","osm_id":11228793732,"distance_to_rail_m":6.8},"geometry":{"type":"Point","coordinates":[28.9830122,41.0055376]}},{"type":"Feature","id":"osm-node-6942688149","properties":{"id":"osm-node-6942688149","name":"Cebeci","facility_type":"station","infrastructure_status":"operational","timetable_status":"not_assessed","source_status":"odbl","operator":"TCDD Taşımacılık","osm_type":"node","osm_id":6942688149,"distance_to_rail_m":6.3},"geometry":{"type":"Point","coordinates":[32.875965,39.9332701]}},{"type":"Feature","id":"osm-node-2909589816","properties":{"id":"osm-node-2909589816","name":"Cebesoy","facility_type":"halt","infrastructure_status":"operational","timetable_status":"not_assessed","source_status":"odbl","operator":"","osm_type":"node","osm_id":2909589816,"distance_to_rail_m":3.3},"geometry":{"type":"Point","coordinates":[39.3493115,39.6452376]}},{"type":"Feature","id":"osm-node-12660718806","properties":{"id":"osm-node-12660718806","name":"Cerrahpaşa","facility_type":"station","infrastructure_status":"operational","timetable_status":"not_assessed","source_status":"odbl","operator":"TCDD Taşımacılık","osm_type":"node","osm_id":12660718806,"distance_to_rail_m":5.9},"geometry":{"type":"Point","coordinates":[28.9402407,41.0028107]}},{"type":"Feature","id":"osm-node-2632409106","properties":{"id":"osm-node-2632409106","name":"Cevizdibi","facility_type":"halt","infrastructure_status":"operational","timetable_status":"not_assessed","source_status":"odbl","operator":"","osm_type":"node","osm_id":2632409106,"distance_to_rail_m":0.4},"geometry":{"type":"Point","coordinates":[35.6332141,40.8611215]}},{"type":"Feature","id":"osm-node-282909973","properties":{"id":"osm-node-282909973","name":"Cevizli","facility_type":"station","infrastructure_status":"operational","timetable_status":"not_assessed","source_status":"odbl","operator":"TCDD Taşımacılık","osm_type":"node","osm_id":282909973,"distance_to_rail_m":5.5},"geometry":{"type":"Point","coordinates":[29.1559855,40.9100807]}},{"type":"Feature","id":"osm-node-13142516199","properties":{"id":"osm-node-13142516199","name":"Ceyhan","facility_type":"station","infrastructure_status":"operational","timetable_status":"not_assessed","source_status":"odbl","operator":"TCDD Taşımacılık","osm_type":"node","osm_id":13142516199,"distance_to_rail_m":0.9},"geometry":{"type":"Point","coordinates":[35.8172751,37.0180605]}},{"type":"Feature","id":"osm-node-2100176564","properties":{"id":"osm-node-2100176564","name":"Ceylanpınar","facility_type":"station","infrastructure_status":"official_network_inactive","timetable_status":"not_assessed","source_status":"odbl","operator":"TCDD","osm_type":"node","osm_id":2100176564,"distance_to_rail_m":1.7},"geometry":{"type":"Point","coordinates":[40.052146,36.8435668]}},{"type":"Feature","id":"osm-node-1810231503","properties":{"id":"osm-node-1810231503","name":"Cildikısık","facility_type":"station","infrastructure_status":"operational","timetable_status":"not_assessed","source_status":"odbl","operator":"TCDD Taşımacılık","osm_type":"node","osm_id":1810231503,"distance_to_rail_m":9.9},"geometry":{"type":"Point","coordinates":[32.6653599,41.0740287]}},{"type":"Feature","id":"osm-node-2755862129","properties":{"id":"osm-node-2755862129","name":"Cürek","facility_type":"station","infrastructure_status":"operational","timetable_status":"not_assessed","source_status":"odbl","operator":"TCDD Taşımacılık","osm_type":"node","osm_id":2755862129,"distance_to_rail_m":9.5},"geometry":{"type":"Point","coordinates":[38.035577,39.4446881]}},{"type":"Feature","id":"osm-node-2057459653","properties":{"id":"osm-node-2057459653","name":"Çağlar","facility_type":"station","infrastructure_status":"operational","timetable_status":"not_assessed","source_status":"odbl","operator":"TCDD Taşımacılık","osm_type":"node","osm_id":2057459653,"distance_to_rail_m":11.2},"geometry":{"type":"Point","coordinates":[39.3633105,38.5879589]}},{"type":"Feature","id":"osm-node-1033065446","properties":{"id":"osm-node-1033065446","name":"Çakıralı Durağı","facility_type":"halt","infrastructure_status":"operational","timetable_status":"not_assessed","source_status":"odbl","operator":"","osm_type":"node","osm_id":1033065446,"distance_to_rail_m":4.7},"geometry":{"type":"Point","coordinates":[28.2345655,37.8909516]}},{"type":"Feature","id":"osm-node-2313668954","properties":{"id":"osm-node-2313668954","name":"Çakşur","facility_type":"halt","infrastructure_status":"operational","timetable_status":"not_assessed","source_status":"odbl","operator":"","osm_type":"node","osm_id":2313668954,"distance_to_rail_m":4.8},"geometry":{"type":"Point","coordinates":[38.8358023,39.5479774]}},{"type":"Feature","id":"osm-node-2631296012","properties":{"id":"osm-node-2631296012","name":"Çalıköy","facility_type":"station","infrastructure_status":"operational","timetable_status":"not_assessed","source_status":"odbl","operator":"TCDD Taşımacılık","osm_type":"node","osm_id":2631296012,"distance_to_rail_m":0.2},"geometry":{"type":"Point","coordinates":[27.6397538,39.439382]}},{"type":"Feature","id":"osm-node-13270281101","properties":{"id":"osm-node-13270281101","name":"Çamlıbel","facility_type":"station","infrastructure_status":"operational","timetable_status":"not_assessed","source_status":"odbl","operator":"TCDD Taşımacılık","osm_type":"node","osm_id":13270281101,"distance_to_rail_m":2.4},"geometry":{"type":"Point","coordinates":[36.3943639,39.941962]}},{"type":"Feature","id":"osm-node-1032705881","properties":{"id":"osm-node-1032705881","name":"Çamlık","facility_type":"station","infrastructure_status":"operational","timetable_status":"not_assessed","source_status":"odbl","operator":"TCDD Taşımacılık","osm_type":"node","osm_id":1032705881,"distance_to_rail_m":0.4},"geometry":{"type":"Point","coordinates":[27.3779228,37.8799857]}},{"type":"Feature","id":"osm-node-1909769310","properties":{"id":"osm-node-1909769310","name":"Çandır","facility_type":"station","infrastructure_status":"operational","timetable_status":"not_assessed","source_status":"odbl","operator":"TCDD Taşımacılık","osm_type":"node","osm_id":1909769310,"distance_to_rail_m":16},"geometry":{"type":"Point","coordinates":[28.0486299,39.6099656]}},{"type":"Feature","id":"osm-node-2627502412","properties":{"id":"osm-node-2627502412","name":"Çankırı","facility_type":"station","infrastructure_status":"operational","timetable_status":"not_assessed","source_status":"odbl","operator":"TCDD Taşımacılık","osm_type":"node","osm_id":2627502412,"distance_to_rail_m":3.2},"geometry":{"type":"Point","coordinates":[33.6140865,40.5963342]}},{"type":"Feature","id":"osm-node-13495836091","properties":{"id":"osm-node-13495836091","name":"Çardak","facility_type":"halt","infrastructure_status":"operational","timetable_status":"not_assessed","source_status":"odbl","operator":"","osm_type":"node","osm_id":13495836091,"distance_to_rail_m":6},"geometry":{"type":"Point","coordinates":[33.1259825,40.8121249]}},{"type":"Feature","id":"osm-node-2180498195","properties":{"id":"osm-node-2180498195","name":"Çavundur","facility_type":"halt","infrastructure_status":"operational","timetable_status":"not_assessed","source_status":"odbl","operator":"","osm_type":"node","osm_id":2180498195,"distance_to_rail_m":6.7},"geometry":{"type":"Point","coordinates":[33.1787423,40.8306103]}},{"type":"Feature","id":"osm-node-2069723681","properties":{"id":"osm-node-2069723681","name":"Çavuşcugöl","facility_type":"station","infrastructure_status":"operational","timetable_status":"not_assessed","source_status":"odbl","operator":"TCDD Taşımacılık","osm_type":"node","osm_id":2069723681,"distance_to_rail_m":3.6},"geometry":{"type":"Point","coordinates":[31.846447,38.3794458]}},{"type":"Feature","id":"osm-node-1891195203","properties":{"id":"osm-node-1891195203","name":"Çay","facility_type":"station","infrastructure_status":"operational","timetable_status":"not_assessed","source_status":"odbl","operator":"TCDD Taşımacılık","osm_type":"node","osm_id":1891195203,"distance_to_rail_m":1.6},"geometry":{"type":"Point","coordinates":[31.0355492,38.6283416]}},{"type":"Feature","id":"osm-node-2623370290","properties":{"id":"osm-node-2623370290","name":"Çayırdere","facility_type":"station","infrastructure_status":"operational","timetable_status":"not_assessed","source_status":"odbl","operator":"","osm_type":"node","osm_id":2623370290,"distance_to_rail_m":10.3},"geometry":{"type":"Point","coordinates":[28.1219043,41.2600342]}},{"type":"Feature","id":"osm-node-5085864847","properties":{"id":"osm-node-5085864847","name":"Çayırova","facility_type":"station","infrastructure_status":"operational","timetable_status":"not_assessed","source_status":"odbl","operator":"","osm_type":"node","osm_id":5085864847,"distance_to_rail_m":5.9},"geometry":{"type":"Point","coordinates":[29.3473731,40.8105337]}},{"type":"Feature","id":"osm-node-13183865200","properties":{"id":"osm-node-13183865200","name":"Çeken","facility_type":"station","infrastructure_status":"operational","timetable_status":"not_assessed","source_status":"odbl","operator":"TCDD Taşımacılık","osm_type":"node","osm_id":13183865200,"distance_to_rail_m":3.8},"geometry":{"type":"Point","coordinates":[43.4562866,38.5628124]}},{"type":"Feature","id":"osm-node-1117003097","properties":{"id":"osm-node-1117003097","name":"Çelik","facility_type":"station","infrastructure_status":"operational","timetable_status":"not_assessed","source_status":"odbl","operator":"TCDD Taşımacılık","osm_type":"node","osm_id":1117003097,"distance_to_rail_m":5},"geometry":{"type":"Point","coordinates":[37.5089537,37.700577]}},{"type":"Feature","id":"osm-node-3058111916","properties":{"id":"osm-node-3058111916","name":"Çelik Alan Durağı","facility_type":"halt","infrastructure_status":"operational","timetable_status":"not_assessed","source_status":"odbl","operator":"","osm_type":"node","osm_id":3058111916,"distance_to_rail_m":0.6},"geometry":{"type":"Point","coordinates":[36.2045927,41.1608071]}},{"type":"Feature","id":"osm-node-2632433427","properties":{"id":"osm-node-2632433427","name":"Çelikalan","facility_type":"halt","infrastructure_status":"operational","timetable_status":"not_assessed","source_status":"odbl","operator":"","osm_type":"node","osm_id":2632433427,"distance_to_rail_m":1.4},"geometry":{"type":"Point","coordinates":[36.2042393,41.1575053]}},{"type":"Feature","id":"osm-node-2632406619","properties":{"id":"osm-node-2632406619","name":"Çeltek Kömür İşl.","facility_type":"halt","infrastructure_status":"operational","timetable_status":"not_assessed","source_status":"odbl","operator":"","osm_type":"node","osm_id":2632406619,"distance_to_rail_m":5.7},"geometry":{"type":"Point","coordinates":[35.6351563,40.8723191]}},{"type":"Feature","id":"osm-node-2632405048","properties":{"id":"osm-node-2632405048","name":"Çeltek Köyü","facility_type":"halt","infrastructure_status":"operational","timetable_status":"not_assessed","source_status":"odbl","operator":"","osm_type":"node","osm_id":2632405048,"distance_to_rail_m":0.6},"geometry":{"type":"Point","coordinates":[35.6414145,40.9065455]}},{"type":"Feature","id":"osm-node-947975087","properties":{"id":"osm-node-947975087","name":"Çerkeş","facility_type":"station","infrastructure_status":"operational","timetable_status":"not_assessed","source_status":"odbl","operator":"TCDD Taşımacılık","osm_type":"node","osm_id":947975087,"distance_to_rail_m":3.1},"geometry":{"type":"Point","coordinates":[32.8844422,40.8113941]}},{"type":"Feature","id":"osm-node-2719449995","properties":{"id":"osm-node-2719449995","name":"Çiftehan","facility_type":"station","infrastructure_status":"operational","timetable_status":"not_assessed","source_status":"odbl","operator":"TCDD Taşımacılık","osm_type":"node","osm_id":2719449995,"distance_to_rail_m":2.5},"geometry":{"type":"Point","coordinates":[34.7736825,37.5116673]}},{"type":"Feature","id":"osm-node-1963402703","properties":{"id":"osm-node-1963402703","name":"Çiftekahve Durağı","facility_type":"halt","infrastructure_status":"operational","timetable_status":"not_assessed","source_status":"odbl","operator":"","osm_type":"node","osm_id":1963402703,"distance_to_rail_m":5.3},"geometry":{"type":"Point","coordinates":[28.1097887,37.8626477]}},{"type":"Feature","id":"osm-node-3058109590","properties":{"id":"osm-node-3058109590","name":"Çiftlik","facility_type":"halt","infrastructure_status":"operational","timetable_status":"not_assessed","source_status":"odbl","operator":"","osm_type":"node","osm_id":3058109590,"distance_to_rail_m":0.7},"geometry":{"type":"Point","coordinates":[36.1609974,41.1055702]}},{"type":"Feature","id":"osm-node-1211648706","properties":{"id":"osm-node-1211648706","name":"Çiğdem","facility_type":"halt","infrastructure_status":"operational","timetable_status":"not_assessed","source_status":"odbl","operator":"","osm_type":"node","osm_id":1211648706,"distance_to_rail_m":0.7},"geometry":{"type":"Point","coordinates":[38.1886873,39.3493986]}},{"type":"Feature","id":"osm-node-2834285349","properties":{"id":"osm-node-2834285349","name":"Çiğiltepe","facility_type":"station","infrastructure_status":"operational","timetable_status":"not_assessed","source_status":"odbl","operator":"TCDD Taşımacılık","osm_type":"node","osm_id":2834285349,"distance_to_rail_m":8.8},"geometry":{"type":"Point","coordinates":[30.2668479,38.5975805]}},{"type":"Feature","id":"osm-node-12387684326","properties":{"id":"osm-node-12387684326","name":"Çizmeburun","facility_type":"station","infrastructure_status":"operational","timetable_status":"not_assessed","source_status":"odbl","operator":"TCDD Taşımacılık","osm_type":"node","osm_id":12387684326,"distance_to_rail_m":0.8},"geometry":{"type":"Point","coordinates":[41.6259813,38.718947]}},{"type":"Feature","id":"osm-node-2700454296","properties":{"id":"osm-node-2700454296","name":"Çizözü","facility_type":"halt","infrastructure_status":"operational","timetable_status":"not_assessed","source_status":"odbl","operator":"TCDD Taşımacılık","osm_type":"node","osm_id":2700454296,"distance_to_rail_m":2.4},"geometry":{"type":"Point","coordinates":[36.4000276,39.9505872]}},{"type":"Feature","id":"osm-node-1069777998","properties":{"id":"osm-node-1069777998","name":"Çobanbey","facility_type":"station","infrastructure_status":"official_network_inactive","timetable_status":"not_assessed","source_status":"odbl","operator":"","osm_type":"node","osm_id":1069777998,"distance_to_rail_m":2},"geometry":{"type":"Point","coordinates":[37.4762835,36.6361926]}},{"type":"Feature","id":"osm-node-2629178207","properties":{"id":"osm-node-2629178207","name":"Çobanisa","facility_type":"halt","infrastructure_status":"operational","timetable_status":"not_assessed","source_status":"odbl","operator":"","osm_type":"node","osm_id":2629178207,"distance_to_rail_m":2},"geometry":{"type":"Point","coordinates":[27.5742326,38.5704762]}},{"type":"Feature","id":"osm-node-282815862","properties":{"id":"osm-node-282815862","name":"Çobanlar","facility_type":"station","infrastructure_status":"operational","timetable_status":"not_assessed","source_status":"odbl","operator":"TCDD Taşımacılık","osm_type":"node","osm_id":282815862,"distance_to_rail_m":4.8},"geometry":{"type":"Point","coordinates":[30.73887,38.6882335]}},{"type":"Feature","id":"osm-node-2639593297","properties":{"id":"osm-node-2639593297","name":"Çöltepe","facility_type":"station","infrastructure_status":"operational","timetable_status":"not_assessed","source_status":"odbl","operator":"TCDD Taşımacılık","osm_type":"node","osm_id":2639593297,"distance_to_rail_m":6.4},"geometry":{"type":"Point","coordinates":[40.8026653,37.848367]}},{"type":"Feature","id":"osm-node-1807561185","properties":{"id":"osm-node-1807561185","name":"Çukurbük","facility_type":"station","infrastructure_status":"operational","timetable_status":"not_assessed","source_status":"odbl","operator":"TCDD Taşımacılık","osm_type":"node","osm_id":1807561185,"distance_to_rail_m":2.9},"geometry":{"type":"Point","coordinates":[36.1626902,41.0839154]}},{"type":"Feature","id":"osm-node-2707000941","properties":{"id":"osm-node-2707000941","name":"Çukurhisar","facility_type":"station","infrastructure_status":"operational","timetable_status":"not_assessed","source_status":"odbl","operator":"TCDD Taşımacılık","osm_type":"node","osm_id":2707000941,"distance_to_rail_m":0.9},"geometry":{"type":"Point","coordinates":[30.3049444,39.8236282]}},{"type":"Feature","id":"osm-node-2631297461","properties":{"id":"osm-node-2631297461","name":"Çukurhüseyin","facility_type":"station","infrastructure_status":"operational","timetable_status":"not_assessed","source_status":"odbl","operator":"TCDD Taşımacılık","osm_type":"node","osm_id":2631297461,"distance_to_rail_m":2.7},"geometry":{"type":"Point","coordinates":[27.7586007,39.5729016]}},{"type":"Feature","id":"osm-node-2028035074","properties":{"id":"osm-node-2028035074","name":"Çumra","facility_type":"station","infrastructure_status":"operational","timetable_status":"not_assessed","source_status":"odbl","operator":"TCDD Taşımacılık","osm_type":"node","osm_id":2028035074,"distance_to_rail_m":1},"geometry":{"type":"Point","coordinates":[32.7845981,37.5720111]}},{"type":"Feature","id":"osm-node-4394455302","properties":{"id":"osm-node-4394455302","name":"Dada","facility_type":"station","infrastructure_status":"operational","timetable_status":"not_assessed","source_status":"odbl","operator":"TCDD Taşımacılık","osm_type":"node","osm_id":4394455302,"distance_to_rail_m":2.9},"geometry":{"type":"Point","coordinates":[28.3710426,39.5680412]}},{"type":"Feature","id":"osm-node-5085899451","properties":{"id":"osm-node-5085899451","name":"Darıca","facility_type":"station","infrastructure_status":"operational","timetable_status":"not_assessed","source_status":"odbl","operator":"","osm_type":"node","osm_id":5085899451,"distance_to_rail_m":7.8},"geometry":{"type":"Point","coordinates":[29.3919092,40.7914044]}},{"type":"Feature","id":"osm-node-1211656614","properties":{"id":"osm-node-1211656614","name":"Dazlak","facility_type":"halt","infrastructure_status":"operational","timetable_status":"not_assessed","source_status":"odbl","operator":"","osm_type":"node","osm_id":1211656614,"distance_to_rail_m":6.6},"geometry":{"type":"Point","coordinates":[38.2332877,39.3407771]}},{"type":"Feature","id":"osm-node-2713003987","properties":{"id":"osm-node-2713003987","name":"Değirmenözü","facility_type":"station","infrastructure_status":"operational","timetable_status":"not_assessed","source_status":"odbl","operator":"TCDD Taşımacılık","osm_type":"node","osm_id":2713003987,"distance_to_rail_m":5.3},"geometry":{"type":"Point","coordinates":[30.2940369,39.2064093]}},{"type":"Feature","id":"osm-node-4394446381","properties":{"id":"osm-node-4394446381","name":"Değirmisaz","facility_type":"station","infrastructure_status":"operational","timetable_status":"not_assessed","source_status":"odbl","operator":"TCDD Taşımacılık","osm_type":"node","osm_id":4394446381,"distance_to_rail_m":5},"geometry":{"type":"Point","coordinates":[29.1976367,39.4895889]}},{"type":"Feature","id":"osm-way-1092713841","properties":{"id":"osm-way-1092713841","name":"Demirbahçe Tren İstasyonu","facility_type":"station","infrastructure_status":"operational","timetable_status":"not_assessed","source_status":"odbl","operator":"TCDD Taşımacılık","osm_type":"way","osm_id":1092713841,"distance_to_rail_m":1.2},"geometry":{"type":"Point","coordinates":[32.8830686,39.9399235]}},{"type":"Feature","id":"osm-node-13316501828","properties":{"id":"osm-node-13316501828","name":"Demirciköy","facility_type":"station","infrastructure_status":"operational","timetable_status":"not_assessed","source_status":"odbl","operator":"TCDD Taşımacılık","osm_type":"node","osm_id":13316501828,"distance_to_rail_m":2.2},"geometry":{"type":"Point","coordinates":[36.2642629,41.2321409]}},{"type":"Feature","id":"osm-node-1868890037","properties":{"id":"osm-node-1868890037","name":"Demirciören","facility_type":"station","infrastructure_status":"operational","timetable_status":"not_assessed","source_status":"odbl","operator":"TCDD Taşımacılık","osm_type":"node","osm_id":1868890037,"distance_to_rail_m":2.5},"geometry":{"type":"Point","coordinates":[29.8627636,39.4608574]}},{"type":"Feature","id":"osm-node-2755862130","properties":{"id":"osm-node-2755862130","name":"Demirdağ","facility_type":"station","infrastructure_status":"operational","timetable_status":"not_assessed","source_status":"odbl","operator":"TCDD Taşımacılık","osm_type":"node","osm_id":2755862130,"distance_to_rail_m":0.8},"geometry":{"type":"Point","coordinates":[38.1077999,39.4080185]}},{"type":"Feature","id":"osm-node-1817844381","properties":{"id":"osm-node-1817844381","name":"Demiriz","facility_type":"station","infrastructure_status":"operational","timetable_status":"not_assessed","source_status":"odbl","operator":"TCDD Taşımacılık","osm_type":"node","osm_id":1817844381,"distance_to_rail_m":2.3},"geometry":{"type":"Point","coordinates":[37.6931585,39.1601465]}},{"type":"Feature","id":"osm-node-2691613017","properties":{"id":"osm-node-2691613017","name":"Demirkapı","facility_type":"station","infrastructure_status":"operational","timetable_status":"not_assessed","source_status":"odbl","operator":"TCDD Taşımacılık","osm_type":"node","osm_id":2691613017,"distance_to_rail_m":4},"geometry":{"type":"Point","coordinates":[40.1628233,39.5790226]}},{"type":"Feature","id":"osm-node-590521315","properties":{"id":"osm-node-590521315","name":"Demirköprü","facility_type":"station","infrastructure_status":"operational","timetable_status":"not_assessed","source_status":"odbl","operator":"izban","osm_type":"node","osm_id":590521315,"distance_to_rail_m":3},"geometry":{"type":"Point","coordinates":[27.0964325,38.4680354]}},{"type":"Feature","id":"osm-node-13596670707","properties":{"id":"osm-node-13596670707","name":"Demirköprü","facility_type":"halt","infrastructure_status":"operational","timetable_status":"not_assessed","source_status":"odbl","operator":"TCDD Taşımacılık","osm_type":"node","osm_id":13596670707,"distance_to_rail_m":4.3},"geometry":{"type":"Point","coordinates":[26.6478932,41.356757]}},{"type":"Feature","id":"osm-node-4394446357","properties":{"id":"osm-node-4394446357","name":"Demirli","facility_type":"station","infrastructure_status":"operational","timetable_status":"not_assessed","source_status":"odbl","operator":"TCDD Taşımacılık","osm_type":"node","osm_id":4394446357,"distance_to_rail_m":0.9},"geometry":{"type":"Point","coordinates":[29.301472,39.5030844]}},{"type":"Feature","id":"osm-node-6942688150","properties":{"id":"osm-node-6942688150","name":"Demirlibahçe","facility_type":"station","infrastructure_status":"operational","timetable_status":"not_assessed","source_status":"odbl","operator":"TCDD Taşımacılık","osm_type":"node","osm_id":6942688150,"distance_to_rail_m":4.6},"geometry":{"type":"Point","coordinates":[32.8831855,39.9400682]}},{"type":"Feature","id":"osm-node-2705972173","properties":{"id":"osm-node-2705972173","name":"Demirlikuyu","facility_type":"halt","infrastructure_status":"operational","timetable_status":"not_assessed","source_status":"odbl","operator":"","osm_type":"node","osm_id":2705972173,"distance_to_rail_m":3.9},"geometry":{"type":"Point","coordinates":[41.5067822,37.9627387]}},{"type":"Feature","id":"osm-node-1018997728","properties":{"id":"osm-node-1018997728","name":"Demirlipınar","facility_type":"halt","infrastructure_status":"operational","timetable_status":"not_assessed","source_status":"odbl","operator":"","osm_type":"node","osm_id":1018997728,"distance_to_rail_m":2.9},"geometry":{"type":"Point","coordinates":[41.1555165,37.9327052]}},{"type":"Feature","id":"osm-node-2713005920","properties":{"id":"osm-node-2713005920","name":"Demirözü","facility_type":"halt","infrastructure_status":"operational","timetable_status":"not_assessed","source_status":"odbl","operator":"","osm_type":"node","osm_id":2713005920,"distance_to_rail_m":0.1},"geometry":{"type":"Point","coordinates":[30.3359761,39.1960067]}},{"type":"Feature","id":"osm-node-13409598545","properties":{"id":"osm-node-13409598545","name":"Denizciler","facility_type":"station","infrastructure_status":"operational","timetable_status":"not_assessed","source_status":"odbl","operator":"TCDD Taşımacılık","osm_type":"node","osm_id":13409598545,"distance_to_rail_m":8.6},"geometry":{"type":"Point","coordinates":[36.2130049,36.6474813]}},{"type":"Feature","id":"osm-node-1033799242","properties":{"id":"osm-node-1033799242","name":"Denizli","facility_type":"station","infrastructure_status":"operational","timetable_status":"not_assessed","source_status":"odbl","operator":"TCDD Taşımacılık","osm_type":"node","osm_id":1033799242,"distance_to_rail_m":5.8},"geometry":{"type":"Point","coordinates":[29.0909657,37.7869799]}},{"type":"Feature","id":"osm-node-13040894854","properties":{"id":"osm-node-13040894854","name":"Derbent","facility_type":"station","infrastructure_status":"operational","timetable_status":"not_assessed","source_status":"odbl","operator":"TCDD Taşımacılık","osm_type":"node","osm_id":13040894854,"distance_to_rail_m":2.8},"geometry":{"type":"Point","coordinates":[29.6416343,38.6706734]}},{"type":"Feature","id":"osm-node-2022178723","properties":{"id":"osm-node-2022178723","name":"Derebaşı Durağı","facility_type":"halt","infrastructure_status":"operational","timetable_status":"not_assessed","source_status":"odbl","operator":"TCDD","osm_type":"node","osm_id":2022178723,"distance_to_rail_m":1.3},"geometry":{"type":"Point","coordinates":[27.7850945,38.1556703]}},{"type":"Feature","id":"osm-node-10820574849","properties":{"id":"osm-node-10820574849","name":"Derince","facility_type":"station","infrastructure_status":"operational","timetable_status":"not_assessed","source_status":"odbl","operator":"TCDD","osm_type":"node","osm_id":10820574849,"distance_to_rail_m":12.3},"geometry":{"type":"Point","coordinates":[29.8340705,40.7544957]}},{"type":"Feature","id":"osm-node-8094704070","properties":{"id":"osm-node-8094704070","name":"Develi","facility_type":"station","infrastructure_status":"operational","timetable_status":"not_assessed","source_status":"odbl","operator":"TCDD Taşımacılık","osm_type":"node","osm_id":8094704070,"distance_to_rail_m":6},"geometry":{"type":"Point","coordinates":[27.1666792,38.2033132]}},{"type":"Feature","id":"osm-node-1811791603","properties":{"id":"osm-node-1811791603","name":"Devrant durağı","facility_type":"halt","infrastructure_status":"operational","timetable_status":"not_assessed","source_status":"odbl","operator":"","osm_type":"node","osm_id":1811791603,"distance_to_rail_m":9.6},"geometry":{"type":"Point","coordinates":[28.1816805,37.886965]}},{"type":"Feature","id":"osm-node-2683736626","properties":{"id":"osm-node-2683736626","name":"Dilek","facility_type":"station","infrastructure_status":"operational","timetable_status":"not_assessed","source_status":"odbl","operator":"TCDD Taşımacılık","osm_type":"node","osm_id":2683736626,"distance_to_rail_m":1.7},"geometry":{"type":"Point","coordinates":[38.2582073,38.4449554]}},{"type":"Feature","id":"osm-node-2562025494","properties":{"id":"osm-node-2562025494","name":"Diliskelesi","facility_type":"halt","infrastructure_status":"operational","timetable_status":"not_assessed","source_status":"odbl","operator":"","osm_type":"node","osm_id":2562025494,"distance_to_rail_m":0.4},"geometry":{"type":"Point","coordinates":[29.5235035,40.7694904]}},{"type":"Feature","id":"osm-node-1211647863","properties":{"id":"osm-node-1211647863","name":"Divriği","facility_type":"station","infrastructure_status":"operational","timetable_status":"not_assessed","source_status":"odbl","operator":"TCDD Taşımacılık","osm_type":"node","osm_id":1211647863,"distance_to_rail_m":2.4},"geometry":{"type":"Point","coordinates":[38.1141305,39.3840272]}},{"type":"Feature","id":"osm-node-13522088113","properties":{"id":"osm-node-13522088113","name":"Doğançay","facility_type":"station","infrastructure_status":"operational","timetable_status":"not_assessed","source_status":"odbl","operator":"TCDD Taşımacılık","osm_type":"node","osm_id":13522088113,"distance_to_rail_m":1.6},"geometry":{"type":"Point","coordinates":[30.3323051,40.6247444]}},{"type":"Feature","id":"osm-node-1029554178","properties":{"id":"osm-node-1029554178","name":"Doğanşehir","facility_type":"station","infrastructure_status":"operational","timetable_status":"not_assessed","source_status":"odbl","operator":"TCDD Taşımacılık","osm_type":"node","osm_id":1029554178,"distance_to_rail_m":3.9},"geometry":{"type":"Point","coordinates":[37.874647,38.089293]}},{"type":"Feature","id":"osm-node-13147171949","properties":{"id":"osm-node-13147171949","name":"Dörtyol","facility_type":"station","infrastructure_status":"operational","timetable_status":"not_assessed","source_status":"odbl","operator":"TCDD Taşımacılık","osm_type":"node","osm_id":13147171949,"distance_to_rail_m":5.6},"geometry":{"type":"Point","coordinates":[36.1956148,36.8239831]}},{"type":"Feature","id":"osm-node-2201574181","properties":{"id":"osm-node-2201574181","name":"Dumlupınar","facility_type":"station","infrastructure_status":"operational","timetable_status":"not_assessed","source_status":"odbl","operator":"TCDD Taşımacılık","osm_type":"node","osm_id":2201574181,"distance_to_rail_m":2.6},"geometry":{"type":"Point","coordinates":[29.985265,38.8478635]}},{"type":"Feature","id":"osm-node-440894064","properties":{"id":"osm-node-440894064","name":"Durak","facility_type":"station","infrastructure_status":"operational","timetable_status":"not_assessed","source_status":"odbl","operator":"TCDD Taşımacılık","osm_type":"node","osm_id":440894064,"distance_to_rail_m":3.3},"geometry":{"type":"Point","coordinates":[35.0019238,37.1198583]}},{"type":"Feature","id":"osm-node-2691654097","properties":{"id":"osm-node-2691654097","name":"Duraklı","facility_type":"halt","infrastructure_status":"operational","timetable_status":"not_assessed","source_status":"odbl","operator":"","osm_type":"node","osm_id":2691654097,"distance_to_rail_m":2.1},"geometry":{"type":"Point","coordinates":[43.5062782,40.7267987]}},{"type":"Feature","id":"osm-node-1626731519","properties":{"id":"osm-node-1626731519","name":"Dursunbey","facility_type":"station","infrastructure_status":"operational","timetable_status":"not_assessed","source_status":"odbl","operator":"TCDD Taşımacılık","osm_type":"node","osm_id":1626731519,"distance_to_rail_m":2.4},"geometry":{"type":"Point","coordinates":[28.6529869,39.5472927]}},{"type":"Feature","id":"osm-node-2632465907","properties":{"id":"osm-node-2632465907","name":"Dutluk","facility_type":"halt","infrastructure_status":"operational","timetable_status":"not_assessed","source_status":"odbl","operator":"","osm_type":"node","osm_id":2632465907,"distance_to_rail_m":0.2},"geometry":{"type":"Point","coordinates":[38.2634719,39.3482072]}},{"type":"Feature","id":"osm-node-10159892616","properties":{"id":"osm-node-10159892616","name":"Dülük","facility_type":"station","infrastructure_status":"operational","timetable_status":"not_assessed","source_status":"odbl","operator":"TCDD","osm_type":"node","osm_id":10159892616,"distance_to_rail_m":6.4},"geometry":{"type":"Point","coordinates":[37.363697,37.1497696]}},{"type":"Feature","id":"osm-node-1811447239","properties":{"id":"osm-node-1811447239","name":"Dümbelek","facility_type":"station","infrastructure_status":"operational","timetable_status":"not_assessed","source_status":"odbl","operator":"","osm_type":"node","osm_id":1811447239,"distance_to_rail_m":2.2},"geometry":{"type":"Point","coordinates":[33.5294084,40.2854641]}},{"type":"Feature","id":"osm-node-4556769264","properties":{"id":"osm-node-4556769264","name":"Egekent","facility_type":"station","infrastructure_status":"operational","timetable_status":"not_assessed","source_status":"odbl","operator":"İZBAN","osm_type":"node","osm_id":4556769264,"distance_to_rail_m":3.9},"geometry":{"type":"Point","coordinates":[27.0459812,38.5073447]}},{"type":"Feature","id":"osm-node-168181327","properties":{"id":"osm-node-168181327","name":"Egekent 2","facility_type":"station","infrastructure_status":"operational","timetable_status":"not_assessed","source_status":"odbl","operator":"","osm_type":"node","osm_id":168181327,"distance_to_rail_m":4.6},"geometry":{"type":"Point","coordinates":[27.0443595,38.5605958]}},{"type":"Feature","id":"osm-node-3556586658","properties":{"id":"osm-node-3556586658","name":"Ekerek","facility_type":"halt","infrastructure_status":"operational","timetable_status":"not_assessed","source_status":"odbl","operator":"TCDD Taşımacılık","osm_type":"node","osm_id":3556586658,"distance_to_rail_m":2.1},"geometry":{"type":"Point","coordinates":[40.2895305,38.7364932]}},{"type":"Feature","id":"osm-node-1028215425","properties":{"id":"osm-node-1028215425","name":"Elifoğlu","facility_type":"station","infrastructure_status":"official_network_inactive","timetable_status":"not_assessed","source_status":"odbl","operator":"TCDD","osm_type":"node","osm_id":1028215425,"distance_to_rail_m":3.2},"geometry":{"type":"Point","coordinates":[37.9852954,36.9426059]}},{"type":"Feature","id":"osm-node-2705902010","properties":{"id":"osm-node-2705902010","name":"Elmali","facility_type":"station","infrastructure_status":"operational","timetable_status":"not_assessed","source_status":"odbl","operator":"TCDD Taşımacılık","osm_type":"node","osm_id":2705902010,"distance_to_rail_m":0.1},"geometry":{"type":"Point","coordinates":[37.7321936,38.0172985]}},{"type":"Feature","id":"osm-node-8004018096","properties":{"id":"osm-node-8004018096","name":"Elvankent","facility_type":"station","infrastructure_status":"operational","timetable_status":"not_assessed","source_status":"odbl","operator":"TCDD Taşımacılık","osm_type":"node","osm_id":8004018096,"distance_to_rail_m":0},"geometry":{"type":"Point","coordinates":[32.612193,39.958563]}},{"type":"Feature","id":"osm-node-2629175271","properties":{"id":"osm-node-2629175271","name":"Emiralem","facility_type":"station","infrastructure_status":"operational","timetable_status":"not_assessed","source_status":"odbl","operator":"TCDD Taşımacılık","osm_type":"node","osm_id":2629175271,"distance_to_rail_m":14.1},"geometry":{"type":"Point","coordinates":[27.1481943,38.6244851]}},{"type":"Feature","id":"osm-node-13096553867","properties":{"id":"osm-node-13096553867","name":"Emirler","facility_type":"station","infrastructure_status":"operational","timetable_status":"not_assessed","source_status":"odbl","operator":"TCDD Taşımacılık","osm_type":"node","osm_id":13096553867,"distance_to_rail_m":1.7},"geometry":{"type":"Point","coordinates":[29.3623508,39.4925647]}},{"type":"Feature","id":"osm-node-13365924590","properties":{"id":"osm-node-13365924590","name":"Enveriye","facility_type":"station","infrastructure_status":"operational","timetable_status":"not_assessed","source_status":"odbl","operator":"TCDD Taşımacılık","osm_type":"node","osm_id":13365924590,"distance_to_rail_m":5.2},"geometry":{"type":"Point","coordinates":[30.4848155,39.7735169]}},{"type":"Feature","id":"osm-node-1963210305","properties":{"id":"osm-node-1963210305","name":"Erbeyli Durağı","facility_type":"halt","infrastructure_status":"operational","timetable_status":"not_assessed","source_status":"odbl","operator":"TCDD","osm_type":"node","osm_id":1963210305,"distance_to_rail_m":0.4},"geometry":{"type":"Point","coordinates":[27.6758901,37.8634973]}},{"type":"Feature","id":"osm-node-13183864609","properties":{"id":"osm-node-13183864609","name":"Erçek","facility_type":"station","infrastructure_status":"operational","timetable_status":"not_assessed","source_status":"odbl","operator":"TCDD Taşımacılık","osm_type":"node","osm_id":13183864609,"distance_to_rail_m":1.5},"geometry":{"type":"Point","coordinates":[43.6572587,38.6593275]}},{"type":"Feature","id":"osm-node-2643792763","properties":{"id":"osm-node-2643792763","name":"Ereğli","facility_type":"station","infrastructure_status":"operational","timetable_status":"not_assessed","source_status":"odbl","operator":"TCDD Taşımacılık","osm_type":"node","osm_id":2643792763,"distance_to_rail_m":17.6},"geometry":{"type":"Point","coordinates":[34.0569987,37.5058085]}},{"type":"Feature","id":"osm-node-1908362611","properties":{"id":"osm-node-1908362611","name":"Erenköy","facility_type":"station","infrastructure_status":"operational","timetable_status":"not_assessed","source_status":"odbl","operator":"TCDD Taşımacılık","osm_type":"node","osm_id":1908362611,"distance_to_rail_m":6.9},"geometry":{"type":"Point","coordinates":[29.0763742,40.9716798]}},{"type":"Feature","id":"osm-node-1829725374","properties":{"id":"osm-node-1829725374","name":"Ergani","facility_type":"station","infrastructure_status":"operational","timetable_status":"not_assessed","source_status":"odbl","operator":"TCDD Taşımacılık","osm_type":"node","osm_id":1829725374,"distance_to_rail_m":10.3},"geometry":{"type":"Point","coordinates":[39.7548794,38.2327796]}},{"type":"Feature","id":"osm-node-2632458725","properties":{"id":"osm-node-2632458725","name":"Eriç","facility_type":"station","infrastructure_status":"operational","timetable_status":"not_assessed","source_status":"odbl","operator":"TCDD Taşımacılık","osm_type":"node","osm_id":2632458725,"distance_to_rail_m":8.6},"geometry":{"type":"Point","coordinates":[38.8685412,39.5720918]}},{"type":"Feature","id":"osm-node-13285012546","properties":{"id":"osm-node-13285012546","name":"Eryatağı","facility_type":"station","infrastructure_status":"operational","timetable_status":"not_assessed","source_status":"odbl","operator":"TCDD Taşımacılık","osm_type":"node","osm_id":13285012546,"distance_to_rail_m":3.5},"geometry":{"type":"Point","coordinates":[35.7949042,40.6073149]}},{"type":"Feature","id":"osm-node-13142574206","properties":{"id":"osm-node-13142574206","name":"Erzin","facility_type":"station","infrastructure_status":"operational","timetable_status":"not_assessed","source_status":"odbl","operator":"TCDD Taşımacılık","osm_type":"node","osm_id":13142574206,"distance_to_rail_m":3},"geometry":{"type":"Point","coordinates":[36.1302382,36.9746038]}},{"type":"Feature","id":"osm-node-13239613528","properties":{"id":"osm-node-13239613528","name":"Erzurum","facility_type":"station","infrastructure_status":"operational","timetable_status":"not_assessed","source_status":"odbl","operator":"TCDD Taşımacılık","osm_type":"node","osm_id":13239613528,"distance_to_rail_m":3.1},"geometry":{"type":"Point","coordinates":[41.2685269,39.915615]}},{"type":"Feature","id":"osm-node-8062356443","properties":{"id":"osm-node-8062356443","name":"ESBAŞ","facility_type":"station","infrastructure_status":"operational","timetable_status":"not_assessed","source_status":"odbl","operator":"","osm_type":"node","osm_id":8062356443,"distance_to_rail_m":2.1},"geometry":{"type":"Point","coordinates":[27.1364707,38.3369449]}},{"type":"Feature","id":"osm-node-2627509575","properties":{"id":"osm-node-2627509575","name":"Esenkent","facility_type":"station","infrastructure_status":"operational","timetable_status":"not_assessed","source_status":"odbl","operator":"TCDD Taşımacılık","osm_type":"node","osm_id":2627509575,"distance_to_rail_m":2.2},"geometry":{"type":"Point","coordinates":[32.4678529,39.8925764]}},{"type":"Feature","id":"osm-node-13542939764","properties":{"id":"osm-node-13542939764","name":"Eski Karasar","facility_type":"halt","infrastructure_status":"operational","timetable_status":"not_assessed","source_status":"odbl","operator":"","osm_type":"node","osm_id":13542939764,"distance_to_rail_m":3.2},"geometry":{"type":"Point","coordinates":[37.2266977,39.4234633]}},{"type":"Feature","id":"osm-node-2633437752","properties":{"id":"osm-node-2633437752","name":"Eskiköy","facility_type":"station","infrastructure_status":"operational","timetable_status":"not_assessed","source_status":"odbl","operator":"TCDD Taşımacılık","osm_type":"node","osm_id":2633437752,"distance_to_rail_m":2},"geometry":{"type":"Point","coordinates":[37.2881222,39.4346192]}},{"type":"Feature","id":"osm-node-2711318024","properties":{"id":"osm-node-2711318024","name":"Eskipazar","facility_type":"station","infrastructure_status":"operational","timetable_status":"not_assessed","source_status":"odbl","operator":"TCDD Taşımacılık","osm_type":"node","osm_id":2711318024,"distance_to_rail_m":6.6},"geometry":{"type":"Point","coordinates":[32.5335032,40.9567583]}},{"type":"Feature","id":"osm-node-2707315513","properties":{"id":"osm-node-2707315513","name":"Eskişehir","facility_type":"station","infrastructure_status":"operational","timetable_status":"not_assessed","source_status":"odbl","operator":"TCDD Taşımacılık","osm_type":"node","osm_id":2707315513,"distance_to_rail_m":2.6},"geometry":{"type":"Point","coordinates":[30.504966,39.7796173]}},{"type":"Feature","id":"osm-node-1339863753","properties":{"id":"osm-node-1339863753","name":"Etimesgut","facility_type":"station","infrastructure_status":"operational","timetable_status":"not_assessed","source_status":"odbl","operator":"TCDD Taşımacılık","osm_type":"node","osm_id":1339863753,"distance_to_rail_m":0.1},"geometry":{"type":"Point","coordinates":[32.6630925,39.9492467]}},{"type":"Feature","id":"osm-node-1688809279","properties":{"id":"osm-node-1688809279","name":"Evciler","facility_type":"station","infrastructure_status":"operational","timetable_status":"not_assessed","source_status":"odbl","operator":"TCDD Taşımacılık","osm_type":"node","osm_id":1688809279,"distance_to_rail_m":14.4},"geometry":{"type":"Point","coordinates":[29.921358,38.0270542]}},{"type":"Feature","id":"osm-node-13353340109","properties":{"id":"osm-node-13353340109","name":"Fehimli","facility_type":"station","infrastructure_status":"operational","timetable_status":"not_assessed","source_status":"odbl","operator":"TCDD Taşımacılık","osm_type":"node","osm_id":13353340109,"distance_to_rail_m":0.7},"geometry":{"type":"Point","coordinates":[35.0213149,39.1320912]}},{"type":"Feature","id":"osm-node-6328169452","properties":{"id":"osm-node-6328169452","name":"Feneryolu","facility_type":"station","infrastructure_status":"operational","timetable_status":"not_assessed","source_status":"odbl","operator":"TCDD Taşımacılık","osm_type":"node","osm_id":6328169452,"distance_to_rail_m":4.7},"geometry":{"type":"Point","coordinates":[29.0488297,40.9787958]}},{"type":"Feature","id":"osm-node-969662630","properties":{"id":"osm-node-969662630","name":"Fevzipaşa","facility_type":"station","infrastructure_status":"operational","timetable_status":"not_assessed","source_status":"odbl","operator":"TCDD Taşımacılık","osm_type":"node","osm_id":969662630,"distance_to_rail_m":3},"geometry":{"type":"Point","coordinates":[36.6387211,37.0988185]}},{"type":"Feature","id":"osm-node-2474813423","properties":{"id":"osm-node-2474813423","name":"Fırat","facility_type":"station","infrastructure_status":"operational","timetable_status":"not_assessed","source_status":"odbl","operator":"TCDD Taşımacılık","osm_type":"node","osm_id":2474813423,"distance_to_rail_m":3.5},"geometry":{"type":"Point","coordinates":[38.5122528,38.4408898]}},{"type":"Feature","id":"osm-node-10159892642","properties":{"id":"osm-node-10159892642","name":"Fıstıklık","facility_type":"station","infrastructure_status":"operational","timetable_status":"not_assessed","source_status":"odbl","operator":"TCDD Taşımacılık","osm_type":"node","osm_id":10159892642,"distance_to_rail_m":7},"geometry":{"type":"Point","coordinates":[37.3807415,37.1121226]}},{"type":"Feature","id":"osm-node-1027924561","properties":{"id":"osm-node-1027924561","name":"Florya","facility_type":"station","infrastructure_status":"operational","timetable_status":"not_assessed","source_status":"odbl","operator":"","osm_type":"node","osm_id":1027924561,"distance_to_rail_m":8.2},"geometry":{"type":"Point","coordinates":[28.7876092,40.9728979]}},{"type":"Feature","id":"osm-node-6328169449","properties":{"id":"osm-node-6328169449","name":"Florya Akvaryum","facility_type":"station","infrastructure_status":"operational","timetable_status":"not_assessed","source_status":"odbl","operator":"","osm_type":"node","osm_id":6328169449,"distance_to_rail_m":5.6},"geometry":{"type":"Point","coordinates":[28.7969908,40.9678237]}},{"type":"Feature","id":"osm-node-4394451678","properties":{"id":"osm-node-4394451678","name":"Gazellidere","facility_type":"station","infrastructure_status":"operational","timetable_status":"not_assessed","source_status":"odbl","operator":"TCDD Taşımacılık","osm_type":"node","osm_id":4394451678,"distance_to_rail_m":2},"geometry":{"type":"Point","coordinates":[28.4692829,39.5449446]}},{"type":"Feature","id":"osm-node-6080817083","properties":{"id":"osm-node-6080817083","name":"Gazi","facility_type":"station","infrastructure_status":"operational","timetable_status":"not_assessed","source_status":"odbl","operator":"TCDD Taşımacılık","osm_type":"node","osm_id":6080817083,"distance_to_rail_m":4},"geometry":{"type":"Point","coordinates":[32.7963138,39.9403072]}},{"type":"Feature","id":"osm-node-6981627649","properties":{"id":"osm-node-6981627649","name":"Gazi Mahallesi","facility_type":"station","infrastructure_status":"operational","timetable_status":"not_assessed","source_status":"odbl","operator":"TCDD Taşımacılık","osm_type":"node","osm_id":6981627649,"distance_to_rail_m":0.6},"geometry":{"type":"Point","coordinates":[32.8125362,39.9440165]}},{"type":"Feature","id":"osm-node-3309385594","properties":{"id":"osm-node-3309385594","name":"Gaziemir","facility_type":"station","infrastructure_status":"operational","timetable_status":"not_assessed","source_status":"odbl","operator":"TCDD Taşımacılık","osm_type":"node","osm_id":3309385594,"distance_to_rail_m":1.7},"geometry":{"type":"Point","coordinates":[27.1399665,38.3262756]}},{"type":"Feature","id":"osm-node-6764109168","properties":{"id":"osm-node-6764109168","name":"Gebze","facility_type":"station","infrastructure_status":"operational","timetable_status":"not_assessed","source_status":"odbl","operator":"TCDD Taşımacılık","osm_type":"node","osm_id":6764109168,"distance_to_rail_m":3.8},"geometry":{"type":"Point","coordinates":[29.4107806,40.7838682]}},{"type":"Feature","id":"osm-node-1019524422","properties":{"id":"osm-node-1019524422","name":"Geçit","facility_type":"halt","infrastructure_status":"operational","timetable_status":"not_assessed","source_status":"odbl","operator":"TCDD Taşımacılık","osm_type":"node","osm_id":1019524422,"distance_to_rail_m":7.3},"geometry":{"type":"Point","coordinates":[39.9494136,39.5761609]}},{"type":"Feature","id":"osm-node-2705922832","properties":{"id":"osm-node-2705922832","name":"Gemici","facility_type":"halt","infrastructure_status":"operational","timetable_status":"not_assessed","source_status":"odbl","operator":"TCDD Taşımacılık","osm_type":"node","osm_id":2705922832,"distance_to_rail_m":4.6},"geometry":{"type":"Point","coordinates":[38.6007543,38.4576855]}},{"type":"Feature","id":"osm-node-11309220598","properties":{"id":"osm-node-11309220598","name":"Genç","facility_type":"station","infrastructure_status":"operational","timetable_status":"not_assessed","source_status":"odbl","operator":"TCDD Taşımacılık","osm_type":"node","osm_id":11309220598,"distance_to_rail_m":2.1},"geometry":{"type":"Point","coordinates":[40.5576394,38.7518473]}},{"type":"Feature","id":"osm-node-14041457862","properties":{"id":"osm-node-14041457862","name":"Gençeli Durağı","facility_type":"halt","infrastructure_status":"operational","timetable_status":"not_assessed","source_status":"odbl","operator":"","osm_type":"node","osm_id":14041457862,"distance_to_rail_m":3},"geometry":{"type":"Point","coordinates":[28.6748033,37.9362069]}},{"type":"Feature","id":"osm-node-13397207694","properties":{"id":"osm-node-13397207694","name":"Germece","facility_type":"station","infrastructure_status":"operational","timetable_status":"not_assessed","source_status":"odbl","operator":"TCDD Taşımacılık","osm_type":"node","osm_id":13397207694,"distance_to_rail_m":2.4},"geometry":{"type":"Point","coordinates":[33.7005779,40.4381144]}},{"type":"Feature","id":"osm-node-2407158710","properties":{"id":"osm-node-2407158710","name":"Germencik","facility_type":"station","infrastructure_status":"operational","timetable_status":"not_assessed","source_status":"odbl","operator":"TCDD Taşımacılık","osm_type":"node","osm_id":2407158710,"distance_to_rail_m":1.3},"geometry":{"type":"Point","coordinates":[27.5950542,37.8733069]}},{"type":"Feature","id":"osm-node-2632431401","properties":{"id":"osm-node-2632431401","name":"Germiyan","facility_type":"halt","infrastructure_status":"operational","timetable_status":"not_assessed","source_status":"odbl","operator":"","osm_type":"node","osm_id":2632431401,"distance_to_rail_m":7.5},"geometry":{"type":"Point","coordinates":[36.1092188,41.0580519]}},{"type":"Feature","id":"osm-node-2275058706","properties":{"id":"osm-node-2275058706","name":"Geyik","facility_type":"station","infrastructure_status":"operational","timetable_status":"not_assessed","source_status":"odbl","operator":"TCDD Taşımacılık","osm_type":"node","osm_id":2275058706,"distance_to_rail_m":0.4},"geometry":{"type":"Point","coordinates":[39.9362234,38.1439696]}},{"type":"Feature","id":"osm-node-1849880459","properties":{"id":"osm-node-1849880459","name":"Gezin","facility_type":"station","infrastructure_status":"operational","timetable_status":"not_assessed","source_status":"odbl","operator":"TCDD Taşımacılık","osm_type":"node","osm_id":1849880459,"distance_to_rail_m":0.9},"geometry":{"type":"Point","coordinates":[39.5197097,38.4950813]}},{"type":"Feature","id":"osm-node-2038251331","properties":{"id":"osm-node-2038251331","name":"Goçar","facility_type":"station","infrastructure_status":"official_network_inactive","timetable_status":"not_assessed","source_status":"odbl","operator":"TCDD Taşımacılık","osm_type":"node","osm_id":2038251331,"distance_to_rail_m":6.4},"geometry":{"type":"Point","coordinates":[39.3890871,36.6938552]}},{"type":"Feature","id":"osm-node-1030923375","properties":{"id":"osm-node-1030923375","name":"Goncalı","facility_type":"station","infrastructure_status":"operational","timetable_status":"not_assessed","source_status":"odbl","operator":"TCDD Taşımacılık","osm_type":"node","osm_id":1030923375,"distance_to_rail_m":7.5},"geometry":{"type":"Point","coordinates":[29.1166376,37.8479861]}},{"type":"Feature","id":"osm-node-13361758030","properties":{"id":"osm-node-13361758030","name":"Goncalı Müselles","facility_type":"station","infrastructure_status":"operational","timetable_status":"not_assessed","source_status":"odbl","operator":"TCDD Taşımacılık","osm_type":"node","osm_id":13361758030,"distance_to_rail_m":4.7},"geometry":{"type":"Point","coordinates":[29.1191387,37.8425904]}},{"type":"Feature","id":"osm-node-3058081123","properties":{"id":"osm-node-3058081123","name":"Göçenli","facility_type":"halt","infrastructure_status":"operational","timetable_status":"not_assessed","source_status":"odbl","operator":"","osm_type":"node","osm_id":3058081123,"distance_to_rail_m":1},"geometry":{"type":"Point","coordinates":[36.0715371,40.1530336]}},{"type":"Feature","id":"osm-node-1211778407","properties":{"id":"osm-node-1211778407","name":"Göçentaşı","facility_type":"station","infrastructure_status":"operational","timetable_status":"not_assessed","source_status":"odbl","operator":"TCDD Taşımacılık","osm_type":"node","osm_id":1211778407,"distance_to_rail_m":2},"geometry":{"type":"Point","coordinates":[37.9083879,39.4076525]}},{"type":"Feature","id":"osm-node-2038274135","properties":{"id":"osm-node-2038274135","name":"Gökçayır","facility_type":"station","infrastructure_status":"official_network_inactive","timetable_status":"not_assessed","source_status":"odbl","operator":"TCDD Taşımacılık","osm_type":"node","osm_id":2038274135,"distance_to_rail_m":2.2},"geometry":{"type":"Point","coordinates":[39.8511033,36.7752322]}},{"type":"Feature","id":"osm-node-2625915618","properties":{"id":"osm-node-2625915618","name":"Gökçeali","facility_type":"halt","infrastructure_status":"operational","timetable_status":"not_assessed","source_status":"odbl","operator":"","osm_type":"node","osm_id":2625915618,"distance_to_rail_m":3.9},"geometry":{"type":"Point","coordinates":[28.4537597,41.1755384]}},{"type":"Feature","id":"osm-node-13096455567","properties":{"id":"osm-node-13096455567","name":"Gökçedağ","facility_type":"station","infrastructure_status":"operational","timetable_status":"not_assessed","source_status":"odbl","operator":"TCDD Taşımacılık","osm_type":"node","osm_id":13096455567,"distance_to_rail_m":1.7},"geometry":{"type":"Point","coordinates":[28.9797061,39.6119319]}},{"type":"Feature","id":"osm-node-2711401351","properties":{"id":"osm-node-2711401351","name":"Gökçekısık","facility_type":"station","infrastructure_status":"operational","timetable_status":"not_assessed","source_status":"odbl","operator":"TCDD Taşımacılık","osm_type":"node","osm_id":2711401351,"distance_to_rail_m":2.1},"geometry":{"type":"Point","coordinates":[30.3871155,39.6537684]}},{"type":"Feature","id":"osm-node-1811447281","properties":{"id":"osm-node-1811447281","name":"Gökçeören","facility_type":"halt","infrastructure_status":"operational","timetable_status":"not_assessed","source_status":"odbl","operator":"","osm_type":"node","osm_id":1811447281,"distance_to_rail_m":1.8},"geometry":{"type":"Point","coordinates":[33.5358256,40.2384648]}},{"type":"Feature","id":"osm-node-4045268405","properties":{"id":"osm-node-4045268405","name":"Gökköy","facility_type":"station","infrastructure_status":"operational","timetable_status":"not_assessed","source_status":"odbl","operator":"TCDD Taşımacılık","osm_type":"node","osm_id":4045268405,"distance_to_rail_m":49.8},"geometry":{"type":"Point","coordinates":[27.8260519,39.5944163]}},{"type":"Feature","id":"osm-node-1806876783","properties":{"id":"osm-node-1806876783","name":"Gölbaşı","facility_type":"station","infrastructure_status":"operational","timetable_status":"not_assessed","source_status":"odbl","operator":"TCDD Taşımacılık","osm_type":"node","osm_id":1806876783,"distance_to_rail_m":2.1},"geometry":{"type":"Point","coordinates":[37.635349,37.7885969]}},{"type":"Feature","id":"osm-node-2705954495","properties":{"id":"osm-node-2705954495","name":"Gölcük","facility_type":"halt","infrastructure_status":"operational","timetable_status":"not_assessed","source_status":"odbl","operator":"TCDD Taşımacılık","osm_type":"node","osm_id":2705954495,"distance_to_rail_m":1.4},"geometry":{"type":"Point","coordinates":[39.3912837,38.462091]}},{"type":"Feature","id":"osm-node-1874204778","properties":{"id":"osm-node-1874204778","name":"Göllüce","facility_type":"station","infrastructure_status":"operational","timetable_status":"not_assessed","source_status":"odbl","operator":"TCDD Taşımacılık","osm_type":"node","osm_id":1874204778,"distance_to_rail_m":3.1},"geometry":{"type":"Point","coordinates":[33.4095022,40.8077114]}},{"type":"Feature","id":"osm-node-10160022350","properties":{"id":"osm-node-10160022350","name":"Göllüce","facility_type":"station","infrastructure_status":"operational","timetable_status":"not_assessed","source_status":"odbl","operator":"TCDD Taşımacılık","osm_type":"node","osm_id":10160022350,"distance_to_rail_m":8.2},"geometry":{"type":"Point","coordinates":[37.4054153,37.0743002]}},{"type":"Feature","id":"osm-node-13361763989","properties":{"id":"osm-node-13361763989","name":"Göltaş","facility_type":"station","infrastructure_status":"operational","timetable_status":"not_assessed","source_status":"odbl","operator":"TCDD Taşımacılık","osm_type":"node","osm_id":13361763989,"distance_to_rail_m":3.4},"geometry":{"type":"Point","coordinates":[30.4945594,37.899479]}},{"type":"Feature","id":"osm-node-13338125400","properties":{"id":"osm-node-13338125400","name":"Gömeç","facility_type":"station","infrastructure_status":"operational","timetable_status":"not_assessed","source_status":"odbl","operator":"TCDD Taşımacılık","osm_type":"node","osm_id":13338125400,"distance_to_rail_m":4.4},"geometry":{"type":"Point","coordinates":[35.6471601,38.8355273]}},{"type":"Feature","id":"osm-node-1544856210","properties":{"id":"osm-node-1544856210","name":"Gözmen","facility_type":"halt","infrastructure_status":"operational","timetable_status":"not_assessed","source_status":"odbl","operator":"","osm_type":"node","osm_id":1544856210,"distance_to_rail_m":2.9},"geometry":{"type":"Point","coordinates":[36.6623972,39.5177592]}},{"type":"Feature","id":"osm-node-6690847579","properties":{"id":"osm-node-6690847579","name":"Göztepe","facility_type":"station","infrastructure_status":"operational","timetable_status":"not_assessed","source_status":"odbl","operator":"TCDD Taşımacılık","osm_type":"node","osm_id":6690847579,"distance_to_rail_m":5.1},"geometry":{"type":"Point","coordinates":[29.0626318,40.9792053]}},{"type":"Feature","id":"osm-node-5085864850","properties":{"id":"osm-node-5085864850","name":"GTÜ-Fatih","facility_type":"station","infrastructure_status":"operational","timetable_status":"not_assessed","source_status":"odbl","operator":"","osm_type":"node","osm_id":5085864850,"distance_to_rail_m":6.3},"geometry":{"type":"Point","coordinates":[29.3640227,40.8076023]}},{"type":"Feature","id":"osm-node-2679029399","properties":{"id":"osm-node-2679029399","name":"Gücük","facility_type":"station","infrastructure_status":"operational","timetable_status":"not_assessed","source_status":"odbl","operator":"","osm_type":"node","osm_id":2679029399,"distance_to_rail_m":17.2},"geometry":{"type":"Point","coordinates":[36.5600435,39.4288168]}},{"type":"Feature","id":"osm-node-2719418720","properties":{"id":"osm-node-2719418720","name":"Gümüş","facility_type":"station","infrastructure_status":"operational","timetable_status":"not_assessed","source_status":"odbl","operator":"TCDD Taşımacılık","osm_type":"node","osm_id":2719418720,"distance_to_rail_m":2.4},"geometry":{"type":"Point","coordinates":[34.6211201,37.5147947]}},{"type":"Feature","id":"osm-node-2630056957","properties":{"id":"osm-node-2630056957","name":"Gümüşçay","facility_type":"halt","infrastructure_status":"operational","timetable_status":"not_assessed","source_status":"odbl","operator":"","osm_type":"node","osm_id":2630056957,"distance_to_rail_m":3.4},"geometry":{"type":"Point","coordinates":[28.6494822,38.3646912]}},{"type":"Feature","id":"osm-node-4904128641","properties":{"id":"osm-node-4904128641","name":"Gümüşçayı","facility_type":"halt","infrastructure_status":"operational","timetable_status":"not_assessed","source_status":"odbl","operator":"","osm_type":"node","osm_id":4904128641,"distance_to_rail_m":2.2},"geometry":{"type":"Point","coordinates":[28.1632123,38.4785241]}},{"type":"Feature","id":"osm-node-13742825328","properties":{"id":"osm-node-13742825328","name":"Gümüşdağ","facility_type":"station","infrastructure_status":"operational","timetable_status":"not_assessed","source_status":"odbl","operator":"TCDD Taşımacılık","osm_type":"node","osm_id":13742825328,"distance_to_rail_m":4.4},"geometry":{"type":"Point","coordinates":[27.4365441,37.7647201]}},{"type":"Feature","id":"osm-node-2389665217","properties":{"id":"osm-node-2389665217","name":"Gümüşdüven","facility_type":"station","infrastructure_status":"operational","timetable_status":"not_assessed","source_status":"odbl","operator":"TCDD Taşımacılık","osm_type":"node","osm_id":2389665217,"distance_to_rail_m":2.3},"geometry":{"type":"Point","coordinates":[33.5323509,40.6905412]}},{"type":"Feature","id":"osm-node-4394457456","properties":{"id":"osm-node-4394457456","name":"Gündoğan","facility_type":"halt","infrastructure_status":"operational","timetable_status":"not_assessed","source_status":"odbl","operator":"","osm_type":"node","osm_id":4394457456,"distance_to_rail_m":2.2},"geometry":{"type":"Point","coordinates":[27.9132933,39.6445708]}},{"type":"Feature","id":"osm-node-11513940881","properties":{"id":"osm-node-11513940881","name":"Gündüzlü","facility_type":"station","infrastructure_status":"operational","timetable_status":"not_assessed","source_status":"odbl","operator":"","osm_type":"node","osm_id":11513940881,"distance_to_rail_m":1.7},"geometry":{"type":"Point","coordinates":[27.480429,41.0724987]}},{"type":"Feature","id":"osm-node-2726740663","properties":{"id":"osm-node-2726740663","name":"Güneş","facility_type":"station","infrastructure_status":"operational","timetable_status":"not_assessed","source_status":"odbl","operator":"TCDD Taşımacılık","osm_type":"node","osm_id":2726740663,"distance_to_rail_m":3.5},"geometry":{"type":"Point","coordinates":[37.8613816,39.3739053]}},{"type":"Feature","id":"osm-node-2630078685","properties":{"id":"osm-node-2630078685","name":"Güneyköy","facility_type":"station","infrastructure_status":"operational","timetable_status":"not_assessed","source_status":"odbl","operator":"TCDD Taşımacılık","osm_type":"node","osm_id":2630078685,"distance_to_rail_m":2.8},"geometry":{"type":"Point","coordinates":[28.8626647,38.3841121]}},{"type":"Feature","id":"osm-node-4394454340","properties":{"id":"osm-node-4394454340","name":"Güneyköy","facility_type":"halt","infrastructure_status":"operational","timetable_status":"not_assessed","source_status":"odbl","operator":"","osm_type":"node","osm_id":4394454340,"distance_to_rail_m":1},"geometry":{"type":"Point","coordinates":[28.7327162,39.6611585]}},{"type":"Feature","id":"osm-node-13142527107","properties":{"id":"osm-node-13142527107","name":"Günyazı","facility_type":"station","infrastructure_status":"operational","timetable_status":"not_assessed","source_status":"odbl","operator":"TCDD Taşımacılık","osm_type":"node","osm_id":13142527107,"distance_to_rail_m":0.1},"geometry":{"type":"Point","coordinates":[35.9514444,37.0574062]}},{"type":"Feature","id":"osm-node-1021732834","properties":{"id":"osm-node-1021732834","name":"Gürpınar","facility_type":"halt","infrastructure_status":"operational","timetable_status":"not_assessed","source_status":"odbl","operator":"","osm_type":"node","osm_id":1021732834,"distance_to_rail_m":0},"geometry":{"type":"Point","coordinates":[37.1572984,39.3537667]}},{"type":"Feature","id":"osm-node-13249471308","properties":{"id":"osm-node-13249471308","name":"Güvercin","facility_type":"station","infrastructure_status":"operational","timetable_status":"not_assessed","source_status":"odbl","operator":"TCDD Taşımacılık","osm_type":"node","osm_id":13249471308,"distance_to_rail_m":6.4},"geometry":{"type":"Point","coordinates":[43.2546212,40.8289107]}},{"type":"Feature","id":"osm-node-1033064956","properties":{"id":"osm-node-1033064956","name":"Güzelköy Durağı","facility_type":"halt","infrastructure_status":"operational","timetable_status":"not_assessed","source_status":"odbl","operator":"","osm_type":"node","osm_id":1033064956,"distance_to_rail_m":2.6},"geometry":{"type":"Point","coordinates":[28.3882547,37.9147177]}},{"type":"Feature","id":"osm-node-5084119890","properties":{"id":"osm-node-5084119890","name":"Güzelyalı","facility_type":"station","infrastructure_status":"operational","timetable_status":"not_assessed","source_status":"odbl","operator":"TCDD Taşımacılık","osm_type":"node","osm_id":5084119890,"distance_to_rail_m":3.1},"geometry":{"type":"Point","coordinates":[29.2836051,40.8568284]}},{"type":"Feature","id":"osm-node-13361875601","properties":{"id":"osm-node-13361875601","name":"Güzelyurt","facility_type":"station","infrastructure_status":"operational","timetable_status":"not_assessed","source_status":"odbl","operator":"TCDD Taşımacılık","osm_type":"node","osm_id":13361875601,"distance_to_rail_m":5.4},"geometry":{"type":"Point","coordinates":[29.6519491,39.4842923]}},{"type":"Feature","id":"osm-node-1807826065","properties":{"id":"osm-node-1807826065","name":"Hacıbayram","facility_type":"station","infrastructure_status":"operational","timetable_status":"not_assessed","source_status":"odbl","operator":"TCDD Taşımacılık","osm_type":"node","osm_id":1807826065,"distance_to_rail_m":3.9},"geometry":{"type":"Point","coordinates":[35.6330755,40.852295]}},{"type":"Feature","id":"osm-node-2187061286","properties":{"id":"osm-node-2187061286","name":"Hacıkırı","facility_type":"station","infrastructure_status":"operational","timetable_status":"not_assessed","source_status":"odbl","operator":"TCDD Taşımacılık","osm_type":"node","osm_id":2187061286,"distance_to_rail_m":4.2},"geometry":{"type":"Point","coordinates":[34.9808425,37.2521654]}},{"type":"Feature","id":"osm-node-2631287259","properties":{"id":"osm-node-2631287259","name":"Hacırahmanlı","facility_type":"station","infrastructure_status":"operational","timetable_status":"not_assessed","source_status":"odbl","operator":"TCDD Taşımacılık","osm_type":"node","osm_id":2631287259,"distance_to_rail_m":6.5},"geometry":{"type":"Point","coordinates":[27.6070859,38.747723]}},{"type":"Feature","id":"osm-node-2067210172","properties":{"id":"osm-node-2067210172","name":"Halkapınar","facility_type":"station","infrastructure_status":"operational","timetable_status":"not_assessed","source_status":"odbl","operator":"İZBAN","osm_type":"node","osm_id":2067210172,"distance_to_rail_m":1.7},"geometry":{"type":"Point","coordinates":[27.16885,38.4352171]}},{"type":"Feature","id":"osm-node-2786232391","properties":{"id":"osm-node-2786232391","name":"Hamzalar Köyü","facility_type":"halt","infrastructure_status":"operational","timetable_status":"not_assessed","source_status":"odbl","operator":"","osm_type":"node","osm_id":2786232391,"distance_to_rail_m":15.5},"geometry":{"type":"Point","coordinates":[37.6831128,37.9163373]}},{"type":"Feature","id":"osm-node-13372021672","properties":{"id":"osm-node-13372021672","name":"Hanköy","facility_type":"station","infrastructure_status":"operational","timetable_status":"not_assessed","source_status":"odbl","operator":"TCDD Taşımacılık","osm_type":"node","osm_id":13372021672,"distance_to_rail_m":3.1},"geometry":{"type":"Point","coordinates":[32.6226955,41.0041798]}},{"type":"Feature","id":"osm-node-13297057668","properties":{"id":"osm-node-13297057668","name":"Hanlı","facility_type":"station","infrastructure_status":"operational","timetable_status":"not_assessed","source_status":"odbl","operator":"TCDD Taşımacılık","osm_type":"node","osm_id":13297057668,"distance_to_rail_m":2.4},"geometry":{"type":"Point","coordinates":[36.6305436,39.4555977]}},{"type":"Feature","id":"osm-node-4319806492","properties":{"id":"osm-node-4319806492","name":"Hasanbey","facility_type":"station","infrastructure_status":"operational","timetable_status":"not_assessed","source_status":"odbl","operator":"TCDD Taşımacılık","osm_type":"node","osm_id":4319806492,"distance_to_rail_m":24.3},"geometry":{"type":"Point","coordinates":[30.6112456,39.7930908]}},{"type":"Feature","id":"osm-node-3063500757","properties":{"id":"osm-node-3063500757","name":"Hasançelebi","facility_type":"station","infrastructure_status":"operational","timetable_status":"not_assessed","source_status":"odbl","operator":"TCDD Taşımacılık","osm_type":"node","osm_id":3063500757,"distance_to_rail_m":4.5},"geometry":{"type":"Point","coordinates":[37.880391,38.927902]}},{"type":"Feature","id":"osm-node-2691631732","properties":{"id":"osm-node-2691631732","name":"Hasankale","facility_type":"station","infrastructure_status":"operational","timetable_status":"not_assessed","source_status":"odbl","operator":"TCDD Taşımacılık","osm_type":"node","osm_id":2691631732,"distance_to_rail_m":2.5},"geometry":{"type":"Point","coordinates":[41.6812712,39.9767923]}},{"type":"Feature","id":"osm-node-1038575223","properties":{"id":"osm-node-1038575223","name":"Hasanoğlan","facility_type":"halt","infrastructure_status":"operational","timetable_status":"not_assessed","source_status":"odbl","operator":"","osm_type":"node","osm_id":1038575223,"distance_to_rail_m":0},"geometry":{"type":"Point","coordinates":[33.1638746,39.9821709]}},{"type":"Feature","id":"osm-node-8180647241","properties":{"id":"osm-node-8180647241","name":"Hatundere","facility_type":"station","infrastructure_status":"operational","timetable_status":"not_assessed","source_status":"odbl","operator":"İZBAN","osm_type":"node","osm_id":8180647241,"distance_to_rail_m":11.4},"geometry":{"type":"Point","coordinates":[27.0175615,38.6900072]}},{"type":"Feature","id":"osm-node-6981627664","properties":{"id":"osm-node-6981627664","name":"Hava","facility_type":"station","infrastructure_status":"operational","timetable_status":"not_assessed","source_status":"odbl","operator":"TCDD Taşımacılık","osm_type":"node","osm_id":6981627664,"distance_to_rail_m":2},"geometry":{"type":"Point","coordinates":[32.6883198,39.9420923]}},{"type":"Feature","id":"osm-way-1092695367","properties":{"id":"osm-way-1092695367","name":"Hava Durağı Tren İstasyonu","facility_type":"station","infrastructure_status":"operational","timetable_status":"not_assessed","source_status":"odbl","operator":"TCDD Taşımacılık","osm_type":"way","osm_id":1092695367,"distance_to_rail_m":8.9},"geometry":{"type":"Point","coordinates":[32.6884,39.9421732]}},{"type":"Feature","id":"osm-node-13397771361","properties":{"id":"osm-node-13397771361","name":"Havalimanı","facility_type":"halt","infrastructure_status":"operational","timetable_status":"not_assessed","source_status":"odbl","operator":"TCDD","osm_type":"node","osm_id":13397771361,"distance_to_rail_m":5.8},"geometry":{"type":"Point","coordinates":[32.0903659,41.5020035]}},{"type":"Feature","id":"osm-node-13154916640","properties":{"id":"osm-node-13154916640","name":"Haydarlı","facility_type":"station","infrastructure_status":"operational","timetable_status":"not_assessed","source_status":"odbl","operator":"TCDD Taşımacılık","osm_type":"node","osm_id":13154916640,"distance_to_rail_m":2},"geometry":{"type":"Point","coordinates":[37.4541808,37.5795213]}},{"type":"Feature","id":"osm-node-13610566241","properties":{"id":"osm-node-13610566241","name":"Haydarpaşa","facility_type":"station","infrastructure_status":"under_construction","timetable_status":"not_assessed","source_status":"odbl","operator":"TCDD Taşımacılık","osm_type":"node","osm_id":13610566241,"distance_to_rail_m":40.2},"geometry":{"type":"Point","coordinates":[29.0185638,40.9961309]}},{"type":"Feature","id":"osm-node-1433312576","properties":{"id":"osm-node-1433312576","name":"Hekimhan","facility_type":"station","infrastructure_status":"operational","timetable_status":"not_assessed","source_status":"odbl","operator":"TCDD Taşımacılık","osm_type":"node","osm_id":1433312576,"distance_to_rail_m":6.9},"geometry":{"type":"Point","coordinates":[37.9277742,38.810719]}},{"type":"Feature","id":"osm-node-2562030343","properties":{"id":"osm-node-2562030343","name":"Hereke","facility_type":"station","infrastructure_status":"operational","timetable_status":"not_assessed","source_status":"odbl","operator":"TCDD Taşımacılık","osm_type":"node","osm_id":2562030343,"distance_to_rail_m":0.7},"geometry":{"type":"Point","coordinates":[29.6163185,40.7840847]}},{"type":"Feature","id":"osm-node-8078790237","properties":{"id":"osm-node-8078790237","name":"Hilal","facility_type":"station","infrastructure_status":"operational","timetable_status":"not_assessed","source_status":"odbl","operator":"İZBAN","osm_type":"node","osm_id":8078790237,"distance_to_rail_m":7.3},"geometry":{"type":"Point","coordinates":[27.1543579,38.4260489]}},{"type":"Feature","id":"osm-node-1203605825","properties":{"id":"osm-node-1203605825","name":"Himmetdede","facility_type":"station","infrastructure_status":"operational","timetable_status":"not_assessed","source_status":"odbl","operator":"TCDD Taşımacılık","osm_type":"node","osm_id":1203605825,"distance_to_rail_m":1.6},"geometry":{"type":"Point","coordinates":[35.0838423,38.9085916]}},{"type":"Feature","id":"osm-node-7528826155","properties":{"id":"osm-node-7528826155","name":"Hipodrom","facility_type":"station","infrastructure_status":"operational","timetable_status":"not_assessed","source_status":"odbl","operator":"TCDD Taşımacılık","osm_type":"node","osm_id":7528826155,"distance_to_rail_m":0.6},"geometry":{"type":"Point","coordinates":[32.8260009,39.9449971]}},{"type":"Feature","id":"osm-node-13381705350","properties":{"id":"osm-node-13381705350","name":"Hodan","facility_type":"halt","infrastructure_status":"operational","timetable_status":"not_assessed","source_status":"odbl","operator":"TCDD","osm_type":"node","osm_id":13381705350,"distance_to_rail_m":3.1},"geometry":{"type":"Point","coordinates":[40.3850855,38.7168978]}},{"type":"Feature","id":"osm-node-11242318472","properties":{"id":"osm-node-11242318472","name":"Horozköy","facility_type":"station","infrastructure_status":"operational","timetable_status":"not_assessed","source_status":"odbl","operator":"TCDD Taşımacılık","osm_type":"node","osm_id":11242318472,"distance_to_rail_m":1.6},"geometry":{"type":"Point","coordinates":[27.4031801,38.6266873]}},{"type":"Feature","id":"osm-node-1874203950","properties":{"id":"osm-node-1874203950","name":"Ildızım","facility_type":"station","infrastructure_status":"operational","timetable_status":"not_assessed","source_status":"odbl","operator":"TCDD Taşımacılık","osm_type":"node","osm_id":1874203950,"distance_to_rail_m":3},"geometry":{"type":"Point","coordinates":[33.4571794,40.7137625]}},{"type":"Feature","id":"osm-node-1847251719","properties":{"id":"osm-node-1847251719","name":"Ilgın","facility_type":"station","infrastructure_status":"operational","timetable_status":"not_assessed","source_status":"odbl","operator":"TCDD Taşımacılık","osm_type":"node","osm_id":1847251719,"distance_to_rail_m":3.1},"geometry":{"type":"Point","coordinates":[31.9102341,38.2906898]}},{"type":"Feature","id":"osm-node-2009271321","properties":{"id":"osm-node-2009271321","name":"Ilıca","facility_type":"halt","infrastructure_status":"operational","timetable_status":"not_assessed","source_status":"odbl","operator":"","osm_type":"node","osm_id":2009271321,"distance_to_rail_m":1.8},"geometry":{"type":"Point","coordinates":[27.4838208,37.8117166]}},{"type":"Feature","id":"osm-node-13236848823","properties":{"id":"osm-node-13236848823","name":"Ilıca (Aziziye)","facility_type":"station","infrastructure_status":"operational","timetable_status":"not_assessed","source_status":"odbl","operator":"TCDD Taşımacılık","osm_type":"node","osm_id":13236848823,"distance_to_rail_m":0.8},"geometry":{"type":"Point","coordinates":[41.1033317,39.9510547]}},{"type":"Feature","id":"osm-node-156467517","properties":{"id":"osm-node-156467517","name":"Incesu durağı","facility_type":"halt","infrastructure_status":"operational","timetable_status":"not_assessed","source_status":"odbl","operator":"","osm_type":"node","osm_id":156467517,"distance_to_rail_m":3.5},"geometry":{"type":"Point","coordinates":[30.266642,38.0290196]}},{"type":"Feature","id":"osm-node-7933918564","properties":{"id":"osm-node-7933918564","name":"Irmak","facility_type":"station","infrastructure_status":"operational","timetable_status":"not_assessed","source_status":"odbl","operator":"TCDD Taşımacılık","osm_type":"node","osm_id":7933918564,"distance_to_rail_m":1},"geometry":{"type":"Point","coordinates":[33.3932861,39.9346958]}},{"type":"Feature","id":"osm-node-1035592982","properties":{"id":"osm-node-1035592982","name":"Isparta","facility_type":"station","infrastructure_status":"operational","timetable_status":"not_assessed","source_status":"odbl","operator":"TCDD Taşımacılık","osm_type":"node","osm_id":1035592982,"distance_to_rail_m":3.2},"geometry":{"type":"Point","coordinates":[30.5630475,37.7719211]}},{"type":"Feature","id":"osm-node-5084138614","properties":{"id":"osm-node-5084138614","name":"İçmeler","facility_type":"station","infrastructure_status":"operational","timetable_status":"not_assessed","source_status":"odbl","operator":"TCDD Taşımacılık","osm_type":"node","osm_id":5084138614,"distance_to_rail_m":6.3},"geometry":{"type":"Point","coordinates":[29.3000382,40.8456867]}},{"type":"Feature","id":"osm-node-617374869","properties":{"id":"osm-node-617374869","name":"İdealtepe","facility_type":"station","infrastructure_status":"operational","timetable_status":"not_assessed","source_status":"odbl","operator":"TCDD Taşımacılık","osm_type":"node","osm_id":617374869,"distance_to_rail_m":6},"geometry":{"type":"Point","coordinates":[29.1142301,40.9378351]}},{"type":"Feature","id":"osm-node-1807928218","properties":{"id":"osm-node-1807928218","name":"İhsaniye Şehir","facility_type":"halt","infrastructure_status":"operational","timetable_status":"not_assessed","source_status":"odbl","operator":"","osm_type":"node","osm_id":1807928218,"distance_to_rail_m":1.9},"geometry":{"type":"Point","coordinates":[35.8301991,40.6526327]}},{"type":"Feature","id":"osm-node-1022808796","properties":{"id":"osm-node-1022808796","name":"İhsanlı","facility_type":"station","infrastructure_status":"operational","timetable_status":"not_assessed","source_status":"odbl","operator":"TCDD Taşımacılık","osm_type":"node","osm_id":1022808796,"distance_to_rail_m":1.7},"geometry":{"type":"Point","coordinates":[36.2356457,39.286086]}},{"type":"Feature","id":"osm-node-3063572644","properties":{"id":"osm-node-3063572644","name":"İliç","facility_type":"station","infrastructure_status":"operational","timetable_status":"not_assessed","source_status":"odbl","operator":"TCDD Taşımacılık","osm_type":"node","osm_id":3063572644,"distance_to_rail_m":6.5},"geometry":{"type":"Point","coordinates":[38.5565288,39.4721719]}},{"type":"Feature","id":"osm-node-13993746863","properties":{"id":"osm-node-13993746863","name":"İlören","facility_type":"station","infrastructure_status":"operational","timetable_status":"not_assessed","source_status":"odbl","operator":"TCDD Taşımacılık","osm_type":"node","osm_id":13993746863,"distance_to_rail_m":6},"geometry":{"type":"Point","coordinates":[31.7820013,39.6868166]}},{"type":"Feature","id":"osm-node-1963210359","properties":{"id":"osm-node-1963210359","name":"İmamköy Durağı","facility_type":"halt","infrastructure_status":"operational","timetable_status":"not_assessed","source_status":"odbl","operator":"","osm_type":"node","osm_id":1963210359,"distance_to_rail_m":1},"geometry":{"type":"Point","coordinates":[27.907789,37.8467451]}},{"type":"Feature","id":"osm-node-2716065683","properties":{"id":"osm-node-2716065683","name":"İncesu","facility_type":"station","infrastructure_status":"operational","timetable_status":"not_assessed","source_status":"odbl","operator":"TCDD Taşımacılık","osm_type":"node","osm_id":2716065683,"distance_to_rail_m":1.8},"geometry":{"type":"Point","coordinates":[35.1964899,38.6288106]}},{"type":"Feature","id":"osm-node-13270950266","properties":{"id":"osm-node-13270950266","name":"İncesu OSB","facility_type":"station","infrastructure_status":"operational","timetable_status":"not_assessed","source_status":"odbl","operator":"TCDD Taşımacılık","osm_type":"node","osm_id":13270950266,"distance_to_rail_m":10.4},"geometry":{"type":"Point","coordinates":[35.1884489,38.5645531]}},{"type":"Feature","id":"osm-node-1033065811","properties":{"id":"osm-node-1033065811","name":"İncirliova","facility_type":"station","infrastructure_status":"operational","timetable_status":"not_assessed","source_status":"odbl","operator":"TCDD Taşımacılık","osm_type":"node","osm_id":1033065811,"distance_to_rail_m":8.3},"geometry":{"type":"Point","coordinates":[27.7250479,37.8538377]}},{"type":"Feature","id":"osm-node-8077616543","properties":{"id":"osm-node-8077616543","name":"İnkılap","facility_type":"station","infrastructure_status":"operational","timetable_status":"not_assessed","source_status":"odbl","operator":"İZBAN","osm_type":"node","osm_id":8077616543,"distance_to_rail_m":1.4},"geometry":{"type":"Point","coordinates":[27.1415242,38.368868]}},{"type":"Feature","id":"osm-node-2706780621","properties":{"id":"osm-node-2706780621","name":"İnönü","facility_type":"station","infrastructure_status":"operational","timetable_status":"not_assessed","source_status":"odbl","operator":"TCDD Taşımacılık","osm_type":"node","osm_id":2706780621,"distance_to_rail_m":1.2},"geometry":{"type":"Point","coordinates":[30.1412032,39.8438015]}},{"type":"Feature","id":"osm-node-13147602619","properties":{"id":"osm-node-13147602619","name":"İsdemir","facility_type":"station","infrastructure_status":"operational","timetable_status":"not_assessed","source_status":"odbl","operator":"TCDD Taşımacılık","osm_type":"node","osm_id":13147602619,"distance_to_rail_m":18.9},"geometry":{"type":"Point","coordinates":[36.2135802,36.7239166]}},{"type":"Feature","id":"osm-node-2631287870","properties":{"id":"osm-node-2631287870","name":"İshakçelebi","facility_type":"halt","infrastructure_status":"operational","timetable_status":"not_assessed","source_status":"odbl","operator":"TCDD Taşımacılık","osm_type":"node","osm_id":2631287870,"distance_to_rail_m":9.7},"geometry":{"type":"Point","coordinates":[27.6275859,38.7568645]}},{"type":"Feature","id":"osm-node-13149734633","properties":{"id":"osm-node-13149734633","name":"İskenderun","facility_type":"station","infrastructure_status":"operational","timetable_status":"not_assessed","source_status":"odbl","operator":"TCDD Taşımacılık","osm_type":"node","osm_id":13149734633,"distance_to_rail_m":11},"geometry":{"type":"Point","coordinates":[36.1813157,36.5872671]}},{"type":"Feature","id":"osm-node-13381681917","properties":{"id":"osm-node-13381681917","name":"İslahiye","facility_type":"station","infrastructure_status":"operational","timetable_status":"not_assessed","source_status":"odbl","operator":"TCDD Taşımacılık","osm_type":"node","osm_id":13381681917,"distance_to_rail_m":8.4},"geometry":{"type":"Point","coordinates":[36.6366559,37.0306836]}},{"type":"Feature","id":"osm-node-1952707128","properties":{"id":"osm-node-1952707128","name":"İsmetpaşa","facility_type":"station","infrastructure_status":"operational","timetable_status":"not_assessed","source_status":"odbl","operator":"TCDD Taşımacılık","osm_type":"node","osm_id":1952707128,"distance_to_rail_m":2},"geometry":{"type":"Point","coordinates":[32.6273732,40.8688661]}},{"type":"Feature","id":"osm-node-13369738280","properties":{"id":"osm-node-13369738280","name":"İzzettin","facility_type":"station","infrastructure_status":"operational","timetable_status":"not_assessed","source_status":"odbl","operator":"TCDD Taşımacılık","osm_type":"node","osm_id":13369738280,"distance_to_rail_m":2.8},"geometry":{"type":"Point","coordinates":[33.8387491,39.9103592]}},{"type":"Feature","id":"osm-node-1805182557","properties":{"id":"osm-node-1805182557","name":"Kabakçevliği","facility_type":"station","infrastructure_status":"operational","timetable_status":"not_assessed","source_status":"odbl","operator":"TCDD Taşımacılık","osm_type":"node","osm_id":1805182557,"distance_to_rail_m":5.8},"geometry":{"type":"Point","coordinates":[37.6625284,39.2866245]}},{"type":"Feature","id":"osm-node-1961475136","properties":{"id":"osm-node-1961475136","name":"Kabaklı Durağı","facility_type":"halt","infrastructure_status":"operational","timetable_status":"not_assessed","source_status":"odbl","operator":"","osm_type":"node","osm_id":1961475136,"distance_to_rail_m":2.9},"geometry":{"type":"Point","coordinates":[30.0870106,38.1274769]}},{"type":"Feature","id":"osm-node-2629881871","properties":{"id":"osm-node-2629881871","name":"Kabazlı","facility_type":"halt","infrastructure_status":"operational","timetable_status":"not_assessed","source_status":"odbl","operator":"","osm_type":"node","osm_id":2629881871,"distance_to_rail_m":5.5},"geometry":{"type":"Point","coordinates":[28.2115397,38.4741999]}},{"type":"Feature","id":"osm-node-1811249593","properties":{"id":"osm-node-1811249593","name":"Kadınhanı","facility_type":"station","infrastructure_status":"operational","timetable_status":"not_assessed","source_status":"odbl","operator":"TCDD Taşımacılık","osm_type":"node","osm_id":1811249593,"distance_to_rail_m":0},"geometry":{"type":"Point","coordinates":[32.1831361,38.3172143]}},{"type":"Feature","id":"osm-node-2705905300","properties":{"id":"osm-node-2705905300","name":"Kadili","facility_type":"station","infrastructure_status":"operational","timetable_status":"not_assessed","source_status":"odbl","operator":"TCDD Taşımacılık","osm_type":"node","osm_id":2705905300,"distance_to_rail_m":2.5},"geometry":{"type":"Point","coordinates":[37.8061966,38.0238162]}},{"type":"Feature","id":"osm-node-13150054609","properties":{"id":"osm-node-13150054609","name":"Kahramanmaraş","facility_type":"station","infrastructure_status":"operational","timetable_status":"not_assessed","source_status":"odbl","operator":"TCDD Taşımacılık","osm_type":"node","osm_id":13150054609,"distance_to_rail_m":4.1},"geometry":{"type":"Point","coordinates":[36.9307209,37.5639971]}},{"type":"Feature","id":"osm-node-1811029435","properties":{"id":"osm-node-1811029435","name":"Kalecik","facility_type":"station","infrastructure_status":"operational","timetable_status":"not_assessed","source_status":"odbl","operator":"TCDD Taşımacılık","osm_type":"node","osm_id":1811029435,"distance_to_rail_m":2.4},"geometry":{"type":"Point","coordinates":[33.4450431,40.0763983]}},{"type":"Feature","id":"osm-node-7933809115","properties":{"id":"osm-node-7933809115","name":"Kalın","facility_type":"station","infrastructure_status":"operational","timetable_status":"not_assessed","source_status":"odbl","operator":"TCDD Taşımacılık","osm_type":"node","osm_id":7933809115,"distance_to_rail_m":1.1},"geometry":{"type":"Point","coordinates":[36.7585604,39.6913978]}},{"type":"Feature","id":"osm-node-1022220008","properties":{"id":"osm-node-1022220008","name":"Kalın Koyu Duragi","facility_type":"halt","infrastructure_status":"operational","timetable_status":"not_assessed","source_status":"odbl","operator":"","osm_type":"node","osm_id":1022220008,"distance_to_rail_m":2},"geometry":{"type":"Point","coordinates":[36.7265115,39.7246735]}},{"type":"Feature","id":"osm-node-2679020381","properties":{"id":"osm-node-2679020381","name":"Kalkancık","facility_type":"station","infrastructure_status":"operational","timetable_status":"not_assessed","source_status":"odbl","operator":"TCDD Taşımacılık","osm_type":"node","osm_id":2679020381,"distance_to_rail_m":3.8},"geometry":{"type":"Point","coordinates":[35.1417072,38.8846984]}},{"type":"Feature","id":"osm-node-2784878392","properties":{"id":"osm-node-2784878392","name":"Kalkım","facility_type":"halt","infrastructure_status":"operational","timetable_status":"not_assessed","source_status":"odbl","operator":"TCDD Taşımacılık","osm_type":"node","osm_id":2784878392,"distance_to_rail_m":2.7},"geometry":{"type":"Point","coordinates":[37.6299759,39.2089184]}},{"type":"Feature","id":"osm-node-1818128276","properties":{"id":"osm-node-1818128276","name":"Kangal","facility_type":"station","infrastructure_status":"operational","timetable_status":"not_assessed","source_status":"odbl","operator":"TCDD Taşımacılık","osm_type":"node","osm_id":1818128276,"distance_to_rail_m":4.5},"geometry":{"type":"Point","coordinates":[37.4508649,39.2760303]}},{"type":"Feature","id":"osm-node-2679016922","properties":{"id":"osm-node-2679016922","name":"Kanlıca","facility_type":"station","infrastructure_status":"operational","timetable_status":"not_assessed","source_status":"odbl","operator":"TCDD Taşımacılık","osm_type":"node","osm_id":2679016922,"distance_to_rail_m":2.4},"geometry":{"type":"Point","coordinates":[34.8825399,39.2831821]}},{"type":"Feature","id":"osm-node-2631289794","properties":{"id":"osm-node-2631289794","name":"Kapaklı","facility_type":"station","infrastructure_status":"operational","timetable_status":"not_assessed","source_status":"odbl","operator":"TCDD Taşımacılık","osm_type":"node","osm_id":2631289794,"distance_to_rail_m":1.7},"geometry":{"type":"Point","coordinates":[27.7441226,38.8720545]}},{"type":"Feature","id":"osm-node-2705895896","properties":{"id":"osm-node-2705895896","name":"Kapıdere","facility_type":"station","infrastructure_status":"operational","timetable_status":"not_assessed","source_status":"odbl","operator":"TCDD Taşımacılık","osm_type":"node","osm_id":2705895896,"distance_to_rail_m":7.7},"geometry":{"type":"Point","coordinates":[37.6707677,37.9711248]}},{"type":"Feature","id":"osm-node-13184388993","properties":{"id":"osm-node-13184388993","name":"Kapıköy","facility_type":"station","infrastructure_status":"operational","timetable_status":"not_assessed","source_status":"odbl","operator":"TCDD Taşımacılık","osm_type":"node","osm_id":13184388993,"distance_to_rail_m":1.9},"geometry":{"type":"Point","coordinates":[44.2951887,38.5101269]}},{"type":"Feature","id":"osm-node-11132878356","properties":{"id":"osm-node-11132878356","name":"Kapıkule","facility_type":"station","infrastructure_status":"operational","timetable_status":"not_assessed","source_status":"odbl","operator":"TCDD Taşımacılık","osm_type":"node","osm_id":11132878356,"distance_to_rail_m":32.8},"geometry":{"type":"Point","coordinates":[26.3617855,41.7193679]}},{"type":"Feature","id":"osm-node-2631285877","properties":{"id":"osm-node-2631285877","name":"Karaağaçlı","facility_type":"station","infrastructure_status":"operational","timetable_status":"not_assessed","source_status":"odbl","operator":"TCDD Taşımacılık","osm_type":"node","osm_id":2631285877,"distance_to_rail_m":3},"geometry":{"type":"Point","coordinates":[27.5272796,38.6846513]}},{"type":"Feature","id":"osm-node-1433311182","properties":{"id":"osm-node-1433311182","name":"Karaali","facility_type":"halt","infrastructure_status":"operational","timetable_status":"not_assessed","source_status":"odbl","operator":"TCDD Taşımacılık","osm_type":"node","osm_id":1433311182,"distance_to_rail_m":3.6},"geometry":{"type":"Point","coordinates":[38.9357235,38.5642684]}},{"type":"Feature","id":"osm-node-1033065063","properties":{"id":"osm-node-1033065063","name":"Karaali Durağı","facility_type":"halt","infrastructure_status":"operational","timetable_status":"not_assessed","source_status":"odbl","operator":"","osm_type":"node","osm_id":1033065063,"distance_to_rail_m":3.8},"geometry":{"type":"Point","coordinates":[28.1381476,37.8801035]}},{"type":"Feature","id":"osm-node-2839342782","properties":{"id":"osm-node-2839342782","name":"Karabasamak","facility_type":"station","infrastructure_status":"operational","timetable_status":"not_assessed","source_status":"odbl","operator":"TCDD Taşımacılık","osm_type":"node","osm_id":2839342782,"distance_to_rail_m":9.2},"geometry":{"type":"Point","coordinates":[36.141953,36.880256]}},{"type":"Feature","id":"osm-node-1426057762","properties":{"id":"osm-node-1426057762","name":"Karagöl","facility_type":"station","infrastructure_status":"operational","timetable_status":"not_assessed","source_status":"odbl","operator":"TCDD Taşımacılık","osm_type":"node","osm_id":1426057762,"distance_to_rail_m":1},"geometry":{"type":"Point","coordinates":[37.3628936,39.4212681]}},{"type":"Feature","id":"osm-node-4319545783","properties":{"id":"osm-node-4319545783","name":"Karagözler","facility_type":"station","infrastructure_status":"operational","timetable_status":"not_assessed","source_status":"odbl","operator":"TCDD Taşımacılık","osm_type":"node","osm_id":4319545783,"distance_to_rail_m":0.7},"geometry":{"type":"Point","coordinates":[30.4011069,39.782406]}},{"type":"Feature","id":"osm-node-1014378262","properties":{"id":"osm-node-1014378262","name":"Karaisalıbucağı","facility_type":"station","infrastructure_status":"operational","timetable_status":"not_assessed","source_status":"odbl","operator":"TCDD Taşımacılık","osm_type":"node","osm_id":1014378262,"distance_to_rail_m":1.9},"geometry":{"type":"Point","coordinates":[34.9392812,37.1913626]}},{"type":"Feature","id":"osm-node-3050755938","properties":{"id":"osm-node-3050755938","name":"Karakol","facility_type":"halt","infrastructure_status":"operational","timetable_status":"not_assessed","source_status":"odbl","operator":"","osm_type":"node","osm_id":3050755938,"distance_to_rail_m":1.6},"geometry":{"type":"Point","coordinates":[38.5649942,38.447601]}},{"type":"Feature","id":"osm-node-12999694156","properties":{"id":"osm-node-12999694156","name":"Karakuyu","facility_type":"station","infrastructure_status":"operational","timetable_status":"not_assessed","source_status":"odbl","operator":"TCDD Taşımacılık","osm_type":"node","osm_id":12999694156,"distance_to_rail_m":1.9},"geometry":{"type":"Point","coordinates":[30.2088806,38.0775295]}},{"type":"Feature","id":"osm-node-3051784418","properties":{"id":"osm-node-3051784418","name":"Karalar","facility_type":"station","infrastructure_status":"operational","timetable_status":"not_assessed","source_status":"odbl","operator":"TCDD Taşımacılık","osm_type":"node","osm_id":3051784418,"distance_to_rail_m":5.7},"geometry":{"type":"Point","coordinates":[34.4841811,37.6339696]}},{"type":"Feature","id":"osm-node-13297068806","properties":{"id":"osm-node-13297068806","name":"Karalıköy","facility_type":"station","infrastructure_status":"operational","timetable_status":"not_assessed","source_status":"odbl","operator":"TCDD Taşımacılık","osm_type":"node","osm_id":13297068806,"distance_to_rail_m":1.8},"geometry":{"type":"Point","coordinates":[36.6436985,39.6752325]}},{"type":"Feature","id":"osm-node-2679015726","properties":{"id":"osm-node-2679015726","name":"Karaosman","facility_type":"station","infrastructure_status":"operational","timetable_status":"not_assessed","source_status":"odbl","operator":"TCDD Taşımacılık","osm_type":"node","osm_id":2679015726,"distance_to_rail_m":2.6},"geometry":{"type":"Point","coordinates":[34.5794271,39.5757036]}},{"type":"Feature","id":"osm-node-2679025074","properties":{"id":"osm-node-2679025074","name":"Karaözü","facility_type":"station","infrastructure_status":"operational","timetable_status":"not_assessed","source_status":"odbl","operator":"TCDD Taşımacılık","osm_type":"node","osm_id":2679025074,"distance_to_rail_m":0.7},"geometry":{"type":"Point","coordinates":[35.9541124,39.1820887]}},{"type":"Feature","id":"osm-node-11549112483","properties":{"id":"osm-node-11549112483","name":"Karapınar","facility_type":"station","infrastructure_status":"operational","timetable_status":"not_assessed","source_status":"odbl","operator":"TCDD Taşımacılık","osm_type":"node","osm_id":11549112483,"distance_to_rail_m":6.4},"geometry":{"type":"Point","coordinates":[32.1833365,39.6127583]}},{"type":"Feature","id":"osm-node-2633436374","properties":{"id":"osm-node-2633436374","name":"Karasar","facility_type":"station","infrastructure_status":"operational","timetable_status":"not_assessed","source_status":"odbl","operator":"TCDD Taşımacılık","osm_type":"node","osm_id":2633436374,"distance_to_rail_m":2.6},"geometry":{"type":"Point","coordinates":[37.1916279,39.4126775]}},{"type":"Feature","id":"osm-node-2679016606","properties":{"id":"osm-node-2679016606","name":"Karasenir","facility_type":"station","infrastructure_status":"operational","timetable_status":"not_assessed","source_status":"odbl","operator":"TCDD Taşımacılık","osm_type":"node","osm_id":2679016606,"distance_to_rail_m":10.5},"geometry":{"type":"Point","coordinates":[34.8478014,39.2879709]}},{"type":"Feature","id":"osm-node-1804254612","properties":{"id":"osm-node-1804254612","name":"Karasu","facility_type":"station","infrastructure_status":"operational","timetable_status":"not_assessed","source_status":"odbl","operator":"TCDD Taşımacılık","osm_type":"node","osm_id":1804254612,"distance_to_rail_m":1.1},"geometry":{"type":"Point","coordinates":[40.3501311,39.9325676]}},{"type":"Feature","id":"osm-node-2785730097","properties":{"id":"osm-node-2785730097","name":"Karaurgan","facility_type":"halt","infrastructure_status":"operational","timetable_status":"not_assessed","source_status":"odbl","operator":"TCDD Taşımacılık","osm_type":"node","osm_id":2785730097,"distance_to_rail_m":14.2},"geometry":{"type":"Point","coordinates":[42.278347,40.2509161]}},{"type":"Feature","id":"osm-node-1028217031","properties":{"id":"osm-node-1028217031","name":"Karkamış","facility_type":"station","infrastructure_status":"official_network_inactive","timetable_status":"not_assessed","source_status":"odbl","operator":"TCDD","osm_type":"node","osm_id":1028217031,"distance_to_rail_m":1.7},"geometry":{"type":"Point","coordinates":[37.9999562,36.8310808]}},{"type":"Feature","id":"osm-node-2005962642","properties":{"id":"osm-node-2005962642","name":"Kars","facility_type":"station","infrastructure_status":"operational","timetable_status":"not_assessed","source_status":"odbl","operator":"TCDD Taşımacılık","osm_type":"node","osm_id":2005962642,"distance_to_rail_m":18.6},"geometry":{"type":"Point","coordinates":[43.1068498,40.6049361]}},{"type":"Feature","id":"osm-node-8428053114","properties":{"id":"osm-node-8428053114","name":"Karşıyaka","facility_type":"station","infrastructure_status":"operational","timetable_status":"not_assessed","source_status":"odbl","operator":"İZBAN","osm_type":"node","osm_id":8428053114,"distance_to_rail_m":3},"geometry":{"type":"Point","coordinates":[27.1151324,38.4579013]}},{"type":"Feature","id":"osm-node-1000822648","properties":{"id":"osm-node-1000822648","name":"Kartal","facility_type":"station","infrastructure_status":"operational","timetable_status":"not_assessed","source_status":"odbl","operator":"TCDD Taşımacılık","osm_type":"node","osm_id":1000822648,"distance_to_rail_m":7.4},"geometry":{"type":"Point","coordinates":[29.1910793,40.8886924]}},{"type":"Feature","id":"osm-node-2643812281","properties":{"id":"osm-node-2643812281","name":"Kaşınhan","facility_type":"station","infrastructure_status":"operational","timetable_status":"not_assessed","source_status":"odbl","operator":"TCDD Taşımacılık","osm_type":"node","osm_id":2643812281,"distance_to_rail_m":0.6},"geometry":{"type":"Point","coordinates":[32.5684579,37.7032]}},{"type":"Feature","id":"osm-node-1807556051","properties":{"id":"osm-node-1807556051","name":"Kavak","facility_type":"station","infrastructure_status":"operational","timetable_status":"not_assessed","source_status":"odbl","operator":"TCDD Taşımacılık","osm_type":"node","osm_id":1807556051,"distance_to_rail_m":2.7},"geometry":{"type":"Point","coordinates":[36.026884,41.0685369]}},{"type":"Feature","id":"osm-node-12347968178","properties":{"id":"osm-node-12347968178","name":"Kavaklıdere","facility_type":"station","infrastructure_status":"operational","timetable_status":"not_assessed","source_status":"odbl","operator":"TCDD Taşımacılık","osm_type":"node","osm_id":12347968178,"distance_to_rail_m":3.6},"geometry":{"type":"Point","coordinates":[28.3588878,38.4286456]}},{"type":"Feature","id":"osm-node-1874203869","properties":{"id":"osm-node-1874203869","name":"Kayaçivi","facility_type":"halt","infrastructure_status":"operational","timetable_status":"not_assessed","source_status":"odbl","operator":"","osm_type":"node","osm_id":1874203869,"distance_to_rail_m":8},"geometry":{"type":"Point","coordinates":[33.4655392,40.6996707]}},{"type":"Feature","id":"osm-node-2633427377","properties":{"id":"osm-node-2633427377","name":"Kayapınar","facility_type":"halt","infrastructure_status":"operational","timetable_status":"not_assessed","source_status":"odbl","operator":"","osm_type":"node","osm_id":2633427377,"distance_to_rail_m":0.8},"geometry":{"type":"Point","coordinates":[37.1652211,39.4023797]}},{"type":"Feature","id":"osm-node-2626019497","properties":{"id":"osm-node-2626019497","name":"Kayaş","facility_type":"station","infrastructure_status":"operational","timetable_status":"not_assessed","source_status":"odbl","operator":"TCDD Taşımacılık","osm_type":"node","osm_id":2626019497,"distance_to_rail_m":0.1},"geometry":{"type":"Point","coordinates":[32.9656817,39.9135134]}},{"type":"Feature","id":"osm-node-2631289661","properties":{"id":"osm-node-2631289661","name":"Kayışlar","facility_type":"halt","infrastructure_status":"operational","timetable_status":"not_assessed","source_status":"odbl","operator":"TCDD Taşımacılık","osm_type":"node","osm_id":2631289661,"distance_to_rail_m":8},"geometry":{"type":"Point","coordinates":[27.702857,38.8510344]}},{"type":"Feature","id":"osm-node-2360893097","properties":{"id":"osm-node-2360893097","name":"Kaynarca","facility_type":"station","infrastructure_status":"operational","timetable_status":"not_assessed","source_status":"odbl","operator":"TCDD Taşımacılık","osm_type":"node","osm_id":2360893097,"distance_to_rail_m":6.6},"geometry":{"type":"Point","coordinates":[29.2559613,40.8713681]}},{"type":"Feature","id":"osm-node-11309230921","properties":{"id":"osm-node-11309230921","name":"Kayseri","facility_type":"station","infrastructure_status":"operational","timetable_status":"not_assessed","source_status":"odbl","operator":"TCDD Taşımacılık","osm_type":"node","osm_id":11309230921,"distance_to_rail_m":10.4},"geometry":{"type":"Point","coordinates":[35.4777239,38.7306752]}},{"type":"Feature","id":"osm-node-10715896199","properties":{"id":"osm-node-10715896199","name":"Kayseri YHT","facility_type":"station","infrastructure_status":"operational","timetable_status":"not_assessed","source_status":"odbl","operator":"TCDD Taşımacılık","osm_type":"node","osm_id":10715896199,"distance_to_rail_m":0.1},"geometry":{"type":"Point","coordinates":[35.4293391,38.7809641]}},{"type":"Feature","id":"osm-node-3305442183","properties":{"id":"osm-node-3305442183","name":"Kazlıçeşme","facility_type":"station","infrastructure_status":"operational","timetable_status":"not_assessed","source_status":"odbl","operator":"","osm_type":"node","osm_id":3305442183,"distance_to_rail_m":6.7},"geometry":{"type":"Point","coordinates":[28.9168903,40.9926732]}},{"type":"Feature","id":"osm-node-2654287366","properties":{"id":"osm-node-2654287366","name":"Keçiborlu","facility_type":"station","infrastructure_status":"operational","timetable_status":"not_assessed","source_status":"odbl","operator":"TCDD Taşımacılık","osm_type":"node","osm_id":2654287366,"distance_to_rail_m":16.4},"geometry":{"type":"Point","coordinates":[30.3070421,37.9477345]}},{"type":"Feature","id":"osm-node-3050719115","properties":{"id":"osm-node-3050719115","name":"Kelebek","facility_type":"station","infrastructure_status":"operational","timetable_status":"not_assessed","source_status":"odbl","operator":"TCDD Taşımacılık","osm_type":"node","osm_id":3050719115,"distance_to_rail_m":1.5},"geometry":{"type":"Point","coordinates":[34.9761546,37.1544486]}},{"type":"Feature","id":"osm-node-8112924909","properties":{"id":"osm-node-8112924909","name":"Kelleş","facility_type":"halt","infrastructure_status":"operational","timetable_status":"not_assessed","source_status":"odbl","operator":"TCDD","osm_type":"node","osm_id":8112924909,"distance_to_rail_m":5.1},"geometry":{"type":"Point","coordinates":[37.294628,37.3547505]}},{"type":"Feature","id":"osm-node-2686656046","properties":{"id":"osm-node-2686656046","name":"Kemaliyeçaltı","facility_type":"station","infrastructure_status":"operational","timetable_status":"not_assessed","source_status":"odbl","operator":"TCDD Taşımacılık","osm_type":"node","osm_id":2686656046,"distance_to_rail_m":4.1},"geometry":{"type":"Point","coordinates":[38.3470544,39.3678849]}},{"type":"Feature","id":"osm-node-11632512029","properties":{"id":"osm-node-11632512029","name":"Kemalpaşa","facility_type":"station","infrastructure_status":"operational","timetable_status":"not_assessed","source_status":"odbl","operator":"TCDD Taşımacılık","osm_type":"node","osm_id":11632512029,"distance_to_rail_m":8.2},"geometry":{"type":"Point","coordinates":[27.4002143,38.4694649]}},{"type":"Feature","id":"osm-node-8071796885","properties":{"id":"osm-node-8071796885","name":"Kemer","facility_type":"station","infrastructure_status":"operational","timetable_status":"not_assessed","source_status":"odbl","operator":"İZBAN","osm_type":"node","osm_id":8071796885,"distance_to_rail_m":3.5},"geometry":{"type":"Point","coordinates":[27.1562701,38.4218006]}},{"type":"Feature","id":"osm-node-13610523434","properties":{"id":"osm-node-13610523434","name":"Kemerhisar","facility_type":"station","infrastructure_status":"operational","timetable_status":"not_assessed","source_status":"odbl","operator":"TCDD Taşımacılık","osm_type":"node","osm_id":13610523434,"distance_to_rail_m":2.6},"geometry":{"type":"Point","coordinates":[34.5495051,37.8190743]}},{"type":"Feature","id":"osm-node-2639601783","properties":{"id":"osm-node-2639601783","name":"Kervanpınar","facility_type":"halt","infrastructure_status":"operational","timetable_status":"not_assessed","source_status":"odbl","operator":"","osm_type":"node","osm_id":2639601783,"distance_to_rail_m":1.7},"geometry":{"type":"Point","coordinates":[40.403766,37.8264598]}},{"type":"Feature","id":"osm-node-2784882168","properties":{"id":"osm-node-2784882168","name":"Kesikköprü","facility_type":"station","infrastructure_status":"operational","timetable_status":"not_assessed","source_status":"odbl","operator":"TCDD Taşımacılık","osm_type":"node","osm_id":2784882168,"distance_to_rail_m":0.8},"geometry":{"type":"Point","coordinates":[38.0111531,38.711595]}},{"type":"Feature","id":"osm-node-13371950404","properties":{"id":"osm-node-13371950404","name":"Keykubat","facility_type":"station","infrastructure_status":"operational","timetable_status":"not_assessed","source_status":"odbl","operator":"TCDD Taşımacılık","osm_type":"node","osm_id":13371950404,"distance_to_rail_m":2.8},"geometry":{"type":"Point","coordinates":[35.395735,38.7549055]}},{"type":"Feature","id":"osm-node-2626037720","properties":{"id":"osm-node-2626037720","name":"Kılıçlar","facility_type":"station","infrastructure_status":"operational","timetable_status":"not_assessed","source_status":"odbl","operator":"TCDD Taşımacılık","osm_type":"node","osm_id":2626037720,"distance_to_rail_m":2.2},"geometry":{"type":"Point","coordinates":[33.3216201,39.8992167]}},{"type":"Feature","id":"osm-node-12228171643","properties":{"id":"osm-node-12228171643","name":"Kırcasalih","facility_type":"station","infrastructure_status":"operational","timetable_status":"not_assessed","source_status":"odbl","operator":"","osm_type":"node","osm_id":12228171643,"distance_to_rail_m":24.4},"geometry":{"type":"Point","coordinates":[26.8144035,41.4211608]}},{"type":"Feature","id":"osm-node-2631291504","properties":{"id":"osm-node-2631291504","name":"Kırkağaç","facility_type":"station","infrastructure_status":"operational","timetable_status":"not_assessed","source_status":"odbl","operator":"TCDD Taşımacılık","osm_type":"node","osm_id":2631291504,"distance_to_rail_m":2.7},"geometry":{"type":"Point","coordinates":[27.6859781,39.1155007]}},{"type":"Feature","id":"osm-node-11082593542","properties":{"id":"osm-node-11082593542","name":"Kırkikievler","facility_type":"halt","infrastructure_status":"operational","timetable_status":"not_assessed","source_status":"odbl","operator":"","osm_type":"node","osm_id":11082593542,"distance_to_rail_m":0.8},"geometry":{"type":"Point","coordinates":[29.945516,40.7620167]}},{"type":"Feature","id":"osm-node-1807927361","properties":{"id":"osm-node-1807927361","name":"Kızılca","facility_type":"station","infrastructure_status":"operational","timetable_status":"not_assessed","source_status":"odbl","operator":"TCDD Taşımacılık","osm_type":"node","osm_id":1807927361,"distance_to_rail_m":3.4},"geometry":{"type":"Point","coordinates":[35.7604328,40.5161168]}},{"type":"Feature","id":"osm-node-1841303619","properties":{"id":"osm-node-1841303619","name":"Kızılca","facility_type":"halt","infrastructure_status":"operational","timetable_status":"not_assessed","source_status":"odbl","operator":"","osm_type":"node","osm_id":1841303619,"distance_to_rail_m":2.6},"geometry":{"type":"Point","coordinates":[30.0449982,38.8484557]}},{"type":"Feature","id":"osm-node-2707110470","properties":{"id":"osm-node-2707110470","name":"Kızılinler","facility_type":"station","infrastructure_status":"operational","timetable_status":"not_assessed","source_status":"odbl","operator":"TCDD Taşımacılık","osm_type":"node","osm_id":2707110470,"distance_to_rail_m":0},"geometry":{"type":"Point","coordinates":[30.4168755,39.7041145]}},{"type":"Feature","id":"osm-node-14030794274","properties":{"id":"osm-node-14030794274","name":"Killik","facility_type":"station","infrastructure_status":"operational","timetable_status":"not_assessed","source_status":"odbl","operator":"TCDD Taşımacılık","osm_type":"node","osm_id":14030794274,"distance_to_rail_m":3},"geometry":{"type":"Point","coordinates":[28.6146113,38.3611534]}},{"type":"Feature","id":"osm-node-4394455303","properties":{"id":"osm-node-4394455303","name":"Kireç","facility_type":"halt","infrastructure_status":"operational","timetable_status":"not_assessed","source_status":"odbl","operator":"","osm_type":"node","osm_id":4394455303,"distance_to_rail_m":2.4},"geometry":{"type":"Point","coordinates":[28.3639442,39.5531293]}},{"type":"Feature","id":"osm-node-2627435430","properties":{"id":"osm-node-2627435430","name":"Kiremithane","facility_type":"halt","infrastructure_status":"operational","timetable_status":"not_assessed","source_status":"odbl","operator":"","osm_type":"node","osm_id":2627435430,"distance_to_rail_m":4.6},"geometry":{"type":"Point","coordinates":[32.0908976,41.4816294]}},{"type":"Feature","id":"osm-node-1033065977","properties":{"id":"osm-node-1033065977","name":"Kirkkahve Durağı","facility_type":"halt","infrastructure_status":"operational","timetable_status":"not_assessed","source_status":"odbl","operator":"TR-railway","osm_type":"node","osm_id":1033065977,"distance_to_rail_m":4.3},"geometry":{"type":"Point","coordinates":[28.0916073,37.8555859]}},{"type":"Feature","id":"osm-node-1963402570","properties":{"id":"osm-node-1963402570","name":"Kizildere Durağı","facility_type":"halt","infrastructure_status":"operational","timetable_status":"not_assessed","source_status":"odbl","operator":"","osm_type":"node","osm_id":1963402570,"distance_to_rail_m":5.4},"geometry":{"type":"Point","coordinates":[28.8097029,37.9418085]}},{"type":"Feature","id":"osm-node-2577639598","properties":{"id":"osm-node-2577639598","name":"Km 1+164","facility_type":"halt","infrastructure_status":"operational","timetable_status":"not_assessed","source_status":"odbl","operator":"","osm_type":"node","osm_id":2577639598,"distance_to_rail_m":0},"geometry":{"type":"Point","coordinates":[36.3506397,41.2785627]}},{"type":"Feature","id":"osm-node-13347970342","properties":{"id":"osm-node-13347970342","name":"Km 110+920","facility_type":"station","infrastructure_status":"operational","timetable_status":"not_assessed","source_status":"odbl","operator":"TCDD Taşımacılık","osm_type":"node","osm_id":13347970342,"distance_to_rail_m":1},"geometry":{"type":"Point","coordinates":[35.039838,38.2935915]}},{"type":"Feature","id":"osm-node-3058119248","properties":{"id":"osm-node-3058119248","name":"Km 2+050","facility_type":"halt","infrastructure_status":"operational","timetable_status":"not_assessed","source_status":"odbl","operator":"","osm_type":"node","osm_id":3058119248,"distance_to_rail_m":1.9},"geometry":{"type":"Point","coordinates":[36.3438631,41.2712761]}},{"type":"Feature","id":"osm-node-2712992418","properties":{"id":"osm-node-2712992418","name":"Km 41+500","facility_type":"halt","infrastructure_status":"operational","timetable_status":"not_assessed","source_status":"odbl","operator":"","osm_type":"node","osm_id":2712992418,"distance_to_rail_m":0},"geometry":{"type":"Point","coordinates":[29.5689821,39.5012642]}},{"type":"Feature","id":"osm-node-1807828944","properties":{"id":"osm-node-1807828944","name":"Km 85+597","facility_type":"halt","infrastructure_status":"operational","timetable_status":"not_assessed","source_status":"odbl","operator":"","osm_type":"node","osm_id":1807828944,"distance_to_rail_m":0},"geometry":{"type":"Point","coordinates":[35.6687518,40.9688268]}},{"type":"Feature","id":"osm-node-2632423429","properties":{"id":"osm-node-2632423429","name":"KM 94+000","facility_type":"halt","infrastructure_status":"operational","timetable_status":"not_assessed","source_status":"odbl","operator":"","osm_type":"node","osm_id":2632423429,"distance_to_rail_m":0.2},"geometry":{"type":"Point","coordinates":[35.644661,40.9162994]}},{"type":"Feature","id":"osm-node-1806878034","properties":{"id":"osm-node-1806878034","name":"Km.176+000","facility_type":"halt","infrastructure_status":"operational","timetable_status":"not_assessed","source_status":"odbl","operator":"TCDD","osm_type":"node","osm_id":1806878034,"distance_to_rail_m":6.6},"geometry":{"type":"Point","coordinates":[37.7394189,38.0192202]}},{"type":"Feature","id":"osm-node-969662465","properties":{"id":"osm-node-969662465","name":"Km.77 Sayding","facility_type":"halt","infrastructure_status":"operational","timetable_status":"not_assessed","source_status":"odbl","operator":"","osm_type":"node","osm_id":969662465,"distance_to_rail_m":2.6},"geometry":{"type":"Point","coordinates":[37.2049728,37.4461897]}},{"type":"Feature","id":"osm-node-1989921937","properties":{"id":"osm-node-1989921937","name":"KM189+320","facility_type":"halt","infrastructure_status":"operational","timetable_status":"not_assessed","source_status":"odbl","operator":"","osm_type":"node","osm_id":1989921937,"distance_to_rail_m":5},"geometry":{"type":"Point","coordinates":[28.7338686,38.36485]}},{"type":"Feature","id":"osm-node-2683727915","properties":{"id":"osm-node-2683727915","name":"KM199+510","facility_type":"halt","infrastructure_status":"operational","timetable_status":"not_assessed","source_status":"odbl","operator":"","osm_type":"node","osm_id":2683727915,"distance_to_rail_m":6},"geometry":{"type":"Point","coordinates":[28.7660079,38.3544477]}},{"type":"Feature","id":"osm-node-1989921999","properties":{"id":"osm-node-1989921999","name":"KM205+251","facility_type":"halt","infrastructure_status":"operational","timetable_status":"not_assessed","source_status":"odbl","operator":"","osm_type":"node","osm_id":1989921999,"distance_to_rail_m":1.6},"geometry":{"type":"Point","coordinates":[28.8395123,38.3835658]}},{"type":"Feature","id":"osm-node-1030924769","properties":{"id":"osm-node-1030924769","name":"Kocabaş","facility_type":"halt","infrastructure_status":"operational","timetable_status":"not_assessed","source_status":"odbl","operator":"","osm_type":"node","osm_id":1030924769,"distance_to_rail_m":5.9},"geometry":{"type":"Point","coordinates":[29.3277031,37.8036653]}},{"type":"Feature","id":"osm-node-12660716198","properties":{"id":"osm-node-12660716198","name":"Kocamustafapaşa","facility_type":"station","infrastructure_status":"operational","timetable_status":"not_assessed","source_status":"odbl","operator":"TCDD Taşımacılık","osm_type":"node","osm_id":12660716198,"distance_to_rail_m":7},"geometry":{"type":"Point","coordinates":[28.9331768,40.9999287]}},{"type":"Feature","id":"osm-node-12999694104","properties":{"id":"osm-node-12999694104","name":"Kocatepe","facility_type":"station","infrastructure_status":"operational","timetable_status":"not_assessed","source_status":"odbl","operator":"TCDD Taşımacılık","osm_type":"node","osm_id":12999694104,"distance_to_rail_m":5.9},"geometry":{"type":"Point","coordinates":[30.3233794,38.6721351]}},{"type":"Feature","id":"osm-node-13180360334","properties":{"id":"osm-node-13180360334","name":"Koçkale","facility_type":"station","infrastructure_status":"operational","timetable_status":"not_assessed","source_status":"odbl","operator":"TCDD Taşımacılık","osm_type":"node","osm_id":13180360334,"distance_to_rail_m":4.5},"geometry":{"type":"Point","coordinates":[39.4842582,38.6012012]}},{"type":"Feature","id":"osm-node-9125877667","properties":{"id":"osm-node-9125877667","name":"Konak","facility_type":"station","infrastructure_status":"operational","timetable_status":"not_assessed","source_status":"odbl","operator":"TCDD Taşımacılık","osm_type":"node","osm_id":9125877667,"distance_to_rail_m":0.2},"geometry":{"type":"Point","coordinates":[39.5664832,38.6342712]}},{"type":"Feature","id":"osm-node-13362326355","properties":{"id":"osm-node-13362326355","name":"Konaklar","facility_type":"station","infrastructure_status":"operational","timetable_status":"not_assessed","source_status":"odbl","operator":"TCDD Taşımacılık","osm_type":"node","osm_id":13362326355,"distance_to_rail_m":3.2},"geometry":{"type":"Point","coordinates":[28.7110541,38.3570279]}},{"type":"Feature","id":"osm-node-5014804022","properties":{"id":"osm-node-5014804022","name":"Konya","facility_type":"station","infrastructure_status":"operational","timetable_status":"not_assessed","source_status":"odbl","operator":"TCDD Taşımacılık","osm_type":"node","osm_id":5014804022,"distance_to_rail_m":1.5},"geometry":{"type":"Point","coordinates":[32.4758962,37.8653357]}},{"type":"Feature","id":"osm-node-8016975985","properties":{"id":"osm-node-8016975985","name":"Koşu","facility_type":"station","infrastructure_status":"operational","timetable_status":"not_assessed","source_status":"odbl","operator":"","osm_type":"node","osm_id":8016975985,"distance_to_rail_m":0.4},"geometry":{"type":"Point","coordinates":[27.1474332,38.3833544]}},{"type":"Feature","id":"osm-node-2700458150","properties":{"id":"osm-node-2700458150","name":"Kozdere","facility_type":"halt","infrastructure_status":"operational","timetable_status":"not_assessed","source_status":"odbl","operator":"TCDD","osm_type":"node","osm_id":2700458150,"distance_to_rail_m":2.6},"geometry":{"type":"Point","coordinates":[36.6650973,37.1294339]}},{"type":"Feature","id":"osm-node-13150129314","properties":{"id":"osm-node-13150129314","name":"Köprüağzı","facility_type":"station","infrastructure_status":"operational","timetable_status":"not_assessed","source_status":"odbl","operator":"TCDD Taşımacılık","osm_type":"node","osm_id":13150129314,"distance_to_rail_m":2.3},"geometry":{"type":"Point","coordinates":[37.0003319,37.3613722]}},{"type":"Feature","id":"osm-node-2691629710","properties":{"id":"osm-node-2691629710","name":"Köprüköy","facility_type":"station","infrastructure_status":"operational","timetable_status":"not_assessed","source_status":"odbl","operator":"TCDD Taşımacılık","osm_type":"node","osm_id":2691629710,"distance_to_rail_m":3.4},"geometry":{"type":"Point","coordinates":[41.8681882,39.9684663]}},{"type":"Feature","id":"osm-node-1868728280","properties":{"id":"osm-node-1868728280","name":"Köprüören","facility_type":"station","infrastructure_status":"operational","timetable_status":"not_assessed","source_status":"odbl","operator":"TCDD Taşımacılık","osm_type":"node","osm_id":1868728280,"distance_to_rail_m":3.4},"geometry":{"type":"Point","coordinates":[29.7565059,39.4919091]}},{"type":"Feature","id":"osm-node-1433314761","properties":{"id":"osm-node-1433314761","name":"Köroğlu","facility_type":"halt","infrastructure_status":"operational","timetable_status":"not_assessed","source_status":"odbl","operator":"","osm_type":"node","osm_id":1433314761,"distance_to_rail_m":0},"geometry":{"type":"Point","coordinates":[37.3902571,39.3731265]}},{"type":"Feature","id":"osm-node-2629883042","properties":{"id":"osm-node-2629883042","name":"Köseali","facility_type":"halt","infrastructure_status":"operational","timetable_status":"not_assessed","source_status":"odbl","operator":"","osm_type":"node","osm_id":2629883042,"distance_to_rail_m":4.4},"geometry":{"type":"Point","coordinates":[28.2993063,38.4603791]}},{"type":"Feature","id":"osm-node-2692357799","properties":{"id":"osm-node-2692357799","name":"Köseköy","facility_type":"station","infrastructure_status":"operational","timetable_status":"not_assessed","source_status":"odbl","operator":"TCDD Taşımacılık","osm_type":"node","osm_id":2692357799,"distance_to_rail_m":1.6},"geometry":{"type":"Point","coordinates":[30.0062115,40.7488982]}},{"type":"Feature","id":"osm-node-6942688155","properties":{"id":"osm-node-6942688155","name":"Köstence","facility_type":"station","infrastructure_status":"operational","timetable_status":"not_assessed","source_status":"odbl","operator":"TCDD Taşımacılık","osm_type":"node","osm_id":6942688155,"distance_to_rail_m":4.5},"geometry":{"type":"Point","coordinates":[32.9500583,39.9168514]}},{"type":"Feature","id":"osm-node-12660718808","properties":{"id":"osm-node-12660718808","name":"Kumkapı","facility_type":"station","infrastructure_status":"operational","timetable_status":"not_assessed","source_status":"odbl","operator":"TCDD Taşımacılık","osm_type":"node","osm_id":12660718808,"distance_to_rail_m":6.5},"geometry":{"type":"Point","coordinates":[28.9629002,41.0033651]}},{"type":"Feature","id":"osm-node-1806877056","properties":{"id":"osm-node-1806877056","name":"Kumlu","facility_type":"station","infrastructure_status":"operational","timetable_status":"not_assessed","source_status":"odbl","operator":"TCDD Taşımacılık","osm_type":"node","osm_id":1806877056,"distance_to_rail_m":1.9},"geometry":{"type":"Point","coordinates":[37.6929681,37.864407]}},{"type":"Feature","id":"osm-node-2700448886","properties":{"id":"osm-node-2700448886","name":"Kunduz","facility_type":"halt","infrastructure_status":"operational","timetable_status":"not_assessed","source_status":"odbl","operator":"TCDD Taşımacılık","osm_type":"node","osm_id":2700448886,"distance_to_rail_m":0.3},"geometry":{"type":"Point","coordinates":[36.2942632,40.0414056]}},{"type":"Feature","id":"osm-node-13371861687","properties":{"id":"osm-node-13371861687","name":"Kurbağalı","facility_type":"station","infrastructure_status":"operational","timetable_status":"not_assessed","source_status":"odbl","operator":"TCDD Taşımacılık","osm_type":"node","osm_id":13371861687,"distance_to_rail_m":5.5},"geometry":{"type":"Point","coordinates":[33.2952198,39.9419051]}},{"type":"Feature","id":"osm-node-2632411788","properties":{"id":"osm-node-2632411788","name":"Kurnaz","facility_type":"halt","infrastructure_status":"operational","timetable_status":"not_assessed","source_status":"odbl","operator":"","osm_type":"node","osm_id":2632411788,"distance_to_rail_m":1.3},"geometry":{"type":"Point","coordinates":[35.6979105,40.7736846]}},{"type":"Feature","id":"osm-node-13397730241","properties":{"id":"osm-node-13397730241","name":"Kurşunlu","facility_type":"station","infrastructure_status":"operational","timetable_status":"not_assessed","source_status":"odbl","operator":"TCDD Taşımacılık","osm_type":"node","osm_id":13397730241,"distance_to_rail_m":4.6},"geometry":{"type":"Point","coordinates":[33.2501093,40.8460038]}},{"type":"Feature","id":"osm-node-2635328399","properties":{"id":"osm-node-2635328399","name":"Kurt","facility_type":"station","infrastructure_status":"operational","timetable_status":"not_assessed","source_status":"odbl","operator":"TCDD Taşımacılık","osm_type":"node","osm_id":2635328399,"distance_to_rail_m":5},"geometry":{"type":"Point","coordinates":[41.2704005,38.8347095]}},{"type":"Feature","id":"osm-node-1810970676","properties":{"id":"osm-node-1810970676","name":"Kurtçimeni","facility_type":"station","infrastructure_status":"operational","timetable_status":"not_assessed","source_status":"odbl","operator":"TCDD Taşımacılık","osm_type":"node","osm_id":1810970676,"distance_to_rail_m":1.7},"geometry":{"type":"Point","coordinates":[32.7594775,40.8410407]}},{"type":"Feature","id":"osm-node-6942688138","properties":{"id":"osm-node-6942688138","name":"Kurtuluş","facility_type":"station","infrastructure_status":"operational","timetable_status":"not_assessed","source_status":"odbl","operator":"TCDD Taşımacılık","osm_type":"node","osm_id":6942688138,"distance_to_rail_m":1.6},"geometry":{"type":"Point","coordinates":[32.8678929,39.9288155]}},{"type":"Feature","id":"osm-node-13031810330","properties":{"id":"osm-node-13031810330","name":"Kurudere","facility_type":"halt","infrastructure_status":"operational","timetable_status":"not_assessed","source_status":"odbl","operator":"","osm_type":"node","osm_id":13031810330,"distance_to_rail_m":3.7},"geometry":{"type":"Point","coordinates":[43.524084,40.736576]}},{"type":"Feature","id":"osm-node-1033939388","properties":{"id":"osm-node-1033939388","name":"Kuşcenneti","facility_type":"station","infrastructure_status":"operational","timetable_status":"not_assessed","source_status":"odbl","operator":"TCDD Taşımacılık","osm_type":"node","osm_id":1033939388,"distance_to_rail_m":2.3},"geometry":{"type":"Point","coordinates":[27.9801926,40.3363628]}},{"type":"Feature","id":"osm-node-13968760024","properties":{"id":"osm-node-13968760024","name":"Kuşcenneti-Bandırma Hızlı Tren İstasyonu","facility_type":"station","infrastructure_status":"operational","timetable_status":"not_assessed","source_status":"odbl","operator":"TCDD Taşımacılık","osm_type":"node","osm_id":13968760024,"distance_to_rail_m":16.2},"geometry":{"type":"Point","coordinates":[27.9803397,40.3364193]}},{"type":"Feature","id":"osm-node-8425813600","properties":{"id":"osm-node-8425813600","name":"Kuşçuburun","facility_type":"station","infrastructure_status":"operational","timetable_status":"not_assessed","source_status":"odbl","operator":"TCDD Taşımacılık","osm_type":"node","osm_id":8425813600,"distance_to_rail_m":2},"geometry":{"type":"Point","coordinates":[27.3093365,38.2091397]}},{"type":"Feature","id":"osm-node-1433310152","properties":{"id":"osm-node-1433310152","name":"Kuşsarayı","facility_type":"station","infrastructure_status":"operational","timetable_status":"not_assessed","source_status":"odbl","operator":"TCDD Taşımacılık","osm_type":"node","osm_id":1433310152,"distance_to_rail_m":2.1},"geometry":{"type":"Point","coordinates":[38.6810729,38.4528439]}},{"type":"Feature","id":"osm-node-6328169451","properties":{"id":"osm-node-6328169451","name":"Küçükçekmece","facility_type":"station","infrastructure_status":"operational","timetable_status":"not_assessed","source_status":"odbl","operator":"","osm_type":"node","osm_id":6328169451,"distance_to_rail_m":8.1},"geometry":{"type":"Point","coordinates":[28.7729609,40.9885367]}},{"type":"Feature","id":"osm-node-1806877421","properties":{"id":"osm-node-1806877421","name":"Küçüklü","facility_type":"halt","infrastructure_status":"operational","timetable_status":"not_assessed","source_status":"odbl","operator":"TCDD","osm_type":"node","osm_id":1806877421,"distance_to_rail_m":4.5},"geometry":{"type":"Point","coordinates":[37.683646,38.0093258]}},{"type":"Feature","id":"osm-node-282903538","properties":{"id":"osm-node-282903538","name":"Küçükyalı","facility_type":"station","infrastructure_status":"operational","timetable_status":"not_assessed","source_status":"odbl","operator":"TCDD Taşımacılık","osm_type":"node","osm_id":282903538,"distance_to_rail_m":4.4},"geometry":{"type":"Point","coordinates":[29.1071674,40.946258]}},{"type":"Feature","id":"osm-node-2705954244","properties":{"id":"osm-node-2705954244","name":"Kürk","facility_type":"station","infrastructure_status":"operational","timetable_status":"not_assessed","source_status":"odbl","operator":"TCDD Taşımacılık","osm_type":"node","osm_id":2705954244,"distance_to_rail_m":2.5},"geometry":{"type":"Point","coordinates":[39.2742822,38.4609986]}},{"type":"Feature","id":"osm-node-2632430068","properties":{"id":"osm-node-2632430068","name":"Ladik","facility_type":"station","infrastructure_status":"operational","timetable_status":"not_assessed","source_status":"odbl","operator":"TCDD Taşımacılık","osm_type":"node","osm_id":2632430068,"distance_to_rail_m":3},"geometry":{"type":"Point","coordinates":[35.871989,41.0192745]}},{"type":"Feature","id":"osm-node-12012657166","properties":{"id":"osm-node-12012657166","name":"Lalabel","facility_type":"station","infrastructure_status":"operational","timetable_status":"not_assessed","source_status":"odbl","operator":"TCDD Taşımacılık","osm_type":"node","osm_id":12012657166,"distance_to_rail_m":9.1},"geometry":{"type":"Point","coordinates":[33.1874151,39.957941]}},{"type":"Feature","id":"osm-node-2626026172","properties":{"id":"osm-node-2626026172","name":"Lalahan","facility_type":"station","infrastructure_status":"operational","timetable_status":"not_assessed","source_status":"odbl","operator":"TCDD Taşımacılık","osm_type":"node","osm_id":2626026172,"distance_to_rail_m":2},"geometry":{"type":"Point","coordinates":[33.1171313,39.9706342]}},{"type":"Feature","id":"osm-node-8004018093","properties":{"id":"osm-node-8004018093","name":"Lale","facility_type":"station","infrastructure_status":"operational","timetable_status":"not_assessed","source_status":"odbl","operator":"TCDD Taşımacılık","osm_type":"node","osm_id":8004018093,"distance_to_rail_m":0.8},"geometry":{"type":"Point","coordinates":[32.5986952,39.9614599]}},{"type":"Feature","id":"osm-node-2784067271","properties":{"id":"osm-node-2784067271","name":"Leylek","facility_type":"station","infrastructure_status":"operational","timetable_status":"not_assessed","source_status":"odbl","operator":"TCDD Taşımacılık","osm_type":"node","osm_id":2784067271,"distance_to_rail_m":4.9},"geometry":{"type":"Point","coordinates":[40.0829014,38.0218995]}},{"type":"Feature","id":"osm-node-1806453441","properties":{"id":"osm-node-1806453441","name":"Maden","facility_type":"station","infrastructure_status":"operational","timetable_status":"not_assessed","source_status":"odbl","operator":"TCDD Taşımacılık","osm_type":"node","osm_id":1806453441,"distance_to_rail_m":11.4},"geometry":{"type":"Point","coordinates":[39.66905,38.4012965]}},{"type":"Feature","id":"osm-node-2705906507","properties":{"id":"osm-node-2705906507","name":"Madensuyu","facility_type":"halt","infrastructure_status":"operational","timetable_status":"not_assessed","source_status":"odbl","operator":"TCDD Taşımacılık","osm_type":"node","osm_id":2705906507,"distance_to_rail_m":6},"geometry":{"type":"Point","coordinates":[37.8347113,38.0349135]}},{"type":"Feature","id":"osm-node-1038519200","properties":{"id":"osm-node-1038519200","name":"Mahmutlar","facility_type":"station","infrastructure_status":"operational","timetable_status":"not_assessed","source_status":"odbl","operator":"TCDD Taşımacılık","osm_type":"node","osm_id":1038519200,"distance_to_rail_m":7.3},"geometry":{"type":"Point","coordinates":[33.6069723,39.8592214]}},{"type":"Feature","id":"osm-node-2627512379","properties":{"id":"osm-node-2627512379","name":"Malıköy","facility_type":"station","infrastructure_status":"operational","timetable_status":"not_assessed","source_status":"odbl","operator":"TCDD Taşımacılık","osm_type":"node","osm_id":2627512379,"distance_to_rail_m":3.7},"geometry":{"type":"Point","coordinates":[32.3866617,39.7843157]}},{"type":"Feature","id":"osm-node-617374899","properties":{"id":"osm-node-617374899","name":"Maltepe","facility_type":"station","infrastructure_status":"operational","timetable_status":"not_assessed","source_status":"odbl","operator":"TCDD Taşımacılık","osm_type":"node","osm_id":617374899,"distance_to_rail_m":5.8},"geometry":{"type":"Point","coordinates":[29.1332851,40.920811]}},{"type":"Feature","id":"osm-node-6942688152","properties":{"id":"osm-node-6942688152","name":"Mamak","facility_type":"station","infrastructure_status":"operational","timetable_status":"not_assessed","source_status":"odbl","operator":"TCDD Taşımacılık","osm_type":"node","osm_id":6942688152,"distance_to_rail_m":2.9},"geometry":{"type":"Point","coordinates":[32.9116115,39.9313985]}},{"type":"Feature","id":"osm-node-13381634256","properties":{"id":"osm-node-13381634256","name":"Mamure","facility_type":"station","infrastructure_status":"operational","timetable_status":"not_assessed","source_status":"odbl","operator":"TCDD Taşımacılık","osm_type":"node","osm_id":13381634256,"distance_to_rail_m":2.1},"geometry":{"type":"Point","coordinates":[36.3179717,37.1369689]}},{"type":"Feature","id":"osm-node-13376850652","properties":{"id":"osm-node-13376850652","name":"Mandıra","facility_type":"station","infrastructure_status":"official_network_inactive","timetable_status":"not_assessed","source_status":"odbl","operator":"TCDD Taşımacılık","osm_type":"node","osm_id":13376850652,"distance_to_rail_m":6.3},"geometry":{"type":"Point","coordinates":[27.0797739,41.3584823]}},{"type":"Feature","id":"osm-node-168129480","properties":{"id":"osm-node-168129480","name":"Manisa","facility_type":"station","infrastructure_status":"operational","timetable_status":"not_assessed","source_status":"odbl","operator":"TCDD Taşımacılık","osm_type":"node","osm_id":168129480,"distance_to_rail_m":4.1},"geometry":{"type":"Point","coordinates":[27.4352146,38.6213576]}},{"type":"Feature","id":"osm-node-1831989082","properties":{"id":"osm-node-1831989082","name":"Mardin","facility_type":"station","infrastructure_status":"official_network_inactive","timetable_status":"not_assessed","source_status":"odbl","operator":"TCDD Taşımacılık","osm_type":"node","osm_id":1831989082,"distance_to_rail_m":3.4},"geometry":{"type":"Point","coordinates":[40.7083794,37.284519]}},{"type":"Feature","id":"osm-node-663657266","properties":{"id":"osm-node-663657266","name":"Mavişehir","facility_type":"station","infrastructure_status":"operational","timetable_status":"not_assessed","source_status":"odbl","operator":"izban","osm_type":"node","osm_id":663657266,"distance_to_rail_m":2.2},"geometry":{"type":"Point","coordinates":[27.08298,38.482221]}},{"type":"Feature","id":"osm-node-4394454686","properties":{"id":"osm-node-4394454686","name":"Mazlumlar","facility_type":"halt","infrastructure_status":"operational","timetable_status":"not_assessed","source_status":"odbl","operator":"","osm_type":"node","osm_id":4394454686,"distance_to_rail_m":0.4},"geometry":{"type":"Point","coordinates":[28.7795734,39.6459679]}},{"type":"Feature","id":"osm-node-4935284080","properties":{"id":"osm-node-4935284080","name":"Mekece","facility_type":"station","infrastructure_status":"operational","timetable_status":"not_assessed","source_status":"odbl","operator":"TCDD Taşımacılık","osm_type":"node","osm_id":4935284080,"distance_to_rail_m":4.2},"geometry":{"type":"Point","coordinates":[30.0519499,40.4506895]}},{"type":"Feature","id":"osm-node-1805749145","properties":{"id":"osm-node-1805749145","name":"Menteşe","facility_type":"station","infrastructure_status":"operational","timetable_status":"not_assessed","source_status":"odbl","operator":"TCDD Taşımacılık","osm_type":"node","osm_id":1805749145,"distance_to_rail_m":2.2},"geometry":{"type":"Point","coordinates":[36.7244884,39.789624]}},{"type":"Feature","id":"osm-node-1963402572","properties":{"id":"osm-node-1963402572","name":"Meryemoğlu Durağı","facility_type":"halt","infrastructure_status":"operational","timetable_status":"not_assessed","source_status":"odbl","operator":"","osm_type":"node","osm_id":1963402572,"distance_to_rail_m":5.1},"geometry":{"type":"Point","coordinates":[28.7058893,37.9482626]}},{"type":"Feature","id":"osm-node-1866950347","properties":{"id":"osm-node-1866950347","name":"Meydan","facility_type":"station","infrastructure_status":"operational","timetable_status":"not_assessed","source_status":"odbl","operator":"TCDD Taşımacılık","osm_type":"node","osm_id":1866950347,"distance_to_rail_m":1.4},"geometry":{"type":"Point","coordinates":[32.5466225,38.19944]}},{"type":"Feature","id":"osm-node-4394456238","properties":{"id":"osm-node-4394456238","name":"Mezitler","facility_type":"station","infrastructure_status":"operational","timetable_status":"not_assessed","source_status":"odbl","operator":"TCDD Taşımacılık","osm_type":"node","osm_id":4394456238,"distance_to_rail_m":3.7},"geometry":{"type":"Point","coordinates":[28.3084743,39.5493127]}},{"type":"Feature","id":"osm-node-13526005984","properties":{"id":"osm-node-13526005984","name":"Mithatpaşa","facility_type":"station","infrastructure_status":"operational","timetable_status":"not_assessed","source_status":"odbl","operator":"","osm_type":"node","osm_id":13526005984,"distance_to_rail_m":5.2},"geometry":{"type":"Point","coordinates":[30.3800807,40.7589006]}},{"type":"Feature","id":"osm-node-2009271325","properties":{"id":"osm-node-2009271325","name":"Moralı","facility_type":"halt","infrastructure_status":"operational","timetable_status":"not_assessed","source_status":"odbl","operator":"","osm_type":"node","osm_id":2009271325,"distance_to_rail_m":2.5},"geometry":{"type":"Point","coordinates":[27.5320059,37.8344564]}},{"type":"Feature","id":"osm-node-6981627650","properties":{"id":"osm-node-6981627650","name":"Motor","facility_type":"station","infrastructure_status":"operational","timetable_status":"not_assessed","source_status":"odbl","operator":"TCDD Taşımacılık","osm_type":"node","osm_id":6981627650,"distance_to_rail_m":1.4},"geometry":{"type":"Point","coordinates":[32.7784715,39.9342115]}},{"type":"Feature","id":"osm-way-1092699569","properties":{"id":"osm-way-1092699569","name":"Motor Durağı Tren İstasyonu","facility_type":"station","infrastructure_status":"operational","timetable_status":"not_assessed","source_status":"odbl","operator":"TCDD Taşımacılık","osm_type":"way","osm_id":1092699569,"distance_to_rail_m":1.9},"geometry":{"type":"Point","coordinates":[32.778447,39.9342603]}},{"type":"Feature","id":"osm-node-1849701875","properties":{"id":"osm-node-1849701875","name":"Muratbağı","facility_type":"station","infrastructure_status":"operational","timetable_status":"not_assessed","source_status":"odbl","operator":"TCDD Taşımacılık","osm_type":"node","osm_id":1849701875,"distance_to_rail_m":3.2},"geometry":{"type":"Point","coordinates":[39.7789027,38.6531264]}},{"type":"Feature","id":"osm-node-6328169450","properties":{"id":"osm-node-6328169450","name":"Mustafa Kemal","facility_type":"station","infrastructure_status":"operational","timetable_status":"not_assessed","source_status":"odbl","operator":"","osm_type":"node","osm_id":6328169450,"distance_to_rail_m":8.4},"geometry":{"type":"Point","coordinates":[28.7738851,41.0061674]}},{"type":"Feature","id":"osm-node-10160022342","properties":{"id":"osm-node-10160022342","name":"Mücahitler","facility_type":"station","infrastructure_status":"operational","timetable_status":"not_assessed","source_status":"odbl","operator":"TCDD Taşımacılık","osm_type":"node","osm_id":10160022342,"distance_to_rail_m":5.9},"geometry":{"type":"Point","coordinates":[37.3707019,37.0744142]}},{"type":"Feature","id":"osm-node-13383141520","properties":{"id":"osm-node-13383141520","name":"Mürşitpınar","facility_type":"station","infrastructure_status":"official_network_inactive","timetable_status":"not_assessed","source_status":"odbl","operator":"TCDD","osm_type":"node","osm_id":13383141520,"distance_to_rail_m":3.3},"geometry":{"type":"Point","coordinates":[38.3509778,36.9002822]}},{"type":"Feature","id":"osm-node-1976917817","properties":{"id":"osm-node-1976917817","name":"Naldöken","facility_type":"station","infrastructure_status":"operational","timetable_status":"not_assessed","source_status":"odbl","operator":"","osm_type":"node","osm_id":1976917817,"distance_to_rail_m":1.8},"geometry":{"type":"Point","coordinates":[27.1284533,38.4645638]}},{"type":"Feature","id":"osm-node-1626958248","properties":{"id":"osm-node-1626958248","name":"Nallıkaya","facility_type":"halt","infrastructure_status":"operational","timetable_status":"not_assessed","source_status":"odbl","operator":"","osm_type":"node","osm_id":1626958248,"distance_to_rail_m":0},"geometry":{"type":"Point","coordinates":[28.8934825,39.6216346]}},{"type":"Feature","id":"osm-node-2785467907","properties":{"id":"osm-node-2785467907","name":"Narlı","facility_type":"station","infrastructure_status":"operational","timetable_status":"not_assessed","source_status":"odbl","operator":"TCDD Taşımacılık","osm_type":"node","osm_id":2785467907,"distance_to_rail_m":2.3},"geometry":{"type":"Point","coordinates":[37.1395278,37.3958569]}},{"type":"Feature","id":"osm-node-13371825857","properties":{"id":"osm-node-13371825857","name":"Nenek","facility_type":"station","infrastructure_status":"operational","timetable_status":"not_assessed","source_status":"odbl","operator":"TCDD Taşımacılık","osm_type":"node","osm_id":13371825857,"distance_to_rail_m":4.9},"geometry":{"type":"Point","coordinates":[33.0305035,39.9424254]}},{"type":"Feature","id":"osm-node-4556769263","properties":{"id":"osm-node-4556769263","name":"Nergiz","facility_type":"station","infrastructure_status":"operational","timetable_status":"not_assessed","source_status":"odbl","operator":"izban","osm_type":"node","osm_id":4556769263,"distance_to_rail_m":0.8},"geometry":{"type":"Point","coordinates":[27.1046651,38.4595882]}},{"type":"Feature","id":"osm-node-1963210308","properties":{"id":"osm-node-1963210308","name":"Neşetiye Durağı","facility_type":"halt","infrastructure_status":"operational","timetable_status":"not_assessed","source_status":"odbl","operator":"","osm_type":"node","osm_id":1963210308,"distance_to_rail_m":1.7},"geometry":{"type":"Point","coordinates":[27.5362793,37.8801529]}},{"type":"Feature","id":"osm-node-12576453391","properties":{"id":"osm-node-12576453391","name":"Niğde","facility_type":"station","infrastructure_status":"operational","timetable_status":"not_assessed","source_status":"odbl","operator":"TCDD Taşımacılık","osm_type":"node","osm_id":12576453391,"distance_to_rail_m":2.3},"geometry":{"type":"Point","coordinates":[34.6850014,37.9654114]}},{"type":"Feature","id":"osm-node-2732614877","properties":{"id":"osm-node-2732614877","name":"Nizip","facility_type":"station","infrastructure_status":"operational","timetable_status":"not_assessed","source_status":"odbl","operator":"TCDD Taşımacılık","osm_type":"node","osm_id":2732614877,"distance_to_rail_m":1.9},"geometry":{"type":"Point","coordinates":[37.789031,37.0011838]}},{"type":"Feature","id":"osm-node-13381689125","properties":{"id":"osm-node-13381689125","name":"Nurdağ","facility_type":"station","infrastructure_status":"operational","timetable_status":"not_assessed","source_status":"odbl","operator":"TCDD Taşımacılık","osm_type":"node","osm_id":13381689125,"distance_to_rail_m":2},"geometry":{"type":"Point","coordinates":[36.7499885,37.1755343]}},{"type":"Feature","id":"osm-node-1101841150","properties":{"id":"osm-node-1101841150","name":"Nusaybin","facility_type":"station","infrastructure_status":"official_network_inactive","timetable_status":"not_assessed","source_status":"odbl","operator":"TCDD","osm_type":"node","osm_id":1101841150,"distance_to_rail_m":2.3},"geometry":{"type":"Point","coordinates":[41.2281964,37.0757769]}},{"type":"Feature","id":"osm-node-4394457197","properties":{"id":"osm-node-4394457197","name":"Nusrat","facility_type":"station","infrastructure_status":"operational","timetable_status":"not_assessed","source_status":"odbl","operator":"TCDD Taşımacılık","osm_type":"node","osm_id":4394457197,"distance_to_rail_m":2.3},"geometry":{"type":"Point","coordinates":[28.1625983,39.6158162]}},{"type":"Feature","id":"osm-node-11553493315","properties":{"id":"osm-node-11553493315","name":"Okçugöl","facility_type":"station","infrastructure_status":"operational","timetable_status":"not_assessed","source_status":"odbl","operator":"TCDD Taşımacılık","osm_type":"node","osm_id":11553493315,"distance_to_rail_m":2},"geometry":{"type":"Point","coordinates":[28.1614941,40.0624836]}},{"type":"Feature","id":"osm-node-1032704953","properties":{"id":"osm-node-1032704953","name":"Ortaklar","facility_type":"station","infrastructure_status":"operational","timetable_status":"not_assessed","source_status":"odbl","operator":"TCDD Taşımacılık","osm_type":"node","osm_id":1032704953,"distance_to_rail_m":8},"geometry":{"type":"Point","coordinates":[27.5024801,37.886357]}},{"type":"Feature","id":"osm-node-1810292886","properties":{"id":"osm-node-1810292886","name":"Ortaköy","facility_type":"station","infrastructure_status":"operational","timetable_status":"not_assessed","source_status":"odbl","operator":"TCDD Taşımacılık","osm_type":"node","osm_id":1810292886,"distance_to_rail_m":4.1},"geometry":{"type":"Point","coordinates":[32.5626162,40.9358669]}},{"type":"Feature","id":"osm-node-10159892612","properties":{"id":"osm-node-10159892612","name":"OSB-3","facility_type":"station","infrastructure_status":"operational","timetable_status":"not_assessed","source_status":"odbl","operator":"TCDD","osm_type":"node","osm_id":10159892612,"distance_to_rail_m":8.3},"geometry":{"type":"Point","coordinates":[37.3418599,37.1640624]}},{"type":"Feature","id":"osm-node-10159892615","properties":{"id":"osm-node-10159892615","name":"OSB-4","facility_type":"station","infrastructure_status":"operational","timetable_status":"not_assessed","source_status":"odbl","operator":"TCDD","osm_type":"node","osm_id":10159892615,"distance_to_rail_m":5.5},"geometry":{"type":"Point","coordinates":[37.3522396,37.1638147]}},{"type":"Feature","id":"osm-node-1033065571","properties":{"id":"osm-node-1033065571","name":"Osmanbük Durağı","facility_type":"halt","infrastructure_status":"operational","timetable_status":"not_assessed","source_status":"odbl","operator":"","osm_type":"node","osm_id":1033065571,"distance_to_rail_m":0.1},"geometry":{"type":"Point","coordinates":[27.7764247,37.8496159]}},{"type":"Feature","id":"osm-node-1918589900","properties":{"id":"osm-node-1918589900","name":"Osmaneli","facility_type":"station","infrastructure_status":"operational","timetable_status":"not_assessed","source_status":"odbl","operator":"TCDD Taşımacılık","osm_type":"node","osm_id":1918589900,"distance_to_rail_m":3.8},"geometry":{"type":"Point","coordinates":[30.0274362,40.36431]}},{"type":"Feature","id":"osm-node-5085891619","properties":{"id":"osm-node-5085891619","name":"Osmangazi","facility_type":"station","infrastructure_status":"operational","timetable_status":"not_assessed","source_status":"odbl","operator":"","osm_type":"node","osm_id":5085891619,"distance_to_rail_m":7.5},"geometry":{"type":"Point","coordinates":[29.3801162,40.7992416]}},{"type":"Feature","id":"osm-node-125326513","properties":{"id":"osm-node-125326513","name":"Osmaniye","facility_type":"station","infrastructure_status":"operational","timetable_status":"not_assessed","source_status":"odbl","operator":"TCDD Taşımacılık","osm_type":"node","osm_id":125326513,"distance_to_rail_m":8.6},"geometry":{"type":"Point","coordinates":[36.2370312,37.0793973]}},{"type":"Feature","id":"osm-node-2201574186","properties":{"id":"osm-node-2201574186","name":"Oturak","facility_type":"station","infrastructure_status":"operational","timetable_status":"not_assessed","source_status":"odbl","operator":"TCDD Taşımacılık","osm_type":"node","osm_id":2201574186,"distance_to_rail_m":3.9},"geometry":{"type":"Point","coordinates":[29.9026188,38.8398745]}},{"type":"Feature","id":"osm-node-4443353789","properties":{"id":"osm-node-4443353789","name":"Ova Köy","facility_type":"halt","infrastructure_status":"operational","timetable_status":"not_assessed","source_status":"odbl","operator":"","osm_type":"node","osm_id":4443353789,"distance_to_rail_m":5.9},"geometry":{"type":"Point","coordinates":[29.3403725,38.5457521]}},{"type":"Feature","id":"osm-node-13348039398","properties":{"id":"osm-node-13348039398","name":"Ovacık","facility_type":"station","infrastructure_status":"operational","timetable_status":"not_assessed","source_status":"odbl","operator":"TCDD Taşımacılık","osm_type":"node","osm_id":13348039398,"distance_to_rail_m":6.7},"geometry":{"type":"Point","coordinates":[34.7669505,38.0557071]}},{"type":"Feature","id":"osm-node-2630089553","properties":{"id":"osm-node-2630089553","name":"Ovakoy","facility_type":"halt","infrastructure_status":"operational","timetable_status":"not_assessed","source_status":"odbl","operator":"","osm_type":"node","osm_id":2630089553,"distance_to_rail_m":2.8},"geometry":{"type":"Point","coordinates":[29.391196,38.6351041]}},{"type":"Feature","id":"osm-node-2700436659","properties":{"id":"osm-node-2700436659","name":"Ovasaray","facility_type":"halt","infrastructure_status":"operational","timetable_status":"not_assessed","source_status":"odbl","operator":"TCDD Taşımacılık","osm_type":"node","osm_id":2700436659,"distance_to_rail_m":5.9},"geometry":{"type":"Point","coordinates":[35.7429184,40.5361804]}},{"type":"Feature","id":"osm-node-9144161088","properties":{"id":"osm-node-9144161088","name":"Oymapınar","facility_type":"station","infrastructure_status":"operational","timetable_status":"not_assessed","source_status":"odbl","operator":"TCDD Taşımacılık","osm_type":"node","osm_id":9144161088,"distance_to_rail_m":11.5},"geometry":{"type":"Point","coordinates":[40.9671978,38.8634675]}},{"type":"Feature","id":"osm-node-12887415753","properties":{"id":"osm-node-12887415753","name":"Ödemiş","facility_type":"station","infrastructure_status":"operational","timetable_status":"not_assessed","source_status":"odbl","operator":"TCDD Taşımacılık","osm_type":"node","osm_id":12887415753,"distance_to_rail_m":1.3},"geometry":{"type":"Point","coordinates":[27.965566,38.2220533]}},{"type":"Feature","id":"osm-node-13372393312","properties":{"id":"osm-node-13372393312","name":"Ömerköy","facility_type":"station","infrastructure_status":"operational","timetable_status":"not_assessed","source_status":"odbl","operator":"TCDD Taşımacılık","osm_type":"node","osm_id":13372393312,"distance_to_rail_m":14.2},"geometry":{"type":"Point","coordinates":[28.0749601,39.8418431]}},{"type":"Feature","id":"osm-node-13140866846","properties":{"id":"osm-node-13140866846","name":"Ömerli","facility_type":"station","infrastructure_status":"operational","timetable_status":"not_assessed","source_status":"odbl","operator":"","osm_type":"node","osm_id":13140866846,"distance_to_rail_m":2.6},"geometry":{"type":"Point","coordinates":[28.6414099,41.1172753]}},{"type":"Feature","id":"osm-node-2054851040","properties":{"id":"osm-node-2054851040","name":"Öncüler durağı","facility_type":"halt","infrastructure_status":"official_network_inactive","timetable_status":"not_assessed","source_status":"odbl","operator":"","osm_type":"node","osm_id":2054851040,"distance_to_rail_m":1.2},"geometry":{"type":"Point","coordinates":[37.8521839,36.7781797]}},{"type":"Feature","id":"osm-node-13270950264","properties":{"id":"osm-node-13270950264","name":"Örenşehir","facility_type":"station","infrastructure_status":"operational","timetable_status":"not_assessed","source_status":"odbl","operator":"TCDD Taşımacılık","osm_type":"node","osm_id":13270950264,"distance_to_rail_m":8.3},"geometry":{"type":"Point","coordinates":[35.2486627,38.6961193]}},{"type":"Feature","id":"osm-node-13185553849","properties":{"id":"osm-node-13185553849","name":"Özalp","facility_type":"station","infrastructure_status":"operational","timetable_status":"not_assessed","source_status":"odbl","operator":"TCDD Taşımacılık","osm_type":"node","osm_id":13185553849,"distance_to_rail_m":4},"geometry":{"type":"Point","coordinates":[43.9897272,38.6533516]}},{"type":"Feature","id":"osm-node-13183502188","properties":{"id":"osm-node-13183502188","name":"Özden","facility_type":"station","infrastructure_status":"operational","timetable_status":"not_assessed","source_status":"odbl","operator":"TCDD Taşımacılık","osm_type":"node","osm_id":13183502188,"distance_to_rail_m":4.1},"geometry":{"type":"Point","coordinates":[41.8056576,38.7083662]}},{"type":"Feature","id":"osm-node-1807928392","properties":{"id":"osm-node-1807928392","name":"Özel İdare","facility_type":"halt","infrastructure_status":"operational","timetable_status":"not_assessed","source_status":"odbl","operator":"","osm_type":"node","osm_id":1807928392,"distance_to_rail_m":1.6},"geometry":{"type":"Point","coordinates":[35.8327542,40.6651676]}},{"type":"Feature","id":"osm-node-1339958347","properties":{"id":"osm-node-1339958347","name":"Özgüneş","facility_type":"station","infrastructure_status":"operational","timetable_status":"not_assessed","source_status":"odbl","operator":"TCDD Taşımacılık","osm_type":"node","osm_id":1339958347,"distance_to_rail_m":1.4},"geometry":{"type":"Point","coordinates":[32.6492715,39.9517529]}},{"type":"Feature","id":"osm-node-2784870836","properties":{"id":"osm-node-2784870836","name":"Palandöken","facility_type":"station","infrastructure_status":"operational","timetable_status":"not_assessed","source_status":"odbl","operator":"TCDD Taşımacılık","osm_type":"node","osm_id":2784870836,"distance_to_rail_m":2.4},"geometry":{"type":"Point","coordinates":[41.1714826,39.9318929]}},{"type":"Feature","id":"osm-node-1017553575","properties":{"id":"osm-node-1017553575","name":"Palu","facility_type":"station","infrastructure_status":"operational","timetable_status":"not_assessed","source_status":"odbl","operator":"TCDD Taşımacılık","osm_type":"node","osm_id":1017553575,"distance_to_rail_m":3.3},"geometry":{"type":"Point","coordinates":[39.927005,38.6908394]}},{"type":"Feature","id":"osm-node-1392072230","properties":{"id":"osm-node-1392072230","name":"Pamukova","facility_type":"station","infrastructure_status":"operational","timetable_status":"not_assessed","source_status":"odbl","operator":"","osm_type":"node","osm_id":1392072230,"distance_to_rail_m":0.1},"geometry":{"type":"Point","coordinates":[30.1722114,40.5025789]}},{"type":"Feature","id":"osm-node-12736098197","properties":{"id":"osm-node-12736098197","name":"Pamukova YHT","facility_type":"station","infrastructure_status":"operational","timetable_status":"not_assessed","source_status":"odbl","operator":"TCDD Taşımacılık","osm_type":"node","osm_id":12736098197,"distance_to_rail_m":2.6},"geometry":{"type":"Point","coordinates":[30.186889,40.4981889]}},{"type":"Feature","id":"osm-node-13353304195","properties":{"id":"osm-node-13353304195","name":"Paşalı","facility_type":"station","infrastructure_status":"operational","timetable_status":"not_assessed","source_status":"odbl","operator":"TCDD Taşımacılık","osm_type":"node","osm_id":13353304195,"distance_to_rail_m":7.8},"geometry":{"type":"Point","coordinates":[35.0366227,39.0619914]}},{"type":"Feature","id":"osm-node-13147533958","properties":{"id":"osm-node-13147533958","name":"Payas","facility_type":"station","infrastructure_status":"operational","timetable_status":"not_assessed","source_status":"odbl","operator":"TCDD Taşımacılık","osm_type":"node","osm_id":13147533958,"distance_to_rail_m":2.8},"geometry":{"type":"Point","coordinates":[36.2093457,36.7669311]}},{"type":"Feature","id":"osm-node-2652104153","properties":{"id":"osm-node-2652104153","name":"Payas Şehi̇r","facility_type":"halt","infrastructure_status":"operational","timetable_status":"not_assessed","source_status":"odbl","operator":"","osm_type":"node","osm_id":2652104153,"distance_to_rail_m":0.3},"geometry":{"type":"Point","coordinates":[36.209227,36.7555693]}},{"type":"Feature","id":"osm-node-12692905025","properties":{"id":"osm-node-12692905025","name":"Pazarcık","facility_type":"station","infrastructure_status":"operational","timetable_status":"not_assessed","source_status":"odbl","operator":"TCDD Taşımacılık","osm_type":"node","osm_id":12692905025,"distance_to_rail_m":4.5},"geometry":{"type":"Point","coordinates":[37.2899692,37.4908476]}},{"type":"Feature","id":"osm-node-2691671071","properties":{"id":"osm-node-2691671071","name":"Peldirvan","facility_type":"halt","infrastructure_status":"operational","timetable_status":"not_assessed","source_status":"odbl","operator":"","osm_type":"node","osm_id":2691671071,"distance_to_rail_m":2.8},"geometry":{"type":"Point","coordinates":[43.4608836,40.7151876]}},{"type":"Feature","id":"osm-node-13362534707","properties":{"id":"osm-node-13362534707","name":"Pelitözü","facility_type":"station","infrastructure_status":"operational","timetable_status":"not_assessed","source_status":"odbl","operator":"TCDD Taşımacılık","osm_type":"node","osm_id":13362534707,"distance_to_rail_m":2.5},"geometry":{"type":"Point","coordinates":[30.0143631,40.1944938]}},{"type":"Feature","id":"osm-node-13154813552","properties":{"id":"osm-node-13154813552","name":"Pınarbaşı","facility_type":"station","infrastructure_status":"operational","timetable_status":"not_assessed","source_status":"odbl","operator":"TCDD Taşımacılık","osm_type":"node","osm_id":13154813552,"distance_to_rail_m":2.9},"geometry":{"type":"Point","coordinates":[32.6049151,38.0372312]}},{"type":"Feature","id":"osm-node-1433310422","properties":{"id":"osm-node-1433310422","name":"Pınarlı","facility_type":"station","infrastructure_status":"operational","timetable_status":"not_assessed","source_status":"odbl","operator":"TCDD Taşımacılık","osm_type":"node","osm_id":1433310422,"distance_to_rail_m":5.8},"geometry":{"type":"Point","coordinates":[38.7750834,38.4724929]}},{"type":"Feature","id":"osm-node-2629173551","properties":{"id":"osm-node-2629173551","name":"Pinarli (KM 87+750)","facility_type":"halt","infrastructure_status":"operational","timetable_status":"not_assessed","source_status":"odbl","operator":"","osm_type":"node","osm_id":2629173551,"distance_to_rail_m":1.7},"geometry":{"type":"Point","coordinates":[27.7426926,38.1599444]}},{"type":"Feature","id":"osm-node-1626984771","properties":{"id":"osm-node-1626984771","name":"Piribeyler","facility_type":"station","infrastructure_status":"operational","timetable_status":"not_assessed","source_status":"odbl","operator":"TCDD Taşımacılık","osm_type":"node","osm_id":1626984771,"distance_to_rail_m":2.1},"geometry":{"type":"Point","coordinates":[28.7958968,39.6274582]}},{"type":"Feature","id":"osm-node-13495967625","properties":{"id":"osm-node-13495967625","name":"Pirinçlik","facility_type":"station","infrastructure_status":"operational","timetable_status":"not_assessed","source_status":"odbl","operator":"TCDD Taşımacılık","osm_type":"node","osm_id":13495967625,"distance_to_rail_m":2.4},"geometry":{"type":"Point","coordinates":[32.5408427,41.1543405]}},{"type":"Feature","id":"osm-node-2629885702","properties":{"id":"osm-node-2629885702","name":"Piyadeler","facility_type":"halt","infrastructure_status":"operational","timetable_status":"not_assessed","source_status":"odbl","operator":"","osm_type":"node","osm_id":2629885702,"distance_to_rail_m":4.5},"geometry":{"type":"Point","coordinates":[28.4329643,38.4001151]}},{"type":"Feature","id":"osm-node-10134127154","properties":{"id":"osm-node-10134127154","name":"Polatlı YHT","facility_type":"station","infrastructure_status":"operational","timetable_status":"not_assessed","source_status":"odbl","operator":"TCDD Taşımacılık","osm_type":"node","osm_id":10134127154,"distance_to_rail_m":2.4},"geometry":{"type":"Point","coordinates":[32.1814807,39.5801618]}},{"type":"Feature","id":"osm-node-2711412140","properties":{"id":"osm-node-2711412140","name":"Porsuk","facility_type":"station","infrastructure_status":"operational","timetable_status":"not_assessed","source_status":"odbl","operator":"TCDD Taşımacılık","osm_type":"node","osm_id":2711412140,"distance_to_rail_m":3.4},"geometry":{"type":"Point","coordinates":[30.2767531,39.5986666]}},{"type":"Feature","id":"osm-node-5201470368","properties":{"id":"osm-node-5201470368","name":"Porsuklu","facility_type":"halt","infrastructure_status":"operational","timetable_status":"not_assessed","source_status":"odbl","operator":"TCDD","osm_type":"node","osm_id":5201470368,"distance_to_rail_m":7.5},"geometry":{"type":"Point","coordinates":[43.198239,40.7785957]}},{"type":"Feature","id":"osm-node-2627514165","properties":{"id":"osm-node-2627514165","name":"Poyraz","facility_type":"halt","infrastructure_status":"operational","timetable_status":"not_assessed","source_status":"odbl","operator":"TCDD Taşımacılık","osm_type":"node","osm_id":2627514165,"distance_to_rail_m":1.6},"geometry":{"type":"Point","coordinates":[32.2908018,39.7128584]}},{"type":"Feature","id":"osm-node-2719965350","properties":{"id":"osm-node-2719965350","name":"Pozantı","facility_type":"station","infrastructure_status":"operational","timetable_status":"not_assessed","source_status":"odbl","operator":"TCDD Taşımacılık","osm_type":"node","osm_id":2719965350,"distance_to_rail_m":5.3},"geometry":{"type":"Point","coordinates":[34.8731665,37.4229083]}},{"type":"Feature","id":"osm-node-2064789384","properties":{"id":"osm-node-2064789384","name":"Rahova","facility_type":"station","infrastructure_status":"operational","timetable_status":"not_assessed","source_status":"odbl","operator":"TCDD Taşımacılık","osm_type":"node","osm_id":2064789384,"distance_to_rail_m":3.4},"geometry":{"type":"Point","coordinates":[42.2087698,38.5048124]}},{"type":"Feature","id":"osm-node-2733584895","properties":{"id":"osm-node-2733584895","name":"Sağlık","facility_type":"station","infrastructure_status":"operational","timetable_status":"not_assessed","source_status":"odbl","operator":"TCDD Taşımacılık","osm_type":"node","osm_id":2733584895,"distance_to_rail_m":1.2},"geometry":{"type":"Point","coordinates":[27.4004884,38.0850886]}},{"type":"Feature","id":"osm-node-6942688151","properties":{"id":"osm-node-6942688151","name":"Saimekadın","facility_type":"station","infrastructure_status":"operational","timetable_status":"not_assessed","source_status":"odbl","operator":"TCDD Taşımacılık","osm_type":"node","osm_id":6942688151,"distance_to_rail_m":5.9},"geometry":{"type":"Point","coordinates":[32.8947918,39.9375596]}},{"type":"Feature","id":"osm-node-1018997109","properties":{"id":"osm-node-1018997109","name":"Salat","facility_type":"halt","infrastructure_status":"operational","timetable_status":"not_assessed","source_status":"odbl","operator":"TCDD Taşımacılık","osm_type":"node","osm_id":1018997109,"distance_to_rail_m":3.1},"geometry":{"type":"Point","coordinates":[40.8899445,37.8463536]}},{"type":"Feature","id":"osm-node-1967436211","properties":{"id":"osm-node-1967436211","name":"Salhane","facility_type":"station","infrastructure_status":"operational","timetable_status":"not_assessed","source_status":"odbl","operator":"izban","osm_type":"node","osm_id":1967436211,"distance_to_rail_m":5.8},"geometry":{"type":"Point","coordinates":[27.1722077,38.4506901]}},{"type":"Feature","id":"osm-node-2629880622","properties":{"id":"osm-node-2629880622","name":"Salihli","facility_type":"station","infrastructure_status":"operational","timetable_status":"not_assessed","source_status":"odbl","operator":"TCDD Taşımacılık","osm_type":"node","osm_id":2629880622,"distance_to_rail_m":7.6},"geometry":{"type":"Point","coordinates":[28.1309024,38.4830061]}},{"type":"Feature","id":"osm-node-1829841726","properties":{"id":"osm-node-1829841726","name":"Sallar","facility_type":"station","infrastructure_status":"operational","timetable_status":"not_assessed","source_status":"odbl","operator":"TCDD Taşımacılık","osm_type":"node","osm_id":1829841726,"distance_to_rail_m":3.3},"geometry":{"type":"Point","coordinates":[39.6783468,38.2754806]}},{"type":"Feature","id":"osm-node-8112924910","properties":{"id":"osm-node-8112924910","name":"Salmanlı","facility_type":"station","infrastructure_status":"operational","timetable_status":"not_assessed","source_status":"odbl","operator":"TCDD Taşımacılık","osm_type":"node","osm_id":8112924910,"distance_to_rail_m":2.5},"geometry":{"type":"Point","coordinates":[37.2619235,37.3978722]}},{"type":"Feature","id":"osm-node-2632411744","properties":{"id":"osm-node-2632411744","name":"Saluca","facility_type":"halt","infrastructure_status":"operational","timetable_status":"not_assessed","source_status":"odbl","operator":"","osm_type":"node","osm_id":2632411744,"distance_to_rail_m":0.5},"geometry":{"type":"Point","coordinates":[35.6883989,40.7879608]}},{"type":"Feature","id":"osm-node-1023854236","properties":{"id":"osm-node-1023854236","name":"Samsun","facility_type":"station","infrastructure_status":"operational","timetable_status":"not_assessed","source_status":"odbl","operator":"TCDD Taşımacılık","osm_type":"node","osm_id":1023854236,"distance_to_rail_m":7.5},"geometry":{"type":"Point","coordinates":[36.3432571,41.2860867]}},{"type":"Feature","id":"osm-node-2700438701","properties":{"id":"osm-node-2700438701","name":"Samurçay","facility_type":"station","infrastructure_status":"operational","timetable_status":"not_assessed","source_status":"odbl","operator":"TCDD Taşımacılık","osm_type":"node","osm_id":2700438701,"distance_to_rail_m":1.9},"geometry":{"type":"Point","coordinates":[36.0223691,40.4636665]}},{"type":"Feature","id":"osm-node-2700453612","properties":{"id":"osm-node-2700453612","name":"Sandal","facility_type":"halt","infrastructure_status":"operational","timetable_status":"not_assessed","source_status":"odbl","operator":"TCDD Taşımacılık","osm_type":"node","osm_id":2700453612,"distance_to_rail_m":0.7},"geometry":{"type":"Point","coordinates":[36.4310033,39.867148]}},{"type":"Feature","id":"osm-node-2694271807","properties":{"id":"osm-node-2694271807","name":"Sapanca","facility_type":"station","infrastructure_status":"operational","timetable_status":"not_assessed","source_status":"odbl","operator":"TCDD Taşımacılık","osm_type":"node","osm_id":2694271807,"distance_to_rail_m":1.3},"geometry":{"type":"Point","coordinates":[30.273417,40.6930585]}},{"type":"Feature","id":"osm-node-13236383449","properties":{"id":"osm-node-13236383449","name":"Saptıran","facility_type":"halt","infrastructure_status":"operational","timetable_status":"not_assessed","source_status":"odbl","operator":"","osm_type":"node","osm_id":13236383449,"distance_to_rail_m":2.3},"geometry":{"type":"Point","coordinates":[40.5334061,39.952269]}},{"type":"Feature","id":"osm-node-13270950263","properties":{"id":"osm-node-13270950263","name":"Saraycık","facility_type":"station","infrastructure_status":"operational","timetable_status":"not_assessed","source_status":"odbl","operator":"TCDD Taşımacılık","osm_type":"node","osm_id":13270950263,"distance_to_rail_m":5.1},"geometry":{"type":"Point","coordinates":[35.2905517,38.7359956]}},{"type":"Feature","id":"osm-node-2396457923","properties":{"id":"osm-node-2396457923","name":"Sarayönü","facility_type":"station","infrastructure_status":"operational","timetable_status":"not_assessed","source_status":"odbl","operator":"TCDD Taşımacılık","osm_type":"node","osm_id":2396457923,"distance_to_rail_m":2.4},"geometry":{"type":"Point","coordinates":[32.4040067,38.25588]}},{"type":"Feature","id":"osm-node-4394456110","properties":{"id":"osm-node-4394456110","name":"Sarfaklar","facility_type":"halt","infrastructure_status":"operational","timetable_status":"not_assessed","source_status":"odbl","operator":"","osm_type":"node","osm_id":4394456110,"distance_to_rail_m":0},"geometry":{"type":"Point","coordinates":[28.2267002,39.5780724]}},{"type":"Feature","id":"osm-node-1544857237","properties":{"id":"osm-node-1544857237","name":"Sarıdemir","facility_type":"station","infrastructure_status":"operational","timetable_status":"not_assessed","source_status":"odbl","operator":"","osm_type":"node","osm_id":1544857237,"distance_to_rail_m":0.1},"geometry":{"type":"Point","coordinates":[36.8286714,39.5306449]}},{"type":"Feature","id":"osm-node-2320732874","properties":{"id":"osm-node-2320732874","name":"Sarıkent","facility_type":"station","infrastructure_status":"operational","timetable_status":"not_assessed","source_status":"odbl","operator":"TCDD Taşımacılık","osm_type":"node","osm_id":2320732874,"distance_to_rail_m":6.8},"geometry":{"type":"Point","coordinates":[34.7793274,39.3777222]}},{"type":"Feature","id":"osm-node-2679028128","properties":{"id":"osm-node-2679028128","name":"Sarımsaklı","facility_type":"station","infrastructure_status":"operational","timetable_status":"not_assessed","source_status":"odbl","operator":"TCDD Taşımacılık","osm_type":"node","osm_id":2679028128,"distance_to_rail_m":1.4},"geometry":{"type":"Point","coordinates":[35.7159065,38.8943599]}},{"type":"Feature","id":"osm-node-1878229658","properties":{"id":"osm-node-1878229658","name":"Sarıoğlan","facility_type":"station","infrastructure_status":"operational","timetable_status":"not_assessed","source_status":"odbl","operator":"TCDD Taşımacılık","osm_type":"node","osm_id":1878229658,"distance_to_rail_m":1.8},"geometry":{"type":"Point","coordinates":[35.9642322,39.0806419]}},{"type":"Feature","id":"osm-node-13149530362","properties":{"id":"osm-node-13149530362","name":"Sarıseki","facility_type":"station","infrastructure_status":"operational","timetable_status":"not_assessed","source_status":"odbl","operator":"TCDD Taşımacılık","osm_type":"node","osm_id":13149530362,"distance_to_rail_m":2.8},"geometry":{"type":"Point","coordinates":[36.2136553,36.6686886]}},{"type":"Feature","id":"osm-node-13378256121","properties":{"id":"osm-node-13378256121","name":"Sarmaşık","facility_type":"station","infrastructure_status":"operational","timetable_status":"not_assessed","source_status":"odbl","operator":"TCDD Taşımacılık","osm_type":"node","osm_id":13378256121,"distance_to_rail_m":0.8},"geometry":{"type":"Point","coordinates":[30.0790479,40.3083996]}},{"type":"Feature","id":"osm-node-8050994350","properties":{"id":"osm-node-8050994350","name":"Sarnıç","facility_type":"station","infrastructure_status":"operational","timetable_status":"not_assessed","source_status":"odbl","operator":"","osm_type":"node","osm_id":8050994350,"distance_to_rail_m":1.3},"geometry":{"type":"Point","coordinates":[27.1446187,38.3120737]}},{"type":"Feature","id":"osm-node-3063493588","properties":{"id":"osm-node-3063493588","name":"Sarsap","facility_type":"station","infrastructure_status":"operational","timetable_status":"not_assessed","source_status":"odbl","operator":"TCDD Taşımacılık","osm_type":"node","osm_id":3063493588,"distance_to_rail_m":3.7},"geometry":{"type":"Point","coordinates":[38.134813,38.6682925]}},{"type":"Feature","id":"osm-node-142371599","properties":{"id":"osm-node-142371599","name":"Sart","facility_type":"halt","infrastructure_status":"operational","timetable_status":"not_assessed","source_status":"odbl","operator":"","osm_type":"node","osm_id":142371599,"distance_to_rail_m":3.3},"geometry":{"type":"Point","coordinates":[28.04277,38.4971486]}},{"type":"Feature","id":"osm-node-1036369880","properties":{"id":"osm-node-1036369880","name":"Savaştepe","facility_type":"station","infrastructure_status":"operational","timetable_status":"not_assessed","source_status":"odbl","operator":"TCDD Taşımacılık","osm_type":"node","osm_id":1036369880,"distance_to_rail_m":5},"geometry":{"type":"Point","coordinates":[27.6501908,39.382701]}},{"type":"Feature","id":"osm-node-130194636","properties":{"id":"osm-node-130194636","name":"Sayarlı","facility_type":"station","infrastructure_status":"official_network_inactive","timetable_status":"not_assessed","source_status":"odbl","operator":"TCDD","osm_type":"node","osm_id":130194636,"distance_to_rail_m":1.2},"geometry":{"type":"Point","coordinates":[39.6251491,36.7241983]}},{"type":"Feature","id":"osm-node-2679002922","properties":{"id":"osm-node-2679002922","name":"Sazak","facility_type":"station","infrastructure_status":"operational","timetable_status":"not_assessed","source_status":"odbl","operator":"TCDD Taşımacılık","osm_type":"node","osm_id":2679002922,"distance_to_rail_m":7.4},"geometry":{"type":"Point","coordinates":[31.5893042,39.7490093]}},{"type":"Feature","id":"osm-node-13371788246","properties":{"id":"osm-node-13371788246","name":"Sazılar","facility_type":"station","infrastructure_status":"operational","timetable_status":"not_assessed","source_status":"odbl","operator":"TCDD Taşımacılık","osm_type":"node","osm_id":13371788246,"distance_to_rail_m":0.9},"geometry":{"type":"Point","coordinates":[31.8882786,39.6659432]}},{"type":"Feature","id":"osm-node-1833225767","properties":{"id":"osm-node-1833225767","name":"Sazlık","facility_type":"halt","infrastructure_status":"operational","timetable_status":"not_assessed","source_status":"odbl","operator":"","osm_type":"node","osm_id":1833225767,"distance_to_rail_m":7.1},"geometry":{"type":"Point","coordinates":[40.9869917,37.829596]}},{"type":"Feature","id":"osm-node-1032781989","properties":{"id":"osm-node-1032781989","name":"Sazlıköy","facility_type":"halt","infrastructure_status":"operational","timetable_status":"not_assessed","source_status":"odbl","operator":"TCDD Taşımacılık","osm_type":"node","osm_id":1032781989,"distance_to_rail_m":3.5},"geometry":{"type":"Point","coordinates":[27.4633615,37.783068]}},{"type":"Feature","id":"osm-node-13544932208","properties":{"id":"osm-node-13544932208","name":"Sekidüzü","facility_type":"station","infrastructure_status":"official_network_inactive","timetable_status":"not_assessed","source_status":"odbl","operator":"TCDD Taşımacılık","osm_type":"node","osm_id":13544932208,"distance_to_rail_m":5.9},"geometry":{"type":"Point","coordinates":[40.6784924,37.1779964]}},{"type":"Feature","id":"osm-node-1038144898","properties":{"id":"osm-node-1038144898","name":"Sekili","facility_type":"station","infrastructure_status":"operational","timetable_status":"not_assessed","source_status":"odbl","operator":"TCDD Taşımacılık","osm_type":"node","osm_id":1038144898,"distance_to_rail_m":0.7},"geometry":{"type":"Point","coordinates":[34.2546362,39.7362036]}},{"type":"Feature","id":"osm-node-212886999","properties":{"id":"osm-node-212886999","name":"Selçuk","facility_type":"station","infrastructure_status":"operational","timetable_status":"not_assessed","source_status":"odbl","operator":"TCDD Taşımacılık","osm_type":"node","osm_id":212886999,"distance_to_rail_m":5.3},"geometry":{"type":"Point","coordinates":[27.3729409,37.9509376]}},{"type":"Feature","id":"osm-node-2784864445","properties":{"id":"osm-node-2784864445","name":"Selim","facility_type":"station","infrastructure_status":"operational","timetable_status":"not_assessed","source_status":"odbl","operator":"TCDD Taşımacılık","osm_type":"node","osm_id":2784864445,"distance_to_rail_m":5.6},"geometry":{"type":"Point","coordinates":[42.8041106,40.4335708]}},{"type":"Feature","id":"osm-node-4394454923","properties":{"id":"osm-node-4394454923","name":"Selimağa","facility_type":"halt","infrastructure_status":"operational","timetable_status":"not_assessed","source_status":"odbl","operator":"","osm_type":"node","osm_id":4394454923,"distance_to_rail_m":6.3},"geometry":{"type":"Point","coordinates":[28.5348156,39.5449527]}},{"type":"Feature","id":"osm-node-10160022330","properties":{"id":"osm-node-10160022330","name":"Selimiye","facility_type":"station","infrastructure_status":"operational","timetable_status":"not_assessed","source_status":"odbl","operator":"TCDD Taşımacılık","osm_type":"node","osm_id":10160022330,"distance_to_rail_m":5.8},"geometry":{"type":"Point","coordinates":[37.3724634,37.0993122]}},{"type":"Feature","id":"osm-node-8078673975","properties":{"id":"osm-node-8078673975","name":"Semt Garajı","facility_type":"station","infrastructure_status":"operational","timetable_status":"not_assessed","source_status":"odbl","operator":"İZBAN","osm_type":"node","osm_id":8078673975,"distance_to_rail_m":2},"geometry":{"type":"Point","coordinates":[27.1366311,38.3570041]}},{"type":"Feature","id":"osm-node-130194173","properties":{"id":"osm-node-130194173","name":"Serçehan","facility_type":"station","infrastructure_status":"official_network_inactive","timetable_status":"not_assessed","source_status":"odbl","operator":"TCDD Taşımacılık","osm_type":"node","osm_id":130194173,"distance_to_rail_m":3.5},"geometry":{"type":"Point","coordinates":[41.0710923,37.1048877]}},{"type":"Feature","id":"osm-node-158586720","properties":{"id":"osm-node-158586720","name":"Sevindik","facility_type":"halt","infrastructure_status":"operational","timetable_status":"not_assessed","source_status":"odbl","operator":"","osm_type":"node","osm_id":158586720,"distance_to_rail_m":4.2},"geometry":{"type":"Point","coordinates":[36.961908,37.3683029]}},{"type":"Feature","id":"osm-node-2852454546","properties":{"id":"osm-node-2852454546","name":"Seyithasan","facility_type":"halt","infrastructure_status":"operational","timetable_status":"not_assessed","source_status":"odbl","operator":"","osm_type":"node","osm_id":2852454546,"distance_to_rail_m":5.4},"geometry":{"type":"Point","coordinates":[40.5879948,37.8687754]}},{"type":"Feature","id":"osm-node-2560639600","properties":{"id":"osm-node-2560639600","name":"Seyitler","facility_type":"station","infrastructure_status":"operational","timetable_status":"not_assessed","source_status":"odbl","operator":"TCDD Taşımacılık","osm_type":"node","osm_id":2560639600,"distance_to_rail_m":3.3},"geometry":{"type":"Point","coordinates":[27.4522807,41.2712668]}},{"type":"Feature","id":"osm-node-13391047355","properties":{"id":"osm-node-13391047355","name":"Seyitömer","facility_type":"station","infrastructure_status":"operational","timetable_status":"not_assessed","source_status":"odbl","operator":"TCDD Taşımacılık","osm_type":"node","osm_id":13391047355,"distance_to_rail_m":35.4},"geometry":{"type":"Point","coordinates":[29.8730926,39.578454]}},{"type":"Feature","id":"osm-node-10160022352","properties":{"id":"osm-node-10160022352","name":"Seyrantepe","facility_type":"station","infrastructure_status":"operational","timetable_status":"not_assessed","source_status":"odbl","operator":"TCDD Taşımacılık","osm_type":"node","osm_id":10160022352,"distance_to_rail_m":6.9},"geometry":{"type":"Point","coordinates":[37.4248192,37.0761985]}},{"type":"Feature","id":"osm-node-1832450993","properties":{"id":"osm-node-1832450993","name":"Sıcaksu","facility_type":"station","infrastructure_status":"operational","timetable_status":"not_assessed","source_status":"odbl","operator":"TCDD Taşımacılık","osm_type":"node","osm_id":1832450993,"distance_to_rail_m":3.5},"geometry":{"type":"Point","coordinates":[42.1436158,38.6503976]}},{"type":"Feature","id":"osm-node-9196517648","properties":{"id":"osm-node-9196517648","name":"Sığırcı","facility_type":"station","infrastructure_status":"operational","timetable_status":"not_assessed","source_status":"odbl","operator":"TCDD Taşımacılık","osm_type":"node","osm_id":9196517648,"distance_to_rail_m":3.9},"geometry":{"type":"Point","coordinates":[28.0515431,40.2699471]}},{"type":"Feature","id":"osm-node-13817977435","properties":{"id":"osm-node-13817977435","name":"Sincan OSB","facility_type":"station","infrastructure_status":"operational","timetable_status":"not_assessed","source_status":"odbl","operator":"TCDD Taşımacılık","osm_type":"node","osm_id":13817977435,"distance_to_rail_m":2},"geometry":{"type":"Point","coordinates":[32.5502642,39.9762032]}},{"type":"Feature","id":"osm-node-4394454078","properties":{"id":"osm-node-4394454078","name":"Sindirler","facility_type":"station","infrastructure_status":"operational","timetable_status":"not_assessed","source_status":"odbl","operator":"TCDD Taşımacılık","osm_type":"node","osm_id":4394454078,"distance_to_rail_m":5.5},"geometry":{"type":"Point","coordinates":[28.7474512,39.6111857]}},{"type":"Feature","id":"osm-node-6395978813","properties":{"id":"osm-node-6395978813","name":"Sirkeci","facility_type":"station","infrastructure_status":"operational","timetable_status":"not_assessed","source_status":"odbl","operator":"TCDD Taşımacılık","osm_type":"node","osm_id":6395978813,"distance_to_rail_m":20.7},"geometry":{"type":"Point","coordinates":[28.9771437,41.0136066]}},{"type":"Feature","id":"osm-node-12660718814","properties":{"id":"osm-node-12660718814","name":"Sirkeci","facility_type":"station","infrastructure_status":"operational","timetable_status":"not_assessed","source_status":"odbl","operator":"TCDD Taşımacılık","osm_type":"node","osm_id":12660718814,"distance_to_rail_m":3.5},"geometry":{"type":"Point","coordinates":[28.977962,41.0150174]}},{"type":"Feature","id":"osm-node-10820137957","properties":{"id":"osm-node-10820137957","name":"Sivas","facility_type":"station","infrastructure_status":"operational","timetable_status":"not_assessed","source_status":"odbl","operator":"TCDD Taşımacılık","osm_type":"node","osm_id":10820137957,"distance_to_rail_m":4.9},"geometry":{"type":"Point","coordinates":[37.0070026,39.739207]}},{"type":"Feature","id":"osm-node-1018798452","properties":{"id":"osm-node-1018798452","name":"Sivrice","facility_type":"halt","infrastructure_status":"operational","timetable_status":"not_assessed","source_status":"odbl","operator":"TCDD Taşımacılık","osm_type":"node","osm_id":1018798452,"distance_to_rail_m":4},"geometry":{"type":"Point","coordinates":[39.3068557,38.4486928]}},{"type":"Feature","id":"osm-node-3050696577","properties":{"id":"osm-node-3050696577","name":"Soğucak","facility_type":"station","infrastructure_status":"operational","timetable_status":"not_assessed","source_status":"odbl","operator":"TCDD Taşımacılık","osm_type":"node","osm_id":3050696577,"distance_to_rail_m":1.1},"geometry":{"type":"Point","coordinates":[27.6726655,39.5139616]}},{"type":"Feature","id":"osm-node-2639595245","properties":{"id":"osm-node-2639595245","name":"Soğuksu","facility_type":"halt","infrastructure_status":"operational","timetable_status":"not_assessed","source_status":"odbl","operator":"","osm_type":"node","osm_id":2639595245,"distance_to_rail_m":4.1},"geometry":{"type":"Point","coordinates":[41.0220718,37.8340234]}},{"type":"Feature","id":"osm-node-2631293916","properties":{"id":"osm-node-2631293916","name":"Soma","facility_type":"station","infrastructure_status":"operational","timetable_status":"not_assessed","source_status":"odbl","operator":"TCDD Taşımacılık","osm_type":"node","osm_id":2631293916,"distance_to_rail_m":1.8},"geometry":{"type":"Point","coordinates":[27.6241754,39.1987193]}},{"type":"Feature","id":"osm-node-2700464615","properties":{"id":"osm-node-2700464615","name":"Söğütlü","facility_type":"halt","infrastructure_status":"operational","timetable_status":"not_assessed","source_status":"odbl","operator":"TCDD","osm_type":"node","osm_id":2700464615,"distance_to_rail_m":12.7},"geometry":{"type":"Point","coordinates":[37.4577119,37.6579642]}},{"type":"Feature","id":"osm-node-1032782424","properties":{"id":"osm-node-1032782424","name":"Söke","facility_type":"station","infrastructure_status":"operational","timetable_status":"not_assessed","source_status":"odbl","operator":"TCDD Taşımacılık","osm_type":"node","osm_id":1032782424,"distance_to_rail_m":1.9},"geometry":{"type":"Point","coordinates":[27.4098054,37.7552313]}},{"type":"Feature","id":"osm-node-10167187177","properties":{"id":"osm-node-10167187177","name":"Stadyum","facility_type":"station","infrastructure_status":"operational","timetable_status":"not_assessed","source_status":"odbl","operator":"TCDD Taşımacılık","osm_type":"node","osm_id":10167187177,"distance_to_rail_m":5.5},"geometry":{"type":"Point","coordinates":[37.3817472,37.1268546]}},{"type":"Feature","id":"osm-node-5298185983","properties":{"id":"osm-node-5298185983","name":"Suadiye","facility_type":"station","infrastructure_status":"operational","timetable_status":"not_assessed","source_status":"odbl","operator":"TCDD Taşımacılık","osm_type":"node","osm_id":5298185983,"distance_to_rail_m":4.1},"geometry":{"type":"Point","coordinates":[29.0844121,40.9604766]}},{"type":"Feature","id":"osm-node-1029553728","properties":{"id":"osm-node-1029553728","name":"Suçatı","facility_type":"station","infrastructure_status":"operational","timetable_status":"not_assessed","source_status":"odbl","operator":"TCDD Taşımacılık","osm_type":"node","osm_id":1029553728,"distance_to_rail_m":2.5},"geometry":{"type":"Point","coordinates":[37.9789672,38.1869946]}},{"type":"Feature","id":"osm-node-2643801218","properties":{"id":"osm-node-2643801218","name":"Sudurağı","facility_type":"station","infrastructure_status":"operational","timetable_status":"not_assessed","source_status":"odbl","operator":"TCDD Taşımacılık","osm_type":"node","osm_id":2643801218,"distance_to_rail_m":2.3},"geometry":{"type":"Point","coordinates":[33.3750987,37.2716469]}},{"type":"Feature","id":"osm-node-12347968181","properties":{"id":"osm-node-12347968181","name":"Sultandağı","facility_type":"station","infrastructure_status":"operational","timetable_status":"not_assessed","source_status":"odbl","operator":"TCDD Taşımacılık","osm_type":"node","osm_id":12347968181,"distance_to_rail_m":2},"geometry":{"type":"Point","coordinates":[31.2682411,38.5479273]}},{"type":"Feature","id":"osm-node-963242112","properties":{"id":"osm-node-963242112","name":"Sumucak","facility_type":"station","infrastructure_status":"operational","timetable_status":"not_assessed","source_status":"odbl","operator":"TCDD Taşımacılık","osm_type":"node","osm_id":963242112,"distance_to_rail_m":3.1},"geometry":{"type":"Point","coordinates":[33.3212185,40.8281836]}},{"type":"Feature","id":"osm-node-12367201824","properties":{"id":"osm-node-12367201824","name":"Susurluk","facility_type":"station","infrastructure_status":"operational","timetable_status":"not_assessed","source_status":"odbl","operator":"TCDD Taşımacılık","osm_type":"node","osm_id":12367201824,"distance_to_rail_m":3.4},"geometry":{"type":"Point","coordinates":[28.1528886,39.9256134]}},{"type":"Feature","id":"osm-node-13372514394","properties":{"id":"osm-node-13372514394","name":"Süleymanlı","facility_type":"station","infrastructure_status":"operational","timetable_status":"not_assessed","source_status":"odbl","operator":"TCDD Taşımacılık","osm_type":"node","osm_id":13372514394,"distance_to_rail_m":0.7},"geometry":{"type":"Point","coordinates":[27.7799271,38.9629606]}},{"type":"Feature","id":"osm-node-13390705917","properties":{"id":"osm-node-13390705917","name":"Sülün","facility_type":"station","infrastructure_status":"operational","timetable_status":"not_assessed","source_status":"odbl","operator":"TCDD Taşımacılık","osm_type":"node","osm_id":13390705917,"distance_to_rail_m":36.4},"geometry":{"type":"Point","coordinates":[30.6294762,38.7107791]}},{"type":"Feature","id":"osm-node-2631290520","properties":{"id":"osm-node-2631290520","name":"Sünnetçiler","facility_type":"halt","infrastructure_status":"operational","timetable_status":"not_assessed","source_status":"odbl","operator":"TCDD Taşımacılık","osm_type":"node","osm_id":2631290520,"distance_to_rail_m":5.8},"geometry":{"type":"Point","coordinates":[27.7566743,38.9724514]}},{"type":"Feature","id":"osm-node-617374883","properties":{"id":"osm-node-617374883","name":"Süreyya Plajı","facility_type":"station","infrastructure_status":"operational","timetable_status":"not_assessed","source_status":"odbl","operator":"TCDD Taşımacılık","osm_type":"node","osm_id":617374883,"distance_to_rail_m":6.4},"geometry":{"type":"Point","coordinates":[29.1242545,40.9267803]}},{"type":"Feature","id":"osm-node-13031810391","properties":{"id":"osm-node-13031810391","name":"Şahnalar","facility_type":"halt","infrastructure_status":"operational","timetable_status":"not_assessed","source_status":"odbl","operator":"","osm_type":"node","osm_id":13031810391,"distance_to_rail_m":3.1},"geometry":{"type":"Point","coordinates":[43.551086,40.7489671]}},{"type":"Feature","id":"osm-node-11309220631","properties":{"id":"osm-node-11309220631","name":"Şarkışla","facility_type":"station","infrastructure_status":"operational","timetable_status":"not_assessed","source_status":"odbl","operator":"TCDD Taşımacılık","osm_type":"node","osm_id":11309220631,"distance_to_rail_m":0.9},"geometry":{"type":"Point","coordinates":[36.4031578,39.3640928]}},{"type":"Feature","id":"osm-node-370992697","properties":{"id":"osm-node-370992697","name":"Şefkat","facility_type":"station","infrastructure_status":"operational","timetable_status":"not_assessed","source_status":"odbl","operator":"TCDD Taşımacılık","osm_type":"node","osm_id":370992697,"distance_to_rail_m":4},"geometry":{"type":"Point","coordinates":[38.8994605,38.5735158]}},{"type":"Feature","id":"osm-node-13702365063","properties":{"id":"osm-node-13702365063","name":"Şehir Hastanesi","facility_type":"station","infrastructure_status":"operational","timetable_status":"not_assessed","source_status":"odbl","operator":"TCDD Taşımacılık","osm_type":"node","osm_id":13702365063,"distance_to_rail_m":2.9},"geometry":{"type":"Point","coordinates":[27.787198,37.8489433]}},{"type":"Feature","id":"osm-node-2785542663","properties":{"id":"osm-node-2785542663","name":"Şehitrarif","facility_type":"station","infrastructure_status":"operational","timetable_status":"not_assessed","source_status":"odbl","operator":"TCDD Taşımacılık","osm_type":"node","osm_id":2785542663,"distance_to_rail_m":3.7},"geometry":{"type":"Point","coordinates":[37.2613865,37.2123698]}},{"type":"Feature","id":"osm-node-268753721","properties":{"id":"osm-node-268753721","name":"Şemikler","facility_type":"station","infrastructure_status":"operational","timetable_status":"not_assessed","source_status":"odbl","operator":"İZBAN","osm_type":"node","osm_id":268753721,"distance_to_rail_m":0.8},"geometry":{"type":"Point","coordinates":[27.0899422,38.4748854]}},{"type":"Feature","id":"osm-node-130194329","properties":{"id":"osm-node-130194329","name":"Şenyurt","facility_type":"station","infrastructure_status":"official_network_inactive","timetable_status":"not_assessed","source_status":"odbl","operator":"TCDD","osm_type":"node","osm_id":130194329,"distance_to_rail_m":5},"geometry":{"type":"Point","coordinates":[40.6454341,37.0783278]}},{"type":"Feature","id":"osm-node-8050924818","properties":{"id":"osm-node-8050924818","name":"Şirinyer","facility_type":"station","infrastructure_status":"operational","timetable_status":"not_assessed","source_status":"odbl","operator":"","osm_type":"node","osm_id":8050924818,"distance_to_rail_m":3.7},"geometry":{"type":"Point","coordinates":[27.1472515,38.3919529]}},{"type":"Feature","id":"osm-node-1514128635","properties":{"id":"osm-node-1514128635","name":"Tabur","facility_type":"halt","infrastructure_status":"operational","timetable_status":"not_assessed","source_status":"odbl","operator":"","osm_type":"node","osm_id":1514128635,"distance_to_rail_m":5.7},"geometry":{"type":"Point","coordinates":[43.5432969,40.7349438]}},{"type":"Feature","id":"osm-node-2633458528","properties":{"id":"osm-node-2633458528","name":"Taşlıdere","facility_type":"station","infrastructure_status":"operational","timetable_status":"not_assessed","source_status":"odbl","operator":"TCDD Taşımacılık","osm_type":"node","osm_id":2633458528,"distance_to_rail_m":1},"geometry":{"type":"Point","coordinates":[37.0131318,39.6312078]}},{"type":"Feature","id":"osm-node-2770813024","properties":{"id":"osm-node-2770813024","name":"Taşoluk","facility_type":"station","infrastructure_status":"operational","timetable_status":"not_assessed","source_status":"odbl","operator":"TCDD Taşımacılık","osm_type":"node","osm_id":2770813024,"distance_to_rail_m":3.2},"geometry":{"type":"Point","coordinates":[36.4809805,37.1780015]}},{"type":"Feature","id":"osm-node-13370346104","properties":{"id":"osm-node-13370346104","name":"Tatbekirli","facility_type":"station","infrastructure_status":"operational","timetable_status":"not_assessed","source_status":"odbl","operator":"TCDD Taşımacılık","osm_type":"node","osm_id":13370346104,"distance_to_rail_m":18},"geometry":{"type":"Point","coordinates":[34.4022369,39.6860591]}},{"type":"Feature","id":"osm-node-13386119588","properties":{"id":"osm-node-13386119588","name":"Tatvan Iskele","facility_type":"station","infrastructure_status":"operational","timetable_status":"not_assessed","source_status":"odbl","operator":"TCDD Taşımacılık","osm_type":"node","osm_id":13386119588,"distance_to_rail_m":10.4},"geometry":{"type":"Point","coordinates":[42.2970413,38.5143767]}},{"type":"Feature","id":"osm-node-13569965680","properties":{"id":"osm-node-13569965680","name":"Tavşancıl","facility_type":"halt","infrastructure_status":"operational","timetable_status":"not_assessed","source_status":"odbl","operator":"","osm_type":"node","osm_id":13569965680,"distance_to_rail_m":5.5},"geometry":{"type":"Point","coordinates":[29.5699543,40.7680331]}},{"type":"Feature","id":"osm-node-13206521717","properties":{"id":"osm-node-13206521717","name":"Tayakadın","facility_type":"station","infrastructure_status":"operational","timetable_status":"not_assessed","source_status":"odbl","operator":"TCDD Taşımacılık","osm_type":"node","osm_id":13206521717,"distance_to_rail_m":5},"geometry":{"type":"Point","coordinates":[26.6535751,41.5968178]}},{"type":"Feature","id":"osm-node-1818639872","properties":{"id":"osm-node-1818639872","name":"Tecer","facility_type":"station","infrastructure_status":"operational","timetable_status":"not_assessed","source_status":"odbl","operator":"TCDD Taşımacılık","osm_type":"node","osm_id":1818639872,"distance_to_rail_m":1.4},"geometry":{"type":"Point","coordinates":[37.0923895,39.406735]}},{"type":"Feature","id":"osm-node-8087609727","properties":{"id":"osm-node-8087609727","name":"Tekeli","facility_type":"station","infrastructure_status":"operational","timetable_status":"not_assessed","source_status":"odbl","operator":"TCDD Taşımacılık","osm_type":"node","osm_id":8087609727,"distance_to_rail_m":0.9},"geometry":{"type":"Point","coordinates":[27.1856672,38.1810224]}},{"type":"Feature","id":"osm-node-2009271329","properties":{"id":"osm-node-2009271329","name":"Tekin","facility_type":"halt","infrastructure_status":"operational","timetable_status":"not_assessed","source_status":"odbl","operator":"","osm_type":"node","osm_id":2009271329,"distance_to_rail_m":0},"geometry":{"type":"Point","coordinates":[27.5289566,37.85297]}},{"type":"Feature","id":"osm-node-13528524996","properties":{"id":"osm-node-13528524996","name":"Tekirdağ","facility_type":"station","infrastructure_status":"operational","timetable_status":"not_assessed","source_status":"odbl","operator":"TCDD Taşımacılık","osm_type":"node","osm_id":13528524996,"distance_to_rail_m":3.1},"geometry":{"type":"Point","coordinates":[27.4846252,40.9584171]}},{"type":"Feature","id":"osm-node-13702365049","properties":{"id":"osm-node-13702365049","name":"Tekstil Park","facility_type":"station","infrastructure_status":"operational","timetable_status":"not_assessed","source_status":"odbl","operator":"TCDD Taşımacılık","osm_type":"node","osm_id":13702365049,"distance_to_rail_m":4.2},"geometry":{"type":"Point","coordinates":[27.8575127,37.8465488]}},{"type":"Feature","id":"osm-node-2627513597","properties":{"id":"osm-node-2627513597","name":"Temelli","facility_type":"halt","infrastructure_status":"operational","timetable_status":"not_assessed","source_status":"odbl","operator":"TCDD Taşımacılık","osm_type":"node","osm_id":2627513597,"distance_to_rail_m":2.2},"geometry":{"type":"Point","coordinates":[32.352547,39.7320387]}},{"type":"Feature","id":"osm-node-2790047428","properties":{"id":"osm-node-2790047428","name":"Temürün","facility_type":"halt","infrastructure_status":"operational","timetable_status":"not_assessed","source_status":"odbl","operator":"TCDD Taşımacılık","osm_type":"node","osm_id":2790047428,"distance_to_rail_m":1.9},"geometry":{"type":"Point","coordinates":[37.525594,39.2711552]}},{"type":"Feature","id":"osm-node-1678629843","properties":{"id":"osm-node-1678629843","name":"Tepeköy","facility_type":"station","infrastructure_status":"operational","timetable_status":"not_assessed","source_status":"odbl","operator":"TCDD Taşımacılık","osm_type":"node","osm_id":1678629843,"distance_to_rail_m":5.7},"geometry":{"type":"Point","coordinates":[27.3615279,38.147035]}},{"type":"Feature","id":"osm-node-13270950267","properties":{"id":"osm-node-13270950267","name":"Terminal","facility_type":"station","infrastructure_status":"operational","timetable_status":"not_assessed","source_status":"odbl","operator":"TCDD Taşımacılık","osm_type":"node","osm_id":13270950267,"distance_to_rail_m":4.3},"geometry":{"type":"Point","coordinates":[35.4046745,38.7510016]}},{"type":"Feature","id":"osm-node-13528379827","properties":{"id":"osm-node-13528379827","name":"Terminal","facility_type":"halt","infrastructure_status":"operational","timetable_status":"not_assessed","source_status":"odbl","operator":"TCDD Taşımacılık","osm_type":"node","osm_id":13528379827,"distance_to_rail_m":4.6},"geometry":{"type":"Point","coordinates":[30.376242,40.7296565]}},{"type":"Feature","id":"osm-node-5084106192","properties":{"id":"osm-node-5084106192","name":"Tersane","facility_type":"station","infrastructure_status":"operational","timetable_status":"not_assessed","source_status":"odbl","operator":"TCDD Taşımacılık","osm_type":"node","osm_id":5084106192,"distance_to_rail_m":3.5},"geometry":{"type":"Point","coordinates":[29.2732939,40.8611643]}},{"type":"Feature","id":"osm-node-1841395601","properties":{"id":"osm-node-1841395601","name":"Tinaztepe","facility_type":"station","infrastructure_status":"operational","timetable_status":"not_assessed","source_status":"odbl","operator":"TCDD Taşımacılık","osm_type":"node","osm_id":1841395601,"distance_to_rail_m":4.2},"geometry":{"type":"Point","coordinates":[30.385035,38.7451016]}},{"type":"Feature","id":"osm-node-1033127177","properties":{"id":"osm-node-1033127177","name":"Tire Toki","facility_type":"halt","infrastructure_status":"operational","timetable_status":"not_assessed","source_status":"odbl","operator":"TCDD Taşımacılık","osm_type":"node","osm_id":1033127177,"distance_to_rail_m":0},"geometry":{"type":"Point","coordinates":[27.7158875,38.1267651]}},{"type":"Feature","id":"osm-node-1056006985","properties":{"id":"osm-node-1056006985","name":"Topac","facility_type":"station","infrastructure_status":"operational","timetable_status":"not_assessed","source_status":"odbl","operator":"","osm_type":"node","osm_id":1056006985,"distance_to_rail_m":1.8},"geometry":{"type":"Point","coordinates":[36.3070603,39.3582027]}},{"type":"Feature","id":"osm-node-1804718827","properties":{"id":"osm-node-1804718827","name":"Topdağı","facility_type":"station","infrastructure_status":"operational","timetable_status":"not_assessed","source_status":"odbl","operator":"TCDD Taşımacılık","osm_type":"node","osm_id":1804718827,"distance_to_rail_m":1},"geometry":{"type":"Point","coordinates":[42.3023736,40.3112428]}},{"type":"Feature","id":"osm-node-1026579716","properties":{"id":"osm-node-1026579716","name":"Toprakkale","facility_type":"station","infrastructure_status":"operational","timetable_status":"not_assessed","source_status":"odbl","operator":"TCDD Taşımacılık","osm_type":"node","osm_id":1026579716,"distance_to_rail_m":0},"geometry":{"type":"Point","coordinates":[36.1455542,37.0666416]}},{"type":"Feature","id":"osm-node-10160022337","properties":{"id":"osm-node-10160022337","name":"Topraklık","facility_type":"station","infrastructure_status":"operational","timetable_status":"not_assessed","source_status":"odbl","operator":"TCDD Taşımacılık","osm_type":"node","osm_id":10160022337,"distance_to_rail_m":3.6},"geometry":{"type":"Point","coordinates":[37.3614751,37.0762056]}},{"type":"Feature","id":"osm-node-13270281157","properties":{"id":"osm-node-13270281157","name":"Topulyurdu","facility_type":"station","infrastructure_status":"operational","timetable_status":"not_assessed","source_status":"odbl","operator":"TCDD Taşımacılık","osm_type":"node","osm_id":13270281157,"distance_to_rail_m":2.7},"geometry":{"type":"Point","coordinates":[36.3019301,39.9561377]}},{"type":"Feature","id":"osm-node-2700453308","properties":{"id":"osm-node-2700453308","name":"Topulyurdu Durağı","facility_type":"halt","infrastructure_status":"operational","timetable_status":"not_assessed","source_status":"odbl","operator":"","osm_type":"node","osm_id":2700453308,"distance_to_rail_m":0},"geometry":{"type":"Point","coordinates":[36.2721546,39.9514157]}},{"type":"Feature","id":"osm-node-13373760390","properties":{"id":"osm-node-13373760390","name":"Torbalı","facility_type":"station","infrastructure_status":"operational","timetable_status":"not_assessed","source_status":"odbl","operator":"TCDD Taşımacılık","osm_type":"node","osm_id":13373760390,"distance_to_rail_m":11.9},"geometry":{"type":"Point","coordinates":[27.347338,38.1701193]}},{"type":"Feature","id":"osm-node-1024958620","properties":{"id":"osm-node-1024958620","name":"Toruntepe","facility_type":"station","infrastructure_status":"official_network_inactive","timetable_status":"not_assessed","source_status":"odbl","operator":"TCDD","osm_type":"node","osm_id":1024958620,"distance_to_rail_m":4},"geometry":{"type":"Point","coordinates":[40.8442193,37.1156668]}},{"type":"Feature","id":"osm-node-1976917822","properties":{"id":"osm-node-1976917822","name":"Turan","facility_type":"station","infrastructure_status":"operational","timetable_status":"not_assessed","source_status":"odbl","operator":"İzban","osm_type":"node","osm_id":1976917822,"distance_to_rail_m":1.4},"geometry":{"type":"Point","coordinates":[27.1494095,38.4668902]}},{"type":"Feature","id":"osm-node-2502946371","properties":{"id":"osm-node-2502946371","name":"Turgutlu","facility_type":"station","infrastructure_status":"operational","timetable_status":"not_assessed","source_status":"odbl","operator":"TCDD Taşımacılık","osm_type":"node","osm_id":2502946371,"distance_to_rail_m":5},"geometry":{"type":"Point","coordinates":[27.7071726,38.5099987]}},{"type":"Feature","id":"osm-node-2679027156","properties":{"id":"osm-node-2679027156","name":"Tuzhisar","facility_type":"station","infrastructure_status":"operational","timetable_status":"not_assessed","source_status":"odbl","operator":"TCDD Taşımacılık","osm_type":"node","osm_id":2679027156,"distance_to_rail_m":3.4},"geometry":{"type":"Point","coordinates":[35.8466234,38.9429966]}},{"type":"Feature","id":"osm-node-5084154170","properties":{"id":"osm-node-5084154170","name":"Tuzla","facility_type":"station","infrastructure_status":"operational","timetable_status":"not_assessed","source_status":"odbl","operator":"TCDD Taşımacılık","osm_type":"node","osm_id":5084154170,"distance_to_rail_m":3.2},"geometry":{"type":"Point","coordinates":[29.3224266,40.8299498]}},{"type":"Feature","id":"osm-node-2679028082","properties":{"id":"osm-node-2679028082","name":"Tuzla (Kayseri)","facility_type":"station","infrastructure_status":"operational","timetable_status":"not_assessed","source_status":"odbl","operator":"TCDD Taşımacılık","osm_type":"node","osm_id":2679028082,"distance_to_rail_m":3.6},"geometry":{"type":"Point","coordinates":[35.8988395,39.0017518]}},{"type":"Feature","id":"osm-node-1811110475","properties":{"id":"osm-node-1811110475","name":"Tüney","facility_type":"station","infrastructure_status":"operational","timetable_status":"not_assessed","source_status":"odbl","operator":"TCDD Taşımacılık","osm_type":"node","osm_id":1811110475,"distance_to_rail_m":1.2},"geometry":{"type":"Point","coordinates":[33.5284878,40.3545584]}},{"type":"Feature","id":"osm-node-2643847111","properties":{"id":"osm-node-2643847111","name":"Türkbahçe","facility_type":"halt","infrastructure_status":"operational","timetable_status":"not_assessed","source_status":"odbl","operator":"","osm_type":"node","osm_id":2643847111,"distance_to_rail_m":0.1},"geometry":{"type":"Point","coordinates":[36.6176593,37.0734714]}},{"type":"Feature","id":"osm-node-2627510830","properties":{"id":"osm-node-2627510830","name":"Türkobası","facility_type":"halt","infrastructure_status":"operational","timetable_status":"not_assessed","source_status":"odbl","operator":"TCDD Taşımacılık","osm_type":"node","osm_id":2627510830,"distance_to_rail_m":2},"geometry":{"type":"Point","coordinates":[32.4131354,39.8291574]}},{"type":"Feature","id":"osm-node-2779902461","properties":{"id":"osm-node-2779902461","name":"Türkoğlu","facility_type":"station","infrastructure_status":"operational","timetable_status":"not_assessed","source_status":"odbl","operator":"TCDD Taşımacılık","osm_type":"node","osm_id":2779902461,"distance_to_rail_m":0.2},"geometry":{"type":"Point","coordinates":[36.8619671,37.375418]}},{"type":"Feature","id":"osm-node-2732425626","properties":{"id":"osm-node-2732425626","name":"Türkyurdu","facility_type":"station","infrastructure_status":"operational","timetable_status":"not_assessed","source_status":"odbl","operator":"TCDD Taşımacılık","osm_type":"node","osm_id":2732425626,"distance_to_rail_m":6.7},"geometry":{"type":"Point","coordinates":[37.6419011,37.0120122]}},{"type":"Feature","id":"osm-node-2630083039","properties":{"id":"osm-node-2630083039","name":"Türmentepe","facility_type":"halt","infrastructure_status":"operational","timetable_status":"not_assessed","source_status":"odbl","operator":"","osm_type":"node","osm_id":2630083039,"distance_to_rail_m":5.4},"geometry":{"type":"Point","coordinates":[28.7498334,38.3563521]}},{"type":"Feature","id":"osm-node-282891979","properties":{"id":"osm-node-282891979","name":"Tütünçiftlik","facility_type":"halt","infrastructure_status":"operational","timetable_status":"not_assessed","source_status":"odbl","operator":"","osm_type":"node","osm_id":282891979,"distance_to_rail_m":3.4},"geometry":{"type":"Point","coordinates":[29.7873753,40.7474176]}},{"type":"Feature","id":"osm-node-2639599881","properties":{"id":"osm-node-2639599881","name":"Uğur","facility_type":"halt","infrastructure_status":"operational","timetable_status":"not_assessed","source_status":"odbl","operator":"","osm_type":"node","osm_id":2639599881,"distance_to_rail_m":6.2},"geometry":{"type":"Point","coordinates":[40.3480237,37.8335934]}},{"type":"Feature","id":"osm-node-1018904198","properties":{"id":"osm-node-1018904198","name":"Ulam","facility_type":"station","infrastructure_status":"operational","timetable_status":"not_assessed","source_status":"odbl","operator":"TCDD Taşımacılık","osm_type":"node","osm_id":1018904198,"distance_to_rail_m":2.4},"geometry":{"type":"Point","coordinates":[40.4722384,37.8385355]}},{"type":"Feature","id":"osm-node-1021731954","properties":{"id":"osm-node-1021731954","name":"Ulaş","facility_type":"station","infrastructure_status":"operational","timetable_status":"not_assessed","source_status":"odbl","operator":"TCDD Taşımacılık","osm_type":"node","osm_id":1021731954,"distance_to_rail_m":2.5},"geometry":{"type":"Point","coordinates":[37.0353878,39.4431937]}},{"type":"Feature","id":"osm-node-1021732572","properties":{"id":"osm-node-1021732572","name":"Ulaşşehir","facility_type":"halt","infrastructure_status":"operational","timetable_status":"not_assessed","source_status":"odbl","operator":"","osm_type":"node","osm_id":1021732572,"distance_to_rail_m":2.1},"geometry":{"type":"Point","coordinates":[37.0440267,39.4366708]}},{"type":"Feature","id":"osm-node-1207395188","properties":{"id":"osm-node-1207395188","name":"Ulugüney","facility_type":"station","infrastructure_status":"operational","timetable_status":"not_assessed","source_status":"odbl","operator":"TCDD Taşımacılık","osm_type":"node","osm_id":1207395188,"distance_to_rail_m":2.1},"geometry":{"type":"Point","coordinates":[37.8300988,38.9903261]}},{"type":"Feature","id":"osm-node-13385848989","properties":{"id":"osm-node-13385848989","name":"Ulukaya","facility_type":"halt","infrastructure_status":"operational","timetable_status":"not_assessed","source_status":"odbl","operator":"","osm_type":"node","osm_id":13385848989,"distance_to_rail_m":3.5},"geometry":{"type":"Point","coordinates":[41.1850741,38.7881788]}},{"type":"Feature","id":"osm-node-737949225","properties":{"id":"osm-node-737949225","name":"Ulukent","facility_type":"station","infrastructure_status":"operational","timetable_status":"not_assessed","source_status":"odbl","operator":"TCDD Taşımacılık","osm_type":"node","osm_id":737949225,"distance_to_rail_m":1.5},"geometry":{"type":"Point","coordinates":[27.0354657,38.5478512]}},{"type":"Feature","id":"osm-node-2718931904","properties":{"id":"osm-node-2718931904","name":"Ulukışla","facility_type":"station","infrastructure_status":"operational","timetable_status":"not_assessed","source_status":"odbl","operator":"TCDD Taşımacılık","osm_type":"node","osm_id":2718931904,"distance_to_rail_m":2},"geometry":{"type":"Point","coordinates":[34.4803603,37.5457083]}},{"type":"Feature","id":"osm-node-2712964885","properties":{"id":"osm-node-2712964885","name":"Uluköy","facility_type":"station","infrastructure_status":"operational","timetable_status":"not_assessed","source_status":"odbl","operator":"TCDD Taşımacılık","osm_type":"node","osm_id":2712964885,"distance_to_rail_m":1.8},"geometry":{"type":"Point","coordinates":[30.156483,39.4853497]}},{"type":"Feature","id":"osm-node-2779545007","properties":{"id":"osm-node-2779545007","name":"Uluova","facility_type":"station","infrastructure_status":"operational","timetable_status":"not_assessed","source_status":"odbl","operator":"TCDD Taşımacılık","osm_type":"node","osm_id":2779545007,"distance_to_rail_m":0.2},"geometry":{"type":"Point","coordinates":[39.2004568,38.4924525]}},{"type":"Feature","id":"osm-node-2629874907","properties":{"id":"osm-node-2629874907","name":"Urganlı","facility_type":"station","infrastructure_status":"operational","timetable_status":"not_assessed","source_status":"odbl","operator":"TCDD Taşımacılık","osm_type":"node","osm_id":2629874907,"distance_to_rail_m":3.4},"geometry":{"type":"Point","coordinates":[27.838314,38.5181276]}},{"type":"Feature","id":"osm-node-1033324723","properties":{"id":"osm-node-1033324723","name":"Uşak","facility_type":"station","infrastructure_status":"operational","timetable_status":"not_assessed","source_status":"odbl","operator":"TCDD Taşımacılık","osm_type":"node","osm_id":1033324723,"distance_to_rail_m":9},"geometry":{"type":"Point","coordinates":[29.4074222,38.6639088]}},{"type":"Feature","id":"osm-node-12387720333","properties":{"id":"osm-node-12387720333","name":"Uyanık","facility_type":"station","infrastructure_status":"operational","timetable_status":"not_assessed","source_status":"odbl","operator":"TCDD Taşımacılık","osm_type":"node","osm_id":12387720333,"distance_to_rail_m":3.5},"geometry":{"type":"Point","coordinates":[40.8666563,38.8691429]}},{"type":"Feature","id":"osm-node-1851530432","properties":{"id":"osm-node-1851530432","name":"Uzunahmet","facility_type":"station","infrastructure_status":"operational","timetable_status":"not_assessed","source_status":"odbl","operator":"TCDD Taşımacılık","osm_type":"node","osm_id":1851530432,"distance_to_rail_m":2.2},"geometry":{"type":"Point","coordinates":[41.4333847,39.9613071]}},{"type":"Feature","id":"osm-node-4934464260","properties":{"id":"osm-node-4934464260","name":"Uzunkum","facility_type":"halt","infrastructure_status":"operational","timetable_status":"not_assessed","source_status":"odbl","operator":"","osm_type":"node","osm_id":4934464260,"distance_to_rail_m":0.1},"geometry":{"type":"Point","coordinates":[30.3091443,40.7020086]}},{"type":"Feature","id":"osm-node-2632415134","properties":{"id":"osm-node-2632415134","name":"Uzunoba","facility_type":"halt","infrastructure_status":"operational","timetable_status":"not_assessed","source_status":"odbl","operator":"","osm_type":"node","osm_id":2632415134,"distance_to_rail_m":0},"geometry":{"type":"Point","coordinates":[35.7286271,40.7568059]}},{"type":"Feature","id":"osm-node-2627476215","properties":{"id":"osm-node-2627476215","name":"Ülkü","facility_type":"station","infrastructure_status":"operational","timetable_status":"not_assessed","source_status":"odbl","operator":"TCDD Taşımacılık","osm_type":"node","osm_id":2627476215,"distance_to_rail_m":11},"geometry":{"type":"Point","coordinates":[32.6378645,41.1812029]}},{"type":"Feature","id":"osm-node-6942688154","properties":{"id":"osm-node-6942688154","name":"Üreğil","facility_type":"station","infrastructure_status":"operational","timetable_status":"not_assessed","source_status":"odbl","operator":"TCDD Taşımacılık","osm_type":"node","osm_id":6942688154,"distance_to_rail_m":3.7},"geometry":{"type":"Point","coordinates":[32.9321733,39.9225045]}},{"type":"Feature","id":"osm-node-5442551070","properties":{"id":"osm-node-5442551070","name":"Üsküdar","facility_type":"station","infrastructure_status":"operational","timetable_status":"not_assessed","source_status":"odbl","operator":"TCDD Taşımacılık","osm_type":"node","osm_id":5442551070,"distance_to_rail_m":7.1},"geometry":{"type":"Point","coordinates":[29.0131466,41.0256394]}},{"type":"Feature","id":"osm-node-1811161389","properties":{"id":"osm-node-1811161389","name":"Üzerlik","facility_type":"station","infrastructure_status":"operational","timetable_status":"not_assessed","source_status":"odbl","operator":"TCDD Taşımacılık","osm_type":"node","osm_id":1811161389,"distance_to_rail_m":2.7},"geometry":{"type":"Point","coordinates":[29.0329469,37.8950923]}},{"type":"Feature","id":"osm-node-13192229548","properties":{"id":"osm-node-13192229548","name":"Van","facility_type":"station","infrastructure_status":"operational","timetable_status":"not_assessed","source_status":"odbl","operator":"TCDD Taşımacılık","osm_type":"node","osm_id":13192229548,"distance_to_rail_m":9.4},"geometry":{"type":"Point","coordinates":[43.3831711,38.5216832]}},{"type":"Feature","id":"osm-node-602123192","properties":{"id":"osm-node-602123192","name":"Van İskele","facility_type":"station","infrastructure_status":"train_ferry","timetable_status":"not_assessed","source_status":"odbl","operator":"TCDD Taşımacılık","osm_type":"node","osm_id":602123192,"distance_to_rail_m":95.8},"geometry":{"type":"Point","coordinates":[43.3084227,38.5168926]}},{"type":"Feature","id":"osm-node-1129430258","properties":{"id":"osm-node-1129430258","name":"Vezirhan","facility_type":"station","infrastructure_status":"operational","timetable_status":"not_assessed","source_status":"odbl","operator":"TCDD Taşımacılık","osm_type":"node","osm_id":1129430258,"distance_to_rail_m":0.3},"geometry":{"type":"Point","coordinates":[30.027634,40.2468737]}},{"type":"Feature","id":"osm-node-13371885220","properties":{"id":"osm-node-13371885220","name":"Yağlı","facility_type":"station","infrastructure_status":"operational","timetable_status":"not_assessed","source_status":"odbl","operator":"TCDD Taşımacılık","osm_type":"node","osm_id":13371885220,"distance_to_rail_m":7.9},"geometry":{"type":"Point","coordinates":[33.8924037,39.9041584]}},{"type":"Feature","id":"osm-node-134974766","properties":{"id":"osm-node-134974766","name":"Yahniler","facility_type":"halt","infrastructure_status":"operational","timetable_status":"not_assessed","source_status":"odbl","operator":"","osm_type":"node","osm_id":134974766,"distance_to_rail_m":1.1},"geometry":{"type":"Point","coordinates":[43.3296451,40.7164506]}},{"type":"Feature","id":"osm-node-1038522591","properties":{"id":"osm-node-1038522591","name":"Yahşihan","facility_type":"station","infrastructure_status":"operational","timetable_status":"not_assessed","source_status":"odbl","operator":"TCDD Taşımacılık","osm_type":"node","osm_id":1038522591,"distance_to_rail_m":3.3},"geometry":{"type":"Point","coordinates":[33.4471096,39.845575]}},{"type":"Feature","id":"osm-node-2313668761","properties":{"id":"osm-node-2313668761","name":"Yahşiler","facility_type":"station","infrastructure_status":"operational","timetable_status":"not_assessed","source_status":"odbl","operator":"TCDD Taşımacılık","osm_type":"node","osm_id":2313668761,"distance_to_rail_m":5.6},"geometry":{"type":"Point","coordinates":[38.7520328,39.5372301]}},{"type":"Feature","id":"osm-node-13504212376","properties":{"id":"osm-node-13504212376","name":"Yalınlı","facility_type":"station","infrastructure_status":"operational","timetable_status":"not_assessed","source_status":"odbl","operator":"TCDD Taşımacılık","osm_type":"node","osm_id":13504212376,"distance_to_rail_m":3.5},"geometry":{"type":"Point","coordinates":[31.3402891,39.6952905]}},{"type":"Feature","id":"osm-node-13385821717","properties":{"id":"osm-node-13385821717","name":"Yamanlar","facility_type":"halt","infrastructure_status":"operational","timetable_status":"not_assessed","source_status":"odbl","operator":"TCDD","osm_type":"node","osm_id":13385821717,"distance_to_rail_m":3.2},"geometry":{"type":"Point","coordinates":[41.1310892,38.7557227]}},{"type":"Feature","id":"osm-node-2627492421","properties":{"id":"osm-node-2627492421","name":"Yamukören","facility_type":"halt","infrastructure_status":"operational","timetable_status":"not_assessed","source_status":"odbl","operator":"","osm_type":"node","osm_id":2627492421,"distance_to_rail_m":5.4},"geometry":{"type":"Point","coordinates":[33.3581727,40.8217472]}},{"type":"Feature","id":"osm-node-2629876917","properties":{"id":"osm-node-2629876917","name":"Yaraşlı","facility_type":"halt","infrastructure_status":"operational","timetable_status":"not_assessed","source_status":"odbl","operator":"","osm_type":"node","osm_id":2629876917,"distance_to_rail_m":3.4},"geometry":{"type":"Point","coordinates":[27.9795426,38.5203884]}},{"type":"Feature","id":"osm-node-9952947108","properties":{"id":"osm-node-9952947108","name":"Yarbaşı","facility_type":"station","infrastructure_status":"operational","timetable_status":"not_assessed","source_status":"odbl","operator":"TCDD Taşımacılık","osm_type":"node","osm_id":9952947108,"distance_to_rail_m":6.8},"geometry":{"type":"Point","coordinates":[36.4249726,37.1895998]}},{"type":"Feature","id":"osm-node-13849395293","properties":{"id":"osm-node-13849395293","name":"Yarımca","facility_type":"station","infrastructure_status":"operational","timetable_status":"not_assessed","source_status":"odbl","operator":"TCDD Taşımacılık","osm_type":"node","osm_id":13849395293,"distance_to_rail_m":6.2},"geometry":{"type":"Point","coordinates":[29.7295263,40.7724895]}},{"type":"Feature","id":"osm-node-12426226739","properties":{"id":"osm-node-12426226739","name":"Yaylıca","facility_type":"halt","infrastructure_status":"operational","timetable_status":"not_assessed","source_status":"odbl","operator":"TCDD Taşımacılık","osm_type":"node","osm_id":12426226739,"distance_to_rail_m":4.2},"geometry":{"type":"Point","coordinates":[41.2302759,38.0083416]}},{"type":"Feature","id":"osm-node-303260292","properties":{"id":"osm-node-303260292","name":"Yazıhan","facility_type":"station","infrastructure_status":"operational","timetable_status":"not_assessed","source_status":"odbl","operator":"TCDD Taşımacılık","osm_type":"node","osm_id":303260292,"distance_to_rail_m":2.9},"geometry":{"type":"Point","coordinates":[38.1816948,38.5957628]}},{"type":"Feature","id":"osm-node-2925922183","properties":{"id":"osm-node-2925922183","name":"Yazlak","facility_type":"station","infrastructure_status":"operational","timetable_status":"not_assessed","source_status":"odbl","operator":"TCDD Taşımacılık","osm_type":"node","osm_id":2925922183,"distance_to_rail_m":2.8},"geometry":{"type":"Point","coordinates":[38.1762373,38.3307268]}},{"type":"Feature","id":"osm-node-12660716153","properties":{"id":"osm-node-12660716153","name":"Yedikule","facility_type":"station","infrastructure_status":"operational","timetable_status":"not_assessed","source_status":"odbl","operator":"TCDD Taşımacılık","osm_type":"node","osm_id":12660716153,"distance_to_rail_m":3.4},"geometry":{"type":"Point","coordinates":[28.9269188,40.9935264]}},{"type":"Feature","id":"osm-node-13180535524","properties":{"id":"osm-node-13180535524","name":"Yeni Suveren","facility_type":"station","infrastructure_status":"operational","timetable_status":"not_assessed","source_status":"odbl","operator":"TCDD Taşımacılık","osm_type":"node","osm_id":13180535524,"distance_to_rail_m":6.3},"geometry":{"type":"Point","coordinates":[40.3270109,38.7192261]}},{"type":"Feature","id":"osm-node-2700447532","properties":{"id":"osm-node-2700447532","name":"Yenice","facility_type":"halt","infrastructure_status":"operational","timetable_status":"not_assessed","source_status":"odbl","operator":"TCDD Taşımacılık","osm_type":"node","osm_id":2700447532,"distance_to_rail_m":2},"geometry":{"type":"Point","coordinates":[36.2486015,40.1597337]}},{"type":"Feature","id":"osm-node-2627515614","properties":{"id":"osm-node-2627515614","name":"Yenidoğan","facility_type":"station","infrastructure_status":"operational","timetable_status":"not_assessed","source_status":"odbl","operator":"TCDD Taşımacılık","osm_type":"node","osm_id":2627515614,"distance_to_rail_m":0.9},"geometry":{"type":"Point","coordinates":[32.2497475,39.6903197]}},{"type":"Feature","id":"osm-node-2676982620","properties":{"id":"osm-node-2676982620","name":"Yenikangal","facility_type":"station","infrastructure_status":"operational","timetable_status":"not_assessed","source_status":"odbl","operator":"TCDD Taşımacılık","osm_type":"node","osm_id":2676982620,"distance_to_rail_m":7.1},"geometry":{"type":"Point","coordinates":[37.3895087,39.2447695]}},{"type":"Feature","id":"osm-node-2511296163","properties":{"id":"osm-node-2511296163","name":"Yenikapı","facility_type":"station","infrastructure_status":"operational","timetable_status":"not_assessed","source_status":"odbl","operator":"TCDD Taşımacılık","osm_type":"node","osm_id":2511296163,"distance_to_rail_m":9.3},"geometry":{"type":"Point","coordinates":[28.9515608,41.0051614]}},{"type":"Feature","id":"osm-node-1021732479","properties":{"id":"osm-node-1021732479","name":"Yenikarasar","facility_type":"halt","infrastructure_status":"operational","timetable_status":"not_assessed","source_status":"odbl","operator":"","osm_type":"node","osm_id":1021732479,"distance_to_rail_m":0},"geometry":{"type":"Point","coordinates":[37.1128194,39.3479258]}},{"type":"Feature","id":"osm-node-2629886329","properties":{"id":"osm-node-2629886329","name":"Yenikoy","facility_type":"halt","infrastructure_status":"operational","timetable_status":"not_assessed","source_status":"odbl","operator":"","osm_type":"node","osm_id":2629886329,"distance_to_rail_m":5.5},"geometry":{"type":"Point","coordinates":[28.3760777,38.4233508]}},{"type":"Feature","id":"osm-node-13385844816","properties":{"id":"osm-node-13385844816","name":"Yeniköşk","facility_type":"halt","infrastructure_status":"operational","timetable_status":"not_assessed","source_status":"odbl","operator":"","osm_type":"node","osm_id":13385844816,"distance_to_rail_m":6.8},"geometry":{"type":"Point","coordinates":[41.2156381,38.8216007]}},{"type":"Feature","id":"osm-node-1909766490","properties":{"id":"osm-node-1909766490","name":"Yeniköy","facility_type":"station","infrastructure_status":"operational","timetable_status":"not_assessed","source_status":"odbl","operator":"TCDD Taşımacılık","osm_type":"node","osm_id":1909766490,"distance_to_rail_m":0.4},"geometry":{"type":"Point","coordinates":[28.0046732,39.7784143]}},{"type":"Feature","id":"osm-node-1184766559","properties":{"id":"osm-node-1184766559","name":"Yenimahale","facility_type":"station","infrastructure_status":"operational","timetable_status":"not_assessed","source_status":"odbl","operator":"","osm_type":"node","osm_id":1184766559,"distance_to_rail_m":6.5},"geometry":{"type":"Point","coordinates":[28.8810386,40.9817239]}},{"type":"Feature","id":"osm-node-6942688137","properties":{"id":"osm-node-6942688137","name":"Yenişehir","facility_type":"station","infrastructure_status":"operational","timetable_status":"not_assessed","source_status":"odbl","operator":"TCDD Taşımacılık","osm_type":"node","osm_id":6942688137,"distance_to_rail_m":3.3},"geometry":{"type":"Point","coordinates":[32.857846,39.9291091]}},{"type":"Feature","id":"osm-way-1092705269","properties":{"id":"osm-way-1092705269","name":"Yenişehir Tren İstasyonu","facility_type":"station","infrastructure_status":"operational","timetable_status":"not_assessed","source_status":"odbl","operator":"TCDD Taşımacılık","osm_type":"way","osm_id":1092705269,"distance_to_rail_m":4.9},"geometry":{"type":"Point","coordinates":[32.8592268,39.9291202]}},{"type":"Feature","id":"osm-node-11309220597","properties":{"id":"osm-node-11309220597","name":"Yeniyapan","facility_type":"station","infrastructure_status":"operational","timetable_status":"not_assessed","source_status":"odbl","operator":"TCDD Taşımacılık","osm_type":"node","osm_id":11309220597,"distance_to_rail_m":2.2},"geometry":{"type":"Point","coordinates":[34.092508,39.8174254]}},{"type":"Feature","id":"osm-node-1028216257","properties":{"id":"osm-node-1028216257","name":"Yeşildağ","facility_type":"station","infrastructure_status":"official_network_inactive","timetable_status":"not_assessed","source_status":"odbl","operator":"TCDD Taşımacılık","osm_type":"node","osm_id":1028216257,"distance_to_rail_m":0.9},"geometry":{"type":"Point","coordinates":[37.95498,37.0070597]}},{"type":"Feature","id":"osm-node-12576453390","properties":{"id":"osm-node-12576453390","name":"Yeşilhisar","facility_type":"station","infrastructure_status":"operational","timetable_status":"not_assessed","source_status":"odbl","operator":"TCDD Taşımacılık","osm_type":"node","osm_id":12576453390,"distance_to_rail_m":16.6},"geometry":{"type":"Point","coordinates":[35.0843743,38.3653065]}},{"type":"Feature","id":"osm-node-2629881426","properties":{"id":"osm-node-2629881426","name":"Yeşilkavak","facility_type":"station","infrastructure_status":"operational","timetable_status":"not_assessed","source_status":"odbl","operator":"TCDD Taşımacılık","osm_type":"node","osm_id":2629881426,"distance_to_rail_m":0.1},"geometry":{"type":"Point","coordinates":[28.257756,38.4637762]}},{"type":"Feature","id":"osm-node-1744724160","properties":{"id":"osm-node-1744724160","name":"Yeşilköy","facility_type":"station","infrastructure_status":"operational","timetable_status":"not_assessed","source_status":"odbl","operator":"","osm_type":"node","osm_id":1744724160,"distance_to_rail_m":7},"geometry":{"type":"Point","coordinates":[28.8248689,40.9626534]}},{"type":"Feature","id":"osm-node-1184766586","properties":{"id":"osm-node-1184766586","name":"Yeşilyurt","facility_type":"station","infrastructure_status":"operational","timetable_status":"not_assessed","source_status":"odbl","operator":"","osm_type":"node","osm_id":1184766586,"distance_to_rail_m":6.8},"geometry":{"type":"Point","coordinates":[28.8373253,40.9654468]}},{"type":"Feature","id":"osm-node-1805807417","properties":{"id":"osm-node-1805807417","name":"Yeşilyurt","facility_type":"station","infrastructure_status":"operational","timetable_status":"not_assessed","source_status":"odbl","operator":"TCDD Taşımacılık","osm_type":"node","osm_id":1805807417,"distance_to_rail_m":3.8},"geometry":{"type":"Point","coordinates":[36.2167352,40.0073609]}},{"type":"Feature","id":"osm-node-6981627663","properties":{"id":"osm-node-6981627663","name":"Yıldırım","facility_type":"station","infrastructure_status":"operational","timetable_status":"not_assessed","source_status":"odbl","operator":"TCDD Taşımacılık","osm_type":"node","osm_id":6981627663,"distance_to_rail_m":5.7},"geometry":{"type":"Point","coordinates":[32.7045927,39.9323547]}},{"type":"Feature","id":"osm-node-1841303621","properties":{"id":"osm-node-1841303621","name":"Yıldırım Kemal","facility_type":"station","infrastructure_status":"operational","timetable_status":"not_assessed","source_status":"odbl","operator":"TCDD Taşımacılık","osm_type":"node","osm_id":1841303621,"distance_to_rail_m":1.6},"geometry":{"type":"Point","coordinates":[30.12473,38.8776101]}},{"type":"Feature","id":"osm-node-1805906966","properties":{"id":"osm-node-1805906966","name":"Yıldıztepe","facility_type":"station","infrastructure_status":"operational","timetable_status":"not_assessed","source_status":"odbl","operator":"TCDD Taşımacılık","osm_type":"node","osm_id":1805906966,"distance_to_rail_m":22.6},"geometry":{"type":"Point","coordinates":[35.9209688,40.187831]}},{"type":"Feature","id":"osm-node-1457024310","properties":{"id":"osm-node-1457024310","name":"Yolçatı","facility_type":"halt","infrastructure_status":"official_network_inactive","timetable_status":"not_assessed","source_status":"odbl","operator":"TCDD","osm_type":"node","osm_id":1457024310,"distance_to_rail_m":3.6},"geometry":{"type":"Point","coordinates":[37.8432402,36.9892682]}},{"type":"Feature","id":"osm-node-2014151828","properties":{"id":"osm-node-2014151828","name":"Yolçatı","facility_type":"station","infrastructure_status":"operational","timetable_status":"not_assessed","source_status":"odbl","operator":"TCDD Taşımacılık","osm_type":"node","osm_id":2014151828,"distance_to_rail_m":12.6},"geometry":{"type":"Point","coordinates":[39.0358271,38.5421164]}},{"type":"Feature","id":"osm-node-2632415023","properties":{"id":"osm-node-2632415023","name":"Yolpınar Köy.","facility_type":"halt","infrastructure_status":"operational","timetable_status":"not_assessed","source_status":"odbl","operator":"","osm_type":"node","osm_id":2632415023,"distance_to_rail_m":0.2},"geometry":{"type":"Point","coordinates":[35.7395417,40.7536028]}},{"type":"Feature","id":"osm-node-1907439622","properties":{"id":"osm-node-1907439622","name":"Yunus","facility_type":"station","infrastructure_status":"operational","timetable_status":"not_assessed","source_status":"odbl","operator":"TCDD Taşımacılık","osm_type":"node","osm_id":1907439622,"distance_to_rail_m":3.5},"geometry":{"type":"Point","coordinates":[29.2104051,40.8845607]}},{"type":"Feature","id":"osm-node-2635340741","properties":{"id":"osm-node-2635340741","name":"Yurt","facility_type":"station","infrastructure_status":"operational","timetable_status":"not_assessed","source_status":"odbl","operator":"TCDD Taşımacılık","osm_type":"node","osm_id":2635340741,"distance_to_rail_m":2.1},"geometry":{"type":"Point","coordinates":[39.3567214,38.6362824]}},{"type":"Feature","id":"osm-node-1027876435","properties":{"id":"osm-node-1027876435","name":"Yuva","facility_type":"halt","infrastructure_status":"operational","timetable_status":"not_assessed","source_status":"odbl","operator":"TCDD Taşımacılık","osm_type":"node","osm_id":1027876435,"distance_to_rail_m":6.2},"geometry":{"type":"Point","coordinates":[37.6858811,36.9846578]}},{"type":"Feature","id":"osm-node-2106364153","properties":{"id":"osm-node-2106364153","name":"Zenginova","facility_type":"station","infrastructure_status":"official_network_inactive","timetable_status":"not_assessed","source_status":"odbl","operator":"TCDD Taşımacılık","osm_type":"node","osm_id":2106364153,"distance_to_rail_m":6.5},"geometry":{"type":"Point","coordinates":[39.1682384,36.6789762]}},{"type":"Feature","id":"osm-node-251733019","properties":{"id":"osm-node-251733019","name":"Zeytinburnu-Fişekhane","facility_type":"station","infrastructure_status":"operational","timetable_status":"not_assessed","source_status":"odbl","operator":"TCDD Taşımacılık","osm_type":"node","osm_id":251733019,"distance_to_rail_m":2.7},"geometry":{"type":"Point","coordinates":[28.9054568,40.9858638]}},{"type":"Feature","id":"osm-node-13270950268","properties":{"id":"osm-node-13270950268","name":"Ziya Gökalp (Yeni Sanayi)","facility_type":"station","infrastructure_status":"operational","timetable_status":"not_assessed","source_status":"odbl","operator":"TCDD Taşımacılık","osm_type":"node","osm_id":13270950268,"distance_to_rail_m":0.3},"geometry":{"type":"Point","coordinates":[35.433783,38.7394047]}},{"type":"Feature","id":"osm-node-13546062005","properties":{"id":"osm-node-13546062005","name":"Ziyaret","facility_type":"halt","infrastructure_status":"operational","timetable_status":"not_assessed","source_status":"odbl","operator":"","osm_type":"node","osm_id":13546062005,"distance_to_rail_m":2.3},"geometry":{"type":"Point","coordinates":[40.2720244,37.8422331]}}]}
