{"type":"FeatureCollection","features":[{"type":"Feature","properties":{"shape_id":"shape-ankara-halkali","route_id":"route-yht-ankara-istanbul","name":"Ankara Gar–İstanbul (Halkalı)","directionality":"single_geometry_timetable_carries_direction","length_km":606.9,"anchor_count":14,"source":"OSM-derived railway GeoJSON","license":"ODbL; © OpenStreetMap contributors","id":"shape-ankara-halkali","route_name":"Ankara–İstanbul YHT","mode":"yht","status":"active","source_status":"odbl"},"geometry":{"type":"LineString","coordinates":[[32.8435238,39.9351491],[32.8419134,39.9360101],[32.8409051,39.9365906],[32.8403484,39.936963],[32.8400381,39.9372097],[32.8395553,39.9376772],[32.8391484,39.9379475],[32.8279229,39.944024],[32.8269856,39.9445061],[32.8247747,39.945532],[32.8243995,39.9456508],[32.8236164,39.945865],[32.8232199,39.9459399],[32.8224184,39.9460154],[32.8215917,39.9460324],[32.8207781,39.9459596],[32.8199956,39.9458032],[32.8132569,39.9441569],[32.8081046,39.9429899],[32.7947167,39.9398232],[32.7941117,39.9396534],[32.7922931,39.9390265],[32.7874058,39.937261],[32.7751423,39.9329829],[32.7734147,39.9325008],[32.7724101,39.9322687],[32.7713953,39.9320498],[32.7664671,39.9311813],[32.7654366,39.9310191],[32.7635465,39.9308452],[32.7616598,39.9308641],[32.7533426,39.9314357],[32.7518234,39.9314855],[32.7504858,39.9314403],[32.7497438,39.9313729],[32.7482222,39.9311678],[32.746637,39.9307832],[32.745795,39.9305313],[32.7329252,39.9260331],[32.7317097,39.9256514],[32.7306078,39.9253657],[32.7293881,39.9251306],[32.7281596,39.9249506],[32.7268987,39.9248405],[32.7250704,39.9248074],[32.7238059,39.9248527],[32.7225787,39.9249847],[32.7214426,39.9251625],[32.7153447,39.9264617],[32.7136082,39.9269179],[32.7125531,39.9272696],[32.7115212,39.9276687],[32.7105256,39.9281255],[32.709482,39.9286593],[32.7080009,39.9295719],[32.7059167,39.9311566],[32.6968578,39.9384323],[32.6962291,39.9388571],[32.6948902,39.9396275],[32.6939173,39.9401125],[32.6930488,39.9404531],[32.6882286,39.942102],[32.6874445,39.9424347],[32.6844136,39.9438674],[32.6828778,39.9444722],[32.6818206,39.9448161],[32.6723549,39.9476035],[32.6704948,39.9480348],[32.661784,39.9494394],[32.6593762,39.949854],[32.654741,39.9507133],[32.6539937,39.9508893],[32.6525673,39.9511532],[32.6514464,39.9514563],[32.6441519,39.9528672],[32.6371273,39.9542707],[32.6360818,39.9545092],[32.6327701,39.9553831],[32.6294779,39.9560538],[32.6327701,39.9553831],[32.6360818,39.9545092],[32.6371273,39.9542707],[32.6441519,39.9528672],[32.6514464,39.9514563],[32.6525673,39.9511532],[32.6539937,39.9508893],[32.654741,39.9507133],[32.6482449,39.9519322],[32.6371005,39.9541953],[32.6360435,39.954425],[32.634092,39.9549461],[32.6272726,39.9563276],[32.6227633,39.9567957],[32.617609,39.9571349],[32.6161104,39.9573595],[32.6152741,39.9575404],[32.6138091,39.9579596],[32.613083,39.9582028],[32.6098697,39.9594286],[32.608703,39.9597938],[32.6070877,39.9601714],[32.5972692,39.9616702],[32.5951198,39.9620559],[32.5891721,39.9629956],[32.588071,39.9632057],[32.5866422,39.9636089],[32.5856135,39.9639397],[32.5792807,39.9662112],[32.5768749,39.9670013],[32.5710726,39.9689978],[32.5652568,39.9709437],[32.5644389,39.9712085],[32.5625767,39.9716318],[32.5616806,39.971797],[32.5602161,39.9719986],[32.5589314,39.9721341],[32.555923,39.9722805],[32.5541278,39.972303],[32.5522087,39.9722528],[32.5507422,39.9721596],[32.5490794,39.9720105],[32.5466216,39.9716752],[32.5444644,39.97129],[32.5424693,39.9708482],[32.5410962,39.970501],[32.5390736,39.969899],[32.5377258,39.9694499],[32.5362274,39.9688964],[32.5340836,39.96797],[32.531973,39.9669966],[32.5304292,39.9661952],[32.5285471,39.9650937],[32.5155104,39.9566149],[32.513788,39.9556215],[32.5106232,39.9539184],[32.4988,39.9480376],[32.4949842,39.946175],[32.4935389,39.9453465],[32.4922305,39.9444884],[32.4905217,39.9432881],[32.4896997,39.9426246],[32.4875915,39.9407906],[32.4859989,39.9392809],[32.4845365,39.9376269],[32.4827696,39.9352353],[32.4818462,39.933818],[32.48101,39.9323924],[32.4805128,39.931407],[32.4794322,39.9289189],[32.4787753,39.9265989],[32.4783928,39.9249495],[32.4782831,39.9242987],[32.478126,39.922384],[32.4780669,39.9204811],[32.4780706,39.9193047],[32.4781482,39.9180865],[32.4784237,39.9149014],[32.4786038,39.9118135],[32.4785973,39.9104488],[32.4784692,39.9087403],[32.4783173,39.9076531],[32.4780942,39.9064379],[32.477948,39.9057862],[32.4773681,39.9038073],[32.476671,39.9021423],[32.4762131,39.90096],[32.4755128,39.8997731],[32.4740946,39.8975635],[32.4725954,39.8953883],[32.4597881,39.8794917],[32.4595352,39.8790898],[32.4508148,39.8682332],[32.4494691,39.8664386],[32.4487995,39.8654835],[32.4473328,39.863138],[32.4455727,39.8605361],[32.4438128,39.8582932],[32.4420763,39.8563298],[32.4335602,39.8469664],[32.4305365,39.8436872],[32.4294583,39.8426608],[32.4282989,39.8416297],[32.4271736,39.8406962],[32.4254777,39.8393986],[32.422058,39.8369583],[32.4202326,39.8355371],[32.4193904,39.8348371],[32.4166467,39.8321766],[32.4143428,39.8295036],[32.4130807,39.8277634],[32.4123052,39.826546],[32.4116637,39.8254645],[32.4108168,39.8239069],[32.4050134,39.8114092],[32.4030885,39.8076026],[32.4013058,39.8045962],[32.3995315,39.8018728],[32.3966456,39.7977808],[32.376747,39.7705752],[32.3749952,39.7677738],[32.3738702,39.7657441],[32.3668846,39.7526899],[32.3644547,39.7482385],[32.3619294,39.7446411],[32.3597554,39.7419501],[32.3566935,39.7388893],[32.3545808,39.7370649],[32.3534172,39.736158],[32.3494673,39.7332853],[32.3466503,39.7316134],[32.3426698,39.7296119],[32.3405684,39.7286639],[32.3383004,39.7277573],[32.3338208,39.7262679],[32.3314779,39.725631],[32.3286468,39.7249776],[32.3264911,39.7245501],[32.3234663,39.72404],[32.306331,39.7213873],[32.3047472,39.7211213],[32.3013705,39.720405],[32.2990435,39.7197987],[32.2968618,39.7191229],[32.2949631,39.7184954],[32.293118,39.7177813],[32.289776,39.7163382],[32.287829,39.7153834],[32.2857948,39.7142919],[32.2836425,39.7129899],[32.2448864,39.6871663],[32.2317114,39.6781041],[32.2193937,39.6698722],[32.2162175,39.6677073],[32.2146253,39.6664547],[32.2118785,39.6641341],[32.2101036,39.6624666],[32.2083841,39.6606408],[32.2066861,39.6586829],[32.2056732,39.6573185],[32.2033607,39.6539163],[32.1975229,39.6448998],[32.1961567,39.6426845],[32.1952678,39.6410334],[32.1945773,39.6395763],[32.19396,39.6379872],[32.1933214,39.636164],[32.1929447,39.6347525],[32.1926575,39.6333517],[32.1925032,39.6325535],[32.1923153,39.6311467],[32.1922011,39.6298317],[32.1921213,39.6283107],[32.1923056,39.6249877],[32.1924131,39.6242491],[32.1929737,39.6212262],[32.1944126,39.6160132],[32.1947962,39.6139455],[32.1950647,39.6118648],[32.1951589,39.6095537],[32.1950414,39.6069911],[32.1947173,39.6046894],[32.1942757,39.6025934],[32.1936448,39.6005085],[32.1930017,39.5987913],[32.1923109,39.597144],[32.1910178,39.5948157],[32.190564,39.5940613],[32.1840261,39.5841149],[32.180576,39.578682],[32.1786761,39.5759243],[32.1763432,39.57238],[32.1747919,39.5705484],[32.1723422,39.5680857],[32.1705393,39.5665449],[32.168031,39.5647925],[32.1655031,39.5631609],[32.1619573,39.5614034],[32.1593246,39.560284],[32.1580883,39.5598245],[32.1558024,39.5590862],[32.1546037,39.5587531],[32.1532622,39.55843],[32.1506418,39.5578824],[32.1481948,39.5575034],[32.1458224,39.5572651],[32.1436581,39.5571046],[32.1398514,39.5570863],[32.1357754,39.5573595],[32.1321286,39.5579077],[32.1286031,39.5586739],[32.1247746,39.5597958],[32.1213664,39.5611047],[32.1078026,39.5674028],[32.1060108,39.5681674],[32.104542,39.5687226],[32.1018353,39.5696405],[32.0995841,39.5702726],[32.0973929,39.5708083],[32.0947472,39.571324],[32.0732656,39.5749311],[32.0699354,39.5753642],[32.067074,39.575557],[32.0651574,39.5756047],[32.0606569,39.5755289],[32.0580434,39.5753125],[32.0553088,39.5749525],[32.0531246,39.5745942],[32.0440442,39.572736],[32.0391357,39.5717985],[32.0368742,39.5714797],[32.0338009,39.5711565],[32.0317428,39.5710545],[32.0287245,39.5710324],[32.0242193,39.5710809],[32.0220275,39.5711834],[32.0200037,39.5713443],[32.0177798,39.5716325],[32.0148729,39.5721643],[32.0128637,39.5726255],[32.0110626,39.5731404],[32.0097661,39.5735497],[32.0079897,39.5741743],[32.0054743,39.5751972],[32.0024871,39.5765659],[32.0002489,39.5778487],[31.9925661,39.5827267],[31.9869578,39.5862027],[31.9833187,39.588701],[31.980013,39.5914298],[31.9763672,39.5947533],[31.9757169,39.5954009],[31.9735955,39.5977008],[31.9709366,39.6011024],[31.9692811,39.6034989],[31.9676131,39.6062432],[31.9660078,39.6093835],[31.9649918,39.6116928],[31.9642858,39.6135404],[31.9636936,39.6153571],[31.9628451,39.6184559],[31.9603313,39.6285853],[31.9595405,39.6315141],[31.9588661,39.6334263],[31.957967,39.6355551],[31.9570827,39.6373376],[31.9562484,39.6388122],[31.9554946,39.6400491],[31.9548078,39.6410833],[31.9536026,39.6427111],[31.9524413,39.6441548],[31.9510025,39.6457702],[31.949893,39.6469376],[31.9475672,39.6490877],[31.9463951,39.6500956],[31.9448376,39.6512808],[31.9435862,39.6521568],[31.940194,39.6542805],[31.9384052,39.655259],[31.9339456,39.6574364],[31.9332174,39.6577491],[31.9272237,39.6601019],[31.9207212,39.6625442],[31.9181633,39.6633591],[31.9140376,39.6644542],[31.9106336,39.6650889],[31.9083832,39.6654305],[31.906084,39.6656994],[31.903571,39.6659024],[31.9018315,39.6659827],[31.8990106,39.6660094],[31.896686,39.6659444],[31.8942604,39.6658036],[31.8918388,39.6656033],[31.8894625,39.6652932],[31.887024,39.6649305],[31.8823225,39.664077],[31.8812727,39.663918],[31.8776501,39.6635943],[31.875108,39.6634992],[31.8723629,39.6635345],[31.8681301,39.6637759],[31.8660581,39.6640411],[31.8639983,39.6643588],[31.8619538,39.6647547],[31.8599328,39.6651942],[31.8533886,39.6668686],[31.8404069,39.6698548],[31.8361547,39.6709043],[31.8342781,39.6714339],[31.8316823,39.6722864],[31.8296532,39.6730226],[31.8281277,39.6736145],[31.8085858,39.6821422],[31.8066314,39.6829255],[31.8048583,39.6835328],[31.8026873,39.6841952],[31.7994553,39.6850677],[31.7968846,39.6855629],[31.7941088,39.6859918],[31.7920611,39.6862241],[31.790069,39.6864079],[31.7887484,39.6864839],[31.7284887,39.6881321],[31.7257613,39.6882412],[31.7241348,39.6883615],[31.7225382,39.6885148],[31.7206844,39.6887574],[31.718959,39.6890325],[31.7170743,39.689413],[31.7147131,39.6899759],[31.708707,39.6916288],[31.6937166,39.6950272],[31.6917811,39.6954361],[31.6898356,39.6957466],[31.6878106,39.6960216],[31.6866213,39.6961525],[31.6839523,39.6963221],[31.6803908,39.6963625],[31.6781276,39.6962558],[31.6763741,39.6961097],[31.6735789,39.6958095],[31.6695593,39.6954811],[31.6686831,39.6954361],[31.6665776,39.6954348],[31.6657994,39.6954703],[31.6627896,39.6956923],[31.6604348,39.6959326],[31.6590009,39.6961151],[31.6567116,39.6964901],[31.6555457,39.6967185],[31.6543088,39.6970532],[31.6530631,39.6974108],[31.6506471,39.6982005],[31.6480827,39.6991612],[31.6448771,39.7005909],[31.6420106,39.7021815],[31.6397217,39.7036651],[31.6379248,39.705036],[31.6370324,39.7057622],[31.6317264,39.7102744],[31.6292024,39.7124693],[31.6284584,39.713171],[31.6268492,39.7148577],[31.6257443,39.7161474],[31.6238503,39.7185281],[31.6207748,39.7232368],[31.616189,39.7300166],[31.6150226,39.7318693],[31.6135169,39.7341375],[31.6115447,39.7370043],[31.6101195,39.7387782],[31.6082219,39.7408263],[31.6069395,39.7420554],[31.6052614,39.743512],[31.6045126,39.7441149],[31.6026512,39.745472],[31.6017793,39.7460449],[31.600593,39.7467661],[31.5995049,39.7473827],[31.5950779,39.7496747],[31.5935109,39.7503328],[31.5915174,39.7510668],[31.5894532,39.751747],[31.5885194,39.7520241],[31.5862722,39.7526041],[31.5849012,39.7529217],[31.5834345,39.7532227],[31.5809007,39.7536135],[31.5790691,39.7538418],[31.5767615,39.7540419],[31.574027,39.7541531],[31.5717581,39.7541427],[31.5692965,39.7540234],[31.5677212,39.7539063],[31.5667995,39.7538037],[31.5635088,39.7533385],[31.5621923,39.7531009],[31.5561849,39.7517352],[31.5504215,39.750372],[31.5490023,39.7499896],[31.5462914,39.7491459],[31.543387,39.7480943],[31.5417796,39.7474347],[31.5403062,39.7467836],[31.5391197,39.7462222],[31.5354802,39.7442566],[31.5339722,39.7433539],[31.5321475,39.7421595],[31.5298694,39.7404727],[31.5288228,39.739629],[31.527632,39.7386091],[31.5262397,39.7373297],[31.524863,39.7359417],[31.5230781,39.7339283],[31.5220569,39.732653],[31.5209825,39.7311782],[31.5199885,39.7296781],[31.5189895,39.7279953],[31.5183164,39.7267476],[31.5164592,39.7228945],[31.5158204,39.7216708],[31.5145254,39.7194358],[31.513538,39.7179345],[31.5125526,39.7165486],[31.5118446,39.7156165],[31.5110021,39.7145875],[31.5092801,39.7126236],[31.5081303,39.7114324],[31.5066356,39.7100039],[31.5036153,39.7074474],[31.5020605,39.7062698],[31.4996649,39.7046247],[31.4984099,39.7038331],[31.4958331,39.7022945],[31.494386,39.7014791],[31.4927798,39.7006736],[31.4913582,39.7000111],[31.4881581,39.6986722],[31.4851522,39.6976213],[31.4822515,39.6967365],[31.4796023,39.696059],[31.4770897,39.6954697],[31.4740011,39.6949055],[31.4721335,39.694619],[31.4702445,39.6943915],[31.4680764,39.6941739],[31.4637133,39.6937886],[31.4603099,39.6933799],[31.4577674,39.6928963],[31.4360078,39.6884254],[31.4311338,39.687638],[31.4278295,39.6873749],[31.4229859,39.6873401],[31.4200677,39.6874199],[31.4158264,39.6880629],[31.4139805,39.6884056],[31.4034389,39.6908107],[31.4020082,39.6911076],[31.399721,39.6914494],[31.3973941,39.6917184],[31.3963009,39.6918034],[31.3905562,39.6920158],[31.3890623,39.6919627],[31.3852717,39.6916038],[31.3833364,39.6913278],[31.3810744,39.6909457],[31.3770465,39.6899241],[31.3755179,39.6894762],[31.3739012,39.6889082],[31.3719322,39.6881662],[31.3668743,39.6860166],[31.3649123,39.6852436],[31.3624405,39.6843603],[31.361219,39.6839783],[31.3602825,39.683738],[31.3575917,39.6831215],[31.3550529,39.6826494],[31.3532649,39.6823877],[31.3515783,39.6822051],[31.3489124,39.6819854],[31.3474135,39.6819264],[31.3443639,39.6819833],[31.3426078,39.6820716],[31.3389898,39.6824046],[31.3358714,39.6829198],[31.3333191,39.6834722],[31.3308629,39.6840979],[31.3297979,39.6844158],[31.328443,39.6848827],[31.3267401,39.6855282],[31.3228351,39.6870811],[31.3206425,39.6878614],[31.3175312,39.6888779],[31.3148797,39.6896755],[31.3127769,39.6902522],[31.3071068,39.6916169],[31.3047315,39.6920976],[31.3002979,39.6928395],[31.2961472,39.693379],[31.2928044,39.6937112],[31.2898691,39.6939288],[31.2881226,39.6940104],[31.2597439,39.694804],[31.2563902,39.6950221],[31.2541853,39.6952513],[31.2509379,39.6956584],[31.2473712,39.6962613],[31.2438521,39.697001],[31.24176,39.6975222],[31.2385895,39.6984043],[31.2266606,39.701859],[31.2236748,39.7026935],[31.2219042,39.7031515],[31.2183712,39.7039059],[31.21683,39.7041861],[31.214077,39.7045869],[31.2127076,39.7047568],[31.2102,39.7049744],[31.20793,39.7050942],[31.2047003,39.7051455],[31.2010431,39.7050666],[31.1974977,39.7048255],[31.1943661,39.7045512],[31.1951171,39.7046572],[31.1795857,39.7033799],[31.1777926,39.7032918],[31.1758637,39.7032583],[31.1747065,39.7032692],[31.1720492,39.7033635],[31.1700574,39.7034773],[31.1681254,39.7036683],[31.1645031,39.704166],[31.1633048,39.7043776],[31.1611704,39.7048297],[31.1594981,39.705212],[31.1556091,39.7062893],[31.1089551,39.7221529],[31.0954717,39.7266718],[31.0842493,39.7304922],[31.0788455,39.7324425],[31.0771468,39.7331171],[31.0759559,39.7336368],[31.0745263,39.7342907],[31.0720936,39.7355036],[31.0704306,39.7364317],[31.0689554,39.7373062],[31.0631505,39.7410061],[31.0600445,39.7428107],[31.0556215,39.7453082],[31.0534383,39.7464797],[31.0498146,39.748278],[31.0467032,39.7496803],[31.0435047,39.750998],[31.0420952,39.7515404],[31.0394935,39.7524765],[31.0351644,39.7538912],[31.0304759,39.7553531],[31.0289872,39.75578],[31.0267744,39.7563367],[31.0241271,39.7568749],[31.0229684,39.757079],[31.0198678,39.7575017],[31.0171962,39.7577389],[31.0151283,39.7578358],[31.0123924,39.7578461],[31.0106812,39.7577883],[30.9789466,39.7553934],[30.9754476,39.7552315],[30.973959,39.7552294],[30.9702576,39.7552975],[30.9660076,39.7556089],[30.9645163,39.7557543],[30.9622847,39.7560367],[30.9600451,39.7563749],[30.9566145,39.757043],[30.9538438,39.7576801],[30.9499787,39.7587833],[30.9486779,39.7592019],[30.9468459,39.7598059],[30.9450623,39.7604781],[30.9417712,39.7618431],[30.9387296,39.7632822],[30.9348634,39.7654305],[30.9325336,39.7668181],[30.9258255,39.7715372],[30.9224647,39.7735163],[30.9189805,39.7753139],[30.9169768,39.7762395],[30.9150671,39.7770248],[30.9133022,39.7776866],[30.9104322,39.7786718],[30.9073101,39.7795829],[30.9058618,39.7799602],[30.9023762,39.7806775],[30.8999246,39.7810774],[30.8568296,39.7868569],[30.8536405,39.7874072],[30.850572,39.7880812],[30.8415605,39.7903468],[30.7817345,39.804784],[30.7794305,39.8052827],[30.7767402,39.8057793],[30.7748117,39.8060718],[30.770842,39.8064839],[30.76934,39.8065643],[30.766598,39.8066534],[30.7643224,39.8066845],[30.7310068,39.8064323],[30.7297111,39.8063981],[30.7287852,39.8063385],[30.7266002,39.8061468],[30.6521092,39.7978049],[30.6277842,39.7952225],[30.6030863,39.792505],[30.5635696,39.7880731],[30.5406288,39.7854396],[30.536973,39.7849119],[30.5345134,39.7845142],[30.5184885,39.7817593],[30.5107851,39.7805408],[30.5069965,39.7800687],[30.4980709,39.7785529],[30.5007647,39.7791799],[30.4980709,39.7785529],[30.4950453,39.7779828],[30.4918346,39.777283],[30.4902099,39.7769735],[30.4804655,39.7753168],[30.4732965,39.7740394],[30.4719757,39.7737724],[30.4624895,39.7715939],[30.461186,39.7713185],[30.4586245,39.7708464],[30.4558835,39.770472],[30.4540663,39.7702874],[30.4510036,39.7701218],[30.448823,39.7700857],[30.4467058,39.7701428],[30.444381,39.770264],[30.441629,39.7705548],[30.4399873,39.7707958],[30.4383437,39.7710639],[30.4350481,39.7717774],[30.4334378,39.7722029],[30.4318214,39.7726723],[30.4301392,39.7732141],[30.4282807,39.7738929],[30.4256371,39.7749869],[30.4236639,39.7759288],[30.4225215,39.7765143],[30.4208639,39.7774269],[30.4153262,39.7806417],[30.4094144,39.7841649],[30.4033212,39.7877561],[30.4014198,39.7888436],[30.399535,39.7898543],[30.397471,39.7908712],[30.3949197,39.791951],[30.3924311,39.7929],[30.3898055,39.7938763],[30.3719389,39.7997021],[30.3681277,39.800829],[30.3646146,39.801769],[30.3625315,39.8022608],[30.3567413,39.8037238],[30.3551288,39.8041813],[30.3530411,39.8048349],[30.3512174,39.8054544],[30.3453964,39.8077351],[30.3063387,39.8233222],[30.3034097,39.8243625],[30.3018418,39.8248348],[30.2999396,39.8253341],[30.2984141,39.8256765],[30.2961019,39.8261044],[30.2946331,39.8263284],[30.2931944,39.8265029],[30.2821844,39.8275739],[30.2442194,39.8311393],[30.240828,39.8315324],[30.2389093,39.8318403],[30.2356792,39.8325036],[30.220827,39.8362911],[30.2173815,39.837018],[30.2144879,39.8374684],[30.2125485,39.837692],[30.2051884,39.8383651],[30.1284276,39.8452542],[30.1272186,39.8453878],[30.1237475,39.8458897],[30.12111,39.8464161],[30.1191293,39.8468936],[30.1180614,39.8471778],[30.1156812,39.8479022],[30.1133568,39.8487307],[30.0990464,39.8545067],[30.0632092,39.8708079],[30.0575198,39.8732965],[30.0385458,39.8825521],[30.0334279,39.8850779],[30.0320629,39.8857895],[30.0303823,39.8867306],[30.0286356,39.8877652],[30.0271393,39.8887601],[30.0255413,39.8899013],[30.0241451,39.8909277],[30.0226307,39.8921171],[30.0209265,39.8935919],[29.9995438,39.9185767],[29.9933018,39.9261274],[29.9924801,39.9272267],[29.9918002,39.928497],[29.9903508,39.9319418],[29.9871199,39.9431272],[29.9868051,39.9456671],[29.9868912,39.9486478],[29.9873629,39.9516721],[29.9888038,39.9576282],[29.9904598,39.9641647],[29.9920246,39.9699551],[29.9923941,39.9712168],[29.9926892,39.9720452],[29.9930736,39.9730498],[29.9938527,39.9749242],[29.9951702,39.9772352],[30.0009645,39.9868593],[30.0020341,39.9885546],[30.0034052,39.9906515],[30.0036161,39.9908939],[30.0037315,39.9911136],[30.004413,39.9919544],[30.0056834,39.9934152],[30.0061115,39.993993],[30.0063066,39.9944293],[30.0063958,39.9948433],[30.006408,39.9950697],[30.0063577,39.9954763],[30.0061163,39.9964708],[30.0060734,39.9968201],[30.006178,39.9974869],[30.006267,39.9977633],[30.0065059,39.9982163],[30.0093696,40.0021188],[30.0098956,40.0027603],[30.010104,40.0029609],[30.0106466,40.0033047],[30.0112541,40.0035688],[30.0165501,40.0053059],[30.0170061,40.0054918],[30.0175411,40.0057787],[30.0180392,40.0061346],[30.0183765,40.0064003],[30.0186507,40.0066908],[30.0192239,40.0074856],[30.0194761,40.008174],[30.019591,40.0087742],[30.019601,40.0090611],[30.0194295,40.0100527],[30.018256,40.0126966],[30.0181988,40.0130499],[30.0182052,40.0135535],[30.0184108,40.0142047],[30.0187142,40.0146669],[30.0189254,40.0149027],[30.0193007,40.015207],[30.0198334,40.0155256],[30.0233361,40.0172684],[30.0238388,40.0176084],[30.0240322,40.017786],[30.0245888,40.0184606],[30.0266374,40.0214314],[30.0268096,40.0217802],[30.0269134,40.0220825],[30.026975,40.0224919],[30.0269671,40.0227618],[30.0269029,40.0231433],[30.0254659,40.0294232],[30.0252435,40.0309056],[30.025083,40.0313654],[30.0248204,40.0318251],[30.0246109,40.0321012],[30.0242118,40.0324854],[30.0236583,40.0328717],[30.0223466,40.0336515],[30.0218233,40.0340489],[30.0198979,40.0360824],[30.0197051,40.0363223],[30.0195207,40.0366344],[30.0194138,40.0368884],[30.0189417,40.0383342],[30.0188748,40.0387909],[30.0188751,40.0391242],[30.019047,40.0407674],[30.0189705,40.0412676],[30.0187831,40.041736],[30.0185987,40.0420327],[30.01769,40.0430389],[30.0174877,40.0433664],[30.0173092,40.0438623],[30.0172422,40.0443335],[30.0170967,40.0465308],[30.0170935,40.0468219],[30.0171295,40.0470748],[30.0172669,40.0474994],[30.017545,40.0480153],[30.018246,40.0488001],[30.0184902,40.0491217],[30.0186123,40.0493444],[30.0187769,40.0498907],[30.0189428,40.0506221],[30.0199144,40.0528108],[30.0201617,40.0537299],[30.0204938,40.054587],[30.0205961,40.0550169],[30.0205921,40.055261],[30.0205002,40.0555127],[30.0203391,40.0557758],[30.0179335,40.0584625],[30.0173507,40.059063],[30.0168258,40.0597757],[30.0166518,40.0601201],[30.0164655,40.060746],[30.01655,40.0619742],[30.0164034,40.0626485],[30.0162123,40.0631544],[30.0149375,40.0649884],[30.0143576,40.0659389],[30.0142286,40.0663767],[30.0141956,40.0666766],[30.0144198,40.0693594],[30.0144431,40.0700155],[30.0146576,40.0717684],[30.0145824,40.0728746],[30.0145217,40.0731417],[30.0143892,40.0735016],[30.014036,40.074044],[30.0129827,40.0751873],[30.0125323,40.0759128],[30.0119576,40.0773138],[30.0110645,40.078875],[30.0106701,40.0797393],[30.0098223,40.0813969],[30.0096973,40.0820536],[30.0095489,40.0825794],[30.0092335,40.0832129],[30.0091377,40.0834688],[30.0089324,40.0846894],[30.0087215,40.0851598],[30.0084117,40.0855516],[30.0082184,40.0858578],[30.0078911,40.0861561],[30.007529,40.0863969],[30.0062781,40.0870959],[30.0052875,40.087498],[30.0039385,40.0878836],[30.0032776,40.0881594],[30.0027883,40.0885271],[30.0009172,40.0902147],[30.0003235,40.090614],[29.9996327,40.0909211],[29.998878,40.0911126],[29.9973602,40.0913273],[29.9966257,40.0913506],[29.9958575,40.0912632],[29.994908,40.0909257],[29.9946697,40.0908025],[29.9941616,40.0904167],[29.9938807,40.0901537],[29.9936564,40.089857],[29.9934763,40.0894915],[29.9930332,40.0882766],[29.9927451,40.0878904],[29.9924103,40.0875828],[29.9919596,40.0872636],[29.9916414,40.0870874],[29.9908164,40.086822],[29.9903736,40.0867533],[29.9898579,40.0867234],[29.9891926,40.0867631],[29.9884815,40.0869418],[29.9878087,40.0872331],[29.987308,40.0876202],[29.9871039,40.0878278],[29.9865647,40.0884682],[29.9863634,40.0887812],[29.9862576,40.0891221],[29.9863192,40.0897251],[29.9863874,40.0900059],[29.9864963,40.0902635],[29.9876072,40.0923803],[29.987853,40.0927376],[29.9882877,40.0932092],[29.989235,40.0939084],[29.9897365,40.0943552],[29.9901483,40.0950819],[29.9902816,40.0954413],[29.9904631,40.0957958],[29.9911459,40.0966074],[29.9924028,40.0978968],[29.9929796,40.0983724],[29.9942595,40.099311],[29.9945228,40.0995579],[29.9948662,40.1000306],[29.9950085,40.1003893],[29.9950554,40.1008023],[29.9951438,40.101164],[29.9951409,40.1014848],[29.9950854,40.1017147],[29.9948034,40.1024244],[29.9946136,40.1031103],[29.9946171,40.1036741],[29.9947124,40.1040504],[29.9950014,40.1045571],[29.9952092,40.1048191],[29.995512,40.1051092],[29.9966085,40.1059064],[29.9969834,40.1062627],[29.9971889,40.1065383],[29.9974186,40.1070101],[29.9975403,40.1074667],[29.9978203,40.1090178],[29.9981019,40.109906],[29.9988214,40.1116339],[29.9999087,40.1137558],[30.0012226,40.1166065],[30.0016451,40.1177357],[30.0018007,40.1184141],[30.002164,40.1197256],[30.0025919,40.1216943],[30.0029272,40.1228306],[30.0037641,40.1249035],[30.0065699,40.1305921],[30.0075835,40.1333042],[30.0088344,40.1357175],[30.0075835,40.1333042],[30.0065699,40.1305921],[30.0037641,40.1249035],[30.0029272,40.1228306],[30.0025919,40.1216943],[30.002164,40.1197256],[30.0018007,40.1184141],[30.0016451,40.1177357],[30.0012226,40.1166065],[29.9999087,40.1137558],[29.9988214,40.1116339],[29.9981019,40.109906],[29.9978203,40.1090178],[29.9975403,40.1074667],[29.9974186,40.1070101],[29.9971889,40.1065383],[29.9969834,40.1062627],[29.9966085,40.1059064],[29.995512,40.1051092],[29.9952092,40.1048191],[29.9950014,40.1045571],[29.9947124,40.1040504],[29.9946171,40.1036741],[29.9946136,40.1031103],[29.9948034,40.1024244],[29.9950854,40.1017147],[29.9951409,40.1014848],[29.9951438,40.101164],[29.9950554,40.1008023],[29.9950085,40.1003893],[29.9948662,40.1000306],[29.9945228,40.0995579],[29.9942595,40.099311],[29.9929796,40.0983724],[29.9924028,40.0978968],[29.9911459,40.0966074],[29.9904631,40.0957958],[29.9902816,40.0954413],[29.9901483,40.0950819],[29.9897365,40.0943552],[29.989235,40.0939084],[29.9882877,40.0932092],[29.987853,40.0927376],[29.9876072,40.0923803],[29.9864963,40.0902635],[29.9863874,40.0900059],[29.9863192,40.0897251],[29.9862576,40.0891221],[29.9863634,40.0887812],[29.9865647,40.0884682],[29.9869037,40.0880522],[29.987308,40.0876202],[29.9878087,40.0872331],[29.9884815,40.0869418],[29.9891926,40.0867631],[29.9898579,40.0867234],[29.9903736,40.0867533],[29.9908164,40.086822],[29.9916414,40.0870874],[29.9919596,40.0872636],[29.9924103,40.0875828],[29.9927451,40.0878904],[29.9930332,40.0882766],[29.9934763,40.0894915],[29.9936564,40.089857],[29.9938807,40.0901537],[29.9941616,40.0904167],[29.9946697,40.0908025],[29.9951787,40.0910364],[29.9958575,40.0912632],[29.9966257,40.0913506],[29.9973602,40.0913273],[29.998878,40.0911126],[29.9996327,40.0909211],[30.0003235,40.090614],[30.0009172,40.0902147],[30.0027883,40.0885271],[30.0032776,40.0881594],[30.0039385,40.0878836],[30.0052875,40.087498],[30.0062781,40.0870959],[30.007529,40.0863969],[30.0078911,40.0861561],[30.0082184,40.0858578],[30.0084117,40.0855516],[30.0087215,40.0851598],[30.0089324,40.0846894],[30.0091377,40.0834688],[30.0092335,40.0832129],[30.0095489,40.0825794],[30.0096973,40.0820536],[30.0098223,40.0813969],[30.0106701,40.0797393],[30.0110645,40.078875],[30.0119576,40.0773138],[30.0125323,40.0759128],[30.0129827,40.0751873],[30.014036,40.074044],[30.0143892,40.0735016],[30.0145217,40.0731417],[30.0145824,40.0728746],[30.0146576,40.0717684],[30.0144431,40.0700155],[30.0144198,40.0693594],[30.0141956,40.0666766],[30.0142286,40.0663767],[30.0143576,40.0659389],[30.0149375,40.0649884],[30.0162123,40.0631544],[30.0164034,40.0626485],[30.01655,40.0619742],[30.0164655,40.060746],[30.0166518,40.0601201],[30.0168258,40.0597757],[30.0173507,40.059063],[30.0179335,40.0584625],[30.0203391,40.0557758],[30.0205002,40.0555127],[30.0205921,40.055261],[30.0205961,40.0550169],[30.0204938,40.054587],[30.0201617,40.0537299],[30.0199144,40.0528108],[30.0189428,40.0506221],[30.0187769,40.0498907],[30.0186123,40.0493444],[30.0184902,40.0491217],[30.018246,40.0488001],[30.017545,40.0480153],[30.0172669,40.0474994],[30.0171295,40.0470748],[30.0170935,40.0468219],[30.0170967,40.0465308],[30.0172422,40.0443335],[30.0173092,40.0438623],[30.0174877,40.0433664],[30.01769,40.0430389],[30.0185987,40.0420327],[30.0187831,40.041736],[30.0189705,40.0412676],[30.019047,40.0407674],[30.0188751,40.0391242],[30.0188748,40.0387909],[30.0189417,40.0383342],[30.0194138,40.0368884],[30.0195207,40.0366344],[30.0197051,40.0363223],[30.0198979,40.0360824],[30.0218233,40.0340489],[30.0223466,40.0336515],[30.0236583,40.0328717],[30.0242118,40.0324854],[30.0246109,40.0321012],[30.0248204,40.0318251],[30.025083,40.0313654],[30.0252435,40.0309056],[30.0254659,40.0294232],[30.0269029,40.0231433],[30.0269671,40.0227618],[30.026975,40.0224919],[30.0269134,40.0220825],[30.0268096,40.0217802],[30.0266374,40.0214314],[30.0245888,40.0184606],[30.0241974,40.0179595],[30.0238388,40.0176084],[30.0233361,40.0172684],[30.0215749,40.0163871],[30.0220363,40.0166607],[30.0229284,40.0170989],[30.0235306,40.0174368],[30.0239839,40.0178066],[30.0241528,40.0179842],[30.0245337,40.0184834],[30.0265869,40.0214382],[30.0267707,40.0217966],[30.0268659,40.0221201],[30.0269155,40.0225556],[30.0268525,40.0231348],[30.0254161,40.0294116],[30.0251949,40.0308944],[30.0251278,40.0311234],[30.0249092,40.0315978],[30.024582,40.032066],[30.0239557,40.0326216],[30.0222981,40.0336319],[30.0217724,40.034014],[30.0191814,40.0367802],[30.0166654,40.0395422],[30.0157964,40.0408647],[30.0152278,40.0420967],[30.0149059,40.0433945],[30.0147128,40.0452014],[30.0148201,40.046803],[30.0151741,40.0487741],[30.0171061,40.0526275],[30.0186859,40.0544717],[30.0207048,40.0557793],[30.0233534,40.0567564],[30.0242457,40.0572983],[30.0247195,40.0578186],[30.0251969,40.0584687],[30.0255119,40.0591525],[30.0252113,40.0663862],[30.0248682,40.0702343],[30.0245366,40.0718632],[30.0237877,40.0737956],[30.0227707,40.075655],[30.0215598,40.0774016],[30.0191802,40.0806189],[30.018621,40.0815783],[30.0100138,40.0930179],[30.0081293,40.0955654],[30.0064696,40.097988],[30.0062599,40.0983294],[30.0047327,40.1012193],[30.0034699,40.1038908],[30.0029459,40.1053286],[30.0024871,40.1069878],[30.002389,40.107508],[30.001868,40.1131439],[30.0018932,40.1142862],[30.0020711,40.1172796],[30.0022391,40.1186383],[30.0025517,40.1201928],[30.0027773,40.1210711],[30.0041456,40.125077],[30.0047451,40.1264558],[30.0107383,40.1384748],[30.0119057,40.1408976],[30.0126407,40.1426089],[30.0132023,40.1441518],[30.0138187,40.1462711],[30.0140297,40.1471443],[30.0143651,40.1489739],[30.0148217,40.1573539],[30.0151436,40.1623388],[30.0153391,40.1659379],[30.015732,40.1717906],[30.0162792,40.1748074],[30.0176525,40.1792996],[30.0206995,40.1871356],[30.0230061,40.1925613],[30.0278115,40.2029783],[30.0293672,40.2065319],[30.0312678,40.2106515],[30.0327587,40.2140455],[30.0329726,40.2145931],[30.0336566,40.2168206],[30.034045,40.2182632],[30.0343339,40.2196784],[30.0345259,40.2212221],[30.0346138,40.2228219],[30.0346058,40.2243811],[30.0345463,40.2253606],[30.0343851,40.2259345],[30.0332703,40.2316971],[30.0321592,40.2361434],[30.0319311,40.2375254],[30.0317282,40.2393757],[30.0316709,40.2402918],[30.0316849,40.2534551],[30.0317156,40.2560625],[30.0317931,40.2578646],[30.032072,40.2603864],[30.032587,40.2635466],[30.0337672,40.2675254],[30.0355482,40.2725026],[30.0374579,40.2777004],[30.038563,40.2803196],[30.0397003,40.2827096],[30.0406444,40.2845102],[30.0418138,40.2863189],[30.0441132,40.2894447],[30.0451966,40.2908475],[30.0472051,40.2930818],[30.0486477,40.2946354],[30.0531577,40.2990733],[30.0543136,40.3002761],[30.0555367,40.301451],[30.0572781,40.3034678],[30.0581167,40.3045199],[30.0593609,40.3063856],[30.0605498,40.3082836],[30.0609685,40.3092718],[30.0619948,40.3111861],[30.0627994,40.3133459],[30.0640333,40.3178371],[30.0644631,40.3198868],[30.0647199,40.3225161],[30.0646663,40.3238781],[30.0645005,40.3254143],[30.0644399,40.3264928],[30.0640362,40.3291477],[30.0638105,40.3304322],[30.0634321,40.332088],[30.0630851,40.3331838],[30.0626473,40.3343843],[30.0620914,40.3357691],[30.0611325,40.3377554],[30.0606363,40.3386804],[30.0595646,40.3404883],[30.0499682,40.3554105],[30.0466742,40.3605994],[30.0453121,40.3626492],[30.0440466,40.3646829],[30.0400731,40.3708005],[30.0389828,40.3725133],[30.0377798,40.3745605],[30.033617,40.3810173],[30.0314069,40.3851281],[30.0297439,40.3890551],[30.0292331,40.3904039],[30.0288641,40.3920169],[30.0286793,40.3936485],[30.0287246,40.3952445],[30.0291303,40.3974295],[30.0297833,40.3998032],[30.030868,40.4035517],[30.0322759,40.4070179],[30.0329303,40.4084558],[30.0338852,40.4101059],[30.0344784,40.4112867],[30.0359194,40.4135877],[30.0367807,40.4146089],[30.0387221,40.4166339],[30.0421545,40.4203165],[30.0434969,40.4218087],[30.0448917,40.4234635],[30.0461483,40.4252189],[30.0468416,40.4263861],[30.0480399,40.4288122],[30.0487004,40.4303834],[30.0489901,40.431174],[30.0495312,40.4329859],[30.0498919,40.434572],[30.0501044,40.4358227],[30.0503713,40.4377389],[30.0516033,40.4474701],[30.0532836,40.4590019],[30.0536719,40.4612665],[30.0540139,40.4627766],[30.0543854,40.4640867],[30.0548081,40.4653929],[30.0554314,40.466965],[30.0561697,40.4685588],[30.0571373,40.470388],[30.0577784,40.4714357],[30.0591939,40.4734996],[30.0598442,40.4743847],[30.0604419,40.4751152],[30.0614214,40.4762422],[30.0626573,40.4775517],[30.0646783,40.4794633],[30.0661764,40.4807262],[30.0669664,40.4813433],[30.0687149,40.4826132],[30.0699033,40.4833967],[30.071154,40.4841796],[30.0737279,40.4856242],[30.0757653,40.4866261],[30.0778179,40.4875288],[30.0797232,40.48827],[30.0808977,40.4886834],[30.0833237,40.4894626],[30.0845678,40.4898135],[30.0862581,40.4902388],[30.0880164,40.4906402],[30.0908017,40.4911424],[30.0937242,40.4915401],[30.1332799,40.4948681],[30.1371959,40.4951424],[30.1410314,40.495326],[30.1702052,40.4963229],[30.1734012,40.4965243],[30.1761338,40.4967897],[30.1811103,40.4974371],[30.2058703,40.5007807],[30.2099861,40.5012014],[30.2174046,40.5018382],[30.2197985,40.5021095],[30.2215245,40.5023791],[30.2233441,40.5027316],[30.2251852,40.5031523],[30.2269682,40.5036232],[30.2288956,40.5042263],[30.2305234,40.5047978],[30.2327732,40.5057037],[30.2338533,40.5061968],[30.2347679,40.5066291],[30.2367058,40.5076447],[30.2416492,40.5104374],[30.2436546,40.5115206],[30.245474,40.5124339],[30.2468887,40.513082],[30.2480073,40.5135739],[30.250314,40.5144952],[30.2536695,40.5156354],[30.2567878,40.5165241],[30.2587413,40.5169992],[30.2609691,40.5174522],[30.2704266,40.5191466],[30.273896,40.5199204],[30.2755952,40.5203629],[30.2772903,40.5208542],[30.2796319,40.5215995],[30.2816478,40.5223221],[30.2836239,40.5231124],[30.2864985,40.5244087],[30.2883568,40.5253434],[30.2897934,40.5261227],[30.2912826,40.526985],[30.2935499,40.5284234],[30.2943397,40.5289565],[30.2956621,40.5299157],[30.2967379,40.5307519],[30.3030758,40.5364127],[30.3320256,40.5614612],[30.3327423,40.5622047],[30.3341951,40.5639123],[30.337691,40.5692359],[30.3382675,40.5701929],[30.3394404,40.5725729],[30.340094,40.5740705],[30.3405865,40.5754193],[30.3408543,40.5763724],[30.3412511,40.5780012],[30.3416629,40.5799647],[30.3420748,40.5823284],[30.3422448,40.5845353],[30.3421955,40.585461],[30.3419479,40.5867939],[30.3412641,40.5891462],[30.3314732,40.6161536],[30.3314315,40.6162488],[30.3309356,40.6168827],[30.3296505,40.6182923],[30.3294729,40.618556],[30.3292991,40.6188957],[30.3291615,40.6194079],[30.3291192,40.6198692],[30.3291714,40.620249],[30.3292924,40.6206778],[30.3294786,40.6210618],[30.3303102,40.6222082],[30.3312013,40.6232791],[30.3316388,40.6238554],[30.3324173,40.6247557],[30.3335084,40.6259107],[30.3337717,40.6262439],[30.3360271,40.6286351],[30.3366035,40.629447],[30.3367792,40.6297877],[30.3375096,40.6316313],[30.3375951,40.6319546],[30.3376184,40.6321941],[30.3376012,40.6325824],[30.3375341,40.6329997],[30.3372592,40.634064],[30.3372212,40.6344322],[30.3372884,40.634874],[30.3377511,40.6367897],[30.3378011,40.6371636],[30.3377903,40.6378064],[30.3375085,40.6393061],[30.3374714,40.6396138],[30.3374819,40.6398515],[30.3375136,40.6400699],[30.3376562,40.6405451],[30.3379113,40.6409537],[30.3381042,40.6411803],[30.3410647,40.6439488],[30.3419391,40.6446388],[30.342791,40.6451661],[30.343186,40.6453606],[30.3440196,40.6457],[30.3517807,40.648024],[30.3528589,40.6483888],[30.3540284,40.6489315],[30.3550097,40.6495768],[30.3553515,40.6498556],[30.3560218,40.6505305],[30.361405,40.6577052],[30.3619209,40.6584765],[30.3623401,40.6592597],[30.3628263,40.6603667],[30.3631479,40.6613258],[30.3633351,40.6621012],[30.3634358,40.6626676],[30.3635341,40.6637531],[30.3635224,40.6649009],[30.3634402,40.6656295],[30.3632636,40.6664708],[30.3630441,40.6673061],[30.3626316,40.6683688],[30.3622091,40.6692585],[30.3587297,40.6750149],[30.3585702,40.6753516],[30.3583472,40.6760494],[30.3582545,40.6768382],[30.3582865,40.6772473],[30.3583689,40.6776764],[30.3585516,40.6781703],[30.358734,40.6785588],[30.3592673,40.6793346],[30.3623369,40.6828849],[30.3627448,40.6834088],[30.3631141,40.6839636],[30.3635473,40.6848679],[30.3637761,40.685592],[30.3673854,40.7087607],[30.367312,40.7095663],[30.3671219,40.7101397],[30.3668568,40.7106336],[30.3665677,40.7110464],[30.3660526,40.7116279],[30.3658169,40.7118295],[30.3651711,40.7122531],[30.3647196,40.7124839],[30.3638586,40.7128193],[30.3634375,40.7129495],[30.3630164,40.7130369],[30.3623338,40.7131304],[30.3615761,40.7131609],[30.3593341,40.7131384],[30.3582354,40.7132276],[30.3574794,40.7132529],[30.3526845,40.7131995],[30.3508019,40.7130578],[30.3306845,40.7128384],[30.3288536,40.7127443],[30.32714,40.712481],[30.3256782,40.7120958],[30.3246538,40.7117093],[30.3237625,40.7112948],[30.3207137,40.7096734],[30.3198843,40.7090545],[30.3191872,40.7083427],[30.3185769,40.7075951],[30.3181479,40.7071461],[30.3176451,40.7066629],[30.3169847,40.7061882],[30.3162734,40.7057713],[30.3156724,40.7054954],[30.3128677,40.7045916],[30.312354,40.7043622],[30.311101,40.7037136],[30.3104982,40.7032757],[30.3090692,40.701965],[30.3085611,40.7015341],[30.3077725,40.70094],[30.3065375,40.700222],[30.3055853,40.6998008],[30.3048076,40.6994991],[30.3031955,40.6989442],[30.3017694,40.6985246],[30.3001559,40.6981909],[30.2991323,40.6980354],[30.2976338,40.6978865],[30.2970415,40.6978627],[30.295664,40.6978396],[30.29309,40.6978746],[30.2923166,40.6978584],[30.2911365,40.697742],[30.2901323,40.6975156],[30.2892122,40.6971703],[30.288435,40.6967737],[30.288013,40.6965074],[30.2872935,40.6959431],[30.2855857,40.6943462],[30.2849634,40.693888],[30.284515,40.6936207],[30.2836781,40.6932165],[30.2828119,40.6929224],[30.2822631,40.6927865],[30.2798519,40.6923524],[30.2785831,40.692245],[30.2777201,40.6922436],[30.2772672,40.6922754],[30.276314,40.6924545],[30.2747959,40.692846],[30.2714351,40.6936307],[30.2706787,40.6937919],[30.2698444,40.6939108],[30.2591569,40.6963973],[30.2567006,40.6968545],[30.2539632,40.6974983],[30.2522948,40.6978521],[30.2490467,40.6983992],[30.2390823,40.6998348],[30.235759,40.7002435],[30.1980713,40.7027772],[30.1962026,40.7029079],[30.194312,40.7030934],[30.1433218,40.709468],[30.1412514,40.709668],[30.1387891,40.7098083],[30.136072,40.7098693],[30.1026517,40.7101763],[30.101096,40.710221],[30.0994468,40.7102938],[30.0982244,40.7103933],[30.0960632,40.7106359],[30.0934694,40.7110493],[30.0918943,40.7113619],[30.0907163,40.7116258],[30.0896878,40.7119019],[30.0863249,40.7129012],[30.0856827,40.7131202],[30.0841103,40.7137151],[30.0828354,40.714245],[30.0812276,40.7149843],[30.0795162,40.7158389],[30.0777237,40.7168463],[30.0766634,40.7174835],[30.0749862,40.7186267],[30.0739205,40.719402],[30.070929,40.721913],[30.0687673,40.7238095],[30.0660947,40.7260851],[30.0637176,40.727866],[30.061478,40.7292601],[30.0591817,40.7305403],[30.0272831,40.7465597],[30.0257951,40.7472372],[30.0249929,40.7475533],[30.0241059,40.7478732],[30.0230849,40.7481841],[30.0216948,40.7485556],[30.0207129,40.7487688],[30.018608,40.7491409],[30.0179089,40.7492265],[30.0155562,40.7493842],[30.013711,40.7493826],[30.010367,40.749221],[30.0078609,40.7491947],[30.0057712,40.7491159],[30.0018789,40.7489347],[29.9968626,40.7486211],[29.9880887,40.7481935],[29.9868683,40.7482077],[29.9858378,40.7482584],[29.984259,40.7483983],[29.9824251,40.7486477],[29.9811657,40.7488989],[29.9800007,40.7491728],[29.9791954,40.7493999],[29.9774154,40.7499696],[29.9759997,40.7505191],[29.9751966,40.7508719],[29.9736282,40.7516607],[29.972498,40.7523099],[29.9644885,40.7574413],[29.9596775,40.7604605],[29.9587369,40.7609918],[29.9576828,40.7614665],[29.9562762,40.7619434],[29.9554923,40.7621418],[29.9547654,40.7622812],[29.9535856,40.762434],[29.9526577,40.7624948],[29.9513991,40.7624936],[29.9467238,40.7622525],[29.9328067,40.7613695],[29.9314579,40.7613109],[29.9224033,40.7611373],[29.9208946,40.761244],[29.9150318,40.761806],[29.9142722,40.7618616],[29.9136003,40.7618535],[29.9129729,40.761775],[29.9122131,40.7616193],[29.9109866,40.7612557],[29.9084987,40.7606562],[29.9075125,40.7605204],[29.9066899,40.7605022],[29.9057207,40.7605557],[29.889349,40.7625094],[29.8876431,40.7626044],[29.8860051,40.7625391],[29.8848968,40.7624115],[29.8835185,40.762168],[29.8672087,40.7590884],[29.8660295,40.7588144],[29.8577534,40.7565401],[29.8565108,40.7562501],[29.8557438,40.7561125],[29.8547861,40.7560063],[29.8537976,40.7559692],[29.8391948,40.7557452],[29.8382956,40.755704],[29.8373642,40.7555795],[29.8364436,40.7553504],[29.8356618,40.7550686],[29.8289667,40.7521182],[29.8282602,40.7518822],[29.8272715,40.7516559],[29.8266154,40.7515733],[29.8256112,40.751525],[29.8247803,40.7515637],[29.8219436,40.751829],[29.8210146,40.7518485],[29.8201215,40.7517846],[29.8191214,40.7516571],[29.8127123,40.7506702],[29.8099804,40.7501914],[29.8072702,40.7495885],[29.8059817,40.7493744],[29.7962849,40.7489205],[29.7953099,40.7488526],[29.7941849,40.7487115],[29.7936473,40.7485945],[29.7907542,40.7478279],[29.789831,40.7476674],[29.7889832,40.7475765],[29.7853068,40.7474455],[29.7816339,40.747041],[29.7806861,40.7470309],[29.779748,40.7470965],[29.7788019,40.7472501],[29.7778845,40.7474769],[29.7770026,40.7477877],[29.7762136,40.7481505],[29.7754361,40.7486099],[29.7747535,40.7491264],[29.7741663,40.749701],[29.7736789,40.7503109],[29.772411,40.7523012],[29.771913,40.7529068],[29.7713184,40.7534785],[29.7706445,40.7539978],[29.7699875,40.7543957],[29.7692658,40.7547559],[29.7684467,40.7550603],[29.7675283,40.7553184],[29.7666203,40.755488],[29.7656617,40.7556142],[29.7622427,40.7559216],[29.7608232,40.7561157],[29.7599228,40.7563221],[29.7592255,40.7565568],[29.7584527,40.7568864],[29.7576664,40.7573101],[29.7570249,40.7577578],[29.7562074,40.7584991],[29.7531349,40.7620701],[29.7525967,40.7626475],[29.7515735,40.7635219],[29.7488538,40.7653046],[29.7431341,40.7689981],[29.7427155,40.7692427],[29.741415,40.7698641],[29.7368453,40.7718041],[29.7357359,40.7722578],[29.7349642,40.7725126],[29.734543,40.7726178],[29.7335176,40.7727905],[29.7327878,40.7728359],[29.7319553,40.7728263],[29.7235979,40.7720789],[29.7224206,40.7720529],[29.7218347,40.772093],[29.7205872,40.7723012],[29.7201461,40.7724186],[29.7193964,40.772681],[29.718456,40.7731191],[29.7129494,40.775891],[29.7123327,40.7761721],[29.711878,40.7763495],[29.7111722,40.7765671],[29.7100871,40.7768222],[29.7082297,40.7770276],[29.6909541,40.7779112],[29.6896457,40.7780436],[29.6858405,40.7785317],[29.6850725,40.7785858],[29.6840588,40.7785976],[29.6770714,40.7783545],[29.6760782,40.7783488],[29.6682092,40.778613],[29.661867,40.7785722],[29.6605602,40.778512],[29.6563535,40.7781574],[29.6525529,40.778159],[29.6481926,40.7779047],[29.6469664,40.7777877],[29.6463534,40.7776991],[29.64248,40.7768949],[29.63854,40.7762176],[29.6379895,40.7761388],[29.6372375,40.7760887],[29.6362466,40.7761179],[29.6340278,40.7763821],[29.6330918,40.7765783],[29.6324921,40.7767618],[29.6318859,40.7769949],[29.6312173,40.7773444],[29.6305739,40.777764],[29.6299955,40.7782463],[29.6269442,40.7810337],[29.62605,40.7817783],[29.6253982,40.7821926],[29.6246445,40.7825399],[29.6238828,40.7828222],[29.6231068,40.7830108],[29.6210975,40.7833667],[29.6187588,40.7839616],[29.6175782,40.7841108],[29.616454,40.7841194],[29.6158192,40.7840557],[29.6148926,40.7838953],[29.612034,40.783097],[29.6109558,40.7828253],[29.6093155,40.7825198],[29.6085389,40.7823498],[29.6078807,40.7821568],[29.6071889,40.7819006],[29.6058201,40.7812087],[29.6032958,40.7797446],[29.6028928,40.7795478],[29.6013865,40.7789832],[29.5995704,40.7785155],[29.5982929,40.7780767],[29.5925462,40.7751145],[29.5888696,40.7734003],[29.5875042,40.7727862],[29.5864097,40.7723352],[29.5842888,40.7716342],[29.582984,40.7711273],[29.582172,40.7707024],[29.5802572,40.7694879],[29.5797915,40.7692323],[29.578943,40.768835],[29.5780163,40.7685118],[29.5770664,40.7682794],[29.5741249,40.7678724],[29.5735786,40.7678273],[29.5726591,40.767799],[29.5716239,40.7678536],[29.5710843,40.7679203],[29.5699956,40.7681406],[29.5561476,40.7720675],[29.5553235,40.7722682],[29.5544942,40.772397],[29.5536367,40.7724702],[29.5523468,40.772425],[29.5510913,40.7722207],[29.5502406,40.7719774],[29.5485315,40.7713159],[29.5476631,40.7710163],[29.5467494,40.7707967],[29.5460989,40.7706835],[29.543303,40.7703528],[29.5392684,40.7697722],[29.5376692,40.7696127],[29.5353943,40.7695843],[29.5344887,40.769654],[29.5304448,40.7704014],[29.5298906,40.770466],[29.5289027,40.7705136],[29.5281799,40.7704915],[29.5274358,40.7704239],[29.5263801,40.7702619],[29.5259196,40.770167],[29.5227085,40.7692724],[29.5215207,40.7690477],[29.5201486,40.7690072],[29.5195191,40.7690455],[29.5188345,40.7691331],[29.5182776,40.7692325],[29.5176738,40.769405],[29.5169688,40.769671],[29.5161814,40.7700265],[29.5155805,40.7704049],[29.5148537,40.7710001],[29.5135519,40.7724321],[29.5130183,40.7729424],[29.5083089,40.7767006],[29.5054164,40.7788205],[29.5045096,40.7793369],[29.5041477,40.7794976],[29.5031722,40.7798451],[29.5022378,40.7800369],[29.5013997,40.7801299],[29.4999045,40.7801139],[29.4969928,40.7799292],[29.4956833,40.7799696],[29.4946673,40.7800915],[29.4939831,40.7802132],[29.4915559,40.780753],[29.4905602,40.7808718],[29.4900137,40.7809003],[29.4889647,40.7808859],[29.4884377,40.7808135],[29.4876103,40.7806443],[29.4871061,40.7804801],[29.4859203,40.7799204],[29.4849664,40.7794178],[29.4832405,40.7786123],[29.48184,40.7781623],[29.4810304,40.7779701],[29.4745312,40.7766517],[29.4737108,40.7764325],[29.4728943,40.7761324],[29.4724887,40.7759405],[29.471711,40.7755207],[29.470297,40.7746662],[29.4695812,40.7742893],[29.4683019,40.7737664],[29.4678168,40.7736301],[29.4671971,40.773505],[29.4663326,40.7733972],[29.465602,40.7733642],[29.462569,40.773442],[29.461568,40.7733991],[29.4606823,40.773258],[29.4570559,40.7724354],[29.4558093,40.7722236],[29.4541737,40.7721257],[29.4487335,40.7719491],[29.4476755,40.7719593],[29.4466211,40.7720422],[29.4395271,40.7731495],[29.4359107,40.7738736],[29.4348014,40.7741648],[29.4337295,40.774515],[29.4327003,40.7749364],[29.4316861,40.7754204],[29.4307761,40.7759466],[29.4243545,40.7802469],[29.423621,40.7806322],[29.4227915,40.7810122],[29.4219627,40.7813392],[29.4207383,40.7816563],[29.4191521,40.7818497],[29.4172238,40.7819747],[29.4162638,40.7821296],[29.4158391,40.7822436],[29.4083163,40.7845912],[29.4039356,40.7859991],[29.4032003,40.7862795],[29.4054012,40.785581],[29.3980762,40.7879056],[29.3970074,40.7882685],[29.3961015,40.7886533],[29.3952491,40.7891115],[29.3943574,40.7896834],[29.3712627,40.8050351],[29.370763,40.8053554],[29.3697978,40.8058781],[29.3687676,40.8063371],[29.3678052,40.8066904],[29.3666993,40.807012],[29.366131,40.8071386],[29.3594043,40.8084622],[29.3510537,40.8100545],[29.3487818,40.8103363],[29.3460906,40.8106069],[29.3448644,40.8108167],[29.3413991,40.8118889],[29.3406639,40.8121655],[29.3402334,40.8123674],[29.3392927,40.8129168],[29.3388321,40.8132503],[29.3305823,40.8196683],[29.3301182,40.8200783],[29.3297927,40.8204284],[29.3291059,40.821351],[29.328674,40.8222448],[29.3284242,40.8229989],[29.3280328,40.8245219],[29.3278589,40.8249271],[29.3276308,40.8253491],[29.3272878,40.8258874],[29.3268738,40.8263677],[29.3264567,40.8267771],[29.3244852,40.8283637],[29.3221677,40.8299861],[29.3207891,40.8310234],[29.3154985,40.8345629],[29.3126082,40.8367574],[29.3128525,40.8365191],[29.3074833,40.8405948],[29.3070066,40.8408879],[29.303839,40.842658],[29.3031158,40.843125],[29.3026385,40.8434844],[29.301626,40.8443293],[29.2999418,40.8456201],[29.2990467,40.8463584],[29.2980078,40.8471405],[29.2968987,40.8479003],[29.2961617,40.8485712],[29.2958315,40.8489298],[29.2930591,40.8522665],[29.2914877,40.8542174],[29.2909703,40.8547328],[29.2903326,40.855262],[29.2892142,40.8559284],[29.2884778,40.8562581],[29.2870724,40.8566831],[29.286421,40.8568075],[29.2855917,40.8568632],[29.2820594,40.8566993],[29.2803405,40.8567423],[29.2796749,40.8568353],[29.2783941,40.8571166],[29.2771706,40.8575179],[29.2764147,40.8578783],[29.2757481,40.8583104],[29.2747852,40.8590756],[29.2743779,40.8594258],[29.2740482,40.859785],[29.273169,40.8610786],[29.2726102,40.8620067],[29.272107,40.8626634],[29.2709095,40.8636347],[29.2700487,40.8641958],[29.2694047,40.8644698],[29.2650676,40.8660002],[29.264165,40.8663683],[29.2625855,40.8672361],[29.2579544,40.870067],[29.2558683,40.8712981],[29.253943,40.8725271],[29.2532351,40.8729246],[29.2526852,40.8731773],[29.2519326,40.8734692],[29.2459234,40.8753839],[29.2454951,40.8755364],[29.2446725,40.8759105],[29.2442886,40.876108],[29.2433329,40.8767112],[29.239723,40.8793232],[29.2391887,40.8796704],[29.238667,40.87994],[29.2382267,40.8801173],[29.2376876,40.8802644],[29.237063,40.8803747],[29.2364023,40.8804206],[29.2338994,40.8803815],[29.2304691,40.8801443],[29.2286678,40.8799163],[29.22746,40.8798131],[29.2265992,40.8798663],[29.2262519,40.879924],[29.2171913,40.8818195],[29.2161718,40.8820571],[29.2151762,40.882361],[29.2124716,40.8833933],[29.2114188,40.8839208],[29.2089408,40.8852459],[29.2086888,40.8853555],[29.2081296,40.8855217],[29.2074201,40.8856069],[29.2069263,40.8856164],[29.2064381,40.8855739],[29.2043205,40.8850274],[29.2038609,40.8849711],[29.2030277,40.8849503],[29.2025757,40.8849949],[29.2021265,40.8851075],[29.1997112,40.8857726],[29.1990057,40.8860312],[29.1976297,40.8866881],[29.1968305,40.8869679],[29.1962927,40.8870602],[29.1942562,40.887225],[29.193648,40.8873015],[29.1930968,40.8874515],[29.1923672,40.8877832],[29.1899259,40.8892384],[29.1895759,40.8894077],[29.1892137,40.8895273],[29.1885179,40.8896706],[29.1880751,40.8896987],[29.1874958,40.8896795],[29.1869452,40.8895878],[29.1863966,40.8894198],[29.1857221,40.8890941],[29.1842017,40.8881598],[29.1837059,40.8878921],[29.1831615,40.8876922],[29.1825786,40.8875556],[29.1817021,40.8874628],[29.180798,40.8875029],[29.1802406,40.8876269],[29.1796892,40.8878091],[29.1791806,40.8880675],[29.1789577,40.8882195],[29.1783591,40.8887451],[29.1781053,40.8890982],[29.1773567,40.8902909],[29.1756772,40.8933115],[29.175244,40.8938447],[29.174332,40.8947835],[29.1736053,40.8954736],[29.1731251,40.895869],[29.1709364,40.8972781],[29.1691286,40.8987276],[29.167421,40.9002782],[29.1656558,40.9020369],[29.1636149,40.9038963],[29.1627727,40.9046141],[29.1621773,40.90504],[29.1578202,40.9079178],[29.1571939,40.9084023],[29.156758,40.9088847],[29.1552453,40.9108895],[29.1548544,40.9113015],[29.154505,40.9115908],[29.1540629,40.9118821],[29.1534808,40.9121862],[29.1375736,40.9189222],[29.1371101,40.9191507],[29.1351301,40.9200035],[29.132191,40.9212058],[29.131471,40.9215444],[29.1292498,40.9224823],[29.1285952,40.9227943],[29.1282629,40.9229895],[29.1276604,40.9234169],[29.1272335,40.9237957],[29.1241938,40.9267447],[29.1226345,40.9283984],[29.1191604,40.931856],[29.1183548,40.9327445],[29.1154618,40.9362829],[29.1141689,40.937807],[29.1126711,40.9397566],[29.112365,40.9401963],[29.1121355,40.9406649],[29.1120029,40.9411377],[29.1119678,40.9413983],[29.1119912,40.9418853],[29.1121666,40.9433614],[29.1121391,40.943835],[29.112059,40.9441903],[29.1119123,40.9445403],[29.1116179,40.9449816],[29.1112215,40.9453594],[29.1107587,40.9456954],[29.1102207,40.9459634],[29.109626,40.9461558],[29.1093152,40.9462131],[29.1090022,40.9462535],[29.1082517,40.9462526],[29.1071718,40.9462051],[29.1050775,40.9461789],[29.1044435,40.9462489],[29.1038654,40.9464078],[29.1032891,40.9466206],[29.1027776,40.9468977],[29.1023512,40.947258],[29.1011757,40.9483809],[29.1007964,40.9488112],[29.0980681,40.9522343],[29.0977655,40.9525572],[29.0973857,40.9528745],[29.0969646,40.9531389],[29.0965111,40.9533453],[29.0928365,40.9545417],[29.0921872,40.9548804],[29.0916869,40.9552642],[29.0912698,40.9557306],[29.0910023,40.9561937],[29.0908774,40.9565397],[29.0905296,40.9577847],[29.0903071,40.9583057],[29.0900785,40.9586375],[29.0898727,40.9588615],[29.089311,40.9593079],[29.0886649,40.9596355],[29.0879394,40.9598488],[29.0841594,40.9604509],[29.0809968,40.9610646],[29.0806187,40.961186],[29.0801776,40.9613757],[29.0795569,40.9617773],[29.0791858,40.9621291],[29.0788975,40.962519],[29.0786936,40.9629471],[29.0785745,40.9634609],[29.0786027,40.964022],[29.0789772,40.9654318],[29.079045,40.9657975],[29.0790396,40.966265],[29.0789217,40.9667449],[29.0786805,40.967213],[29.0777335,40.9685607],[29.0774389,40.9690612],[29.0758288,40.9727536],[29.0756404,40.9730352],[29.0753587,40.9733444],[29.0748145,40.9737699],[29.067911,40.9784939],[29.0670664,40.9789603],[29.066588,40.9791461],[29.0660111,40.9793117],[29.0652046,40.9794381],[29.064354,40.9794218],[29.0625395,40.979118],[29.0535161,40.977733],[29.052923,40.977695],[29.0518229,40.9777488],[29.0513467,40.9778103],[29.0507947,40.9779346],[29.0502197,40.97813],[29.0493959,40.9784713],[29.0446559,40.9806525],[29.0442359,40.9808877],[29.0438554,40.9811745],[29.0434676,40.9815897],[29.0431697,40.9820954],[29.0419774,40.9854505],[29.0417502,40.985925],[29.0413964,40.9864502],[29.0394024,40.9889095],[29.0375148,40.9911357],[29.0371487,40.991502],[29.0367123,40.991871],[29.0362565,40.9921939],[29.0357535,40.9924947],[29.0330209,40.9939305],[29.0327578,40.9940941],[29.0323919,40.9943978],[29.0321078,40.9947182],[29.0302946,40.9971831],[29.0299248,40.9977898],[29.0298352,40.9980154],[29.0297371,40.9984695],[29.0297394,40.9989551],[29.0297945,40.9993658],[29.0309077,41.0026975],[29.0312685,41.0039185],[29.0312657,41.0043673],[29.0311435,41.0050897],[29.0304705,41.0074267],[29.0290611,41.0131298],[29.0285911,41.0165549],[29.028259,41.0197228],[29.0280389,41.0210944],[29.027788,41.022105],[29.0276075,41.0225742],[29.0272252,41.0231716],[29.0269091,41.0235619],[29.0265519,41.0239297],[29.0257541,41.0245926],[29.0252235,41.0249582],[29.0247154,41.0252237],[29.023347,41.0257018],[29.0227926,41.0258157],[29.0214896,41.0259808],[29.0186402,41.0260976],[29.0165301,41.0260939],[29.0159527,41.0260539],[29.0152621,41.0259584],[29.0110397,41.0252131],[29.0069556,41.0241674],[28.987019,41.0174588],[28.9855192,41.0168116],[28.9824417,41.01485],[28.9819,41.014578],[28.9813039,41.014328],[28.980221,41.0139354],[28.9791012,41.0136518],[28.9724863,41.0127507],[28.9698016,41.0124305],[28.9688281,41.0122176],[28.9674826,41.0118596],[28.966392,41.0114114],[28.9660155,41.0111981],[28.9608217,41.0074673],[28.9600449,41.0070062],[28.958851,41.0065739],[28.9578725,41.0063302],[28.9457338,41.0039161],[28.9405228,41.0028073],[28.9389772,41.0024368],[28.9370803,41.0017728],[28.9358839,41.0012311],[28.9346983,41.0006165],[28.9341658,41.0002309],[28.9336091,40.9996684],[28.933115,40.9989464],[28.9321645,40.9969935],[28.931917,40.9965425],[28.9317033,40.9962754],[28.9314594,40.9960491],[28.9306946,40.9954847],[28.9256005,40.9930704],[28.9240628,40.9922069],[28.9236835,40.9920481],[28.9232335,40.9918994],[28.9226495,40.9917743],[28.9220789,40.9917284],[28.9213429,40.9917727],[28.9209101,40.9918432],[28.9194416,40.9922106],[28.918776,40.9923387],[28.9168975,40.9926096],[28.9153336,40.9928811],[28.914712,40.9929313],[28.9140943,40.9929085],[28.9133854,40.992804],[28.9127186,40.9925785],[28.9122961,40.9923932],[28.9115162,40.9919209],[28.9111183,40.9916026],[28.9106002,40.9911033],[28.9092794,40.9895452],[28.9088354,40.9889814],[28.9086454,40.9886489],[28.9106482,40.9910703],[28.9111668,40.9915686],[28.9115588,40.9918795],[28.912338,40.9923469],[28.9127403,40.9925411],[28.9130992,40.9926714],[28.913687,40.9928091],[28.9130992,40.9926714],[28.9127403,40.9925411],[28.912338,40.9923469],[28.9115588,40.9918795],[28.9111668,40.9915686],[28.9106482,40.9910703],[28.9085212,40.9884926],[28.9078148,40.9876987],[28.9055665,40.9858252],[28.9035098,40.9841776],[28.9027148,40.9836402],[28.902133,40.9833251],[28.9010905,40.9828757],[28.9004623,40.9826848],[28.8990292,40.9824077],[28.8984263,40.9823397],[28.8951634,40.9824001],[28.8930084,40.9823675],[28.8907993,40.9824289],[28.8848884,40.9823147],[28.8810573,40.9816365],[28.8787843,40.981333],[28.8756296,40.9808224],[28.872457,40.9802662],[28.8695513,40.97983],[28.868829,40.9797771],[28.8681684,40.9797434],[28.8586056,40.9800722],[28.8562339,40.9801244],[28.8539616,40.9802316],[28.8524802,40.9801811],[28.8516702,40.980097],[28.8502757,40.9798354],[28.8490081,40.979448],[28.8483652,40.9792169],[28.8472899,40.9787527],[28.8462935,40.978223],[28.8459556,40.9780086],[28.8453588,40.9775948],[28.8440545,40.976483],[28.8434109,40.9757732],[28.8430706,40.9753039],[28.8424644,40.9743248],[28.8392618,40.9674594],[28.8390794,40.9671495],[28.838669,40.9665966],[28.8379556,40.9658148],[28.83677,40.9648346],[28.8360082,40.9642898],[28.8346124,40.963576],[28.8330647,40.9630112],[28.8314485,40.9625977],[28.8305708,40.9624341],[28.8291755,40.9623242],[28.8283383,40.9623203],[28.8272552,40.9623656],[28.8248526,40.9625411],[28.8099047,40.9638804],[28.8023867,40.9645124],[28.8012986,40.9646734],[28.8003658,40.9649629],[28.7998839,40.9651619],[28.7993851,40.9654264],[28.7986035,40.9659708],[28.7977492,40.9668087],[28.79688,40.967764],[28.794979,40.9697367],[28.7945334,40.9701028],[28.7937065,40.9706394],[28.7926116,40.9710838],[28.7893942,40.9721874],[28.7834116,40.9741685],[28.778071,40.9758796],[28.7774335,40.9761273],[28.7771386,40.9762809],[28.7765391,40.9766617],[28.7762817,40.9768729],[28.7760294,40.9771083],[28.7758563,40.9773238],[28.775484,40.9779098],[28.7753431,40.9782528],[28.7752534,40.9785709],[28.7752051,40.9789472],[28.7752136,40.9793397],[28.775283,40.9798388],[28.7754531,40.9803516],[28.7760392,40.9816395],[28.7761393,40.9819907],[28.7761624,40.9825358],[28.7761108,40.9829831],[28.775993,40.9833497],[28.7757255,40.9838488],[28.7754265,40.9842345],[28.773994,40.9857652],[28.7736399,40.9861811],[28.7733558,40.9866044],[28.7731613,40.9871511],[28.7727833,40.9885149],[28.7725739,40.9895093],[28.7723538,40.9903164],[28.7719235,40.9911001],[28.7714951,40.9916607],[28.7712582,40.9918887],[28.7694696,40.993449],[28.7689623,40.9940032],[28.768222,40.9950884],[28.7679645,40.9955985],[28.7676734,40.9964832],[28.7675353,40.9971047],[28.7674924,40.9976796],[28.7674736,40.9983106],[28.767551,40.9988929],[28.7676765,40.9994576],[28.7678804,41.0000526],[28.7680809,41.0004864],[28.7683553,41.0009675],[28.7687049,41.0014765],[28.7692008,41.0020719],[28.7697152,41.00255],[28.7702931,41.0029976],[28.7722645,41.0043032],[28.7727165,41.0046543],[28.7729696,41.0049453],[28.7732798,41.0053761],[28.7735085,41.0057571],[28.7740405,41.0067259],[28.7743977,41.0075009],[28.7745047,41.0077881],[28.774576,41.0081867],[28.7745543,41.0086547],[28.7744793,41.008954],[28.7743281,41.0092831],[28.7739361,41.0098977],[28.7734529,41.0103946],[28.7729514,41.0107507],[28.7723404,41.0110783],[28.7716706,41.0113306],[28.7696803,41.0117127],[28.7688275,41.011994],[28.768075,41.0124139],[28.7676685,41.0127178],[28.7673401,41.013047],[28.7671411,41.0133052],[28.7668694,41.0137996],[28.766763,41.0140746],[28.7666313,41.0146389],[28.7666083,41.0151142],[28.7666333,41.0184435]]},"id":"shape-ankara-halkali"},{"type":"Feature","properties":{"shape_id":"shape-ankara-karaman","route_id":"route-yht-konya","name":"Ankara Gar–Karaman","directionality":"single_geometry_timetable_carries_direction","length_km":415.8,"anchor_count":7,"source":"OSM-derived railway GeoJSON","license":"ODbL; © OpenStreetMap contributors","id":"shape-ankara-karaman","route_name":"Konya YHT","mode":"yht","status":"active","source_status":"odbl"},"geometry":{"type":"LineString","coordinates":[[32.8435238,39.9351491],[32.8419134,39.9360101],[32.8409051,39.9365906],[32.8403484,39.936963],[32.8400381,39.9372097],[32.8395553,39.9376772],[32.8391484,39.9379475],[32.8279229,39.944024],[32.8269856,39.9445061],[32.8247747,39.945532],[32.8243995,39.9456508],[32.8236164,39.945865],[32.8232199,39.9459399],[32.8224184,39.9460154],[32.8215917,39.9460324],[32.8207781,39.9459596],[32.8199956,39.9458032],[32.8132569,39.9441569],[32.8081046,39.9429899],[32.7947167,39.9398232],[32.7941117,39.9396534],[32.7922931,39.9390265],[32.7874058,39.937261],[32.7751423,39.9329829],[32.7734147,39.9325008],[32.7713953,39.9320498],[32.7654366,39.9310191],[32.7635465,39.9308452],[32.7616598,39.9308641],[32.7533426,39.9314357],[32.7518234,39.9314855],[32.7504858,39.9314403],[32.7497438,39.9313729],[32.7482222,39.9311678],[32.746637,39.9307832],[32.745795,39.9305313],[32.7329252,39.9260331],[32.7317097,39.9256514],[32.7306078,39.9253657],[32.7293881,39.9251306],[32.7281596,39.9249506],[32.7268987,39.9248405],[32.7250704,39.9248074],[32.7238059,39.9248527],[32.7225787,39.9249847],[32.7214426,39.9251625],[32.7153447,39.9264617],[32.7136082,39.9269179],[32.7125531,39.9272696],[32.7115212,39.9276687],[32.7105256,39.9281255],[32.709482,39.9286593],[32.7080009,39.9295719],[32.7059167,39.9311566],[32.6968578,39.9384323],[32.6962291,39.9388571],[32.6948902,39.9396275],[32.6939173,39.9401125],[32.6930488,39.9404531],[32.6882286,39.942102],[32.6874445,39.9424347],[32.6844136,39.9438674],[32.6828778,39.9444722],[32.6818206,39.9448161],[32.6723549,39.9476035],[32.6704948,39.9480348],[32.661784,39.9494394],[32.6593762,39.949854],[32.654741,39.9507133],[32.6539937,39.9508893],[32.6525673,39.9511532],[32.6514464,39.9514563],[32.6441519,39.9528672],[32.6371273,39.9542707],[32.6360818,39.9545092],[32.6327701,39.9553831],[32.6294779,39.9560538],[32.6327701,39.9553831],[32.6360818,39.9545092],[32.6371273,39.9542707],[32.6441519,39.9528672],[32.6514464,39.9514563],[32.6525673,39.9511532],[32.6539937,39.9508893],[32.654741,39.9507133],[32.6482449,39.9519322],[32.6371005,39.9541953],[32.6360435,39.954425],[32.634092,39.9549461],[32.6272726,39.9563276],[32.6227633,39.9567957],[32.617609,39.9571349],[32.6161104,39.9573595],[32.6152741,39.9575404],[32.6138091,39.9579596],[32.613083,39.9582028],[32.6098697,39.9594286],[32.608703,39.9597938],[32.6070877,39.9601714],[32.5972692,39.9616702],[32.5951198,39.9620559],[32.5891721,39.9629956],[32.588071,39.9632057],[32.5866422,39.9636089],[32.5856135,39.9639397],[32.5792807,39.9662112],[32.5768749,39.9670013],[32.5710726,39.9689978],[32.5644389,39.9712085],[32.5625767,39.9716318],[32.5616806,39.971797],[32.5602161,39.9719986],[32.5584009,39.9721699],[32.555923,39.9722805],[32.5541278,39.972303],[32.5522087,39.9722528],[32.5507422,39.9721596],[32.5490794,39.9720105],[32.5477736,39.9718399],[32.5466216,39.9716752],[32.5444644,39.97129],[32.5424693,39.9708482],[32.5410962,39.970501],[32.5390736,39.969899],[32.5377258,39.9694499],[32.5362274,39.9688964],[32.5340836,39.96797],[32.531973,39.9669966],[32.5304292,39.9661952],[32.5285471,39.9650937],[32.5155104,39.9566149],[32.513788,39.9556215],[32.5106232,39.9539184],[32.5084712,39.952835],[32.4949842,39.946175],[32.4935389,39.9453465],[32.4922305,39.9444884],[32.4905217,39.9432881],[32.4896997,39.9426246],[32.4875915,39.9407906],[32.4859989,39.9392809],[32.4845365,39.9376269],[32.4827696,39.9352353],[32.4818462,39.933818],[32.48101,39.9323924],[32.4805128,39.931407],[32.4794322,39.9289189],[32.4787753,39.9265989],[32.4783928,39.9249495],[32.4782831,39.9242987],[32.478126,39.922384],[32.4780669,39.9204811],[32.4780706,39.9193047],[32.4781482,39.9180865],[32.4784237,39.9149014],[32.4786038,39.9118135],[32.4785973,39.9104488],[32.4785585,39.9097701],[32.4784692,39.9087403],[32.4783173,39.9076531],[32.477948,39.9057862],[32.4775941,39.904511],[32.4773681,39.9038073],[32.476671,39.9021423],[32.4763772,39.9013436],[32.4762131,39.90096],[32.4755128,39.8997731],[32.4740946,39.8975635],[32.4725954,39.8953883],[32.4597881,39.8794917],[32.4595352,39.8790898],[32.4508148,39.8682332],[32.4494691,39.8664386],[32.4487995,39.8654835],[32.4473328,39.863138],[32.4455727,39.8605361],[32.4438128,39.8582932],[32.4420763,39.8563298],[32.4335602,39.8469664],[32.4305365,39.8436872],[32.4294583,39.8426608],[32.4282989,39.8416297],[32.4271736,39.8406962],[32.4254777,39.8393986],[32.422058,39.8369583],[32.4202326,39.8355371],[32.4193904,39.8348371],[32.4166467,39.8321766],[32.4143428,39.8295036],[32.4130807,39.8277634],[32.4123052,39.826546],[32.4116637,39.8254645],[32.4108168,39.8239069],[32.4050134,39.8114092],[32.4030885,39.8076026],[32.4013058,39.8045962],[32.3995315,39.8018728],[32.3966456,39.7977808],[32.376747,39.7705752],[32.3749952,39.7677738],[32.3738702,39.7657441],[32.3668846,39.7526899],[32.3644547,39.7482385],[32.3619294,39.7446411],[32.3597554,39.7419501],[32.3566935,39.7388893],[32.3545808,39.7370649],[32.3534172,39.736158],[32.3494673,39.7332853],[32.3466503,39.7316134],[32.3426698,39.7296119],[32.3405684,39.7286639],[32.3383004,39.7277573],[32.3338208,39.7262679],[32.3314779,39.725631],[32.3286468,39.7249776],[32.3264911,39.7245501],[32.3234663,39.72404],[32.306331,39.7213873],[32.3047472,39.7211213],[32.3013705,39.720405],[32.2990435,39.7197987],[32.2968618,39.7191229],[32.2949631,39.7184954],[32.293118,39.7177813],[32.289776,39.7163382],[32.287829,39.7153834],[32.2857948,39.7142919],[32.2836425,39.7129899],[32.2448864,39.6871663],[32.2317114,39.6781041],[32.2193937,39.6698722],[32.2162175,39.6677073],[32.2146253,39.6664547],[32.2118785,39.6641341],[32.2101036,39.6624666],[32.2083841,39.6606408],[32.2066861,39.6586829],[32.2056732,39.6573185],[32.2033607,39.6539163],[32.1975229,39.6448998],[32.1961567,39.6426845],[32.1952678,39.6410334],[32.1945773,39.6395763],[32.19396,39.6379872],[32.1933214,39.636164],[32.1929447,39.6347525],[32.1925032,39.6325535],[32.1923153,39.6311467],[32.1922011,39.6298317],[32.1921213,39.6283107],[32.1923056,39.6249877],[32.1924131,39.6242491],[32.1929737,39.6212262],[32.1944126,39.6160132],[32.1947962,39.6139455],[32.1950647,39.6118648],[32.1951589,39.6095537],[32.1950414,39.6069911],[32.1947173,39.6046894],[32.1942757,39.6025934],[32.1936448,39.6005085],[32.1930017,39.5987913],[32.1923109,39.597144],[32.1910178,39.5948157],[32.190564,39.5940613],[32.1840261,39.5841149],[32.180576,39.578682],[32.1786761,39.5759243],[32.1763432,39.57238],[32.1747919,39.5705484],[32.1723422,39.5680857],[32.1705393,39.5665449],[32.168031,39.5647925],[32.1655031,39.5631609],[32.1619573,39.5614034],[32.1593246,39.560284],[32.1580883,39.5598245],[32.1558024,39.5590862],[32.1546037,39.5587531],[32.1532622,39.55843],[32.1506418,39.5578824],[32.1481948,39.5575034],[32.1458224,39.5572651],[32.1436581,39.5571046],[32.1398514,39.5570863],[32.1357754,39.5573595],[32.1321286,39.5579077],[32.1286031,39.5586739],[32.1247746,39.5597958],[32.1213664,39.5611047],[32.1078026,39.5674028],[32.1060108,39.5681674],[32.104542,39.5687226],[32.1018353,39.5696405],[32.0995841,39.5702726],[32.0973929,39.5708083],[32.0947472,39.571324],[32.0732656,39.5749311],[32.0699354,39.5753642],[32.067074,39.575557],[32.0651574,39.5756047],[32.0606569,39.5755289],[32.0580434,39.5753125],[32.0553088,39.5749525],[32.0531246,39.5745942],[32.0503269,39.5740229],[32.0421271,39.5721134],[32.0400652,39.5715056],[32.0373854,39.5705553],[32.0354569,39.5697092],[32.0334667,39.5687436],[32.0325011,39.5682123],[32.0306529,39.5670529],[32.0291376,39.5659957],[32.0276713,39.5648247],[32.0270884,39.564325],[32.0258814,39.5631919],[32.0245859,39.5618623],[32.0235961,39.5606506],[32.0225018,39.5591348],[32.021555,39.5576624],[32.0207074,39.5560473],[32.020348,39.5552801],[32.0163395,39.5453436],[32.0130568,39.5373141],[32.0020556,39.5096713],[32.001505,39.5079068],[32.0008071,39.5051647],[32.0004685,39.5036066],[31.9999933,39.5004942],[31.9998404,39.4989268],[31.9996529,39.4963734],[31.9993276,39.4910781],[31.9992069,39.4878514],[31.9992199,39.4850247],[31.9992763,39.4827083],[31.9994569,39.4803421],[31.9998901,39.4776674],[32.0042759,39.4567573],[32.0047585,39.4537392],[32.0050963,39.4493792],[32.0049514,39.4455025],[32.0043727,39.4410697],[32.001849,39.4262652],[32.0014832,39.4236791],[32.001053,39.4184462],[32.0009416,39.4174652],[32.000973,39.4134978],[32.0011711,39.4089129],[32.0020062,39.402175],[32.0022123,39.3995491],[32.004398,39.3824079],[32.0057268,39.3755268],[32.0062234,39.3735685],[32.0066465,39.3721443],[32.0073785,39.3699644],[32.0090421,39.3662884],[32.0116433,39.3611861],[32.0145339,39.3560456],[32.0170865,39.3518],[32.0216537,39.345314],[32.0237048,39.342449],[32.0243747,39.3415707],[32.0252149,39.3405012],[32.0267075,39.3387504],[32.0274412,39.3379445],[32.0290276,39.3362942],[32.0306386,39.3347346],[32.0322677,39.3332508],[32.0340344,39.33184],[32.0351136,39.3308826],[32.0371158,39.329368],[32.0381431,39.3286336],[32.0403891,39.3271481],[32.0449127,39.3244305],[32.0508351,39.3214508],[32.0707365,39.3126546],[32.0760575,39.3100373],[32.0830354,39.3058106],[32.0872365,39.3026259],[32.090534,39.2998112],[32.093425,39.2971001],[32.0977431,39.2920218],[32.1015828,39.2866042],[32.1188424,39.2611814],[32.1222533,39.2557133],[32.1251358,39.2508397],[32.1368538,39.2291177],[32.1445374,39.2158736],[32.1476095,39.2104063],[32.1537543,39.2015531],[32.1624477,39.1894929],[32.1647071,39.1858787],[32.1664382,39.1827477],[32.1679289,39.1794302],[32.1695156,39.1752183],[32.1703817,39.1718244],[32.1709586,39.1682836],[32.1714874,39.1639965],[32.1714393,39.1596334],[32.1711029,39.1560556],[32.1704305,39.1500592],[32.1672566,39.1222088],[32.1657414,39.1091949],[32.1626869,39.0760141],[32.160926,39.0547044],[32.1604519,39.0485788],[32.1601474,39.0437427],[32.1601474,39.0385125],[32.1603166,39.0339919],[32.1609257,39.0277619],[32.1616362,39.0231881],[32.162719,39.0177992],[32.1722263,38.9843136],[32.1739785,38.979055],[32.1752032,38.9758102],[32.1779787,38.9690436],[32.1837728,38.9558568],[32.2063962,38.9034545],[32.2101781,38.8948306],[32.2105961,38.8937416],[32.2125587,38.889398],[32.2140615,38.8858953],[32.2153938,38.882525],[32.216585,38.8792478],[32.2176179,38.8761843],[32.2192056,38.8708945],[32.2199996,38.8679432],[32.2211008,38.863078],[32.2218348,38.8592031],[32.2223726,38.8560325],[32.2228208,38.8529409],[32.2231793,38.8493711],[32.2234652,38.8458012],[32.2237296,38.8389925],[32.2230476,38.8013467],[32.223235,38.7967793],[32.2234643,38.7944544],[32.2240908,38.7907603],[32.2247519,38.7878573],[32.2256366,38.7847873],[32.2274662,38.7800311],[32.2284104,38.7779887],[32.2297038,38.7754081],[32.231278,38.7726485],[32.2331075,38.7697559],[32.2347408,38.7674477],[32.2364537,38.7652578],[32.2387831,38.7625502],[32.2412421,38.7599143],[32.2439831,38.7573053],[32.2461196,38.7554148],[32.2485743,38.7534319],[32.2513345,38.7513474],[32.2544429,38.7492435],[32.2600673,38.7457588],[32.2771943,38.7347046],[32.281374,38.7311919],[32.2851297,38.7274782],[32.2882529,38.7240329],[32.2908648,38.7205138],[32.2934774,38.7163707],[32.295556,38.7122144],[32.2968263,38.7095766],[32.2979074,38.7065299],[32.2986756,38.7036724],[32.2993536,38.7005762],[32.2996404,38.6990696],[32.299943,38.6954396],[32.2997576,38.687955],[32.2984353,38.6805786],[32.2977302,38.6781675],[32.2970191,38.6761332],[32.2833179,38.6431909],[32.2820683,38.6396053],[32.281116,38.6365769],[32.2803849,38.6339538],[32.2797985,38.6315639],[32.2792716,38.6287291],[32.2786934,38.6245314],[32.278447,38.6218557],[32.278328,38.6185944],[32.2782898,38.6152746],[32.2785787,38.6101293],[32.2790544,38.6064177],[32.2795558,38.6034761],[32.2803377,38.5998234],[32.2811278,38.5968152],[32.282092,38.5937213],[32.2830858,38.5908599],[32.2843428,38.5878061],[32.2856681,38.5849307],[32.2871292,38.5819958],[32.2888874,38.5788749],[32.3084849,38.547366],[32.3260259,38.519826],[32.3734474,38.4463036],[32.3774828,38.4404392],[32.383436,38.4325378],[32.38994,38.4249989],[32.3934759,38.4211657],[32.3964363,38.4181003],[32.4006391,38.4140268],[32.404211,38.4106754],[32.4111358,38.4047226],[32.4155502,38.4012138],[32.4611406,38.366157],[32.4838561,38.3485204],[32.4999099,38.3363031],[32.5146014,38.3218074],[32.5210065,38.3125474],[32.5237504,38.3077909],[32.5655027,38.2327858],[32.5868559,38.1942293],[32.5924793,38.1838463],[32.6073656,38.1568969],[32.6159354,38.1396247],[32.6199628,38.1310739],[32.6226156,38.1253517],[32.6271549,38.1153605],[32.6284749,38.1114033],[32.6291935,38.1080507],[32.6295541,38.1043179],[32.6296233,38.1021654],[32.6294913,38.0994709],[32.6292568,38.0971626],[32.6290619,38.0959215],[32.6288729,38.0949402],[32.6284195,38.0929876],[32.6281634,38.0920301],[32.6276054,38.0902467],[32.6268133,38.0881497],[32.625276,38.084518],[32.6030687,38.0326955],[32.5955571,38.0150907],[32.5949322,38.0133473],[32.5945526,38.0119346],[32.5943689,38.0110914],[32.5937279,38.0075579],[32.5933303,38.0058257],[32.5928333,38.0042536],[32.592293,38.0029119],[32.5919831,38.002214],[32.5909316,38.0002093],[32.5905709,37.999609],[32.5870961,37.9944157],[32.5861855,37.9928937],[32.5855337,37.9916328],[32.5787437,37.9758185],[32.5783107,37.9749007],[32.5780021,37.9743606],[32.5776014,37.9737403],[32.577129,37.9731174],[32.5765749,37.9724867],[32.575777,37.9717192],[32.5732706,37.9695704],[32.5706634,37.9674201],[32.5616762,37.9606089],[32.5597228,37.959085],[32.5577794,37.9574512],[32.5554608,37.9553248],[32.5533888,37.9532324],[32.5386567,37.9376675],[32.5363031,37.9353257],[32.527138,37.9256743],[32.5164821,37.9143794],[32.5107464,37.9083643],[32.5098029,37.907411],[32.5088073,37.9065756],[32.5009645,37.900676],[32.499918,37.8997205],[32.499412,37.8993165],[32.4962405,37.896953],[32.4947688,37.8960292],[32.4941953,37.8955824],[32.4932684,37.8948587],[32.492102,37.8936009],[32.4916915,37.8930917],[32.4876997,37.8877297],[32.4837621,37.8823191],[32.4775615,37.8739972],[32.4771822,37.8734214],[32.4768952,37.8728176],[32.4767155,37.8723466],[32.4764304,37.8713942],[32.4763573,37.8709929],[32.4763018,37.8689996],[32.4761649,37.8671407],[32.4760048,37.8615228],[32.4760249,37.8596885],[32.4761099,37.8579419],[32.4761755,37.8571902],[32.4763205,37.856331],[32.476536,37.8553664],[32.4767305,37.8547174],[32.4771021,37.8536635],[32.4775533,37.8526511],[32.4779027,37.8520016],[32.4787417,37.8506058],[32.4987675,37.8223123],[32.5081152,37.8091594],[32.5104051,37.8057353],[32.5213081,37.790258],[32.523155,37.7874403],[32.5248136,37.7843292],[32.530756,37.7721772],[32.5591385,37.7144261],[32.5589171,37.7147716],[32.5605671,37.7113577],[32.5614582,37.7098615],[32.5620908,37.7088915],[32.5631435,37.707565],[32.5636102,37.7070375],[32.5642135,37.7063955],[32.5648119,37.7058359],[32.5660299,37.7048104],[32.5668296,37.7042069],[32.5682854,37.7032341],[32.5692756,37.7026556],[32.6523273,37.6578421],[32.6642998,37.651427],[32.6690071,37.6488518],[32.7100739,37.626677],[32.7117383,37.6257718],[32.7128113,37.6250899],[32.7151865,37.6234208],[32.7876672,37.5697748],[32.7935361,37.565375],[32.8200948,37.5456637],[32.9280056,37.4607915],[32.9408218,37.4506535],[32.9428375,37.4490011],[32.9442963,37.447633],[32.9453494,37.446497],[32.945826,37.445957],[32.9466802,37.4448749],[32.9474676,37.4437564],[32.9484745,37.4421171],[32.949211,37.4406946],[32.9496664,37.4396631],[32.9502153,37.4381896],[32.9505393,37.4371371],[32.9507805,37.4361884],[32.9510295,37.4349681],[32.9511446,37.4342068],[32.9512999,37.4326181],[32.9515226,37.4243481],[32.9516085,37.4230555],[32.9517831,37.4216752],[32.9520491,37.4203118],[32.9522451,37.4195249],[32.9527072,37.4179821],[32.95311,37.4168901],[32.9535426,37.4158892],[32.9538462,37.4152406],[32.9546868,37.4136833],[32.9551167,37.4129706],[32.9560527,37.4115741],[32.9583178,37.4086466],[32.993487,37.3635094],[32.9944204,37.3623454],[32.9950909,37.3615971],[32.9960659,37.3606026],[33.0330938,37.3243994],[33.0838788,37.2745736],[33.0849088,37.2736793],[33.0860381,37.2728498],[33.0872543,37.2720219],[33.1365697,37.2403871],[33.2055564,37.1960146],[33.2077123,37.1945999],[33.2082407,37.1942954],[33.2089155,37.1940059],[33.2096234,37.1937922],[33.2104321,37.1936491],[33.2118376,37.1935764],[33.2156158,37.1935423]]},"id":"shape-ankara-karaman"},{"type":"Feature","properties":{"shape_id":"shape-halkali-karaman","route_id":"route-yht-konya","name":"İstanbul (Halkalı)–Karaman","directionality":"single_geometry_timetable_carries_direction","length_km":814.7,"anchor_count":15,"source":"OSM-derived railway GeoJSON","license":"ODbL; © OpenStreetMap contributors","id":"shape-halkali-karaman","route_name":"Konya YHT","mode":"yht","status":"active","source_status":"odbl"},"geometry":{"type":"LineString","coordinates":[[28.7666333,41.0184435],[28.7666083,41.0151142],[28.7666313,41.0146389],[28.766763,41.0140746],[28.7668694,41.0137996],[28.7671411,41.0133052],[28.7673401,41.013047],[28.7676685,41.0127178],[28.768075,41.0124139],[28.7688275,41.011994],[28.7696803,41.0117127],[28.7716706,41.0113306],[28.7723404,41.0110783],[28.7729514,41.0107507],[28.7734529,41.0103946],[28.7739361,41.0098977],[28.7743281,41.0092831],[28.7744793,41.008954],[28.7745543,41.0086547],[28.774576,41.0081867],[28.7745047,41.0077881],[28.7743977,41.0075009],[28.7740405,41.0067259],[28.7735085,41.0057571],[28.7732798,41.0053761],[28.7729696,41.0049453],[28.7727165,41.0046543],[28.7722645,41.0043032],[28.7702931,41.0029976],[28.7697152,41.00255],[28.7692008,41.0020719],[28.7687049,41.0014765],[28.7683553,41.0009675],[28.7680809,41.0004864],[28.7678804,41.0000526],[28.7676765,40.9994576],[28.767551,40.9988929],[28.7674736,40.9983106],[28.7674924,40.9976796],[28.7675353,40.9971047],[28.7676734,40.9964832],[28.7679645,40.9955985],[28.768222,40.9950884],[28.7689623,40.9940032],[28.7694696,40.993449],[28.7712582,40.9918887],[28.7714951,40.9916607],[28.7719235,40.9911001],[28.7723538,40.9903164],[28.7725739,40.9895093],[28.7727833,40.9885149],[28.7731613,40.9871511],[28.7733558,40.9866044],[28.7736399,40.9861811],[28.773994,40.9857652],[28.7754265,40.9842345],[28.7757255,40.9838488],[28.775993,40.9833497],[28.7761108,40.9829831],[28.7761624,40.9825358],[28.7761393,40.9819907],[28.7760392,40.9816395],[28.7754531,40.9803516],[28.775283,40.9798388],[28.7752136,40.9793397],[28.7752051,40.9789472],[28.7752534,40.9785709],[28.7753431,40.9782528],[28.775484,40.9779098],[28.7758563,40.9773238],[28.7760294,40.9771083],[28.7762817,40.9768729],[28.7765391,40.9766617],[28.7771386,40.9762809],[28.7774335,40.9761273],[28.778071,40.9758796],[28.7834116,40.9741685],[28.7893942,40.9721874],[28.7926116,40.9710838],[28.7937065,40.9706394],[28.7945334,40.9701028],[28.794979,40.9697367],[28.79688,40.967764],[28.7977492,40.9668087],[28.7986035,40.9659708],[28.7993851,40.9654264],[28.7998839,40.9651619],[28.8003658,40.9649629],[28.8012986,40.9646734],[28.8023867,40.9645124],[28.8099047,40.9638804],[28.8248526,40.9625411],[28.8272552,40.9623656],[28.8283383,40.9623203],[28.8291755,40.9623242],[28.8305708,40.9624341],[28.8314485,40.9625977],[28.8330647,40.9630112],[28.8346124,40.963576],[28.8360082,40.9642898],[28.83677,40.9648346],[28.8379556,40.9658148],[28.838669,40.9665966],[28.8390794,40.9671495],[28.8392618,40.9674594],[28.8424644,40.9743248],[28.8430706,40.9753039],[28.8434109,40.9757732],[28.8440545,40.976483],[28.8453588,40.9775948],[28.8459556,40.9780086],[28.8462935,40.978223],[28.8472899,40.9787527],[28.8483652,40.9792169],[28.8490081,40.979448],[28.8502757,40.9798354],[28.8516702,40.980097],[28.8524802,40.9801811],[28.8539616,40.9802316],[28.8562339,40.9801244],[28.8586056,40.9800722],[28.8681684,40.9797434],[28.868829,40.9797771],[28.8695513,40.97983],[28.872457,40.9802662],[28.8756296,40.9808224],[28.8787843,40.981333],[28.8810573,40.9816365],[28.8848884,40.9823147],[28.8907993,40.9824289],[28.8930084,40.9823675],[28.8951634,40.9824001],[28.8984263,40.9823397],[28.8990292,40.9824077],[28.9004623,40.9826848],[28.9010905,40.9828757],[28.902133,40.9833251],[28.9027148,40.9836402],[28.9035098,40.9841776],[28.9055665,40.9858252],[28.9078148,40.9876987],[28.9085212,40.9884926],[28.9106482,40.9910703],[28.9111668,40.9915686],[28.9115588,40.9918795],[28.912338,40.9923469],[28.9127403,40.9925411],[28.9130992,40.9926714],[28.913687,40.9928091],[28.9130992,40.9926714],[28.9127403,40.9925411],[28.912338,40.9923469],[28.9115588,40.9918795],[28.9111668,40.9915686],[28.9106482,40.9910703],[28.9086454,40.9886489],[28.9088354,40.9889814],[28.9092794,40.9895452],[28.9106002,40.9911033],[28.9111183,40.9916026],[28.9115162,40.9919209],[28.9122961,40.9923932],[28.9127186,40.9925785],[28.9133854,40.992804],[28.9140943,40.9929085],[28.914712,40.9929313],[28.9153336,40.9928811],[28.9168975,40.9926096],[28.918776,40.9923387],[28.9194416,40.9922106],[28.9209101,40.9918432],[28.9213429,40.9917727],[28.9220789,40.9917284],[28.9226495,40.9917743],[28.9232335,40.9918994],[28.9236835,40.9920481],[28.9240628,40.9922069],[28.9256005,40.9930704],[28.9306946,40.9954847],[28.9314594,40.9960491],[28.9317033,40.9962754],[28.931917,40.9965425],[28.9321645,40.9969935],[28.933115,40.9989464],[28.9336091,40.9996684],[28.9341658,41.0002309],[28.9346983,41.0006165],[28.9358839,41.0012311],[28.9370803,41.0017728],[28.9389772,41.0024368],[28.9405228,41.0028073],[28.9457338,41.0039161],[28.9578725,41.0063302],[28.958851,41.0065739],[28.9600449,41.0070062],[28.9608217,41.0074673],[28.9660155,41.0111981],[28.966392,41.0114114],[28.9674826,41.0118596],[28.9688281,41.0122176],[28.9698016,41.0124305],[28.9724863,41.0127507],[28.9791012,41.0136518],[28.980221,41.0139354],[28.9813039,41.014328],[28.9819,41.014578],[28.9824417,41.01485],[28.9855192,41.0168116],[28.987019,41.0174588],[29.0069556,41.0241674],[29.0110397,41.0252131],[29.0152621,41.0259584],[29.0159527,41.0260539],[29.0165301,41.0260939],[29.0186402,41.0260976],[29.0214896,41.0259808],[29.0227926,41.0258157],[29.023347,41.0257018],[29.0247154,41.0252237],[29.0252235,41.0249582],[29.0257541,41.0245926],[29.0265519,41.0239297],[29.0269091,41.0235619],[29.0272252,41.0231716],[29.0276075,41.0225742],[29.027788,41.022105],[29.0280389,41.0210944],[29.028259,41.0197228],[29.0285911,41.0165549],[29.0290611,41.0131298],[29.0304705,41.0074267],[29.0311435,41.0050897],[29.0312657,41.0043673],[29.0312685,41.0039185],[29.0309077,41.0026975],[29.0297945,40.9993658],[29.0297394,40.9989551],[29.0297371,40.9984695],[29.0298352,40.9980154],[29.0299248,40.9977898],[29.0302946,40.9971831],[29.0321078,40.9947182],[29.0323919,40.9943978],[29.0327578,40.9940941],[29.0330209,40.9939305],[29.0357535,40.9924947],[29.0362565,40.9921939],[29.0367123,40.991871],[29.0371487,40.991502],[29.0375148,40.9911357],[29.0394024,40.9889095],[29.0413964,40.9864502],[29.0417502,40.985925],[29.0419774,40.9854505],[29.0431697,40.9820954],[29.0434676,40.9815897],[29.0438554,40.9811745],[29.0442359,40.9808877],[29.0446559,40.9806525],[29.0493959,40.9784713],[29.0502197,40.97813],[29.0507947,40.9779346],[29.0513467,40.9778103],[29.0518229,40.9777488],[29.052923,40.977695],[29.0535161,40.977733],[29.0625395,40.979118],[29.064354,40.9794218],[29.0652046,40.9794381],[29.0660111,40.9793117],[29.066588,40.9791461],[29.0670664,40.9789603],[29.067911,40.9784939],[29.0748145,40.9737699],[29.0753587,40.9733444],[29.0756404,40.9730352],[29.0758288,40.9727536],[29.0774389,40.9690612],[29.0777335,40.9685607],[29.0786805,40.967213],[29.0789217,40.9667449],[29.0790396,40.966265],[29.079045,40.9657975],[29.0789772,40.9654318],[29.0786027,40.964022],[29.0785745,40.9634609],[29.0786936,40.9629471],[29.0788975,40.962519],[29.0791858,40.9621291],[29.0795569,40.9617773],[29.0801776,40.9613757],[29.0806187,40.961186],[29.0809968,40.9610646],[29.0841594,40.9604509],[29.0879394,40.9598488],[29.0886649,40.9596355],[29.089311,40.9593079],[29.0898727,40.9588615],[29.0900785,40.9586375],[29.0903071,40.9583057],[29.0905296,40.9577847],[29.0908774,40.9565397],[29.0910023,40.9561937],[29.0912698,40.9557306],[29.0916869,40.9552642],[29.0921872,40.9548804],[29.0928365,40.9545417],[29.0965111,40.9533453],[29.0969646,40.9531389],[29.0973857,40.9528745],[29.0977655,40.9525572],[29.0980681,40.9522343],[29.1007964,40.9488112],[29.1011757,40.9483809],[29.1023512,40.947258],[29.1027776,40.9468977],[29.1032891,40.9466206],[29.1038654,40.9464078],[29.1044435,40.9462489],[29.1050775,40.9461789],[29.1071718,40.9462051],[29.1082517,40.9462526],[29.1090022,40.9462535],[29.1093152,40.9462131],[29.109626,40.9461558],[29.1102207,40.9459634],[29.1107587,40.9456954],[29.1112215,40.9453594],[29.1116179,40.9449816],[29.1119123,40.9445403],[29.112059,40.9441903],[29.1121391,40.943835],[29.1121666,40.9433614],[29.1119912,40.9418853],[29.1119678,40.9413983],[29.1120029,40.9411377],[29.1121355,40.9406649],[29.112365,40.9401963],[29.1126711,40.9397566],[29.1141689,40.937807],[29.1154618,40.9362829],[29.1183548,40.9327445],[29.1191604,40.931856],[29.1226345,40.9283984],[29.1241938,40.9267447],[29.1272335,40.9237957],[29.1276604,40.9234169],[29.1282629,40.9229895],[29.1285952,40.9227943],[29.1292498,40.9224823],[29.131471,40.9215444],[29.132191,40.9212058],[29.1351301,40.9200035],[29.1371101,40.9191507],[29.1375736,40.9189222],[29.1534808,40.9121862],[29.1540629,40.9118821],[29.154505,40.9115908],[29.1548544,40.9113015],[29.1552453,40.9108895],[29.156758,40.9088847],[29.1571939,40.9084023],[29.1578202,40.9079178],[29.1621773,40.90504],[29.1627727,40.9046141],[29.1636149,40.9038963],[29.1656558,40.9020369],[29.167421,40.9002782],[29.1691286,40.8987276],[29.1709364,40.8972781],[29.1731251,40.895869],[29.1736053,40.8954736],[29.174332,40.8947835],[29.175244,40.8938447],[29.1756772,40.8933115],[29.1773567,40.8902909],[29.1781053,40.8890982],[29.1783591,40.8887451],[29.1789577,40.8882195],[29.1791806,40.8880675],[29.1796892,40.8878091],[29.1802406,40.8876269],[29.180798,40.8875029],[29.1817021,40.8874628],[29.1825786,40.8875556],[29.1831615,40.8876922],[29.1837059,40.8878921],[29.1842017,40.8881598],[29.1857221,40.8890941],[29.1863966,40.8894198],[29.1869452,40.8895878],[29.1874958,40.8896795],[29.1880751,40.8896987],[29.1885179,40.8896706],[29.1892137,40.8895273],[29.1895759,40.8894077],[29.1899259,40.8892384],[29.1923672,40.8877832],[29.1930968,40.8874515],[29.193648,40.8873015],[29.1942562,40.887225],[29.1962927,40.8870602],[29.1968305,40.8869679],[29.1976297,40.8866881],[29.1990057,40.8860312],[29.1997112,40.8857726],[29.2021265,40.8851075],[29.2025757,40.8849949],[29.2030277,40.8849503],[29.2038609,40.8849711],[29.2043205,40.8850274],[29.2064381,40.8855739],[29.2069263,40.8856164],[29.2074201,40.8856069],[29.2081296,40.8855217],[29.2086888,40.8853555],[29.2089408,40.8852459],[29.2114188,40.8839208],[29.2124716,40.8833933],[29.2151762,40.882361],[29.2161718,40.8820571],[29.2171913,40.8818195],[29.2262519,40.879924],[29.2265992,40.8798663],[29.22746,40.8798131],[29.2286678,40.8799163],[29.2304691,40.8801443],[29.2338994,40.8803815],[29.2364023,40.8804206],[29.237063,40.8803747],[29.2376876,40.8802644],[29.2382267,40.8801173],[29.238667,40.87994],[29.2391887,40.8796704],[29.239723,40.8793232],[29.2433329,40.8767112],[29.2442886,40.876108],[29.2446725,40.8759105],[29.2454951,40.8755364],[29.2459234,40.8753839],[29.2519326,40.8734692],[29.2526852,40.8731773],[29.2532351,40.8729246],[29.253943,40.8725271],[29.2558683,40.8712981],[29.2579544,40.870067],[29.2625855,40.8672361],[29.264165,40.8663683],[29.2650676,40.8660002],[29.2694047,40.8644698],[29.2700487,40.8641958],[29.2709095,40.8636347],[29.272107,40.8626634],[29.2726102,40.8620067],[29.273169,40.8610786],[29.2740482,40.859785],[29.2743779,40.8594258],[29.2747852,40.8590756],[29.2757481,40.8583104],[29.2764147,40.8578783],[29.2771706,40.8575179],[29.2783941,40.8571166],[29.2796749,40.8568353],[29.2803405,40.8567423],[29.2820594,40.8566993],[29.2855917,40.8568632],[29.286421,40.8568075],[29.2870724,40.8566831],[29.2884778,40.8562581],[29.2892142,40.8559284],[29.2903326,40.855262],[29.2909703,40.8547328],[29.2914877,40.8542174],[29.2930591,40.8522665],[29.2958315,40.8489298],[29.2961617,40.8485712],[29.2968987,40.8479003],[29.2980078,40.8471405],[29.2990467,40.8463584],[29.2999418,40.8456201],[29.301626,40.8443293],[29.3026385,40.8434844],[29.3031158,40.843125],[29.303839,40.842658],[29.3070066,40.8408879],[29.3074833,40.8405948],[29.3128525,40.8365191],[29.3126082,40.8367574],[29.3154985,40.8345629],[29.3207891,40.8310234],[29.3221677,40.8299861],[29.3244852,40.8283637],[29.3264567,40.8267771],[29.3268738,40.8263677],[29.3272878,40.8258874],[29.3276308,40.8253491],[29.3278589,40.8249271],[29.3280328,40.8245219],[29.3284242,40.8229989],[29.328674,40.8222448],[29.3291059,40.821351],[29.3297927,40.8204284],[29.3301182,40.8200783],[29.3305823,40.8196683],[29.3388321,40.8132503],[29.3392927,40.8129168],[29.3402334,40.8123674],[29.3406639,40.8121655],[29.3413991,40.8118889],[29.3448644,40.8108167],[29.3460906,40.8106069],[29.3487818,40.8103363],[29.3510537,40.8100545],[29.3594043,40.8084622],[29.366131,40.8071386],[29.3666993,40.807012],[29.3678052,40.8066904],[29.3687676,40.8063371],[29.3697978,40.8058781],[29.370763,40.8053554],[29.3712627,40.8050351],[29.3943574,40.7896834],[29.3952491,40.7891115],[29.3961015,40.7886533],[29.3970074,40.7882685],[29.3980762,40.7879056],[29.4054012,40.785581],[29.4032003,40.7862795],[29.4039356,40.7859991],[29.4083163,40.7845912],[29.4158391,40.7822436],[29.4162638,40.7821296],[29.4172238,40.7819747],[29.4191521,40.7818497],[29.4207383,40.7816563],[29.4219627,40.7813392],[29.4227915,40.7810122],[29.423621,40.7806322],[29.4243545,40.7802469],[29.4307761,40.7759466],[29.4316861,40.7754204],[29.4327003,40.7749364],[29.4337295,40.774515],[29.4348014,40.7741648],[29.4359107,40.7738736],[29.4395271,40.7731495],[29.4466211,40.7720422],[29.4476755,40.7719593],[29.4487335,40.7719491],[29.4541737,40.7721257],[29.4558093,40.7722236],[29.4570559,40.7724354],[29.4606823,40.773258],[29.461568,40.7733991],[29.462569,40.773442],[29.465602,40.7733642],[29.4663326,40.7733972],[29.4671971,40.773505],[29.4678168,40.7736301],[29.4683019,40.7737664],[29.4695812,40.7742893],[29.470297,40.7746662],[29.471711,40.7755207],[29.4724887,40.7759405],[29.4728943,40.7761324],[29.4737108,40.7764325],[29.4745312,40.7766517],[29.4810304,40.7779701],[29.48184,40.7781623],[29.4832405,40.7786123],[29.4849664,40.7794178],[29.4859203,40.7799204],[29.4871061,40.7804801],[29.4876103,40.7806443],[29.4884377,40.7808135],[29.4889647,40.7808859],[29.4900137,40.7809003],[29.4905602,40.7808718],[29.4915559,40.780753],[29.4939831,40.7802132],[29.4946673,40.7800915],[29.4956833,40.7799696],[29.4969928,40.7799292],[29.4999045,40.7801139],[29.5013997,40.7801299],[29.5022378,40.7800369],[29.5031722,40.7798451],[29.5041477,40.7794976],[29.5045096,40.7793369],[29.5054164,40.7788205],[29.5083089,40.7767006],[29.5130183,40.7729424],[29.5135519,40.7724321],[29.5148537,40.7710001],[29.5155805,40.7704049],[29.5161814,40.7700265],[29.5169688,40.769671],[29.5176738,40.769405],[29.5182776,40.7692325],[29.5188345,40.7691331],[29.5195191,40.7690455],[29.5201486,40.7690072],[29.5215207,40.7690477],[29.5227085,40.7692724],[29.5259196,40.770167],[29.5263801,40.7702619],[29.5274358,40.7704239],[29.5281799,40.7704915],[29.5289027,40.7705136],[29.5298906,40.770466],[29.5304448,40.7704014],[29.5344887,40.769654],[29.5353943,40.7695843],[29.5376692,40.7696127],[29.5392684,40.7697722],[29.543303,40.7703528],[29.5460989,40.7706835],[29.5467494,40.7707967],[29.5476631,40.7710163],[29.5485315,40.7713159],[29.5502406,40.7719774],[29.5510913,40.7722207],[29.5523468,40.772425],[29.5536367,40.7724702],[29.5544942,40.772397],[29.5553235,40.7722682],[29.5561476,40.7720675],[29.5699956,40.7681406],[29.5710843,40.7679203],[29.5716239,40.7678536],[29.5726591,40.767799],[29.5735786,40.7678273],[29.5741249,40.7678724],[29.5770664,40.7682794],[29.5780163,40.7685118],[29.578943,40.768835],[29.5797915,40.7692323],[29.5802572,40.7694879],[29.582172,40.7707024],[29.582984,40.7711273],[29.5842888,40.7716342],[29.5864097,40.7723352],[29.5875042,40.7727862],[29.5888696,40.7734003],[29.5925462,40.7751145],[29.5982929,40.7780767],[29.5995704,40.7785155],[29.6013865,40.7789832],[29.6028928,40.7795478],[29.6032958,40.7797446],[29.6058201,40.7812087],[29.6071889,40.7819006],[29.6078807,40.7821568],[29.6085389,40.7823498],[29.6093155,40.7825198],[29.6109558,40.7828253],[29.612034,40.783097],[29.6148926,40.7838953],[29.6158192,40.7840557],[29.616454,40.7841194],[29.6175782,40.7841108],[29.6187588,40.7839616],[29.6210975,40.7833667],[29.6231068,40.7830108],[29.6238828,40.7828222],[29.6246445,40.7825399],[29.6253982,40.7821926],[29.62605,40.7817783],[29.6269442,40.7810337],[29.6299955,40.7782463],[29.6305739,40.777764],[29.6312173,40.7773444],[29.6318859,40.7769949],[29.6324921,40.7767618],[29.6330918,40.7765783],[29.6340278,40.7763821],[29.6362466,40.7761179],[29.6372375,40.7760887],[29.6379895,40.7761388],[29.63854,40.7762176],[29.64248,40.7768949],[29.6463534,40.7776991],[29.6469664,40.7777877],[29.6481926,40.7779047],[29.6525529,40.778159],[29.6563535,40.7781574],[29.6605602,40.778512],[29.661867,40.7785722],[29.6682092,40.778613],[29.6760782,40.7783488],[29.6770714,40.7783545],[29.6840588,40.7785976],[29.6850725,40.7785858],[29.6858405,40.7785317],[29.6896457,40.7780436],[29.6909541,40.7779112],[29.7082297,40.7770276],[29.7100871,40.7768222],[29.7111722,40.7765671],[29.711878,40.7763495],[29.7123327,40.7761721],[29.7129494,40.775891],[29.718456,40.7731191],[29.7193964,40.772681],[29.7201461,40.7724186],[29.7205872,40.7723012],[29.7218347,40.772093],[29.7224206,40.7720529],[29.7235979,40.7720789],[29.7319553,40.7728263],[29.7327878,40.7728359],[29.7335176,40.7727905],[29.734543,40.7726178],[29.7349642,40.7725126],[29.7357359,40.7722578],[29.7368453,40.7718041],[29.741415,40.7698641],[29.7427155,40.7692427],[29.7431341,40.7689981],[29.7488538,40.7653046],[29.7515735,40.7635219],[29.7525967,40.7626475],[29.7531349,40.7620701],[29.7562074,40.7584991],[29.7570249,40.7577578],[29.7576664,40.7573101],[29.7584527,40.7568864],[29.7592255,40.7565568],[29.7599228,40.7563221],[29.7608232,40.7561157],[29.7622427,40.7559216],[29.7656617,40.7556142],[29.7666203,40.755488],[29.7675283,40.7553184],[29.7684467,40.7550603],[29.7692658,40.7547559],[29.7699875,40.7543957],[29.7706445,40.7539978],[29.7713184,40.7534785],[29.771913,40.7529068],[29.772411,40.7523012],[29.7736789,40.7503109],[29.7741663,40.749701],[29.7747535,40.7491264],[29.7754361,40.7486099],[29.7762136,40.7481505],[29.7770026,40.7477877],[29.7778845,40.7474769],[29.7788019,40.7472501],[29.779748,40.7470965],[29.7806861,40.7470309],[29.7816339,40.747041],[29.7853068,40.7474455],[29.7889832,40.7475765],[29.789831,40.7476674],[29.7907542,40.7478279],[29.7936473,40.7485945],[29.7941849,40.7487115],[29.7953099,40.7488526],[29.7962849,40.7489205],[29.8059817,40.7493744],[29.8072702,40.7495885],[29.8099804,40.7501914],[29.8127123,40.7506702],[29.8191214,40.7516571],[29.8201215,40.7517846],[29.8210146,40.7518485],[29.8219436,40.751829],[29.8247803,40.7515637],[29.8256112,40.751525],[29.8266154,40.7515733],[29.8272715,40.7516559],[29.8282602,40.7518822],[29.8289667,40.7521182],[29.8356618,40.7550686],[29.8364436,40.7553504],[29.8373642,40.7555795],[29.8382956,40.755704],[29.8391948,40.7557452],[29.8537976,40.7559692],[29.8547861,40.7560063],[29.8557438,40.7561125],[29.8565108,40.7562501],[29.8577534,40.7565401],[29.8660295,40.7588144],[29.8672087,40.7590884],[29.8835185,40.762168],[29.8848968,40.7624115],[29.8860051,40.7625391],[29.8876431,40.7626044],[29.889349,40.7625094],[29.9057207,40.7605557],[29.9066899,40.7605022],[29.9075125,40.7605204],[29.9084987,40.7606562],[29.9109866,40.7612557],[29.9122131,40.7616193],[29.9129729,40.761775],[29.9136003,40.7618535],[29.9142722,40.7618616],[29.9150318,40.761806],[29.9208946,40.761244],[29.9224033,40.7611373],[29.9314579,40.7613109],[29.9328067,40.7613695],[29.9467238,40.7622525],[29.9513991,40.7624936],[29.9526577,40.7624948],[29.9535856,40.762434],[29.9547654,40.7622812],[29.9554923,40.7621418],[29.9562762,40.7619434],[29.9576828,40.7614665],[29.9587369,40.7609918],[29.9596775,40.7604605],[29.9644885,40.7574413],[29.972498,40.7523099],[29.9736282,40.7516607],[29.9751966,40.7508719],[29.9759997,40.7505191],[29.9774154,40.7499696],[29.9791954,40.7493999],[29.9800007,40.7491728],[29.9811657,40.7488989],[29.9824251,40.7486477],[29.984259,40.7483983],[29.9858378,40.7482584],[29.9868683,40.7482077],[29.9880887,40.7481935],[29.9968626,40.7486211],[30.0018789,40.7489347],[30.0057712,40.7491159],[30.0078609,40.7491947],[30.010367,40.749221],[30.013711,40.7493826],[30.0155562,40.7493842],[30.0179089,40.7492265],[30.018608,40.7491409],[30.0207129,40.7487688],[30.0216948,40.7485556],[30.0230849,40.7481841],[30.0241059,40.7478732],[30.0249929,40.7475533],[30.0257951,40.7472372],[30.0272831,40.7465597],[30.0591817,40.7305403],[30.061478,40.7292601],[30.0637176,40.727866],[30.0660947,40.7260851],[30.0687673,40.7238095],[30.070929,40.721913],[30.0739205,40.719402],[30.0749862,40.7186267],[30.0766634,40.7174835],[30.0777237,40.7168463],[30.0795162,40.7158389],[30.0812276,40.7149843],[30.0828354,40.714245],[30.0841103,40.7137151],[30.0856827,40.7131202],[30.0863249,40.7129012],[30.0896878,40.7119019],[30.0907163,40.7116258],[30.0918943,40.7113619],[30.0934694,40.7110493],[30.0960632,40.7106359],[30.0982244,40.7103933],[30.0994468,40.7102938],[30.101096,40.710221],[30.1026517,40.7101763],[30.136072,40.7098693],[30.1387891,40.7098083],[30.1412514,40.709668],[30.1433218,40.709468],[30.194312,40.7030934],[30.1962026,40.7029079],[30.1980713,40.7027772],[30.235759,40.7002435],[30.2390823,40.6998348],[30.2490467,40.6983992],[30.2522948,40.6978521],[30.2539632,40.6974983],[30.2567006,40.6968545],[30.2591569,40.6963973],[30.2698444,40.6939108],[30.2706787,40.6937919],[30.2714351,40.6936307],[30.2747959,40.692846],[30.276314,40.6924545],[30.2772672,40.6922754],[30.2777201,40.6922436],[30.2785831,40.692245],[30.2798519,40.6923524],[30.2822631,40.6927865],[30.2828119,40.6929224],[30.2836781,40.6932165],[30.284515,40.6936207],[30.2849634,40.693888],[30.2855857,40.6943462],[30.2872935,40.6959431],[30.288013,40.6965074],[30.288435,40.6967737],[30.2892122,40.6971703],[30.2901323,40.6975156],[30.2911365,40.697742],[30.2923166,40.6978584],[30.29309,40.6978746],[30.295664,40.6978396],[30.2970415,40.6978627],[30.2976338,40.6978865],[30.2991323,40.6980354],[30.3001559,40.6981909],[30.3017694,40.6985246],[30.3031955,40.6989442],[30.3048076,40.6994991],[30.3055853,40.6998008],[30.3065375,40.700222],[30.3077725,40.70094],[30.3085611,40.7015341],[30.3090692,40.701965],[30.3104982,40.7032757],[30.311101,40.7037136],[30.312354,40.7043622],[30.3128677,40.7045916],[30.3156724,40.7054954],[30.3162734,40.7057713],[30.3169847,40.7061882],[30.3176451,40.7066629],[30.3181479,40.7071461],[30.3185769,40.7075951],[30.3191872,40.7083427],[30.3198843,40.7090545],[30.3207137,40.7096734],[30.3237625,40.7112948],[30.3246538,40.7117093],[30.3256782,40.7120958],[30.32714,40.712481],[30.3288536,40.7127443],[30.3306845,40.7128384],[30.3508019,40.7130578],[30.3526845,40.7131995],[30.3574794,40.7132529],[30.3582354,40.7132276],[30.3593341,40.7131384],[30.3615761,40.7131609],[30.3623338,40.7131304],[30.3630164,40.7130369],[30.3634375,40.7129495],[30.3638586,40.7128193],[30.3647196,40.7124839],[30.3651711,40.7122531],[30.3658169,40.7118295],[30.3660526,40.7116279],[30.3665677,40.7110464],[30.3668568,40.7106336],[30.3671219,40.7101397],[30.367312,40.7095663],[30.3673854,40.7087607],[30.3637761,40.685592],[30.3635473,40.6848679],[30.3631141,40.6839636],[30.3627448,40.6834088],[30.3623369,40.6828849],[30.3592673,40.6793346],[30.358734,40.6785588],[30.3585516,40.6781703],[30.3583689,40.6776764],[30.3582865,40.6772473],[30.3582545,40.6768382],[30.3583472,40.6760494],[30.3585702,40.6753516],[30.3587297,40.6750149],[30.3622091,40.6692585],[30.3626316,40.6683688],[30.3630441,40.6673061],[30.3632636,40.6664708],[30.3634402,40.6656295],[30.3635224,40.6649009],[30.3635341,40.6637531],[30.3634358,40.6626676],[30.3633351,40.6621012],[30.3631479,40.6613258],[30.3628263,40.6603667],[30.3623401,40.6592597],[30.3619209,40.6584765],[30.361405,40.6577052],[30.3560218,40.6505305],[30.3553515,40.6498556],[30.3550097,40.6495768],[30.3540284,40.6489315],[30.3528589,40.6483888],[30.3517807,40.648024],[30.3440196,40.6457],[30.343186,40.6453606],[30.342791,40.6451661],[30.3419391,40.6446388],[30.3410647,40.6439488],[30.3381042,40.6411803],[30.3379113,40.6409537],[30.3376562,40.6405451],[30.3375136,40.6400699],[30.3374819,40.6398515],[30.3374714,40.6396138],[30.3375085,40.6393061],[30.3377903,40.6378064],[30.3378011,40.6371636],[30.3377511,40.6367897],[30.3372884,40.634874],[30.3372212,40.6344322],[30.3372592,40.634064],[30.3375341,40.6329997],[30.3376012,40.6325824],[30.3376184,40.6321941],[30.3375951,40.6319546],[30.3375096,40.6316313],[30.3367792,40.6297877],[30.3366035,40.629447],[30.3360271,40.6286351],[30.3337717,40.6262439],[30.3335084,40.6259107],[30.3324173,40.6247557],[30.3316388,40.6238554],[30.3312013,40.6232791],[30.3303102,40.6222082],[30.3294786,40.6210618],[30.3292924,40.6206778],[30.3291714,40.620249],[30.3291192,40.6198692],[30.3291615,40.6194079],[30.3292991,40.6188957],[30.3294729,40.618556],[30.3296505,40.6182923],[30.3309356,40.6168827],[30.3314315,40.6162488],[30.3314732,40.6161536],[30.3412641,40.5891462],[30.3419479,40.5867939],[30.3421955,40.585461],[30.3422448,40.5845353],[30.3420748,40.5823284],[30.3416629,40.5799647],[30.3412511,40.5780012],[30.3408543,40.5763724],[30.3405865,40.5754193],[30.340094,40.5740705],[30.3394404,40.5725729],[30.3382675,40.5701929],[30.337691,40.5692359],[30.3341951,40.5639123],[30.3327423,40.5622047],[30.3320256,40.5614612],[30.3030758,40.5364127],[30.2967379,40.5307519],[30.2956621,40.5299157],[30.2943397,40.5289565],[30.2935499,40.5284234],[30.2912826,40.526985],[30.2897934,40.5261227],[30.2883568,40.5253434],[30.2864985,40.5244087],[30.2836239,40.5231124],[30.2816478,40.5223221],[30.2796319,40.5215995],[30.2772903,40.5208542],[30.2755952,40.5203629],[30.273896,40.5199204],[30.2704266,40.5191466],[30.2609691,40.5174522],[30.2587413,40.5169992],[30.2567878,40.5165241],[30.2536695,40.5156354],[30.250314,40.5144952],[30.2480073,40.5135739],[30.2468887,40.513082],[30.245474,40.5124339],[30.2436546,40.5115206],[30.2416492,40.5104374],[30.2367058,40.5076447],[30.2347679,40.5066291],[30.2338533,40.5061968],[30.2327732,40.5057037],[30.2305234,40.5047978],[30.2288956,40.5042263],[30.2269682,40.5036232],[30.2251852,40.5031523],[30.2233441,40.5027316],[30.2215245,40.5023791],[30.2197985,40.5021095],[30.2174046,40.5018382],[30.2099861,40.5012014],[30.2058703,40.5007807],[30.1811103,40.4974371],[30.1761338,40.4967897],[30.1734012,40.4965243],[30.1702052,40.4963229],[30.1410314,40.495326],[30.1371959,40.4951424],[30.1332799,40.4948681],[30.0937242,40.4915401],[30.0908017,40.4911424],[30.0880164,40.4906402],[30.0862581,40.4902388],[30.0845678,40.4898135],[30.0833237,40.4894626],[30.0808977,40.4886834],[30.0797232,40.48827],[30.0778179,40.4875288],[30.0757653,40.4866261],[30.0737279,40.4856242],[30.071154,40.4841796],[30.0687149,40.4826132],[30.0669664,40.4813433],[30.0661764,40.4807262],[30.0646783,40.4794633],[30.0639506,40.478801],[30.0626573,40.4775517],[30.0614214,40.4762422],[30.0598442,40.4743847],[30.0585555,40.4726041],[30.0577784,40.4714357],[30.0571373,40.470388],[30.0566438,40.4694789],[30.0557989,40.4677894],[30.0554314,40.466965],[30.0548081,40.4653929],[30.0543854,40.4640867],[30.0540139,40.4627766],[30.0536719,40.4612665],[30.0532836,40.4590019],[30.0516033,40.4474701],[30.0503713,40.4377389],[30.0501044,40.4358227],[30.0498919,40.434572],[30.0495312,40.4329859],[30.0489901,40.431174],[30.0487004,40.4303834],[30.0480399,40.4288122],[30.0468416,40.4263861],[30.0461483,40.4252189],[30.0448917,40.4234635],[30.0434969,40.4218087],[30.0421545,40.4203165],[30.0387221,40.4166339],[30.0367807,40.4146089],[30.0359194,40.4135877],[30.0344784,40.4112867],[30.0338852,40.4101059],[30.0329303,40.4084558],[30.0322759,40.4070179],[30.030868,40.4035517],[30.0291303,40.3974295],[30.0287246,40.3952445],[30.0286793,40.3936485],[30.0288641,40.3920169],[30.0292331,40.3904039],[30.0297439,40.3890551],[30.0314069,40.3851281],[30.033617,40.3810173],[30.0377798,40.3745605],[30.0389828,40.3725133],[30.0400731,40.3708005],[30.0440466,40.3646829],[30.0453121,40.3626492],[30.0466742,40.3605994],[30.0499682,40.3554105],[30.0595646,40.3404883],[30.0606363,40.3386804],[30.0611325,40.3377554],[30.0620914,40.3357691],[30.0626473,40.3343843],[30.0630851,40.3331838],[30.0634321,40.332088],[30.0638105,40.3304322],[30.0640362,40.3291477],[30.0644399,40.3264928],[30.0645005,40.3254143],[30.0646663,40.3238781],[30.0647199,40.3225161],[30.0644631,40.3198868],[30.0640333,40.3178371],[30.0627994,40.3133459],[30.0619948,40.3111861],[30.0609685,40.3092718],[30.0605498,40.3082836],[30.0593609,40.3063856],[30.0581167,40.3045199],[30.0572781,40.3034678],[30.0555367,40.301451],[30.0543136,40.3002761],[30.0531577,40.2990733],[30.0486477,40.2946354],[30.0472051,40.2930818],[30.0451966,40.2908475],[30.0441132,40.2894447],[30.0418138,40.2863189],[30.0406444,40.2845102],[30.0397003,40.2827096],[30.038563,40.2803196],[30.0374579,40.2777004],[30.0355482,40.2725026],[30.0337672,40.2675254],[30.032587,40.2635466],[30.032072,40.2603864],[30.0317931,40.2578646],[30.0317156,40.2560625],[30.0316849,40.2534551],[30.0316709,40.2402918],[30.0317282,40.2393757],[30.0319311,40.2375254],[30.0321592,40.2361434],[30.0332703,40.2316971],[30.0343851,40.2259345],[30.0345463,40.2253606],[30.0346058,40.2243811],[30.0346138,40.2228219],[30.0345259,40.2212221],[30.0343339,40.2196784],[30.034045,40.2182632],[30.0336566,40.2168206],[30.0329726,40.2145931],[30.0327587,40.2140455],[30.0312678,40.2106515],[30.0293672,40.2065319],[30.0278115,40.2029783],[30.0230061,40.1925613],[30.0206995,40.1871356],[30.0176525,40.1792996],[30.0162792,40.1748074],[30.015732,40.1717906],[30.0153391,40.1659379],[30.0151436,40.1623388],[30.0148217,40.1573539],[30.0143651,40.1489739],[30.0140297,40.1471443],[30.0138187,40.1462711],[30.0132023,40.1441518],[30.0126407,40.1426089],[30.0119057,40.1408976],[30.0107383,40.1384748],[30.0047451,40.1264558],[30.0041456,40.125077],[30.0027773,40.1210711],[30.0025517,40.1201928],[30.0022391,40.1186383],[30.0020711,40.1172796],[30.0018932,40.1142862],[30.001868,40.1131439],[30.002389,40.107508],[30.0024871,40.1069878],[30.0029459,40.1053286],[30.0034699,40.1038908],[30.0047327,40.1012193],[30.0062599,40.0983294],[30.0064696,40.097988],[30.0081293,40.0955654],[30.0100138,40.0930179],[30.018621,40.0815783],[30.0191802,40.0806189],[30.0215598,40.0774016],[30.0227707,40.075655],[30.0237877,40.0737956],[30.0245366,40.0718632],[30.0248682,40.0702343],[30.0252113,40.0663862],[30.0255119,40.0591525],[30.0251969,40.0584687],[30.0247195,40.0578186],[30.0242457,40.0572983],[30.0233534,40.0567564],[30.0207048,40.0557793],[30.0186859,40.0544717],[30.0171061,40.0526275],[30.0151741,40.0487741],[30.0148201,40.046803],[30.0147128,40.0452014],[30.0149059,40.0433945],[30.0152278,40.0420967],[30.0157964,40.0408647],[30.0166654,40.0395422],[30.0191814,40.0367802],[30.0217724,40.034014],[30.0222981,40.0336319],[30.0239557,40.0326216],[30.024582,40.032066],[30.0249092,40.0315978],[30.0251278,40.0311234],[30.0251949,40.0308944],[30.0254161,40.0294116],[30.0268525,40.0231348],[30.0269155,40.0225556],[30.0268659,40.0221201],[30.0267707,40.0217966],[30.0265869,40.0214382],[30.0245337,40.0184834],[30.0241528,40.0179842],[30.0239839,40.0178066],[30.0235306,40.0174368],[30.0229284,40.0170989],[30.0220363,40.0166607],[30.0215749,40.0163871],[30.0233361,40.0172684],[30.0238388,40.0176084],[30.0241974,40.0179595],[30.0245888,40.0184606],[30.0266374,40.0214314],[30.0268096,40.0217802],[30.0269134,40.0220825],[30.026975,40.0224919],[30.0269671,40.0227618],[30.0269029,40.0231433],[30.0254659,40.0294232],[30.0252435,40.0309056],[30.025083,40.0313654],[30.0248204,40.0318251],[30.0246109,40.0321012],[30.0242118,40.0324854],[30.0236583,40.0328717],[30.0223466,40.0336515],[30.0218233,40.0340489],[30.0198979,40.0360824],[30.0197051,40.0363223],[30.0195207,40.0366344],[30.0194138,40.0368884],[30.0189417,40.0383342],[30.0188748,40.0387909],[30.0188751,40.0391242],[30.019047,40.0407674],[30.0189705,40.0412676],[30.0187831,40.041736],[30.0185987,40.0420327],[30.01769,40.0430389],[30.0174877,40.0433664],[30.0173092,40.0438623],[30.0172422,40.0443335],[30.0170967,40.0465308],[30.0170935,40.0468219],[30.0171295,40.0470748],[30.0172669,40.0474994],[30.017545,40.0480153],[30.018246,40.0488001],[30.0184902,40.0491217],[30.0186123,40.0493444],[30.0187769,40.0498907],[30.0189428,40.0506221],[30.0199144,40.0528108],[30.0201617,40.0537299],[30.0204938,40.054587],[30.0205961,40.0550169],[30.0205921,40.055261],[30.0205002,40.0555127],[30.0203391,40.0557758],[30.0179335,40.0584625],[30.0173507,40.059063],[30.0168258,40.0597757],[30.0166518,40.0601201],[30.0164655,40.060746],[30.01655,40.0619742],[30.0164034,40.0626485],[30.0162123,40.0631544],[30.0149375,40.0649884],[30.0143576,40.0659389],[30.0142286,40.0663767],[30.0141956,40.0666766],[30.0144198,40.0693594],[30.0144431,40.0700155],[30.0146576,40.0717684],[30.0145824,40.0728746],[30.0145217,40.0731417],[30.0143892,40.0735016],[30.014036,40.074044],[30.0129827,40.0751873],[30.0125323,40.0759128],[30.0119576,40.0773138],[30.0110645,40.078875],[30.0106701,40.0797393],[30.0098223,40.0813969],[30.0096973,40.0820536],[30.0095489,40.0825794],[30.0092335,40.0832129],[30.0091377,40.0834688],[30.0089324,40.0846894],[30.0087215,40.0851598],[30.0084117,40.0855516],[30.0082184,40.0858578],[30.0078911,40.0861561],[30.007529,40.0863969],[30.0062781,40.0870959],[30.0052875,40.087498],[30.0039385,40.0878836],[30.0032776,40.0881594],[30.0027883,40.0885271],[30.0009172,40.0902147],[30.0003235,40.090614],[29.9996327,40.0909211],[29.998878,40.0911126],[29.9973602,40.0913273],[29.9966257,40.0913506],[29.9958575,40.0912632],[29.9951787,40.0910364],[29.9946697,40.0908025],[29.9941616,40.0904167],[29.9938807,40.0901537],[29.9936564,40.089857],[29.9934763,40.0894915],[29.9930332,40.0882766],[29.9927451,40.0878904],[29.9924103,40.0875828],[29.9919596,40.0872636],[29.9916414,40.0870874],[29.9908164,40.086822],[29.9900703,40.0867312],[29.9891926,40.0867631],[29.9888176,40.0868389],[29.9881861,40.0870586],[29.9878087,40.0872331],[29.9875942,40.0873908],[29.987308,40.0876202],[29.9869037,40.0880522],[29.9865647,40.0884682],[29.9863634,40.0887812],[29.9862576,40.0891221],[29.9863192,40.0897251],[29.9863874,40.0900059],[29.9864963,40.0902635],[29.9876072,40.0923803],[29.987853,40.0927376],[29.9882877,40.0932092],[29.989235,40.0939084],[29.9897365,40.0943552],[29.9901483,40.0950819],[29.9902816,40.0954413],[29.9904631,40.0957958],[29.9911459,40.0966074],[29.9924028,40.0978968],[29.9929796,40.0983724],[29.9942595,40.099311],[29.9945228,40.0995579],[29.9948662,40.1000306],[29.9950085,40.1003893],[29.9950554,40.1008023],[29.9951438,40.101164],[29.9951409,40.1014848],[29.9950854,40.1017147],[29.9948034,40.1024244],[29.9946136,40.1031103],[29.9946171,40.1036741],[29.9947124,40.1040504],[29.9950014,40.1045571],[29.9952092,40.1048191],[29.995512,40.1051092],[29.9966085,40.1059064],[29.9969834,40.1062627],[29.9971889,40.1065383],[29.9974186,40.1070101],[29.9975403,40.1074667],[29.9978203,40.1090178],[29.9981019,40.109906],[29.9988214,40.1116339],[29.9999087,40.1137558],[30.0012226,40.1166065],[30.0016451,40.1177357],[30.0018007,40.1184141],[30.002164,40.1197256],[30.0025919,40.1216943],[30.0029272,40.1228306],[30.0037641,40.1249035],[30.0065699,40.1305921],[30.0075835,40.1333042],[30.0088344,40.1357175],[30.0075835,40.1333042],[30.0065699,40.1305921],[30.0037641,40.1249035],[30.0029272,40.1228306],[30.0025919,40.1216943],[30.002164,40.1197256],[30.0018007,40.1184141],[30.0016451,40.1177357],[30.0012226,40.1166065],[29.9999087,40.1137558],[29.9988214,40.1116339],[29.9981019,40.109906],[29.9978203,40.1090178],[29.9975403,40.1074667],[29.9974186,40.1070101],[29.9971889,40.1065383],[29.9969834,40.1062627],[29.9966085,40.1059064],[29.995512,40.1051092],[29.9952092,40.1048191],[29.9950014,40.1045571],[29.9947124,40.1040504],[29.9946171,40.1036741],[29.9946136,40.1031103],[29.9948034,40.1024244],[29.9950854,40.1017147],[29.9951409,40.1014848],[29.9951438,40.101164],[29.9950554,40.1008023],[29.9950085,40.1003893],[29.9948662,40.1000306],[29.9945228,40.0995579],[29.9942595,40.099311],[29.9929796,40.0983724],[29.9924028,40.0978968],[29.9911459,40.0966074],[29.9904631,40.0957958],[29.9902816,40.0954413],[29.9901483,40.0950819],[29.9897365,40.0943552],[29.989235,40.0939084],[29.9882877,40.0932092],[29.987853,40.0927376],[29.9876072,40.0923803],[29.9864963,40.0902635],[29.9863874,40.0900059],[29.9863192,40.0897251],[29.9862576,40.0891221],[29.9863634,40.0887812],[29.9865647,40.0884682],[29.9869037,40.0880522],[29.987308,40.0876202],[29.9878087,40.0872331],[29.9884815,40.0869418],[29.9891926,40.0867631],[29.9898579,40.0867234],[29.9903736,40.0867533],[29.9908164,40.086822],[29.9916414,40.0870874],[29.9919596,40.0872636],[29.9924103,40.0875828],[29.9927451,40.0878904],[29.9930332,40.0882766],[29.9934763,40.0894915],[29.9936564,40.089857],[29.9938807,40.0901537],[29.9941616,40.0904167],[29.9946697,40.0908025],[29.9951787,40.0910364],[29.9958575,40.0912632],[29.9966257,40.0913506],[29.9973602,40.0913273],[29.998878,40.0911126],[29.9996327,40.0909211],[30.0003235,40.090614],[30.0009172,40.0902147],[30.0027883,40.0885271],[30.0032776,40.0881594],[30.0039385,40.0878836],[30.0052875,40.087498],[30.0062781,40.0870959],[30.007529,40.0863969],[30.0078911,40.0861561],[30.0082184,40.0858578],[30.0084117,40.0855516],[30.0087215,40.0851598],[30.0089324,40.0846894],[30.0091377,40.0834688],[30.0092335,40.0832129],[30.0095489,40.0825794],[30.0096973,40.0820536],[30.0098223,40.0813969],[30.0106701,40.0797393],[30.0110645,40.078875],[30.0119576,40.0773138],[30.0125323,40.0759128],[30.0129827,40.0751873],[30.014036,40.074044],[30.0143892,40.0735016],[30.0145217,40.0731417],[30.0145824,40.0728746],[30.0146576,40.0717684],[30.0144431,40.0700155],[30.0144198,40.0693594],[30.0141956,40.0666766],[30.0142286,40.0663767],[30.0143576,40.0659389],[30.0149375,40.0649884],[30.0162123,40.0631544],[30.0164034,40.0626485],[30.01655,40.0619742],[30.0164655,40.060746],[30.0166518,40.0601201],[30.0168258,40.0597757],[30.0173507,40.059063],[30.0179335,40.0584625],[30.0203391,40.0557758],[30.0205002,40.0555127],[30.0205921,40.055261],[30.0205961,40.0550169],[30.0204938,40.054587],[30.0201617,40.0537299],[30.0199144,40.0528108],[30.0189428,40.0506221],[30.0187769,40.0498907],[30.0186123,40.0493444],[30.0184902,40.0491217],[30.018246,40.0488001],[30.017545,40.0480153],[30.0172669,40.0474994],[30.0171295,40.0470748],[30.0170935,40.0468219],[30.0170967,40.0465308],[30.0172422,40.0443335],[30.0173092,40.0438623],[30.0174877,40.0433664],[30.01769,40.0430389],[30.0185987,40.0420327],[30.0187831,40.041736],[30.0189705,40.0412676],[30.019047,40.0407674],[30.0188751,40.0391242],[30.0188748,40.0387909],[30.0189417,40.0383342],[30.0194138,40.0368884],[30.0195207,40.0366344],[30.0197051,40.0363223],[30.0198979,40.0360824],[30.0218233,40.0340489],[30.0223466,40.0336515],[30.0236583,40.0328717],[30.0242118,40.0324854],[30.0246109,40.0321012],[30.0248204,40.0318251],[30.025083,40.0313654],[30.0252435,40.0309056],[30.0254659,40.0294232],[30.0269029,40.0231433],[30.0269671,40.0227618],[30.026975,40.0224919],[30.0269134,40.0220825],[30.0268096,40.0217802],[30.0266374,40.0214314],[30.0245888,40.0184606],[30.0240322,40.017786],[30.0238388,40.0176084],[30.0233361,40.0172684],[30.0198334,40.0155256],[30.0193007,40.015207],[30.0189254,40.0149027],[30.0187142,40.0146669],[30.0184108,40.0142047],[30.0182052,40.0135535],[30.0181988,40.0130499],[30.018256,40.0126966],[30.0194295,40.0100527],[30.019601,40.0090611],[30.019591,40.0087742],[30.0194761,40.008174],[30.0192239,40.0074856],[30.0186507,40.0066908],[30.0183765,40.0064003],[30.0180392,40.0061346],[30.0175411,40.0057787],[30.0170061,40.0054918],[30.0165501,40.0053059],[30.0112541,40.0035688],[30.0106466,40.0033047],[30.010104,40.0029609],[30.0098956,40.0027603],[30.0093696,40.0021188],[30.0065059,39.9982163],[30.006267,39.9977633],[30.006178,39.9974869],[30.0060734,39.9968201],[30.0061163,39.9964708],[30.0063577,39.9954763],[30.006408,39.9950697],[30.0063958,39.9948433],[30.0063066,39.9944293],[30.0061115,39.993993],[30.0056834,39.9934152],[30.004413,39.9919544],[30.0037315,39.9911136],[30.0036161,39.9908939],[30.0034052,39.9906515],[30.0020341,39.9885546],[30.0009645,39.9868593],[29.9951702,39.9772352],[29.9938527,39.9749242],[29.9930736,39.9730498],[29.9926892,39.9720452],[29.9923941,39.9712168],[29.9920246,39.9699551],[29.9904598,39.9641647],[29.9888038,39.9576282],[29.9873629,39.9516721],[29.9868912,39.9486478],[29.9868051,39.9456671],[29.9871199,39.9431272],[29.9903508,39.9319418],[29.9918002,39.928497],[29.9924801,39.9272267],[29.9933018,39.9261274],[29.9995438,39.9185767],[30.0209265,39.8935919],[30.0226307,39.8921171],[30.0241451,39.8909277],[30.0255413,39.8899013],[30.0271393,39.8887601],[30.0286356,39.8877652],[30.0303823,39.8867306],[30.0320629,39.8857895],[30.0345364,39.8845246],[30.0575198,39.8732965],[30.0632092,39.8708079],[30.0990464,39.8545067],[30.1133568,39.8487307],[30.1156812,39.8479022],[30.1180614,39.8471778],[30.1191293,39.8468936],[30.12111,39.8464161],[30.1237475,39.8458897],[30.1272186,39.8453878],[30.1284276,39.8452542],[30.2051884,39.8383651],[30.2125485,39.837692],[30.2144879,39.8374684],[30.2173815,39.837018],[30.220827,39.8362911],[30.2356792,39.8325036],[30.2389093,39.8318403],[30.240828,39.8315324],[30.2442194,39.8311393],[30.2821844,39.8275739],[30.2931944,39.8265029],[30.2946331,39.8263284],[30.2961019,39.8261044],[30.2984141,39.8256765],[30.2999396,39.8253341],[30.3018418,39.8248348],[30.3034097,39.8243625],[30.3063387,39.8233222],[30.3453964,39.8077351],[30.3512174,39.8054544],[30.3530411,39.8048349],[30.3551288,39.8041813],[30.3567413,39.8037238],[30.3625315,39.8022608],[30.3646146,39.801769],[30.3681277,39.800829],[30.3719389,39.7997021],[30.3898055,39.7938763],[30.3924311,39.7929],[30.3949197,39.791951],[30.397471,39.7908712],[30.399535,39.7898543],[30.4014198,39.7888436],[30.4033212,39.7877561],[30.4094144,39.7841649],[30.4153262,39.7806417],[30.4208639,39.7774269],[30.4225215,39.7765143],[30.4236639,39.7759288],[30.4256371,39.7749869],[30.4282807,39.7738929],[30.4301392,39.7732141],[30.4318214,39.7726723],[30.4334378,39.7722029],[30.4350481,39.7717774],[30.4383437,39.7710639],[30.4399873,39.7707958],[30.441629,39.7705548],[30.444381,39.770264],[30.4467058,39.7701428],[30.448823,39.7700857],[30.4510036,39.7701218],[30.4540663,39.7702874],[30.4558835,39.770472],[30.4586245,39.7708464],[30.461186,39.7713185],[30.4624895,39.7715939],[30.4719757,39.7737724],[30.4732965,39.7740394],[30.4804655,39.7753168],[30.4902099,39.7769735],[30.4918346,39.777283],[30.4950453,39.7779828],[30.4980709,39.7785529],[30.5007647,39.7791799],[30.4980709,39.7785529],[30.5069965,39.7800687],[30.5107851,39.7805408],[30.5184885,39.7817593],[30.5345134,39.7845142],[30.536973,39.7849119],[30.5406288,39.7854396],[30.5635696,39.7880731],[30.6030863,39.792505],[30.6277842,39.7952225],[30.6521092,39.7978049],[30.7266002,39.8061468],[30.7287852,39.8063385],[30.7297111,39.8063981],[30.7310068,39.8064323],[30.7643224,39.8066845],[30.766598,39.8066534],[30.76934,39.8065643],[30.770842,39.8064839],[30.7748117,39.8060718],[30.7767402,39.8057793],[30.7794305,39.8052827],[30.7817345,39.804784],[30.8415605,39.7903468],[30.850572,39.7880812],[30.8536405,39.7874072],[30.8568296,39.7868569],[30.8999246,39.7810774],[30.9023762,39.7806775],[30.9058618,39.7799602],[30.9073101,39.7795829],[30.9104322,39.7786718],[30.9133022,39.7776866],[30.9150671,39.7770248],[30.9169768,39.7762395],[30.9189805,39.7753139],[30.9224647,39.7735163],[30.9258255,39.7715372],[30.9325336,39.7668181],[30.9348634,39.7654305],[30.9387296,39.7632822],[30.9417712,39.7618431],[30.9450623,39.7604781],[30.9468459,39.7598059],[30.9486779,39.7592019],[30.9499787,39.7587833],[30.9538438,39.7576801],[30.9566145,39.757043],[30.9600451,39.7563749],[30.9622847,39.7560367],[30.9645163,39.7557543],[30.9660076,39.7556089],[30.9702576,39.7552975],[30.973959,39.7552294],[30.9754476,39.7552315],[30.9789466,39.7553934],[31.0106812,39.7577883],[31.0123924,39.7578461],[31.0151283,39.7578358],[31.0171962,39.7577389],[31.0198678,39.7575017],[31.0229684,39.757079],[31.0241271,39.7568749],[31.0267744,39.7563367],[31.0289872,39.75578],[31.0304759,39.7553531],[31.0351644,39.7538912],[31.0394935,39.7524765],[31.0420952,39.7515404],[31.0435047,39.750998],[31.0467032,39.7496803],[31.0498146,39.748278],[31.0534383,39.7464797],[31.0556215,39.7453082],[31.0600445,39.7428107],[31.0631505,39.7410061],[31.0689554,39.7373062],[31.0704306,39.7364317],[31.0720936,39.7355036],[31.0745263,39.7342907],[31.0759559,39.7336368],[31.0771468,39.7331171],[31.0788455,39.7324425],[31.0842493,39.7304922],[31.0954717,39.7266718],[31.1089551,39.7221529],[31.1556091,39.7062893],[31.1594981,39.705212],[31.1611704,39.7048297],[31.1633048,39.7043776],[31.1645031,39.704166],[31.1681254,39.7036683],[31.1700574,39.7034773],[31.1720492,39.7033635],[31.1747065,39.7032692],[31.1758637,39.7032583],[31.1777926,39.7032918],[31.1795857,39.7033799],[31.1951171,39.7046572],[31.1943661,39.7045512],[31.1974977,39.7048255],[31.2010431,39.7050666],[31.2047003,39.7051455],[31.20793,39.7050942],[31.2102,39.7049744],[31.2127076,39.7047568],[31.214077,39.7045869],[31.21683,39.7041861],[31.2183712,39.7039059],[31.2219042,39.7031515],[31.2236748,39.7026935],[31.2266606,39.701859],[31.2385895,39.6984043],[31.24176,39.6975222],[31.2438521,39.697001],[31.2473712,39.6962613],[31.2509379,39.6956584],[31.2541853,39.6952513],[31.2563902,39.6950221],[31.2597439,39.694804],[31.2881226,39.6940104],[31.2898691,39.6939288],[31.2928044,39.6937112],[31.2961472,39.693379],[31.3002979,39.6928395],[31.3047315,39.6920976],[31.3071068,39.6916169],[31.3127769,39.6902522],[31.3148797,39.6896755],[31.3175312,39.6888779],[31.3206425,39.6878614],[31.3228351,39.6870811],[31.3267401,39.6855282],[31.328443,39.6848827],[31.3297979,39.6844158],[31.3308629,39.6840979],[31.3333191,39.6834722],[31.3358714,39.6829198],[31.3389898,39.6824046],[31.3426078,39.6820716],[31.3443639,39.6819833],[31.3474135,39.6819264],[31.3489124,39.6819854],[31.3515783,39.6822051],[31.3532649,39.6823877],[31.3550529,39.6826494],[31.3575917,39.6831215],[31.3602825,39.683738],[31.361219,39.6839783],[31.3624405,39.6843603],[31.3649123,39.6852436],[31.3668743,39.6860166],[31.3719322,39.6881662],[31.3739012,39.6889082],[31.3755179,39.6894762],[31.3770465,39.6899241],[31.3810744,39.6909457],[31.3833364,39.6913278],[31.3852717,39.6916038],[31.3890623,39.6919627],[31.3905562,39.6920158],[31.3963009,39.6918034],[31.3973941,39.6917184],[31.399721,39.6914494],[31.4020082,39.6911076],[31.4034389,39.6908107],[31.4139805,39.6884056],[31.4158264,39.6880629],[31.4200677,39.6874199],[31.4229859,39.6873401],[31.4278295,39.6873749],[31.4311338,39.687638],[31.4360078,39.6884254],[31.4577674,39.6928963],[31.4603099,39.6933799],[31.4637133,39.6937886],[31.4680764,39.6941739],[31.4702445,39.6943915],[31.4721335,39.694619],[31.4740011,39.6949055],[31.4770897,39.6954697],[31.4796023,39.696059],[31.4822515,39.6967365],[31.4851522,39.6976213],[31.4881581,39.6986722],[31.4913582,39.7000111],[31.4927798,39.7006736],[31.494386,39.7014791],[31.4958331,39.7022945],[31.4984099,39.7038331],[31.4996649,39.7046247],[31.5020605,39.7062698],[31.5036153,39.7074474],[31.5066356,39.7100039],[31.5081303,39.7114324],[31.5092801,39.7126236],[31.5110021,39.7145875],[31.5118446,39.7156165],[31.5125526,39.7165486],[31.513538,39.7179345],[31.5145254,39.7194358],[31.5158204,39.7216708],[31.5164592,39.7228945],[31.5183164,39.7267476],[31.5189895,39.7279953],[31.5199885,39.7296781],[31.5209825,39.7311782],[31.5220569,39.732653],[31.5230781,39.7339283],[31.524863,39.7359417],[31.5262397,39.7373297],[31.527632,39.7386091],[31.5288228,39.739629],[31.5298694,39.7404727],[31.5321475,39.7421595],[31.5339722,39.7433539],[31.5354802,39.7442566],[31.5391197,39.7462222],[31.5403062,39.7467836],[31.5417796,39.7474347],[31.543387,39.7480943],[31.5462914,39.7491459],[31.5490023,39.7499896],[31.5504215,39.750372],[31.5561849,39.7517352],[31.5621923,39.7531009],[31.5635088,39.7533385],[31.5667995,39.7538037],[31.5677212,39.7539063],[31.5692965,39.7540234],[31.5717581,39.7541427],[31.574027,39.7541531],[31.5755265,39.75411],[31.5778391,39.7539627],[31.5790691,39.7538418],[31.5809007,39.7536135],[31.5834345,39.7532227],[31.5862722,39.7526041],[31.5885194,39.7520241],[31.5894532,39.751747],[31.5915174,39.7510668],[31.5935109,39.7503328],[31.5950779,39.7496747],[31.5995049,39.7473827],[31.600593,39.7467661],[31.6017793,39.7460449],[31.6026512,39.745472],[31.6045126,39.7441149],[31.6052614,39.743512],[31.6069395,39.7420554],[31.6082219,39.7408263],[31.6101195,39.7387782],[31.6115447,39.7370043],[31.6135169,39.7341375],[31.6150226,39.7318693],[31.616189,39.7300166],[31.6207748,39.7232368],[31.6238503,39.7185281],[31.6257443,39.7161474],[31.6268492,39.7148577],[31.6284584,39.713171],[31.6292024,39.7124693],[31.6317264,39.7102744],[31.6370324,39.7057622],[31.6379248,39.705036],[31.6397217,39.7036651],[31.6420106,39.7021815],[31.6448771,39.7005909],[31.6480827,39.6991612],[31.6490881,39.6987636],[31.651497,39.697911],[31.6530631,39.6974108],[31.6543088,39.6970532],[31.6555457,39.6967185],[31.6575753,39.6963385],[31.6590009,39.6961151],[31.6604348,39.6959326],[31.6627896,39.6956923],[31.6665776,39.6954348],[31.6686831,39.6954361],[31.6695593,39.6954811],[31.6735789,39.6958095],[31.6763741,39.6961097],[31.6781276,39.6962558],[31.6803908,39.6963625],[31.6839523,39.6963221],[31.6866213,39.6961525],[31.6878106,39.6960216],[31.6898356,39.6957466],[31.6917811,39.6954361],[31.6937166,39.6950272],[31.708707,39.6916288],[31.7147131,39.6899759],[31.7170743,39.689413],[31.718959,39.6890325],[31.7206844,39.6887574],[31.7225382,39.6885148],[31.7241348,39.6883615],[31.7257613,39.6882412],[31.7284887,39.6881321],[31.7887484,39.6864839],[31.790069,39.6864079],[31.7920611,39.6862241],[31.7941088,39.6859918],[31.7968846,39.6855629],[31.7994553,39.6850677],[31.8026873,39.6841952],[31.8048583,39.6835328],[31.8066314,39.6829255],[31.8085858,39.6821422],[31.8281277,39.6736145],[31.8296532,39.6730226],[31.8316823,39.6722864],[31.8342781,39.6714339],[31.8361547,39.6709043],[31.8404069,39.6698548],[31.8533886,39.6668686],[31.8599328,39.6651942],[31.8619538,39.6647547],[31.8639983,39.6643588],[31.8660581,39.6640411],[31.8681301,39.6637759],[31.8723629,39.6635345],[31.875108,39.6634992],[31.8776501,39.6635943],[31.8812727,39.663918],[31.8823225,39.664077],[31.887024,39.6649305],[31.8894625,39.6652932],[31.8918388,39.6656033],[31.8942604,39.6658036],[31.896686,39.6659444],[31.8990106,39.6660094],[31.9018315,39.6659827],[31.903571,39.6659024],[31.906084,39.6656994],[31.9083832,39.6654305],[31.9106336,39.6650889],[31.9140376,39.6644542],[31.9181633,39.6633591],[31.9207212,39.6625442],[31.9272237,39.6601019],[31.9300614,39.6590016],[31.9339456,39.6574364],[31.9384052,39.655259],[31.940194,39.6542805],[31.9435862,39.6521568],[31.9448376,39.6512808],[31.9463951,39.6500956],[31.9475672,39.6490877],[31.949893,39.6469376],[31.9510025,39.6457702],[31.9524413,39.6441548],[31.9536026,39.6427111],[31.9548078,39.6410833],[31.9554946,39.6400491],[31.9562484,39.6388122],[31.9570827,39.6373376],[31.957967,39.6355551],[31.9588661,39.6334263],[31.9595405,39.6315141],[31.9603313,39.6285853],[31.9628451,39.6184559],[31.9633857,39.6164211],[31.9636936,39.6153571],[31.9642858,39.6135404],[31.9649918,39.6116928],[31.9660078,39.6093835],[31.9676131,39.6062432],[31.9692811,39.6034989],[31.9709366,39.6011024],[31.9735955,39.5977008],[31.9757169,39.5954009],[31.9763672,39.5947533],[31.980013,39.5914298],[31.9833187,39.588701],[31.9869578,39.5862027],[31.9902268,39.5841911],[31.9968325,39.5800231],[31.9981112,39.5791995],[32.0016536,39.576761],[32.0033083,39.5757446],[32.0049422,39.5746495],[32.0072834,39.5730273],[32.0084671,39.5721561],[32.0099652,39.5709439],[32.0107357,39.5702393],[32.0114948,39.5694698],[32.0123215,39.5685674],[32.0130875,39.5676147],[32.0139467,39.5664775],[32.0151123,39.5646445],[32.0161752,39.5626476],[32.0165525,39.5616926],[32.0168924,39.5607931],[32.0171669,39.5598937],[32.017616,39.5580766],[32.017874,39.5566968],[32.0179909,39.5554991],[32.0180297,39.5543885],[32.0180197,39.5534368],[32.0179419,39.5524103],[32.0178245,39.5513976],[32.0176858,39.5505938],[32.0175008,39.5497087],[32.0170567,39.5481069],[32.0148637,39.5418907],[32.0132979,39.5380733],[32.0130568,39.5373141],[32.0020556,39.5096713],[32.001505,39.5079068],[32.0008071,39.5051647],[32.0004685,39.5036066],[31.9999933,39.5004942],[31.9998404,39.4989268],[31.9996529,39.4963734],[31.9993276,39.4910781],[31.9992069,39.4878514],[31.9992199,39.4850247],[31.9992763,39.4827083],[31.9994569,39.4803421],[31.9998901,39.4776674],[32.0042759,39.4567573],[32.0047585,39.4537392],[32.0050963,39.4493792],[32.0049514,39.4455025],[32.0043727,39.4410697],[32.001849,39.4262652],[32.0014832,39.4236791],[32.001053,39.4184462],[32.0009416,39.4174652],[32.000973,39.4134978],[32.0011711,39.4089129],[32.0020062,39.402175],[32.0022123,39.3995491],[32.004398,39.3824079],[32.0047099,39.3806896],[32.0057268,39.3755268],[32.0062234,39.3735685],[32.0066465,39.3721443],[32.0073785,39.3699644],[32.0090421,39.3662884],[32.0116433,39.3611861],[32.0145339,39.3560456],[32.0170865,39.3518],[32.0230396,39.34337],[32.0237048,39.342449],[32.0252149,39.3405012],[32.0267075,39.3387504],[32.0281921,39.337152],[32.0290276,39.3362942],[32.0306386,39.3347346],[32.0322677,39.3332508],[32.0340344,39.33184],[32.0351136,39.3308826],[32.0371158,39.329368],[32.0381431,39.3286336],[32.0403891,39.3271481],[32.0449127,39.3244305],[32.0508351,39.3214508],[32.0707365,39.3126546],[32.0760575,39.3100373],[32.0830354,39.3058106],[32.0872365,39.3026259],[32.090534,39.2998112],[32.093425,39.2971001],[32.0977431,39.2920218],[32.1015828,39.2866042],[32.1188424,39.2611814],[32.1222533,39.2557133],[32.1251358,39.2508397],[32.1368538,39.2291177],[32.1445374,39.2158736],[32.1476095,39.2104063],[32.1537543,39.2015531],[32.1624477,39.1894929],[32.1647071,39.1858787],[32.1664382,39.1827477],[32.1679289,39.1794302],[32.1695156,39.1752183],[32.1703817,39.1718244],[32.1709586,39.1682836],[32.1714874,39.1639965],[32.1714393,39.1596334],[32.1711029,39.1560556],[32.1704305,39.1500592],[32.1672566,39.1222088],[32.1657414,39.1091949],[32.1626869,39.0760141],[32.160926,39.0547044],[32.1604519,39.0485788],[32.1601474,39.0437427],[32.1601474,39.0385125],[32.1603166,39.0339919],[32.1609257,39.0277619],[32.1616362,39.0231881],[32.162719,39.0177992],[32.1722263,38.9843136],[32.1739785,38.979055],[32.1752032,38.9758102],[32.1779787,38.9690436],[32.1837728,38.9558568],[32.2063962,38.9034545],[32.2101781,38.8948306],[32.2105961,38.8937416],[32.2125587,38.889398],[32.2140615,38.8858953],[32.2153938,38.882525],[32.216585,38.8792478],[32.2176179,38.8761843],[32.2192056,38.8708945],[32.2199996,38.8679432],[32.2211008,38.863078],[32.2218348,38.8592031],[32.2223726,38.8560325],[32.2228208,38.8529409],[32.2231793,38.8493711],[32.2234652,38.8458012],[32.2237296,38.8389925],[32.2230476,38.8013467],[32.223235,38.7967793],[32.2234643,38.7944544],[32.2240908,38.7907603],[32.2247519,38.7878573],[32.2256366,38.7847873],[32.2274662,38.7800311],[32.2284104,38.7779887],[32.2297038,38.7754081],[32.231278,38.7726485],[32.2331075,38.7697559],[32.2347408,38.7674477],[32.2364537,38.7652578],[32.2387831,38.7625502],[32.2412421,38.7599143],[32.2439831,38.7573053],[32.2461196,38.7554148],[32.2485743,38.7534319],[32.2513345,38.7513474],[32.2544429,38.7492435],[32.2600673,38.7457588],[32.2771943,38.7347046],[32.281374,38.7311919],[32.2851297,38.7274782],[32.2882529,38.7240329],[32.2908648,38.7205138],[32.2934774,38.7163707],[32.295556,38.7122144],[32.2968263,38.7095766],[32.2979074,38.7065299],[32.2986756,38.7036724],[32.2993536,38.7005762],[32.2996404,38.6990696],[32.299943,38.6954396],[32.2997576,38.687955],[32.2984353,38.6805786],[32.2977302,38.6781675],[32.2970191,38.6761332],[32.2833179,38.6431909],[32.2820683,38.6396053],[32.281116,38.6365769],[32.2803849,38.6339538],[32.2797985,38.6315639],[32.2792716,38.6287291],[32.2786934,38.6245314],[32.278447,38.6218557],[32.278328,38.6185944],[32.2782898,38.6152746],[32.2785787,38.6101293],[32.2790544,38.6064177],[32.2795558,38.6034761],[32.2803377,38.5998234],[32.2811278,38.5968152],[32.282092,38.5937213],[32.2830858,38.5908599],[32.2843428,38.5878061],[32.2856681,38.5849307],[32.2871292,38.5819958],[32.2888874,38.5788749],[32.3084849,38.547366],[32.3260259,38.519826],[32.3734474,38.4463036],[32.3774828,38.4404392],[32.383436,38.4325378],[32.38994,38.4249989],[32.3934759,38.4211657],[32.3964363,38.4181003],[32.4006391,38.4140268],[32.404211,38.4106754],[32.4111358,38.4047226],[32.4155502,38.4012138],[32.4611406,38.366157],[32.4838561,38.3485204],[32.4999099,38.3363031],[32.5146014,38.3218074],[32.5210065,38.3125474],[32.5237504,38.3077909],[32.5655027,38.2327858],[32.5868559,38.1942293],[32.5924793,38.1838463],[32.6073656,38.1568969],[32.6159354,38.1396247],[32.6199628,38.1310739],[32.6226156,38.1253517],[32.6271549,38.1153605],[32.6284749,38.1114033],[32.6291935,38.1080507],[32.6295541,38.1043179],[32.6296233,38.1021654],[32.6294913,38.0994709],[32.6292568,38.0971626],[32.6290619,38.0959215],[32.6288729,38.0949402],[32.6284195,38.0929876],[32.6281634,38.0920301],[32.6276054,38.0902467],[32.6268133,38.0881497],[32.625276,38.084518],[32.6030687,38.0326955],[32.5955571,38.0150907],[32.5949322,38.0133473],[32.5945526,38.0119346],[32.5943689,38.0110914],[32.5937279,38.0075579],[32.5933303,38.0058257],[32.5928333,38.0042536],[32.592293,38.0029119],[32.5919831,38.002214],[32.5909316,38.0002093],[32.5905709,37.999609],[32.5870961,37.9944157],[32.5861855,37.9928937],[32.5855337,37.9916328],[32.5787437,37.9758185],[32.5783107,37.9749007],[32.5780021,37.9743606],[32.5776014,37.9737403],[32.577129,37.9731174],[32.5765749,37.9724867],[32.575777,37.9717192],[32.5732706,37.9695704],[32.5706634,37.9674201],[32.5616762,37.9606089],[32.5597228,37.959085],[32.5577794,37.9574512],[32.5554608,37.9553248],[32.5533888,37.9532324],[32.5386567,37.9376675],[32.5363031,37.9353257],[32.527138,37.9256743],[32.5164821,37.9143794],[32.5107464,37.9083643],[32.5098029,37.907411],[32.5088073,37.9065756],[32.5009645,37.900676],[32.499918,37.8997205],[32.499412,37.8993165],[32.4962405,37.896953],[32.4947688,37.8960292],[32.4941953,37.8955824],[32.4932684,37.8948587],[32.492102,37.8936009],[32.4916915,37.8930917],[32.4876997,37.8877297],[32.4837621,37.8823191],[32.4775615,37.8739972],[32.4771822,37.8734214],[32.4767684,37.8724991],[32.4764304,37.8713942],[32.4763462,37.8708219],[32.4763018,37.8689996],[32.4761649,37.8671407],[32.4760337,37.8626712],[32.4760048,37.8615228],[32.4760249,37.8596885],[32.4761099,37.8579419],[32.4761755,37.8571902],[32.476434,37.8557721],[32.4768725,37.8542549],[32.4775533,37.8526511],[32.4781989,37.8514829],[32.4787417,37.8506058],[32.4987675,37.8223123],[32.5081152,37.8091594],[32.5104051,37.8057353],[32.5213081,37.790258],[32.523155,37.7874403],[32.5248136,37.7843292],[32.530756,37.7721772],[32.5591385,37.7144261],[32.5589171,37.7147716],[32.5605671,37.7113577],[32.5614582,37.7098615],[32.5620908,37.7088915],[32.5631435,37.707565],[32.5636102,37.7070375],[32.5642135,37.7063955],[32.5648119,37.7058359],[32.5660299,37.7048104],[32.5668296,37.7042069],[32.5682854,37.7032341],[32.5692756,37.7026556],[32.6523273,37.6578421],[32.6642998,37.651427],[32.6690071,37.6488518],[32.7100739,37.626677],[32.7117383,37.6257718],[32.7128113,37.6250899],[32.7151865,37.6234208],[32.7876672,37.5697748],[32.7935361,37.565375],[32.8200948,37.5456637],[32.9280056,37.4607915],[32.9408218,37.4506535],[32.9428375,37.4490011],[32.9442963,37.447633],[32.9453494,37.446497],[32.945826,37.445957],[32.9466802,37.4448749],[32.9474676,37.4437564],[32.9484745,37.4421171],[32.949211,37.4406946],[32.9496664,37.4396631],[32.9502153,37.4381896],[32.9505393,37.4371371],[32.9507805,37.4361884],[32.9510295,37.4349681],[32.9511446,37.4342068],[32.9512999,37.4326181],[32.9515226,37.4243481],[32.9516085,37.4230555],[32.9517831,37.4216752],[32.9520491,37.4203118],[32.9522451,37.4195249],[32.9527072,37.4179821],[32.95311,37.4168901],[32.9535426,37.4158892],[32.9538462,37.4152406],[32.9546868,37.4136833],[32.9551167,37.4129706],[32.9560527,37.4115741],[32.9583178,37.4086466],[32.993487,37.3635094],[32.9944204,37.3623454],[32.9950909,37.3615971],[32.9960659,37.3606026],[33.0330938,37.3243994],[33.0838788,37.2745736],[33.0849088,37.2736793],[33.0860381,37.2728498],[33.0872543,37.2720219],[33.1365697,37.2403871],[33.2055564,37.1960146],[33.2077123,37.1945999],[33.2082407,37.1942954],[33.2089155,37.1940059],[33.2096234,37.1937922],[33.2104321,37.1936491],[33.2118376,37.1935764],[33.2156158,37.1935423]]},"id":"shape-halkali-karaman"},{"type":"Feature","properties":{"shape_id":"shape-ankara-kars","route_id":"route-dogu-ekspresi","name":"Ankara Gar–Kars","directionality":"single_geometry_timetable_carries_direction","length_km":1362,"anchor_count":30,"source":"OSM-derived railway GeoJSON","license":"ODbL; © OpenStreetMap contributors","id":"shape-ankara-kars","route_name":"Doğu Ekspresi","mode":"mainline","status":"active","source_status":"odbl"},"geometry":{"type":"LineString","coordinates":[[32.8435238,39.9351491],[32.8456333,39.9340277],[32.8461897,39.9336938],[32.8465835,39.933333],[32.8470382,39.9328049],[32.8496093,39.9304825],[32.8500463,39.9301303],[32.8505441,39.9298579],[32.851082,39.9296182],[32.8516728,39.9294524],[32.8522675,39.9293205],[32.8528501,39.9292569],[32.8552579,39.9290782],[32.856278,39.9290256],[32.8604264,39.9290018],[32.8625053,39.9287552],[32.8634939,39.9286916],[32.8640224,39.9286813],[32.8684931,39.9288151],[32.8694043,39.9288984],[32.8703021,39.929119],[32.8709046,39.9293571],[32.8714902,39.9296885],[32.8720271,39.9300792],[32.8736948,39.9317578],[32.8740824,39.9321181],[32.8743127,39.9322866],[32.8748153,39.9326008],[32.8753078,39.9328501],[32.8766282,39.9334357],[32.8774117,39.933887],[32.8779102,39.9342467],[32.8785146,39.9347455],[32.8796958,39.9358044],[32.8802749,39.9364488],[32.8811622,39.9377293],[32.8815795,39.9383962],[32.8817992,39.9387078],[32.8820643,39.9389987],[32.8825475,39.9394562],[32.883002,39.9398132],[32.8837155,39.9402675],[32.8844291,39.9406122],[32.8849064,39.9407963],[32.8860754,39.9411195],[32.8868936,39.9412323],[32.8877081,39.9412742],[32.8885255,39.94124],[32.8893383,39.9411311],[32.8900824,39.9409619],[32.8909189,39.9406725],[32.8915482,39.9404005],[32.8922131,39.9400138],[32.8928021,39.9395804],[32.8933098,39.9390658],[32.8957209,39.9363468],[32.8965971,39.9356402],[32.8975679,39.9351117],[32.8986463,39.9346939],[32.9041408,39.9332353],[32.908401,39.9324445],[32.9091247,39.9322369],[32.9104427,39.9317571],[32.9133826,39.9305212],[32.9140325,39.9301529],[32.9149604,39.9295074],[32.9171178,39.9276818],[32.9176917,39.9272816],[32.9183739,39.9269042],[32.9191147,39.9266015],[32.91988,39.9263664],[32.9205338,39.9262143],[32.9218462,39.9260163],[32.9242714,39.925806],[32.9253279,39.9255805],[32.9260706,39.9253089],[32.926769,39.9249721],[32.9286737,39.9237178],[32.9293654,39.9233677],[32.9301192,39.9230816],[32.9339645,39.9218366],[32.9350861,39.9213966],[32.9357544,39.9210152],[32.9361744,39.920732],[32.9377332,39.9194337],[32.9384327,39.9189552],[32.9391902,39.9185474],[32.9400358,39.918219],[32.9409085,39.9179571],[32.9413642,39.917859],[32.9470975,39.9167704],[32.9478583,39.9167022],[32.9482833,39.9166959],[32.9519335,39.9168751],[32.9525245,39.9168735],[32.9536876,39.9167099],[32.95409,39.9166164],[32.9551469,39.9162249],[32.9554514,39.9160704],[32.9567681,39.9152374],[32.9574686,39.9149158],[32.960287,39.9139595],[32.9613886,39.9136969],[32.962166,39.9136131],[32.9700192,39.9133755],[32.9692938,39.9134421],[32.9701425,39.9134115],[32.9688808,39.9135484],[32.9637166,39.9137079],[32.9688808,39.9135484],[32.9701425,39.9134115],[32.9692938,39.9134421],[32.9700192,39.9133755],[32.9617934,39.9136425],[32.9613886,39.9136969],[32.9606146,39.9138661],[32.9582901,39.9146349],[32.9605707,39.9137657],[32.9618851,39.9135045],[32.9628823,39.913428],[32.9712049,39.9131854],[32.9724645,39.9132358],[32.9737325,39.9133663],[32.9745503,39.9135044],[32.9760371,39.9138932],[32.9772417,39.9143156],[32.9783158,39.9148153],[32.9788932,39.9151239],[32.9792653,39.9153307],[32.9803554,39.9160893],[32.9838196,39.9190735],[32.9844112,39.9195159],[32.9852222,39.9200539],[32.9867663,39.9209206],[32.9905247,39.922875],[32.9959868,39.9255584],[32.9987261,39.9267713],[33.0003697,39.9273552],[33.0020113,39.9278731],[33.0048234,39.9287008],[33.0063246,39.9291956],[33.0076924,39.9297717],[33.0088465,39.9302905],[33.0122195,39.9320962],[33.0180006,39.9348652],[33.019457,39.935659],[33.0206239,39.936375],[33.0241028,39.9387971],[33.0256965,39.9397786],[33.0285966,39.9413147],[33.0317762,39.9429332],[33.0333945,39.9438482],[33.0365884,39.9457922],[33.0384424,39.9467408],[33.0397483,39.9472944],[33.0417196,39.947979],[33.0467936,39.9495014],[33.0496398,39.9502402],[33.0540594,39.9512932],[33.0555909,39.9515646],[33.0564492,39.9516715],[33.059904,39.9520715],[33.0650852,39.9526191],[33.066363,39.9528428],[33.0671505,39.953068],[33.0682495,39.9535765],[33.0687794,39.9538874],[33.0694291,39.9543842],[33.0710649,39.955875],[33.0716586,39.9563208],[33.0723675,39.9567063],[33.0730763,39.9570082],[33.0798903,39.9595327],[33.080836,39.9598222],[33.0816725,39.9599718],[33.0824477,39.9599975],[33.084818,39.9598222],[33.0852139,39.9598521],[33.0858635,39.9599675],[33.0870093,39.9604001],[33.0874317,39.9605225],[33.0890125,39.9607978],[33.0894888,39.9609424],[33.0901505,39.9612303],[33.0916885,39.9620392],[33.0932898,39.9625366],[33.0938444,39.9628271],[33.0941744,39.9630642],[33.0951885,39.9639382],[33.0955535,39.9641605],[33.0963276,39.9644839],[33.0967093,39.9645876],[33.0974727,39.9646956],[33.0981206,39.9646976],[33.099296,39.9645627],[33.1001073,39.9645813],[33.1005236,39.9646396],[33.1023943,39.9651515],[33.1043017,39.9657262],[33.1046445,39.9658689],[33.1049352,39.9660311],[33.1053569,39.9663363],[33.1063195,39.9671398],[33.1067407,39.9673939],[33.1081972,39.9680638],[33.1087098,39.9683791],[33.1091552,39.9687897],[33.1101573,39.9703111],[33.1104899,39.9706437],[33.1109574,39.9710007],[33.1112819,39.9711775],[33.111736,39.9713475],[33.1122045,39.9714744],[33.1126203,39.9715402],[33.1134478,39.9715554],[33.114125,39.9714506],[33.1213379,39.9694438],[33.1219587,39.9693538],[33.1224087,39.9693287],[33.1240859,39.9693974],[33.1248531,39.9693563],[33.1255527,39.9692008],[33.127072,39.968728],[33.1275921,39.9686278],[33.1278831,39.9686103],[33.1285568,39.9686156],[33.1288986,39.9686502],[33.1348385,39.9696877],[33.1373537,39.9697518],[33.1378539,39.9698307],[33.1390212,39.9701365],[33.14215,39.9711024],[33.1431817,39.9714657],[33.147034,39.9729393],[33.1477687,39.973174],[33.149133,39.9734859],[33.1502095,39.9738785],[33.1505134,39.9740265],[33.151085,39.9743873],[33.1541211,39.9765898],[33.1547801,39.9769702],[33.1557935,39.977282],[33.159703,39.9777521],[33.1604559,39.9779615],[33.1610749,39.9782393],[33.161443,39.9784915],[33.1617163,39.9787308],[33.1621792,39.979265],[33.1626253,39.9798804],[33.1633894,39.9815086],[33.1638746,39.9821709],[33.1667022,39.9851879],[33.1672376,39.9856195],[33.1678008,39.9859143],[33.168141,39.9860425],[33.1685482,39.9861536],[33.1693178,39.986269],[33.1701543,39.986222],[33.1705782,39.9861408],[33.1711694,39.9859613],[33.1717605,39.9856579],[33.1720282,39.9854656],[33.1723071,39.9852178],[33.172567,39.9849076],[33.1728709,39.9841352],[33.1729314,39.9837986],[33.1729345,39.9833809],[33.1728627,39.9829836],[33.1725171,39.9823107],[33.1714795,39.9811086],[33.1712396,39.9807881],[33.1710723,39.9804761],[33.1709831,39.9801599],[33.1709273,39.9798223],[33.1709441,39.9794163],[33.1711671,39.9786598],[33.1719033,39.9772666],[33.1721264,39.9769247],[33.1723774,39.9766299],[33.1730801,39.9759418],[33.1733366,39.9756341],[33.1735374,39.9752793],[33.1736824,39.9748947],[33.1737326,39.9745699],[33.1737382,39.9742365],[33.1735485,39.9729971],[33.1735374,39.9726338],[33.1736099,39.9722705],[33.1737493,39.971873],[33.1747141,39.9700694],[33.1752216,39.9693043],[33.1755172,39.9689752],[33.1766326,39.9679152],[33.1769505,39.9675476],[33.1772684,39.9671116],[33.1800832,39.9626683],[33.180272,39.9622889],[33.1806421,39.9610513],[33.1810874,39.9602762],[33.1814387,39.9599473],[33.1822153,39.9594644],[33.1826224,39.9593063],[33.1859086,39.9582553],[33.1864813,39.9581073],[33.1868917,39.9580415],[33.1874603,39.9579962],[33.1880638,39.9580106],[33.1891206,39.9581689],[33.191041,39.9588248],[33.1917626,39.9589934],[33.19213,39.9590406],[33.193042,39.9590694],[33.1952642,39.9588772],[33.1962633,39.9589317],[33.1968059,39.9590352],[33.1972665,39.9591476],[33.1978646,39.9593449],[33.1984681,39.9595896],[33.2017887,39.9610904],[33.2022982,39.9612513],[33.2032742,39.9614607],[33.2037482,39.9614949],[33.2047075,39.961465],[33.2050923,39.9614137],[33.2060404,39.96117],[33.2068993,39.9607725],[33.2096878,39.9589301],[33.2106303,39.9581178],[33.2109649,39.9577117],[33.211584,39.9566943],[33.2117624,39.9562711],[33.2118851,39.9558649],[33.2119409,39.9554674],[33.2119353,39.9550997],[33.2118071,39.95439],[33.2116453,39.9540181],[33.2113999,39.9535778],[33.2111657,39.9532785],[33.210608,39.9527612],[33.2098551,39.9522738],[33.2084441,39.9516496],[33.208037,39.9514102],[33.2076466,39.9511195],[33.207206,39.9507219],[33.206916,39.9503841],[33.2066817,39.9499737],[33.2064977,39.9495034],[33.2063862,39.9490502],[33.2063583,39.9485628],[33.2064029,39.9481481],[33.2065716,39.9475462],[33.206764,39.947134],[33.2069115,39.9468967],[33.2071459,39.9466221],[33.20797,39.9458436],[33.2082935,39.9454673],[33.2085724,39.9450654],[33.2087174,39.9447276],[33.2088742,39.9439656],[33.2089016,39.9435603],[33.2088528,39.9431183],[33.2087524,39.9427319],[33.2083988,39.9420465],[33.207538,39.9408087],[33.2073874,39.940441],[33.2073037,39.9400733],[33.2072335,39.9396907],[33.2072215,39.9392419],[33.207287,39.9373793],[33.2073205,39.9369218],[33.2074153,39.936477],[33.2075436,39.9360879],[33.207722,39.9357159],[33.207934,39.9353652],[33.2084715,39.9346608],[33.2189176,39.9230358],[33.2194139,39.9225568],[33.2198322,39.9222403],[33.2202617,39.9219965],[33.2208618,39.9217833],[33.2215458,39.9216188],[33.2220662,39.9215653],[33.22262,39.9215596],[33.2231706,39.921608],[33.2236845,39.9217265],[33.2240708,39.9218301],[33.2246309,39.9220613],[33.2252716,39.9224601],[33.2295208,39.92538],[33.2301511,39.925971],[33.2303385,39.9261949],[33.2316636,39.9279991],[33.2319456,39.9282828],[33.232385,39.9285919],[33.2328884,39.9288865],[33.2334359,39.9291573],[33.2338154,39.9293107],[33.2343275,39.9294252],[33.2346483,39.9294622],[33.2350981,39.9294693],[33.2355683,39.9294066],[33.2360354,39.9292955],[33.2369208,39.9289213],[33.2383284,39.9281012],[33.2389754,39.9276256],[33.2393073,39.927304],[33.2401418,39.9263767],[33.2406529,39.9259475],[33.2412126,39.9256409],[33.2418893,39.9254395],[33.2422577,39.9253913],[33.2426317,39.9253851],[33.2445233,39.9255151],[33.2449806,39.9254938],[33.24542,39.92545],[33.2467597,39.925173],[33.2475903,39.9251398],[33.2491644,39.9253027],[33.249713,39.9253902],[33.2509313,39.9257204],[33.2513552,39.9258915],[33.2520429,39.9261014],[33.2524067,39.9261422],[33.2528143,39.9261329],[33.2533182,39.9260816],[33.2556551,39.9256392],[33.2560678,39.9255322],[33.2571776,39.9251559],[33.2579428,39.9250049],[33.2588284,39.9249292],[33.2597709,39.9250147],[33.2602338,39.9251217],[33.2610865,39.9252593],[33.2620798,39.925211],[33.2628754,39.9250052],[33.2647462,39.9243144],[33.2655705,39.92422],[33.2659264,39.9242459],[33.2666259,39.9243659],[33.2672566,39.9246008],[33.26784,39.9250049],[33.2681217,39.9252703],[33.2683695,39.9255964],[33.2684982,39.9258661],[33.26861,39.9262172],[33.2687515,39.9274381],[33.2688313,39.927708],[33.2689272,39.9279168],[33.2693157,39.9284459],[33.2698295,39.9288101],[33.2707008,39.9293213],[33.271114,39.9296343],[33.2716259,39.9301297],[33.2719653,39.9305961],[33.2722722,39.9313167],[33.2723673,39.9319748],[33.272351,39.9323246],[33.272188,39.9332326],[33.2722152,39.933774],[33.2723347,39.9341947],[33.2727475,39.93519],[33.2729322,39.9355357],[33.2733963,39.9361168],[33.2740013,39.9367696],[33.2744717,39.9372182],[33.2751207,39.937674],[33.2754377,39.9379234],[33.275738,39.9382121],[33.2758774,39.9384388],[33.2760001,39.9387809],[33.2760894,39.9399482],[33.2761284,39.9401962],[33.2762399,39.9405084],[33.2766248,39.9410429],[33.2768869,39.9412866],[33.2772104,39.9415004],[33.2778852,39.9417912],[33.2786883,39.9419494],[33.2790954,39.9419665],[33.2795248,39.9419408],[33.2799041,39.9418638],[33.2802777,39.9417527],[33.2806235,39.9416073],[33.2820513,39.940561],[33.2827955,39.9402313],[33.2832518,39.9401338],[33.2837218,39.9400929],[33.2841847,39.940098],[33.2846328,39.9401671],[33.2849522,39.9402632],[33.2853065,39.9404066],[33.2864989,39.9411478],[33.286838,39.9412938],[33.2874898,39.9414753],[33.2879604,39.9415179],[33.2883595,39.9415316],[33.2887863,39.9414993],[33.2895432,39.9412971],[33.2911015,39.940649],[33.2914276,39.9405481],[33.2919235,39.9404909],[33.292364,39.9404867],[33.2930037,39.9405624],[33.2935678,39.940733],[33.2938417,39.9408484],[33.2943153,39.9411499],[33.2984928,39.9449952],[33.3006031,39.9465709],[33.3011492,39.946884],[33.3014396,39.9469991],[33.3022178,39.9471572],[33.3026472,39.9471871],[33.3030488,39.9471615],[33.3034671,39.9470973],[33.3038407,39.9469905],[33.3042255,39.9468451],[33.3045713,39.946657],[33.3048613,39.9464389],[33.3054079,39.9458574],[33.3056365,39.9455581],[33.3059489,39.9449253],[33.3060046,39.9446688],[33.3060158,39.9443823],[33.3059712,39.9440402],[33.3058819,39.9437751],[33.3053577,39.9428216],[33.3052573,39.942548],[33.305237,39.9418582],[33.305349,39.9413237],[33.30549,39.9409938],[33.3060443,39.9401824],[33.3061281,39.9399547],[33.306242,39.93948],[33.3063088,39.9383796],[33.3070411,39.9368148],[33.3070364,39.9361681],[33.3069416,39.9358303],[33.3067675,39.935531],[33.3061025,39.934571],[33.3058784,39.9341121],[33.3058106,39.9337384],[33.3058377,39.9334503],[33.3059309,39.9331175],[33.3060919,39.932764],[33.3065121,39.9321996],[33.3068356,39.9319259],[33.3071758,39.9317164],[33.3080423,39.9313711],[33.3084104,39.931333],[33.3090518,39.9313532],[33.3102688,39.9314577],[33.3112708,39.9313044],[33.314069,39.9306301],[33.314465,39.9304847],[33.3148387,39.9302923],[33.3151621,39.9300827],[33.3155971,39.9296765],[33.3158091,39.9293557],[33.3158923,39.9290264],[33.3159375,39.9287099],[33.3159289,39.9283678],[33.3158823,39.9280649],[33.3157248,39.9276536],[33.3153042,39.9269346],[33.3151496,39.9265972],[33.3150477,39.926301],[33.3150248,39.9259818],[33.3150451,39.9256924],[33.3152625,39.925143],[33.3154577,39.9248223],[33.315876,39.9242534],[33.3160768,39.9239027],[33.3162385,39.9235221],[33.3162887,39.9232227],[33.3163068,39.9226639],[33.3161389,39.9214168],[33.3161327,39.9204482],[33.3162314,39.9198331],[33.3163659,39.9195668],[33.3165631,39.9192981],[33.3167933,39.9190666],[33.3183292,39.917824],[33.318662,39.9174026],[33.3189505,39.9169362],[33.319042,39.9166926],[33.3190887,39.9164417],[33.3190981,39.9161445],[33.3190504,39.9158419],[33.3185371,39.9148818],[33.3183707,39.9143817],[33.3183358,39.9140625],[33.3184216,39.9130025],[33.3183889,39.9126895],[33.3183227,39.9124336],[33.318199,39.9121701],[33.318055,39.9119525],[33.3177061,39.9115544],[33.3172446,39.9112116],[33.3168531,39.9110039],[33.3158024,39.9106532],[33.3153901,39.9104793],[33.3151113,39.9103269],[33.3146385,39.9099465],[33.3142571,39.9094173],[33.3140736,39.9089765],[33.3140102,39.9085468],[33.3139807,39.9075389],[33.3138913,39.9072154],[33.3135536,39.906373],[33.3134718,39.9060435],[33.3134399,39.9057377],[33.3135459,39.9051045],[33.3137973,39.9046591],[33.3144103,39.9038553],[33.3148119,39.9032093],[33.3149234,39.9028798],[33.3149746,39.9025536],[33.3149607,39.9021945],[33.3148878,39.9018818],[33.3147547,39.9015457],[33.3145703,39.9012562],[33.3142957,39.9008728],[33.3134791,39.9000114],[33.3130087,39.8992646],[33.3128902,39.8989223],[33.3128275,39.8985158],[33.3128484,39.8980986],[33.312953,39.8976708],[33.3131133,39.8973017],[33.3134061,39.8969006],[33.3138104,39.8964995],[33.3142078,39.8961465],[33.314633,39.895863],[33.3150931,39.8956598],[33.3155184,39.8955261],[33.3160738,39.8954388],[33.3169707,39.8954138],[33.3179397,39.8956028],[33.3187087,39.8959451],[33.3190574,39.8961662],[33.3196312,39.8966884],[33.3211989,39.8986271],[33.3215784,39.8991736],[33.3217691,39.899609],[33.321843,39.8998891],[33.3218901,39.9001764],[33.3219153,39.9007461],[33.3218851,39.9010357],[33.3215679,39.902047],[33.3204262,39.9045858],[33.3201752,39.9053345],[33.3201543,39.9057249],[33.3201752,39.9060778],[33.3202728,39.9064308],[33.3204192,39.9067409],[33.3206353,39.9070778],[33.3208933,39.9073826],[33.3212697,39.9076714],[33.3217368,39.9079495],[33.3221899,39.9081367],[33.3226988,39.9082757],[33.3231589,39.9083506],[33.3250621,39.9085217],[33.3256338,39.9086607],[33.3261496,39.9088318],[33.3265958,39.9090564],[33.3270141,39.9093612],[33.3273069,39.9096767],[33.3275857,39.9100778],[33.3277461,39.91042],[33.3278576,39.910789],[33.3288435,39.9171359],[33.3289796,39.9176492],[33.3291745,39.9181706],[33.3294289,39.9186517],[33.330861,39.9209487],[33.3316593,39.9218605],[33.3358306,39.925864],[33.3363743,39.926336],[33.3368356,39.9266127],[33.3373547,39.9268405],[33.3379522,39.9270001],[33.3385652,39.9270762],[33.3391967,39.9270675],[33.3398236,39.927007],[33.340385,39.9268878],[33.3408939,39.9267167],[33.3416399,39.9262837],[33.3420093,39.9259896],[33.3467917,39.9201408],[33.3471054,39.9198467],[33.3474191,39.9196168],[33.3477607,39.9193976],[33.3481859,39.9191891],[33.3492525,39.9188362],[33.3496499,39.9187613],[33.3541812,39.918232],[33.3547668,39.9181946],[33.3553761,39.918221],[33.3558544,39.9182908],[33.3563145,39.9184298],[33.3571022,39.9188148],[33.3620723,39.9228519],[33.3624693,39.9230874],[33.3631526,39.923448],[33.3678752,39.925142],[33.3685256,39.9252819],[33.3691459,39.9253526],[33.3697238,39.9253231],[33.3703542,39.9252109],[33.3716165,39.9248776],[33.3724321,39.9247814],[33.3728434,39.9247975],[33.3732826,39.9248456],[33.3737009,39.9249471],[33.374168,39.9251022],[33.3752625,39.9256261],[33.3757574,39.9257972],[33.3762733,39.9259148],[33.3767474,39.925979],[33.3771865,39.9259843],[33.3776745,39.9259469],[33.379225,39.925736],[33.3799779,39.9257306],[33.3803334,39.9257734],[33.3806541,39.9258536],[33.3814,39.9261316],[33.381881,39.9263722],[33.3827439,39.9269381],[33.3845946,39.9280529],[33.3897765,39.9319653],[33.3901574,39.9322052],[33.3957262,39.9364388],[33.3963154,39.9369528],[33.3970073,39.937464],[33.3973333,39.9376488],[33.3976094,39.9377818],[33.3982069,39.9379947],[33.3986898,39.9380981],[33.4006325,39.9383184],[33.4012626,39.9385251],[33.4018204,39.9388177],[33.4022807,39.9391544],[33.4032856,39.9400962],[33.4040132,39.9405522],[33.4046747,39.940823],[33.4053648,39.9410138],[33.4068752,39.9413059],[33.4087196,39.9421205],[33.4096038,39.9424209],[33.410302,39.9425641],[33.4111243,39.9425772],[33.4118319,39.9424501],[33.4123709,39.9422696],[33.4128295,39.9420497],[33.4172912,39.9383031],[33.4177477,39.9380251],[33.4182253,39.937789],[33.4200401,39.9372913],[33.4205657,39.937071],[33.4209117,39.9368845],[33.4212463,39.9366396],[33.4216373,39.9362415],[33.4219254,39.9358135],[33.422106,39.9353559],[33.4221735,39.9348767],[33.4221615,39.934379],[33.422011,39.933536],[33.4220253,39.9331673],[33.4220971,39.9328665],[33.4222415,39.9324503],[33.4227565,39.9317132],[33.4232701,39.9313183],[33.4239132,39.9310227],[33.4245765,39.9308057],[33.4294614,39.9298351],[33.4300609,39.9296212],[33.4306792,39.9293367],[33.4312715,39.9289437],[33.4319267,39.9283105],[33.432143,39.9279885],[33.4323435,39.9275703],[33.4325709,39.9268039],[33.4325784,39.9263239],[33.4324896,39.9256637],[33.4322504,39.925047],[33.4279619,39.9175956],[33.4273383,39.9167344],[33.4263264,39.9157928],[33.4213148,39.9126829],[33.4202377,39.9118764],[33.4195275,39.9112009],[33.4189845,39.9105994],[33.4178665,39.9091323],[33.4176467,39.90881],[33.4174617,39.9084203],[33.4173257,39.9079365],[33.4173207,39.9074555],[33.4173777,39.9070832],[33.4175337,39.9067219],[33.4177566,39.9063417],[33.4180499,39.9060014],[33.4202151,39.9041036],[33.4207299,39.9038024],[33.4214666,39.9035334],[33.4232063,39.9029711],[33.423744,39.9026388],[33.4241089,39.9023117],[33.424528,39.9017675],[33.4247033,39.901388],[33.4247847,39.9010421],[33.4248035,39.9006865],[33.4247471,39.9002013],[33.4243463,39.8985052],[33.4241522,39.8979383],[33.423839,39.8973425],[33.4235771,39.896923],[33.4232441,39.8964776],[33.4226655,39.895899],[33.4221081,39.8954862],[33.4216035,39.8951753],[33.4209788,39.89483],[33.4182151,39.8934938],[33.4170878,39.8927634],[33.4167058,39.892403],[33.4156356,39.8911195],[33.4153339,39.890638],[33.4151159,39.8901914],[33.4150469,39.8897366],[33.4151526,39.8890346],[33.4153154,39.8885396],[33.4156096,39.888125],[33.4159165,39.8877947],[33.4189228,39.8853584],[33.4192547,39.885022],[33.4195929,39.8846327],[33.4198371,39.8842194],[33.4200486,39.8837004],[33.4201677,39.8831502],[33.4201789,39.882654],[33.4201413,39.8821241],[33.4200597,39.8815979],[33.4198342,39.8809017],[33.418185,39.8765511],[33.4179795,39.8757475],[33.4179599,39.875357],[33.4179991,39.8748614],[33.4181752,39.8736305],[33.4183798,39.8728134],[33.4185719,39.872362],[33.4188492,39.8718779],[33.4192676,39.8713661],[33.423593,39.8668721],[33.4244018,39.865712],[33.4257546,39.8631306],[33.4277379,39.8596772],[33.4302165,39.8557082],[33.4306158,39.8552455],[33.4310776,39.8548729],[33.4316491,39.8545303],[33.4386389,39.8512205],[33.4397124,39.8506359],[33.440428,39.8501801],[33.444746,39.8470716],[33.4457139,39.8464087],[33.4509228,39.8434355],[33.4515888,39.8431292],[33.452277,39.8429102],[33.4530003,39.8427666],[33.4537486,39.8426739],[33.4609667,39.842588],[33.4626389,39.8424878],[33.4707238,39.8412486],[33.4712068,39.8411055],[33.4721766,39.8406783],[33.4725445,39.8404799],[33.4729129,39.8402318],[33.4733748,39.8398531],[33.4737193,39.8395225],[33.4741415,39.8389753],[33.4743706,39.8385603],[33.474592,39.8380255],[33.4747034,39.8375286],[33.4748009,39.8368625],[33.4754357,39.8310138],[33.4756294,39.8303009],[33.4758408,39.8298561],[33.4761226,39.8293992],[33.476486,39.8289505],[33.4768193,39.8286176],[33.4771415,39.8283552],[33.4777487,39.8279632],[33.4783221,39.8276681],[33.4789149,39.8274306],[33.4794637,39.8272731],[33.4801215,39.8271475],[33.4807922,39.8270839],[33.4851656,39.8267944],[33.48583,39.8267886],[33.4863133,39.8268255],[33.48706,39.8269454],[33.4874707,39.8270507],[33.488903,39.8275286],[33.4898883,39.8279122],[33.4902623,39.8281007],[33.4914797,39.8289127],[33.4979019,39.8337035],[33.5057593,39.8386735],[33.5063216,39.8389294],[33.5070557,39.8391925],[33.5079831,39.8393906],[33.5086579,39.8394534],[33.5092393,39.8394695],[33.5159341,39.8391331],[33.5179562,39.8390649],[33.5184968,39.8390877],[33.5284634,39.8397487],[33.5299583,39.8398775],[33.5373853,39.8407653],[33.538502,39.8409418],[33.5401311,39.8413126],[33.541507,39.8417487],[33.5475494,39.8440321],[33.5483054,39.84428],[33.5488705,39.8444072],[33.5496815,39.844497],[33.5538721,39.8446432],[33.5545894,39.8446981],[33.5559635,39.8449319],[33.5707073,39.8486737],[33.572288,39.8491749],[33.5730518,39.8494913],[33.5736233,39.8497601],[33.5767172,39.851494],[33.5774126,39.8518237],[33.5789446,39.8524298],[33.5987729,39.8587947],[33.5998777,39.8591081],[33.6006955,39.8592455],[33.6013279,39.8592815],[33.6099786,39.8592895],[33.6111243,39.8593826],[33.6117457,39.8595092],[33.6123178,39.8596974],[33.6132096,39.8601582],[33.6136088,39.8604647],[33.614196,39.8611136],[33.6151041,39.8623575],[33.6156129,39.8629704],[33.6160905,39.8634151],[33.6164584,39.8636615],[33.6175112,39.8642513],[33.6288428,39.8699248],[33.6297339,39.8704588],[33.6302059,39.8708282],[33.6337593,39.8739042],[33.634221,39.8743557],[33.6345013,39.8746408],[33.636358,39.8769688],[33.6366671,39.8773085],[33.6373074,39.8779129],[33.6409996,39.8808938],[33.6422804,39.8820102],[33.6428304,39.8827113],[33.6430026,39.8830417],[33.6431122,39.8834262],[33.6433114,39.8847086],[33.6433971,39.8849506],[33.6435435,39.8852111],[33.6437436,39.8854506],[33.643987,39.8856897],[33.6442453,39.8858765],[33.6445827,39.8860922],[33.6449911,39.8862555],[33.6458835,39.8864477],[33.6468542,39.8865198],[33.6474179,39.8864838],[33.6477937,39.8864237],[33.6482007,39.8863096],[33.6496255,39.8857749],[33.6501892,39.8856248],[33.6506197,39.8855467],[33.6509798,39.8855227],[33.6519036,39.8855767],[33.6523263,39.8856848],[33.656314,39.8871081],[33.6567091,39.8872806],[33.657005,39.8874317],[33.657341,39.8876567],[33.6578335,39.8881377],[33.6580499,39.8884593],[33.6582304,39.8888221],[33.6584808,39.8896137],[33.658701,39.8901264],[33.6589009,39.8904531],[33.6591684,39.8907726],[33.6594042,39.8910254],[33.6608279,39.8922635],[33.6624023,39.893693],[33.6626851,39.894018],[33.6628538,39.8942889],[33.6630118,39.8948094],[33.663026,39.8951245],[33.6629982,39.8954155],[33.6628225,39.8961001],[33.6627869,39.8964561],[33.6627875,39.8967318],[33.6628424,39.8970102],[33.6630172,39.8974034],[33.6631816,39.8976524],[33.6634036,39.89792],[33.6637794,39.8982142],[33.6641003,39.8984064],[33.6644726,39.8985653],[33.6648207,39.8986675],[33.6652995,39.8987486],[33.6660574,39.898741],[33.6674194,39.8985688],[33.6678815,39.8985506],[33.6682886,39.8985626],[33.6690088,39.8987187],[33.6696507,39.899031],[33.6701596,39.8994755],[33.6706841,39.8998719],[33.6713495,39.9001902],[33.6716939,39.9002802],[33.6722106,39.9003403],[33.6727586,39.9003343],[33.6742382,39.9001902],[33.6747157,39.9002262],[33.6751541,39.9003103],[33.675616,39.9004544],[33.6760622,39.9006646],[33.6764223,39.9009108],[33.6794441,39.9033611],[33.6800629,39.9037643],[33.6810415,39.9041996],[33.6815601,39.9043573],[33.6847013,39.9050479],[33.6854939,39.905138],[33.6860623,39.9051559],[33.6865997,39.9051436],[33.6872064,39.9050854],[33.6900149,39.9044549],[33.690739,39.9043423],[33.6913407,39.9043243],[33.6927779,39.9043779],[33.7110329,39.9066254],[33.7124651,39.9068157],[33.7151463,39.9072799],[33.736749,39.9127893],[33.7577447,39.9184066],[33.7595164,39.9189554],[33.7611496,39.9195507],[33.7630851,39.9203872],[33.7694385,39.9235195],[33.7705334,39.9241603],[33.775093,39.927552],[33.7756981,39.927889],[33.776224,39.9280878],[33.776829,39.9282315],[33.777535,39.9283198],[33.778421,39.9283309],[33.7789036,39.9282867],[33.7799048,39.9281044],[33.7843421,39.9271764],[33.7850264,39.9270714],[33.7854658,39.9270383],[33.7861141,39.9270438],[33.7868488,39.9271598],[33.7874683,39.9273145],[33.788059,39.9275354],[33.7886352,39.9278393],[33.7909187,39.9296014],[33.7915526,39.9300543],[33.7922153,39.930441],[33.7933318,39.9309602],[33.7954207,39.9317059],[33.7962779,39.9319544],[33.7971063,39.9321533],[33.7979707,39.9322914],[33.7987703,39.9323742],[33.8013707,39.9325344],[33.8019973,39.9326172],[33.8027177,39.9327664],[33.8038198,39.9330923],[33.8043384,39.9332856],[33.8053469,39.9335286],[33.8058583,39.9336004],[33.8070973,39.9336391],[33.8079545,39.9335452],[33.8205386,39.9304299],[33.8211293,39.9302311],[33.8248174,39.9286899],[33.8253216,39.9284358],[33.8257322,39.9281596],[33.82615,39.9278337],[33.8265606,39.9274029],[33.8268559,39.9269278],[33.8284695,39.923641],[33.8298669,39.9199562],[33.8301334,39.9194093],[33.8304576,39.9189121],[33.8354357,39.9130915],[33.836112,39.9124546],[33.8450559,39.9054024],[33.8457358,39.9049611],[33.8461237,39.9047799],[33.846628,39.9046004],[33.8470061,39.9045313],[33.8474473,39.9044898],[33.8478795,39.9044967],[33.8487349,39.9046487],[33.8491581,39.9048145],[33.8495343,39.9050074],[33.8497614,39.9051944],[33.8499775,39.9053947],[33.8501576,39.9056364],[33.8503376,39.9059611],[33.8504907,39.9063271],[33.8506168,39.9080677],[33.8508239,39.9087376],[33.851049,39.9090553],[33.8515622,39.9095319],[33.8522285,39.9098703],[33.8526517,39.9100154],[33.853264,39.9101328],[33.8544525,39.9102778],[33.8548937,39.910409],[33.8552449,39.9105541],[33.8561723,39.9110652],[33.8565955,39.9112516],[33.8571538,39.9114036],[33.857613,39.9114796],[33.8581082,39.9115072],[33.8585854,39.9114796],[33.8590806,39.9114036],[33.8595399,39.9112724],[33.859936,39.9110997],[33.8603862,39.9108442],[33.8610886,39.9102088],[33.8613677,39.9098911],[33.8617008,39.9091658],[33.8617401,39.9087971],[33.8617008,39.9084406],[33.8616288,39.9081298],[33.8614667,39.907819],[33.8609445,39.9072665],[33.8605843,39.9070178],[33.8602152,39.9068382],[33.859828,39.9067001],[33.8589816,39.9065605],[33.8574207,39.906604],[33.8570104,39.9065961],[33.8565151,39.906527],[33.8559749,39.9063682],[33.8555247,39.9061609],[33.8551285,39.9059123],[33.8548674,39.905636],[33.8544396,39.905038],[33.8543091,39.9045585],[33.8543091,39.9042408],[33.8543995,39.9032974],[33.8543924,39.9029491],[33.8543361,39.9025968],[33.8541831,39.9022169],[33.8530215,39.9001239],[33.8528595,39.8997026],[33.8528144,39.8992605],[33.8528427,39.8988449],[33.8529417,39.8984926],[33.8531128,39.8981679],[33.8533649,39.8978087],[33.853617,39.89756],[33.8540942,39.8971801],[33.8545444,39.8969452],[33.8549608,39.8967725],[33.8576239,39.8961646],[33.8581011,39.8959919],[33.8585873,39.8957363],[33.8589835,39.89546],[33.8593256,39.8951837],[33.8596498,39.8948659],[33.8599199,39.8945274],[33.8607843,39.8929661],[33.8609914,39.8926691],[33.8612795,39.8923858],[33.8616127,39.8921233],[33.8620179,39.8919161],[33.8624411,39.8917295],[33.8629363,39.8915983],[33.8638637,39.891467],[33.8643409,39.8914877],[33.8648722,39.8915637],[33.8653944,39.8917157],[33.8670332,39.8922822],[33.8673753,39.8924135],[33.8678345,39.8926414],[33.8681227,39.8928763],[33.8685459,39.8933945],[33.8687169,39.8937675],[33.8687967,39.8941958],[33.86878,39.8947968],[33.8686449,39.8951491],[33.8684288,39.8955084],[33.8681497,39.8958054],[33.8668462,39.896775],[33.8665723,39.8970296],[33.8662498,39.8975048],[33.8661057,39.8978225],[33.8660108,39.8981652],[33.8660057,39.8985106],[33.8660613,39.8988019],[33.8662041,39.8992024],[33.8663977,39.8995418],[33.8668315,39.9000064],[33.86723,39.9002698],[33.867557,39.9004421],[33.8679651,39.9005839],[33.868359,39.9006616],[33.8687642,39.9007393],[33.8692819,39.9007739],[33.8698222,39.9007393],[33.8705278,39.900553],[33.8709522,39.9003317],[33.871566,39.8999325],[33.8724559,39.8987706],[33.8729061,39.8983907],[33.8732906,39.8981677],[33.8738226,39.8979922],[33.8743355,39.8978899],[33.8748983,39.8978588],[33.8754327,39.8979173],[33.8760086,39.8980764],[33.876493,39.8982898],[33.877518,39.8989194],[33.8780408,39.8991652],[33.8785998,39.8993562],[33.8790889,39.8994591],[33.879712,39.8995297],[33.8803503,39.8995222],[33.8807159,39.8994787],[33.8815855,39.8992944],[33.8821171,39.8990906],[33.8833621,39.8984339],[33.8838348,39.8982785],[33.8843076,39.8981662],[33.8848028,39.8981403],[33.8852305,39.8981576],[33.8856244,39.898218],[33.8860971,39.8983821],[33.8864573,39.8985548],[33.8892273,39.900364],[33.8897555,39.9007753],[33.8900409,39.901106],[33.8903297,39.9015394],[33.890986,39.9030454],[33.8910929,39.903264],[33.8912574,39.9034759],[33.8914397,39.9036769],[33.8918952,39.9040127],[33.8924364,39.9042616],[33.8930203,39.9044143],[33.8936224,39.9044678],[33.8942245,39.9044139],[33.8945423,39.9043534],[33.8966191,39.9037771],[33.8971835,39.9035633],[33.8975661,39.9033382],[33.8978925,39.9030965],[33.8981964,39.9027684],[33.8984103,39.9024058],[33.8985566,39.9020431],[33.8985917,39.9016546],[33.8985556,39.9013437],[33.8984501,39.9009951],[33.8977697,39.8997722],[33.8976802,39.8995597],[33.8975886,39.8991247],[33.8975816,39.8989006],[33.8976498,39.8984926],[33.8977308,39.8982592],[33.8978946,39.8979676],[33.8981514,39.8976567],[33.8984778,39.8973632],[33.8988154,39.8971387],[33.9039928,39.8949626],[33.9046681,39.8947554],[33.9052872,39.8946258],[33.9059062,39.8945395],[33.907223,39.8945481],[33.9144527,39.8951041],[33.914948,39.8951801],[33.9157673,39.8954564],[33.9162446,39.8956982],[33.9168658,39.8962716],[33.9174331,39.8969762],[33.9177392,39.8973078],[33.9182975,39.8976946],[33.9187297,39.8978811],[33.9191619,39.8980193],[33.9200083,39.8981575],[33.9204945,39.8981575],[33.9209807,39.898116],[33.921494,39.8979986],[33.9221423,39.8977844],[33.9226015,39.8975427],[33.9235739,39.8967482],[33.9241051,39.8964236],[33.9247084,39.8961749],[33.9252757,39.8960022],[33.9257619,39.8959262],[33.9262751,39.8959124],[33.9267614,39.8959193],[33.9274277,39.8960091],[33.928112,39.8962025],[33.9285712,39.8964028],[33.9289314,39.8966101],[33.9322089,39.8988966],[33.9327491,39.8991867],[33.9332533,39.899387],[33.9341808,39.8996288],[33.934766,39.899691],[33.9370261,39.8996495],[33.9376834,39.8997048],[33.9382866,39.8997946],[33.9388179,39.8999397],[33.9557639,39.9058736],[33.9574378,39.906188],[33.95841,39.9062465],[33.9601038,39.9062298],[33.9610433,39.9061462],[33.9619827,39.9059582],[33.962989,39.9056458],[33.9766446,39.8999913],[33.980444,39.8983868],[33.9816636,39.8978373],[33.9939202,39.8917853],[33.9946365,39.891496],[33.9954068,39.8913213],[33.9960708,39.8912213],[34.0111515,39.8908623],[34.0118431,39.8908007],[34.0123696,39.8906843],[34.0127711,39.8905303],[34.0132173,39.8902975],[34.0148413,39.8892739],[34.0153232,39.889048],[34.015814,39.8889042],[34.0163315,39.8888084],[34.0178286,39.8887003],[34.0183623,39.8885832],[34.0189832,39.8883659],[34.0195278,39.8880818],[34.0199744,39.8877224],[34.0228501,39.8852233],[34.0234137,39.8846001],[34.0283085,39.8784877],[34.0304749,39.8758307],[34.031004,39.875367],[34.0317228,39.8749055],[34.0324657,39.8745614],[34.03336,39.8743168],[34.0342839,39.8741694],[34.0351118,39.8741772],[34.0360934,39.8743222],[34.0370308,39.8746001],[34.0379172,39.8750165],[34.0386216,39.8755249],[34.0392444,39.8761321],[34.0416122,39.8786013],[34.0423083,39.8791337],[34.0429246,39.8795314],[34.0437674,39.8799003],[34.0445524,39.8801892],[34.0455968,39.880388],[34.0465957,39.8804815],[34.0475791,39.8804677],[34.0486043,39.8803287],[34.0495827,39.8800763],[34.050665,39.8796577],[34.0608046,39.8739448],[34.0615038,39.8736149],[34.0620841,39.8735023],[34.0626591,39.8734432],[34.0632193,39.8734544],[34.0652769,39.8736786],[34.0660265,39.8737048],[34.0669051,39.8735988],[34.067678,39.8733835],[34.0684104,39.8729397],[34.0688003,39.8726012],[34.0690835,39.8722442],[34.0694689,39.8716436],[34.0747907,39.862739],[34.0750815,39.862038],[34.0752113,39.8613898],[34.0756404,39.8495789],[34.0756257,39.8485845],[34.0744414,39.8329646],[34.0744417,39.8323396],[34.0745518,39.8317174],[34.0747932,39.8310622],[34.0751089,39.8304016],[34.0757239,39.8294187],[34.0763209,39.8287871],[34.0779335,39.827423],[34.0786048,39.8269011],[34.0791636,39.8265036],[34.079742,39.8261414],[34.0848787,39.8235506],[34.0857377,39.823068],[34.0864708,39.8225747],[34.0871249,39.8220603],[34.0950957,39.8151765],[34.0956931,39.814446],[34.1006306,39.8074679],[34.1010489,39.807018],[34.1016972,39.8064932],[34.1045973,39.804517],[34.1052944,39.804126],[34.1171456,39.7997129],[34.1180031,39.7994183],[34.1187142,39.7992041],[34.1195159,39.7990594],[34.1202967,39.7990005],[34.1211472,39.799022],[34.1219558,39.7991184],[34.1285437,39.8002324],[34.1292199,39.8003127],[34.129924,39.8003342],[34.1306142,39.8002967],[34.1417185,39.7988858],[34.1427381,39.7988121],[34.1494634,39.7985828],[34.1505788,39.7986102],[34.1513016,39.7986925],[34.1520244,39.7988639],[34.1528234,39.7991477],[34.1619123,39.8029659],[34.1630713,39.803401],[34.1636203,39.8035684],[34.1642303,39.8036688],[34.1648315,39.8037157],[34.1656507,39.8037224],[34.1667675,39.8035964],[34.1761864,39.8019002],[34.1849039,39.7995618],[34.1857335,39.7992618],[34.1864097,39.7989512],[34.1870302,39.798603],[34.18779,39.7980942],[34.1886002,39.7974171],[34.2057441,39.7805155],[34.2069179,39.7792326],[34.2259151,39.7566785],[34.2267828,39.755861],[34.2565873,39.7348046],[34.2579144,39.7339327],[34.2619838,39.7318018],[34.2830686,39.7209546],[34.2852917,39.7197102],[34.2972777,39.7123291],[34.2987874,39.7116561],[34.2995817,39.7113825],[34.3004058,39.7111471],[34.3014833,39.7109463],[34.3585015,39.7030853],[34.36696,39.7019683],[34.3686397,39.7016925],[34.3703729,39.7012374],[34.3716899,39.700823],[34.3739267,39.7000878],[34.3746633,39.6997489],[34.3753328,39.6993459],[34.3774659,39.6979257],[34.3783153,39.6973048],[34.3791151,39.6966512],[34.3833392,39.692857],[34.3844746,39.6919635],[34.3909987,39.6879017],[34.3919172,39.6874049],[34.3927371,39.6870345],[34.3936954,39.6867311],[34.3945125,39.6865699],[34.3953912,39.686513],[34.4028535,39.6861962],[34.4037072,39.6862212],[34.4045427,39.6863455],[34.4099616,39.6875862],[34.4108581,39.687675],[34.4117537,39.6876283],[34.4126121,39.6874144],[34.4134136,39.6870982],[34.4149488,39.6863338],[34.4158878,39.6860779],[34.4188786,39.6858908],[34.4198209,39.6856243],[34.4206727,39.6851946],[34.4213898,39.6846392],[34.4238572,39.6821645],[34.4245271,39.6815989],[34.4289461,39.6784799],[34.4297578,39.6780264],[34.43064,39.6776342],[34.4422353,39.6729973],[34.4434177,39.6726],[34.4443339,39.6724326],[34.4452334,39.6723198],[34.4583606,39.6710571],[34.4590007,39.6710844],[34.45986,39.6711744],[34.4629473,39.672087],[34.4637369,39.6722264],[34.4645435,39.6722023],[34.4653349,39.6720401],[34.4660461,39.67173],[34.4666583,39.6713196],[34.4671083,39.6707957],[34.467333,39.6701401],[34.4674562,39.6695721],[34.469379,39.6522625],[34.4700358,39.6460798],[34.4713155,39.6346999],[34.4714723,39.6339299],[34.4716482,39.6333956],[34.4720857,39.6325166],[34.4727463,39.6316018],[34.4740561,39.6303131],[34.4785857,39.6260376],[34.4789126,39.6257667],[34.4793803,39.6255101],[34.4806303,39.6250513],[34.4833641,39.6242559],[34.484185,39.623842],[34.4857529,39.6227667],[34.4864647,39.6223755],[34.4874155,39.6221318],[34.4882446,39.6220765],[34.4904148,39.6220416],[34.4911732,39.6219096],[34.4918525,39.6216411],[34.4937219,39.6206379],[34.4946445,39.6201835],[34.5129834,39.6134177],[34.5170264,39.610923],[34.5194887,39.609599],[34.5203829,39.6092746],[34.5222859,39.6088616],[34.5251528,39.6083161],[34.5260607,39.6080244],[34.526888,39.6076575],[34.527631,39.6071899],[34.5330875,39.6031037],[34.5340274,39.6024371],[34.5345004,39.6021563],[34.5349683,39.6019849],[34.5356255,39.6018066],[34.538116,39.6015764],[34.5387281,39.6014559],[34.5393133,39.601235],[34.5398567,39.6009338],[34.5414191,39.599891],[34.543738,39.5987193],[34.5443084,39.5983495],[34.5463475,39.5966904],[34.5468494,39.5963459],[34.5483391,39.5957016],[34.5496834,39.5952436],[34.5502623,39.5950754],[34.5508352,39.5949876],[34.551421,39.5949822],[34.5520136,39.5950475],[34.5525724,39.595151],[34.5530026,39.5953223],[34.553391,39.595525],[34.554014,39.5961304],[34.5550184,39.5974304],[34.5554441,39.5978386],[34.5559592,39.5981938],[34.5565548,39.5984772],[34.5572132,39.5986296],[34.5579137,39.5986772],[34.558665,39.5985748],[34.5595825,39.5983348],[34.5612124,39.5976771],[34.5618896,39.5973119],[34.5639386,39.5959658],[34.5645329,39.5956602],[34.5653533,39.5953649],[34.5670411,39.5948829],[34.5679793,39.5947212],[34.5688673,39.5946824],[34.5698882,39.5947096],[34.5733033,39.5951472],[34.5741403,39.5952872],[34.5756493,39.5957717],[34.5763578,39.5959436],[34.5770209,39.595991],[34.5776093,39.5959504],[34.5781715,39.5958101],[34.5789426,39.5954999],[34.5793811,39.5952693],[34.5797628,39.5950014],[34.5800889,39.5946396],[34.5803332,39.5941959],[34.580448,39.5937235],[34.5804806,39.5933359],[34.5804853,39.5888403],[34.580379,39.5883701],[34.5802253,39.5880285],[34.5797877,39.587385],[34.577632,39.585826],[34.577091,39.5853302],[34.5766161,39.5846923],[34.5762776,39.5840131],[34.5761051,39.583308],[34.5757725,39.5813125],[34.575438,39.5797502],[34.5754332,39.579227],[34.5755125,39.5786635],[34.5756746,39.5781214],[34.575947,39.5776563],[34.5763537,39.5771742],[34.57687,39.5767472],[34.5774208,39.5763652],[34.5780111,39.5760591],[34.5786267,39.5758547],[34.579409,39.5756822],[34.5822132,39.5753177],[34.5869176,39.5746177],[34.5877984,39.5743062],[34.5882683,39.5740109],[34.5895323,39.5730344],[34.5900068,39.5727366],[34.5908479,39.5724357],[34.593414,39.5719043],[34.594903,39.5718056],[34.5954259,39.5717306],[34.5959234,39.571581],[34.5975255,39.5709102],[34.5990447,39.5701674],[34.5994482,39.5700017],[34.5998726,39.5698525],[34.6005024,39.5697938],[34.6012882,39.5699065],[34.6017067,39.5700318],[34.6021955,39.5702535],[34.6026298,39.5705178],[34.6029911,39.5708633],[34.6035704,39.5716842],[34.6039666,39.5720685],[34.6044551,39.5723867],[34.6050237,39.5726197],[34.6056773,39.5727136],[34.6087355,39.5726271],[34.6092848,39.5726552],[34.6099414,39.5728217],[34.6105431,39.5730965],[34.6116366,39.573788],[34.6122545,39.5740553],[34.6129422,39.5742098],[34.6136696,39.5742443],[34.614395,39.5741843],[34.6150923,39.5740189],[34.6157678,39.5738017],[34.6164683,39.5736558],[34.6178898,39.5734469],[34.6187711,39.5731637],[34.6208553,39.5723865],[34.6215077,39.572203],[34.6221636,39.5721463],[34.6228211,39.5721994],[34.6246881,39.5728485],[34.6253282,39.5729965],[34.6259262,39.573039],[34.6266436,39.5729235],[34.6271762,39.5727373],[34.6277357,39.5724408],[34.6281445,39.5720886],[34.6284375,39.5716761],[34.6287864,39.5707623],[34.6290362,39.5703175],[34.6293699,39.5699258],[34.6298221,39.5695759],[34.6303065,39.5692959],[34.6308534,39.5690707],[34.6314091,39.5689538],[34.6331543,39.568797],[34.6350131,39.5684604],[34.6355915,39.5684062],[34.6362391,39.5684019],[34.6368819,39.5684426],[34.6375392,39.5685201],[34.6408961,39.569128],[34.6415951,39.5691816],[34.6423057,39.5690916],[34.6434783,39.5686723],[34.6443103,39.5685108],[34.6451047,39.5685357],[34.6457516,39.5686936],[34.6475279,39.5693512],[34.6480536,39.5696514],[34.6490255,39.5703057],[34.6496208,39.5705779],[34.650031,39.5707285],[34.6505021,39.5708145],[34.6525141,39.5708892],[34.653475,39.5708468],[34.6587826,39.5700078],[34.6593412,39.5698814],[34.6598644,39.5696889],[34.6603897,39.5693744],[34.6608247,39.5689748],[34.6610926,39.5684991],[34.6612469,39.5679804],[34.6616517,39.5658165],[34.661877,39.565327],[34.6621719,39.5649117],[34.6625692,39.5645334],[34.6630646,39.564222],[34.6636587,39.5639708],[34.6648726,39.5635983],[34.6664548,39.5625327],[34.6671064,39.5622492],[34.6678451,39.5621092],[34.66861,39.5621477],[34.6691974,39.562219],[34.6727805,39.5630809],[34.6734878,39.5631474],[34.6740799,39.5630731],[34.6754773,39.5626145],[34.6757617,39.5625473],[34.6760753,39.5625021],[34.6765105,39.5624993],[34.677703,39.5627375],[34.6788846,39.5631768],[34.6793741,39.5632678],[34.6797842,39.5632882],[34.6802014,39.5632649],[34.6805964,39.5631948],[34.6809559,39.5630652],[34.6820728,39.5624982],[34.6825943,39.5622774],[34.683028,39.5621558],[34.6841541,39.5620065],[34.6847406,39.5618558],[34.6852707,39.5615555],[34.6857455,39.5611414],[34.6860844,39.5606477],[34.6862377,39.5601351],[34.6862829,39.5596026],[34.686104,39.5590561],[34.6849708,39.5570403],[34.6847911,39.5565072],[34.6846939,39.5559825],[34.6846985,39.5554662],[34.6848177,39.5549266],[34.6851019,39.5544239],[34.6854988,39.5540113],[34.6859925,39.5536263],[34.6866623,39.5533234],[34.689353,39.5523096],[34.6914572,39.5516815],[34.6932183,39.5511101],[34.694612,39.5505184],[34.6950753,39.5503573],[34.6956707,39.5501738],[34.7009254,39.5488445],[34.7016564,39.5486188],[34.7023092,39.5483364],[34.7026808,39.5481152],[34.7038667,39.5470487],[34.7043721,39.5467237],[34.7061435,39.5458804],[34.7066215,39.5455197],[34.7089149,39.5430205],[34.7094319,39.5426274],[34.7100098,39.5423204],[34.71066,39.542116],[34.7113615,39.5420322],[34.7120661,39.5420354],[34.7133381,39.5422751],[34.7152366,39.5427542],[34.7158908,39.5428161],[34.716531,39.5427765],[34.7171363,39.5426362],[34.7176942,39.5423761],[34.718177,39.5419948],[34.7192453,39.5405399],[34.7195013,39.5400217],[34.7195953,39.5394278],[34.7194953,39.5389352],[34.7193305,39.5386206],[34.718455,39.537357],[34.71826,39.5367987],[34.7182584,39.5362493],[34.7185809,39.5354495],[34.7194127,39.5344205],[34.7202025,39.5331875],[34.7207043,39.532338],[34.7209739,39.5316653],[34.7213574,39.5310177],[34.7217371,39.530622],[34.7222264,39.5303195],[34.7228196,39.5300931],[34.72351,39.5299839],[34.7248068,39.529893],[34.7253672,39.5297725],[34.7259405,39.5295486],[34.72629,39.5292213],[34.7274696,39.5276441],[34.7278378,39.527225],[34.7283377,39.5268725],[34.7289146,39.5265861],[34.7318139,39.5252834],[34.73225,39.5249124],[34.732616,39.5244348],[34.7327603,39.5240392],[34.7328275,39.5236466],[34.7327651,39.5230632],[34.732579,39.5225639],[34.7323575,39.5222568],[34.731826,39.5218623],[34.7297351,39.5207608],[34.7293116,39.5204037],[34.7282874,39.5191539],[34.7280391,39.5186909],[34.7279269,39.5181968],[34.727965,39.5177411],[34.7280681,39.5173456],[34.7282755,39.5169114],[34.7290818,39.5156702],[34.7294397,39.5152001],[34.7299547,39.5147804],[34.7307603,39.514314],[34.7317065,39.5138408],[34.7325853,39.5135322],[34.7346176,39.5130868],[34.735583,39.5127709],[34.7363888,39.5126209],[34.7369326,39.5126042],[34.7374551,39.5126312],[34.7393578,39.5128343],[34.7399678,39.5128418],[34.7405859,39.51274],[34.7411411,39.512539],[34.7416049,39.5122766],[34.7420191,39.511938],[34.7422882,39.511503],[34.7424503,39.5111333],[34.7425487,39.5107309],[34.7427655,39.5090674],[34.7426935,39.5084066],[34.7422613,39.5069312],[34.7420131,39.5064199],[34.7413772,39.5055402],[34.7410424,39.5049932],[34.7409018,39.504461],[34.7409261,39.5039336],[34.7410306,39.5034739],[34.7412304,39.5030407],[34.7416898,39.5025371],[34.7420985,39.5022203],[34.742642,39.5019514],[34.7432945,39.5017521],[34.7439447,39.5016867],[34.7457654,39.5016844],[34.7463652,39.5015896],[34.746747,39.5014983],[34.7470671,39.5013615],[34.7473782,39.5012023],[34.7476224,39.5010342],[34.747951,39.500705],[34.748256,39.5003374],[34.7516447,39.4960015],[34.7520153,39.4956079],[34.7533638,39.4945801],[34.7536829,39.4942438],[34.7539433,39.493839],[34.7541496,39.493308],[34.7541993,39.4927789],[34.7541562,39.4924125],[34.7539477,39.4918747],[34.7535385,39.4912764],[34.7530357,39.4908281],[34.7523421,39.4904629],[34.751564,39.4902],[34.7475649,39.4891648],[34.7468806,39.4889191],[34.7463605,39.4886355],[34.7457941,39.4880925],[34.7454186,39.4874216],[34.745271,39.4866367],[34.7454737,39.4858742],[34.745876,39.4851841],[34.7465167,39.4845982],[34.7473466,39.4841719],[34.7482658,39.4839349],[34.7520031,39.4831265],[34.7528679,39.4828119],[34.7535842,39.4823409],[34.7541403,39.4816969],[34.7543646,39.4808808],[34.754347,39.480121],[34.7538842,39.4776174],[34.7534308,39.4768451],[34.7527947,39.4761446],[34.7520145,39.4755412],[34.7478037,39.4726832],[34.7468061,39.472199],[34.7457387,39.4717513],[34.7400119,39.4700157],[34.7366557,39.4687332],[34.735683,39.4681971],[34.7347746,39.4676488],[34.7339512,39.4670458],[34.7335904,39.4666824],[34.7332289,39.4660501],[34.7331278,39.4657523],[34.7330376,39.4651612],[34.7331019,39.4646819],[34.7332945,39.4641708],[34.7337908,39.4635308],[34.7348081,39.4625927],[34.7356132,39.4620323],[34.7365326,39.4617246],[34.7385517,39.4612484],[34.7390401,39.4612004],[34.7396595,39.4612042],[34.7423177,39.4614803],[34.742707,39.4615028],[34.7431952,39.4614794],[34.7436243,39.4614117],[34.7441252,39.461274],[34.7445041,39.4611425],[34.7448602,39.4609378],[34.7451585,39.4607449],[34.745475,39.4604301],[34.7457111,39.4601651],[34.745985,39.4597476],[34.7461295,39.4593657],[34.7462119,39.4589212],[34.7462116,39.4581829],[34.7462743,39.4577339],[34.7464743,39.4572286],[34.7467035,39.4568351],[34.7470281,39.4564743],[34.7473687,39.4562221],[34.7486006,39.4554493],[34.7490187,39.4550819],[34.7492711,39.4547962],[34.7495842,39.4542091],[34.7497129,39.4534842],[34.7496822,39.4530002],[34.7494998,39.452315],[34.7494557,39.4518267],[34.7495235,39.4513733],[34.749645,39.4509629],[34.749827,39.4505787],[34.7505134,39.4493783],[34.7506356,39.4490106],[34.7507328,39.4484256],[34.7506881,39.4478639],[34.750175,39.4454333],[34.7490248,39.4420021],[34.7488263,39.441126],[34.7487643,39.4402145],[34.7487652,39.4395625],[34.7492807,39.4366416],[34.7493524,39.4359981],[34.7492986,39.4352342],[34.7481958,39.4268544],[34.7482435,39.4260264],[34.7484605,39.425274],[34.7489298,39.424448],[34.7525813,39.4191565],[34.7532888,39.4185331],[34.7542269,39.4180793],[34.7552001,39.4178764],[34.7575078,39.4176798],[34.7589279,39.4176461],[34.7618267,39.4177083],[34.7626978,39.4176063],[34.7636547,39.417418],[34.7644701,39.417204],[34.765168,39.4168311],[34.7657531,39.416313],[34.7660982,39.415784],[34.7666771,39.4144463],[34.7670977,39.4138496],[34.7673935,39.4135534],[34.7677166,39.4133077],[34.7692482,39.4125219],[34.7699473,39.4120651],[34.7704595,39.4114809],[34.7707324,39.4108003],[34.7707923,39.4102023],[34.7700157,39.405502],[34.769854,39.40491],[34.7696988,39.4045674],[34.7694214,39.4040942],[34.7682525,39.4025404],[34.7679734,39.401909],[34.7679434,39.4013838],[34.7679853,39.4008127],[34.7685246,39.3961639],[34.7687863,39.3947641],[34.7690022,39.3940713],[34.7693124,39.3933978],[34.7700901,39.3920982],[34.7733309,39.3870369],[34.7806023,39.3759066],[34.7812026,39.3750157],[34.7833573,39.3724263],[34.7836656,39.3717361],[34.7849959,39.3671296],[34.7868684,39.3622358],[34.7870984,39.3613934],[34.7872538,39.3605098],[34.7873379,39.3596941],[34.7873523,39.3587552],[34.7872657,39.3578447],[34.7866611,39.3532681],[34.7866077,39.3523411],[34.7866607,39.3503967],[34.7869016,39.3488592],[34.7872186,39.3477389],[34.790242,39.3381253],[34.7906562,39.3372239],[34.791199,39.3363306],[34.7930068,39.3338492],[34.7943397,39.3315291],[34.7954398,39.3299627],[34.7988904,39.3266287],[34.799531,39.3259517],[34.8000874,39.3252504],[34.8005362,39.3245003],[34.8008793,39.3236956],[34.8011662,39.3228755],[34.8015731,39.3211319],[34.8020913,39.319674],[34.8049812,39.3127626],[34.806437,39.3097488],[34.8068735,39.3090341],[34.8074066,39.3082933],[34.8080116,39.3076324],[34.8088652,39.3068728],[34.8333715,39.288018],[34.8338903,39.2876516],[34.8347066,39.2871896],[34.8354992,39.2868789],[34.8365684,39.2866336],[34.8376703,39.2865501],[34.8409,39.2865346],[34.8420293,39.2866532],[34.8461086,39.2873338],[34.8470166,39.2875795],[34.8488347,39.2882211],[34.8497517,39.2884854],[34.8507185,39.2886342],[34.8516998,39.2886554],[34.8526713,39.2885402],[34.8545625,39.2881632],[34.8554565,39.2878817],[34.8561978,39.287421],[34.8568188,39.2868734],[34.8574099,39.2862876],[34.8591585,39.2844333],[34.8598537,39.2838172],[34.8606486,39.2832398],[34.8614776,39.2826808],[34.8623555,39.2822069],[34.863268,39.281835],[34.864233,39.2816066],[34.8662157,39.2813224],[34.8682796,39.2811078],[34.8693676,39.2810966],[34.8704666,39.2812074],[34.871518,39.2814855],[34.8724739,39.2819241],[34.8759213,39.2837481],[34.8763937,39.2839582],[34.8768439,39.2840968],[34.8773432,39.2841949],[34.8778747,39.2842534],[34.878533,39.2842133],[34.8793111,39.2840623],[34.8862633,39.2822163],[34.8870666,39.2819294],[34.8875893,39.2817142],[34.8894204,39.280858],[34.8921074,39.279365],[34.8925687,39.2789962],[34.8928893,39.2786516],[34.8932885,39.278073],[34.8933828,39.277655],[34.8934106,39.2771627],[34.8933242,39.276647],[34.8930714,39.2757317],[34.8929343,39.2750566],[34.8929183,39.2741404],[34.8930702,39.2734328],[34.8989202,39.2568865],[34.8994221,39.2561249],[34.8999435,39.2556016],[34.900496,39.2551737],[34.9013919,39.2546794],[34.9017175,39.254542],[34.9021864,39.254387],[34.9029534,39.2542253],[34.908363,39.2534809],[34.9095654,39.2533534],[34.9167544,39.2529336],[34.9179082,39.2529255],[34.9190271,39.2530342],[34.9214272,39.2534997],[34.9307951,39.2534193],[34.9318749,39.2534567],[34.932893,39.2536638],[34.9338737,39.2540267],[34.9346629,39.254455],[34.9353866,39.2549845],[34.9414771,39.2597924],[34.942028,39.2601791],[34.9430331,39.2606283],[34.9442546,39.2609508],[34.9464143,39.2613276],[34.9475369,39.2614246],[34.9486414,39.261222],[34.9495782,39.2607748],[34.9503861,39.2601842],[34.9507607,39.2593322],[34.9508087,39.258528],[34.950617,39.2576369],[34.9500295,39.255812],[34.9487237,39.2508786],[34.9484864,39.2502663],[34.9482194,39.2498381],[34.9473545,39.2489367],[34.9469139,39.2482719],[34.9467168,39.2475747],[34.9467771,39.2468674],[34.9470317,39.2462146],[34.9478304,39.2447916],[34.9483578,39.244119],[34.9492206,39.2435893],[34.9501832,39.2432487],[34.9512437,39.2431239],[34.9523072,39.2431286],[34.9544185,39.243469],[34.9554885,39.2435461],[34.9596619,39.2437365],[34.9606639,39.2436891],[34.9616494,39.2434929],[34.9714906,39.2396859],[34.9721915,39.2392898],[34.9741129,39.2379691],[34.9745062,39.2376288],[34.9748713,39.2372281],[34.9753207,39.2365761],[34.9755477,39.2360146],[34.9766999,39.2322584],[34.9769114,39.2318345],[34.9771548,39.2314717],[34.9774902,39.2311746],[34.9779124,39.2308889],[34.9783028,39.2306886],[34.9787554,39.2305226],[34.9792364,39.2304006],[34.9802097,39.2303183],[34.9859562,39.230167],[34.9864926,39.2300975],[34.9870508,39.2299336],[34.9875143,39.2297377],[34.9879187,39.2295111],[34.9882735,39.2292351],[34.9900415,39.2271516],[34.9923064,39.2234933],[34.9926784,39.2227665],[34.9929391,39.2220799],[34.9940746,39.2181588],[34.9942562,39.2176789],[34.9944944,39.217167],[34.9947922,39.2167023],[34.9954505,39.2160609],[34.996148,39.2155322],[34.9970623,39.2149297],[34.997799,39.2145425],[35.0045322,39.2120236],[35.0059193,39.2114681],[35.0063644,39.2112041],[35.0066716,39.2109484],[35.0069651,39.2106421],[35.00721,39.2103286],[35.007436,39.2099158],[35.0076986,39.2090942],[35.0077195,39.2085596],[35.0076559,39.2080296],[35.0069923,39.2062889],[35.006381,39.2048046],[35.0062101,39.2042989],[35.0052045,39.1993423],[35.0051286,39.1982166],[35.0051584,39.1973428],[35.0053943,39.195581],[35.0056056,39.1946675],[35.0058084,39.1940904],[35.0086733,39.1869722],[35.009122,39.1859737],[35.0097354,39.1850537],[35.0112519,39.1832767],[35.0118589,39.1823502],[35.0123187,39.181403],[35.0126036,39.1804058],[35.0127172,39.1793842],[35.0126284,39.1784017],[35.0124153,39.1774547],[35.0118728,39.1758548],[35.0112242,39.1743951],[35.0091277,39.1699498],[35.0065253,39.1649429],[35.0061144,39.1640422],[35.0057443,39.1629022],[35.0056134,39.1617749],[35.005646,39.1596739],[35.0057023,39.158607],[35.0058699,39.1575497],[35.0064328,39.1555028],[35.0088893,39.1485352],[35.009337,39.1475313],[35.0099106,39.1465867],[35.0106039,39.1457141],[35.0134527,39.1426377],[35.0143737,39.1417862],[35.0200315,39.1376626],[35.0205279,39.1370514],[35.0207832,39.1363514],[35.0208909,39.135672],[35.0213599,39.1319734],[35.0214872,39.130541],[35.0214919,39.1298417],[35.0213332,39.1289774],[35.0209706,39.12787],[35.020593,39.1268945],[35.0199163,39.12557],[35.0194332,39.1248262],[35.0188013,39.1240262],[35.0182134,39.12344],[35.0167156,39.1221678],[35.0160619,39.121453],[35.0148269,39.119923],[35.0141978,39.1190342],[35.0121684,39.1154125],[35.0117958,39.1145007],[35.0109997,39.1122599],[35.0108088,39.1116674],[35.0106957,39.1110804],[35.010562,39.1099898],[35.0105287,39.1094156],[35.0105589,39.1085776],[35.0112546,39.105366],[35.0113369,39.1041472],[35.0113021,39.1005081],[35.0113769,39.0996529],[35.0116258,39.0985173],[35.0117018,39.0979381],[35.0116555,39.0974352],[35.0114573,39.0969206],[35.0109627,39.0959293],[35.0107739,39.0954696],[35.0098465,39.0923477],[35.0095801,39.0917196],[35.0064488,39.0859886],[35.0063207,39.0855715],[35.0062559,39.0851529],[35.0063125,39.0846729],[35.0064685,39.0842223],[35.0067347,39.0838276],[35.0070627,39.083444],[35.007472,39.0831488],[35.0084518,39.0826519],[35.0094798,39.0822666],[35.009938,39.0819945],[35.0103231,39.0816782],[35.0117237,39.0801879],[35.0125169,39.0795734],[35.0133797,39.0791584],[35.0143637,39.078827],[35.0167144,39.0777856],[35.0175099,39.0773428],[35.0181303,39.076781],[35.018376,39.0764013],[35.0185485,39.0759711],[35.0189109,39.0744274],[35.018889,39.0739226],[35.0187451,39.0734178],[35.0184085,39.0727986],[35.0179482,39.0721075],[35.0176977,39.0715338],[35.0176486,39.0710166],[35.017733,39.0696925],[35.0179794,39.0689354],[35.0184903,39.06826],[35.0192433,39.0677103],[35.0201064,39.0673905],[35.0220207,39.0670212],[35.022996,39.0669069],[35.0240051,39.0669123],[35.0249983,39.0670648],[35.0268408,39.0676641],[35.0274065,39.067824],[35.028026,39.0679464],[35.0287889,39.0679521],[35.0295157,39.0678246],[35.0299826,39.0676978],[35.0305149,39.0674666],[35.0324526,39.0663581],[35.0332238,39.0658398],[35.0338675,39.0652787],[35.034419,39.0646927],[35.0397772,39.0577915],[35.0403764,39.0566997],[35.0438195,39.0490167],[35.0444125,39.0476147],[35.0445842,39.0468899],[35.0446693,39.0461397],[35.044541,39.0446305],[35.0435737,39.0391719],[35.0435372,39.0385143],[35.043594,39.0376291],[35.0446941,39.0310861],[35.0446614,39.0305759],[35.0444934,39.0301469],[35.0435639,39.0285243],[35.0434321,39.028114],[35.0433962,39.0276431],[35.0434452,39.0271414],[35.043653,39.0266414],[35.0459712,39.022004],[35.0464916,39.0211829],[35.0486386,39.0185096],[35.0494474,39.0177436],[35.0501678,39.0171252],[35.0509795,39.0165861],[35.0518382,39.0161115],[35.0551383,39.0146116],[35.0567415,39.0136806],[35.0573718,39.01323],[35.0580907,39.012609],[35.0620392,39.0082751],[35.0627786,39.0073824],[35.0630971,39.0067752],[35.0632993,39.0062737],[35.0634009,39.0055875],[35.0634075,39.0051124],[35.0633088,39.0044658],[35.0629225,39.0035386],[35.0609365,39.0001099],[35.0606087,38.999325],[35.060356,38.9984841],[35.0602457,38.9978143],[35.0601882,38.9970656],[35.0601143,38.9937996],[35.0602061,38.9924484],[35.0603498,38.9916173],[35.0606545,38.9906873],[35.0610527,38.9898534],[35.0616471,38.9889208],[35.0623655,38.9880315],[35.0642646,38.9863397],[35.0653456,38.9855417],[35.0658728,38.9852148],[35.066778,38.9847304],[35.0693305,38.9837915],[35.0704027,38.9834646],[35.0714691,38.9832841],[35.0725079,38.9832543],[35.074799,38.9834186],[35.0757309,38.9833796],[35.0766315,38.9832363],[35.0794676,38.9824698],[35.0802188,38.9822188],[35.0810482,38.9817803],[35.0815795,38.9813878],[35.0819261,38.9811118],[35.0823916,38.9805915],[35.0829086,38.9796797],[35.0844465,38.9749325],[35.0847563,38.9742289],[35.0865203,38.9715791],[35.0867766,38.9711089],[35.0869663,38.9706536],[35.0870955,38.9700487],[35.0871558,38.9695294],[35.0870457,38.9599269],[35.0870769,38.9594173],[35.0871556,38.9590069],[35.0877229,38.9573315],[35.0878351,38.9565555],[35.0877527,38.9557876],[35.0872386,38.9542929],[35.0871078,38.9536757],[35.0871374,38.9529924],[35.0877808,38.9497451],[35.087744,38.9491356],[35.087634,38.948653],[35.0870305,38.9469954],[35.0869061,38.9464071],[35.0868616,38.9454651],[35.0871702,38.9404356],[35.0871521,38.9400412],[35.0870774,38.9396523],[35.0867166,38.9380938],[35.0866848,38.9373217],[35.0867491,38.9368821],[35.0869055,38.9364479],[35.0873086,38.935777],[35.0888059,38.9340104],[35.0892387,38.9331194],[35.0893406,38.9324574],[35.0892387,38.9317955],[35.0888569,38.931159],[35.0884488,38.9307301],[35.0845331,38.9279633],[35.0839413,38.927342],[35.0835594,38.9265782],[35.0833812,38.9258144],[35.0833696,38.9255535],[35.0834057,38.9251104],[35.0835651,38.9244839],[35.0838507,38.9238992],[35.0842862,38.9233239],[35.0855564,38.9217873],[35.0893215,38.917885],[35.0896385,38.917373],[35.0898464,38.9168885],[35.0900011,38.9163125],[35.0900524,38.915871],[35.0900308,38.9153677],[35.0899438,38.9148244],[35.0896767,38.9140743],[35.0892757,38.9134389],[35.0889636,38.9130317],[35.0881687,38.9122721],[35.0874281,38.911687],[35.0808873,38.9059976],[35.0803031,38.9055429],[35.0795718,38.9050713],[35.0786748,38.9046875],[35.0734985,38.9028399],[35.0727413,38.9025032],[35.0721499,38.9020852],[35.0716535,38.9016091],[35.0711445,38.900732],[35.0710358,38.9002102],[35.0710181,38.8997306],[35.0710921,38.8992621],[35.0712748,38.8987889],[35.071562,38.8983181],[35.0719066,38.8979168],[35.0722709,38.8976048],[35.0727113,38.8973081],[35.0732302,38.8970769],[35.0737924,38.8968961],[35.0744307,38.8967698],[35.0810007,38.8961886],[35.0818036,38.8961685],[35.0827202,38.8961889],[35.088833,38.8970226],[35.0898036,38.8972688],[35.0942746,38.8985456],[35.0951679,38.898827],[35.095995,38.8992154],[35.0966173,38.8997211],[35.0970496,38.9002378],[35.0992715,38.9035177],[35.0996932,38.9040522],[35.100324,38.9044667],[35.100829,38.9047122],[35.1013913,38.9048691],[35.1019845,38.9049592],[35.1026319,38.9049642],[35.1049458,38.9048292],[35.1057934,38.9048341],[35.1090209,38.9052846],[35.1096674,38.9052725],[35.1102996,38.9051975],[35.1109506,38.905011],[35.1115669,38.9047617],[35.1121567,38.9044284],[35.1126616,38.9039838],[35.1129996,38.9035014],[35.1132727,38.9029852],[35.1133979,38.9024662],[35.1133589,38.9017141],[35.1124033,38.8977192],[35.1122502,38.8969285],[35.1122327,38.8964433],[35.1123395,38.8958889],[35.11257,38.8953894],[35.1129122,38.8949062],[35.1133449,38.8944597],[35.1157364,38.8926844],[35.1222922,38.8861504],[35.1239487,38.8849514],[35.1249352,38.8843557],[35.1259438,38.8839617],[35.126832,38.8837392],[35.1279325,38.8836215],[35.1322673,38.8833067],[35.1329085,38.883313],[35.133712,38.8834062],[35.1345242,38.8836351],[35.1361007,38.8841648],[35.1369514,38.8844052],[35.1379351,38.8845488],[35.1511098,38.8849505],[35.1520229,38.8850933],[35.1584672,38.886674],[35.1595375,38.8868055],[35.1605881,38.8868427],[35.1811909,38.8864056],[35.1823109,38.8863125],[35.1834191,38.886009],[35.1868154,38.8847326],[35.1875002,38.8844406],[35.1881358,38.8840668],[35.1887076,38.8836047],[35.1927545,38.8794398],[35.1931505,38.8788065],[35.1933541,38.8782563],[35.1934631,38.8776434],[35.1934476,38.8771525],[35.1933138,38.8765584],[35.1916989,38.872771],[35.1915954,38.8720538],[35.1916728,38.8714242],[35.191972,38.8708323],[35.1923852,38.8703552],[35.1930307,38.8699066],[35.1936184,38.8696304],[35.194065,38.8694863],[35.194674,38.8693855],[35.1954528,38.8693995],[35.1972144,38.8695669],[35.1980629,38.8695408],[35.1987191,38.8694179],[35.1993817,38.8691588],[35.1998321,38.8688749],[35.2003706,38.8683992],[35.2006898,38.8678961],[35.2008876,38.8673785],[35.2009926,38.8668659],[35.2012915,38.8648283],[35.2015945,38.8641954],[35.2019642,38.8636618],[35.2024111,38.8632044],[35.2030113,38.8627979],[35.2047917,38.8619127],[35.2051556,38.8616989],[35.2054949,38.8614467],[35.2059093,38.860915],[35.2061994,38.8603901],[35.2063038,38.8597941],[35.206235,38.8591712],[35.2061226,38.8586384],[35.2059202,38.8579772],[35.2055845,38.8574454],[35.203557,38.8547723],[35.203096,38.8540237],[35.2027358,38.8531638],[35.2025234,38.8523063],[35.2020896,38.8500358],[35.2009869,38.8447675],[35.2009046,38.8440216],[35.2009521,38.8433343],[35.2011371,38.8425791],[35.2048284,38.8324931],[35.205156,38.8317978],[35.2057784,38.8309612],[35.2064076,38.8303534],[35.2072788,38.8297522],[35.2128634,38.8266858],[35.2138462,38.8260346],[35.2150126,38.8251204],[35.2298788,38.8120625],[35.2427965,38.8015857],[35.2439608,38.8006861],[35.2445018,38.8003851],[35.2453661,38.8001163],[35.2485126,38.7995086],[35.249217,38.7992437],[35.2498183,38.7988707],[35.2505408,38.7982135],[35.2509426,38.7973558],[35.2511285,38.7967739],[35.2525018,38.7920677],[35.2526155,38.7914957],[35.2526892,38.7872747],[35.2529569,38.7864999],[35.2546773,38.7835119],[35.2553501,38.7826361],[35.2559218,38.7821249],[35.256411,38.7817411],[35.2571056,38.7813207],[35.2578782,38.7809058],[35.2655788,38.7779566],[35.2671132,38.7776776],[35.2738228,38.7771917],[35.2751761,38.7770064],[35.2793104,38.7760726],[35.29081,38.7733971],[35.2923639,38.7728065],[35.3068757,38.7651073],[35.3079447,38.7642695],[35.3087364,38.7633526],[35.3091434,38.7627679],[35.3095915,38.762032],[35.3114061,38.7577957],[35.3121664,38.7561139],[35.312526,38.7555583],[35.3132447,38.7546417],[35.3137217,38.7541213],[35.3145206,38.7536077],[35.315278,38.7533303],[35.3159427,38.7532306],[35.3169059,38.7532669],[35.3176209,38.7534359],[35.3197855,38.7542517],[35.3270369,38.7571747],[35.3274044,38.7573781],[35.3280412,38.7576421],[35.3423258,38.7633374],[35.3435378,38.7637471],[35.3470516,38.7651762],[35.347973,38.7655061],[35.3592883,38.7684585],[35.3603708,38.7686625],[35.3612389,38.7687219],[35.361846,38.76874],[35.362512,38.7687041],[35.3631617,38.768605],[35.3638007,38.7684836],[35.3647149,38.76818],[35.4255838,38.7420834],[35.4288491,38.7409919],[35.4669249,38.7286312],[35.4675858,38.7284667],[35.4680788,38.7283829],[35.4685115,38.7283387],[35.46943,38.7283573],[35.4701395,38.7284735],[35.4712135,38.7287845],[35.4810169,38.7317845],[35.4929844,38.7355125],[35.4946779,38.7359936],[35.4962362,38.7365767],[35.4969412,38.736918],[35.4976543,38.7373181],[35.4984004,38.7378021],[35.4990413,38.7383387],[35.5076263,38.74686],[35.5178547,38.7568212],[35.518883,38.7579683],[35.5204242,38.7602849],[35.5209899,38.7610157],[35.5217591,38.7618114],[35.522805,38.7626849],[35.5238677,38.7633525],[35.5249867,38.7638848],[35.5278824,38.7649884],[35.5284349,38.7652258],[35.5294275,38.7657197],[35.5300617,38.7661234],[35.5309355,38.7667643],[35.5315883,38.7673609],[35.5339461,38.7699653],[35.5345027,38.7705274],[35.5351345,38.7710891],[35.5363196,38.7719073],[35.5368201,38.7721847],[35.5378725,38.7726849],[35.5417849,38.7744847],[35.5598349,38.7825453],[35.5607982,38.7828248],[35.5615478,38.7829429],[35.5623752,38.7829804],[35.5631465,38.782924],[35.5664597,38.7823502],[35.5675314,38.7822582],[35.5683671,38.7823045],[35.5695017,38.7825348],[35.5704515,38.7828517],[35.5720932,38.783493],[35.5732387,38.784015],[35.5737635,38.7843011],[35.5746893,38.7849409],[35.57538,38.7854905],[35.576177,38.7862503],[35.5770872,38.7873788],[35.5777645,38.7886362],[35.5783942,38.7902507],[35.5789015,38.7912135],[35.5798098,38.7924788],[35.5828062,38.7955536],[35.5833148,38.795992],[35.5842173,38.796521],[35.5846331,38.796714],[35.5849691,38.7968571],[35.5857281,38.797077],[35.5865916,38.7972511],[35.5908789,38.7977362],[35.5917163,38.7978745],[35.5921288,38.7979676],[35.5926844,38.7981515],[35.5931937,38.7983611],[35.5938121,38.7987007],[35.5945665,38.7992782],[35.5949946,38.7997082],[35.5988423,38.8039732],[35.5991849,38.8043231],[35.6001053,38.8051293],[35.6008172,38.8056491],[35.6107124,38.811442],[35.6121315,38.8122531],[35.6127945,38.8125984],[35.6134581,38.8128984],[35.6140898,38.8131372],[35.6148882,38.8133922],[35.6161246,38.8137182],[35.6194527,38.8145074],[35.6206509,38.8149138],[35.6214863,38.8152906],[35.6361183,38.823026],[35.6368897,38.8234543],[35.6374159,38.8237905],[35.6379272,38.8241989],[35.6386013,38.8248577],[35.6395352,38.8259255],[35.6446291,38.8322394],[35.6496104,38.8385364],[35.6504094,38.8395756],[35.6511766,38.8407161],[35.6517762,38.8417966],[35.6522334,38.8428254],[35.6526035,38.8438181],[35.6528487,38.844631],[35.6531592,38.8459713],[35.6554619,38.8616489],[35.655605,38.8623015],[35.6559827,38.8633839],[35.6578179,38.8669492],[35.6580058,38.8673802],[35.6581533,38.867919],[35.6582113,38.8684669],[35.6580355,38.8709399],[35.6580511,38.8713363],[35.6581147,38.8717888],[35.6582321,38.8722651],[35.6584267,38.8727062],[35.6586712,38.8731125],[35.6589697,38.8734887],[35.6594817,38.8739479],[35.6603019,38.8744783],[35.6665417,38.8776165],[35.6672227,38.8779121],[35.6682886,38.8783079],[35.6693525,38.8786552],[35.6705124,38.8789597],[35.6718615,38.8792613],[35.6732578,38.8794773],[35.6825074,38.8805906],[35.6854867,38.8810291],[35.6930812,38.882336],[35.6940006,38.8825801],[35.694849,38.8828967],[35.6957036,38.8833128],[35.6964936,38.8837975],[35.7052359,38.8904263],[35.7059323,38.8908788],[35.7066871,38.8912906],[35.7107121,38.893267],[35.7114317,38.8935683],[35.7119019,38.8937035],[35.7197967,38.8950219],[35.7208132,38.8952965],[35.7288037,38.8990668],[35.7306188,38.9000872],[35.7350714,38.9028185],[35.7357938,38.9033042],[35.7364178,38.9038488],[35.7369219,38.9044491],[35.7380272,38.9066312],[35.7383416,38.9071726],[35.7388071,38.9078122],[35.7393684,38.9083873],[35.7398911,38.9087761],[35.742558,38.9105475],[35.7436636,38.911183],[35.7444899,38.9115395],[35.7451483,38.9117842],[35.7478963,38.9126349],[35.7495699,38.9132505],[35.7503171,38.9136359],[35.7509932,38.9140821],[35.7515884,38.9145709],[35.7521755,38.9151117],[35.7526798,38.9156503],[35.7544353,38.9180856],[35.7548463,38.9187893],[35.7551159,38.9193671],[35.7553626,38.9200132],[35.756006,38.9220368],[35.7562761,38.9226814],[35.7566692,38.9233001],[35.7571588,38.9238569],[35.7578133,38.9243646],[35.7589623,38.9250688],[35.7763993,38.9352476],[35.7768712,38.9355401],[35.7771819,38.9357817],[35.7774599,38.936045],[35.7779452,38.936647],[35.7782471,38.9373233],[35.7784114,38.9380558],[35.7783658,38.9387502],[35.7781935,38.9393393],[35.7775068,38.941142],[35.7774272,38.9414933],[35.7774131,38.9418923],[35.7775208,38.9426059],[35.7776194,38.942904],[35.7779919,38.9435484],[35.7784414,38.9440742],[35.7791008,38.9446038],[35.7798737,38.9449567],[35.7807446,38.9452647],[35.7816685,38.9454308],[35.7825435,38.9454156],[35.7852252,38.9452357],[35.7860859,38.9450849],[35.7868953,38.9447926],[35.7876089,38.9443695],[35.7882142,38.9438683],[35.7900479,38.9414572],[35.7906653,38.9409626],[35.7913371,38.9405571],[35.79211,38.9402804],[35.7929802,38.9401126],[35.8031842,38.9392278],[35.80407,38.9391798],[35.8046469,38.9391982],[35.8050652,38.9392929],[35.8059593,38.9396171],[35.8066811,38.940115],[35.8072731,38.9408689],[35.8077588,38.9416807],[35.8081856,38.9422163],[35.8086539,38.9426027],[35.809193,38.9429395],[35.8109921,38.9438795],[35.811647,38.9441639],[35.8122769,38.9443604],[35.8128431,38.9444799],[35.8135034,38.9445412],[35.8145781,38.9444495],[35.8151345,38.9443338],[35.8160052,38.9440513],[35.8189354,38.9427019],[35.8201319,38.9422594],[35.8210946,38.9420426],[35.8218258,38.9419435],[35.8224159,38.9419256],[35.8274787,38.9419375],[35.8284836,38.9417853],[35.8291509,38.9416015],[35.8300362,38.941159],[35.8314089,38.9403447],[35.831997,38.9400996],[35.8326496,38.9399083],[35.8333596,38.939782],[35.8340354,38.9397661],[35.8346904,38.9398061],[35.8353017,38.9399113],[35.8362525,38.940226],[35.8402139,38.941733],[35.8411843,38.9420307],[35.8579548,38.9449105],[35.858986,38.9449905],[35.8612422,38.9448559],[35.862143,38.9448609],[35.8631837,38.9450408],[35.8642221,38.9454891],[35.8646226,38.9457573],[35.8651901,38.946326],[35.8653878,38.9466169],[35.8663041,38.9484341],[35.8666085,38.9488753],[35.866993,38.9493309],[35.8676046,38.9498716],[35.8685694,38.9504276],[35.8696585,38.9508496],[35.8741312,38.9522152],[35.8751834,38.9527251],[35.8811166,38.9561517],[35.8824417,38.9569732],[35.8877556,38.9604121],[35.8884801,38.9609481],[35.8889006,38.9613771],[35.896071,38.9697731],[35.8966111,38.970534],[35.8970592,38.9713223],[35.9003782,38.9783066],[35.9006205,38.9790119],[35.9006686,38.9795949],[35.9006337,38.9801938],[35.8977735,39.0139852],[35.8977872,39.0146929],[35.8978614,39.0150823],[35.8980034,39.0156049],[35.8983511,39.0163966],[35.8986026,39.0167869],[35.8991047,39.0174127],[35.8995428,39.0178239],[35.915624,39.0319188],[35.916307,39.0327006],[35.9168507,39.0335705],[35.917963,39.0362044],[35.9183745,39.0370326],[35.9187983,39.0377141],[35.9194285,39.0385076],[35.9200603,39.0392101],[35.9217533,39.0404655],[35.9472507,39.0580166],[35.9485417,39.058992],[35.9524266,39.0622322],[35.9537793,39.0636009],[35.9544206,39.0643323],[35.954984,39.0650884],[35.9560184,39.0666336],[35.9749183,39.098928],[35.9753391,39.0998076],[35.9756156,39.1007067],[35.9757617,39.1016408],[35.975807,39.1025936],[35.9757168,39.1035384],[35.975517,39.1044981],[35.9754158,39.1048215],[35.9681421,39.1232168],[35.967786,39.1240164],[35.9675236,39.1244385],[35.9672415,39.1248093],[35.9668581,39.1252196],[35.966299,39.125657],[35.9551233,39.1324105],[35.9541687,39.1330474],[35.9532637,39.1337172],[35.9523837,39.1344429],[35.9510437,39.1357374],[35.9399518,39.1473603],[35.9393687,39.1481094],[35.938854,39.1490602],[35.9371508,39.1529066],[35.936608,39.1539843],[35.9318303,39.1629289],[35.9314889,39.1639041],[35.9313252,39.1648977],[35.931262,39.1658921],[35.9315804,39.169998],[35.9317482,39.170493],[35.9319898,39.1709959],[35.9324199,39.1715185],[35.9327857,39.17188],[35.93317,39.1721166],[35.9336626,39.1723061],[35.9377482,39.1737082],[35.9384166,39.1740168],[35.9395915,39.174751],[35.9401869,39.1750185],[35.9408572,39.1752224],[35.9415526,39.1753313],[35.9423576,39.1753912],[35.9469207,39.1756127],[35.9479396,39.1757531],[35.9487434,39.175955],[35.9494454,39.1762095],[35.9501452,39.1765356],[35.9509209,39.1770549],[35.9515436,39.1775902],[35.9521096,39.178266],[35.9525244,39.1789343],[35.9571909,39.1882508],[35.9575752,39.1888353],[35.9580192,39.1892674],[35.9585386,39.1896557],[35.9590755,39.1899471],[35.9612227,39.1908029],[35.9618497,39.1912102],[35.9623353,39.1916242],[35.9628595,39.1921962],[35.9632652,39.1928857],[35.9635094,39.1937477],[35.9640163,39.1993438],[35.9640216,39.19994],[35.9639798,39.2003317],[35.9638424,39.2008141],[35.9630269,39.2024991],[35.9629338,39.2028966],[35.9629218,39.2034058],[35.9630134,39.2038354],[35.963197,39.2042689],[35.9634392,39.2046374],[35.9638151,39.2050288],[35.9642591,39.2053535],[35.9647958,39.2056061],[35.9653549,39.2057903],[35.9659664,39.2058956],[35.9665917,39.2058991],[35.9674466,39.2058024],[35.9715787,39.2051293],[35.9726585,39.2048366],[35.9731917,39.2046234],[35.9751309,39.2037152],[35.9758235,39.2035111],[35.9765479,39.2033926],[35.9772748,39.203332],[35.981391,39.2033449],[35.9821231,39.2033877],[35.9828397,39.2035292],[35.9834997,39.2037513],[35.984145,39.2040586],[35.9846776,39.2044367],[35.9852087,39.204891],[35.9861294,39.2059319],[35.9864847,39.2065429],[35.986798,39.2075492],[35.9870858,39.2092593],[35.9870765,39.2099759],[35.9869261,39.2117204],[35.9869451,39.2124636],[35.9870474,39.2130301],[35.9872285,39.2136583],[35.9874904,39.2142899],[35.9878276,39.2148447],[35.9892787,39.2167826],[35.989538,39.2173884],[35.9900256,39.2190606],[35.9902568,39.2195784],[35.9905647,39.220092],[35.9911778,39.2207784],[35.9919588,39.22136],[35.9928963,39.2218495],[35.9956846,39.2227707],[35.996507,39.2231191],[35.9981707,39.2239854],[35.9989042,39.2243243],[35.9999128,39.2247513],[36.0011569,39.2252134],[36.0159269,39.2297667],[36.01656,39.2299422],[36.0193054,39.2305551],[36.020045,39.2306798],[36.0207047,39.2307283],[36.0214421,39.2307439],[36.0228204,39.2306503],[36.0236476,39.2305367],[36.0244047,39.2303717],[36.0250536,39.2301425],[36.0256967,39.2298017],[36.0277706,39.2282663],[36.0282578,39.2279725],[36.0290452,39.2276133],[36.0297221,39.2274289],[36.0304419,39.227282],[36.0313076,39.2272174],[36.0430043,39.2266458],[36.0545208,39.2270335],[36.0558151,39.2270046],[36.0564322,39.226904],[36.0569768,39.2267373],[36.057595,39.2264879],[36.0581463,39.2261941],[36.061904,39.2239207],[36.0626527,39.2235473],[36.0666486,39.2217813],[36.0731035,39.2181391],[36.0745034,39.2172566],[36.0801454,39.2132445],[36.0808808,39.2128149],[36.0815215,39.2124956],[36.0823834,39.2122291],[36.0962269,39.2086451],[36.0971508,39.2084177],[36.0977614,39.208329],[36.098232,39.2083011],[36.0987921,39.2083402],[36.0993655,39.2084532],[36.1000865,39.2086473],[36.104395,39.2102465],[36.1052158,39.2105929],[36.1058772,39.210973],[36.1149366,39.217876],[36.1161863,39.218799],[36.1171305,39.2193818],[36.1244966,39.2228816],[36.1253364,39.2233592],[36.1261636,39.2239115],[36.1266641,39.2242975],[36.1271087,39.2246913],[36.1282025,39.2259425],[36.1329162,39.2327648],[36.1331723,39.2331072],[36.1337741,39.2337864],[36.1344132,39.2344069],[36.1351549,39.234974],[36.1397042,39.238022],[36.1405284,39.2386209],[36.1412445,39.2392262],[36.1418604,39.2398759],[36.1424755,39.240597],[36.1471428,39.2466919],[36.147371,39.247088],[36.1475412,39.2475117],[36.147762,39.2491202],[36.1479288,39.2495874],[36.1481799,39.2500036],[36.1514686,39.2536535],[36.1520328,39.2542129],[36.1525151,39.2546187],[36.1530937,39.2549587],[36.1581148,39.2575747],[36.1587937,39.2578817],[36.1594741,39.2581002],[36.1601842,39.2582119],[36.1612992,39.2582649],[36.1634249,39.2582693],[36.1642284,39.2583925],[36.1649222,39.2586051],[36.1656568,39.2589817],[36.1689842,39.2611616],[36.1695923,39.2613961],[36.1702366,39.2615662],[36.170698,39.2616289],[36.171451,39.2616628],[36.1750775,39.2616316],[36.1763749,39.2616702],[36.1776723,39.2618281],[36.1787436,39.2620317],[36.1920485,39.2650956],[36.1968221,39.2663844],[36.1978619,39.2667302],[36.1988002,39.2671446],[36.1995305,39.2675683],[36.2017673,39.2691001],[36.2025636,39.269602],[36.2035532,39.2700662],[36.2047513,39.2704716],[36.2114253,39.2722348],[36.2122373,39.2726104],[36.2130592,39.273239],[36.2164259,39.276949],[36.2172874,39.2777385],[36.2182479,39.278436],[36.2199114,39.2793865],[36.2299595,39.2840946],[36.2455342,39.2895032],[36.2462111,39.2898606],[36.2468022,39.2902777],[36.2492565,39.2924735],[36.2496919,39.2928093],[36.2502569,39.2931836],[36.2649093,39.3000476],[36.2660388,39.3007104],[36.2668755,39.3013174],[36.278111,39.3112105],[36.2786126,39.3117853],[36.2790077,39.3123961],[36.2803927,39.3149511],[36.2805651,39.3152199],[36.2834143,39.3185474],[36.2838499,39.3191217],[36.2840882,39.3195813],[36.2847092,39.3211392],[36.2850558,39.3219172],[36.2854603,39.3225667],[36.2858614,39.3230011],[36.2864343,39.3234569],[36.2870143,39.3238372],[36.2903014,39.3254675],[36.2913753,39.326041],[36.2919573,39.3264429],[36.2925241,39.3269498],[36.2933361,39.3278613],[36.2940385,39.3285874],[36.2950366,39.3292965],[36.3026217,39.3338356],[36.3033411,39.3343028],[36.3037843,39.3346903],[36.3041432,39.3350686],[36.3045335,39.3357646],[36.3047059,39.3363787],[36.304762,39.3368873],[36.3047213,39.3373279],[36.304567,39.3378338],[36.3031823,39.3407395],[36.3027351,39.3419035],[36.3025054,39.3427269],[36.3024361,39.3436459],[36.3024545,39.3445488],[36.3029715,39.3531743],[36.3030402,39.353631],[36.3031887,39.3541287],[36.3033923,39.3545449],[36.3037124,39.3550765],[36.3050503,39.3568597],[36.3055126,39.3573362],[36.3058633,39.3576228],[36.3062817,39.3578903],[36.3069825,39.3582027],[36.307579,39.3583664],[36.3086549,39.3585634],[36.319524,39.3601623],[36.3204282,39.36027],[36.3215967,39.3603227],[36.3499657,39.3607499],[36.3511801,39.3608058],[36.3524712,39.3609861],[36.3532112,39.3611301],[36.3666288,39.3641559],[36.3673839,39.3642812],[36.3686544,39.3644022],[36.3704479,39.3644152],[36.4077116,39.364061],[36.4088545,39.3640744],[36.4095501,39.3641192],[36.4107787,39.364271],[36.4120132,39.3645503],[36.4127846,39.3647838],[36.4167124,39.3663078],[36.4174667,39.3665449],[36.4182128,39.366727],[36.4191132,39.3668957],[36.4199611,39.3670079],[36.42102,39.3670787],[36.4260407,39.3669721],[36.4268979,39.3670087],[36.4286133,39.3672665],[36.4334673,39.3684559],[36.4342597,39.368712],[36.4349224,39.3690183],[36.4354914,39.3693691],[36.4360173,39.3697701],[36.4364423,39.3702044],[36.4368312,39.3707335],[36.4372634,39.371424],[36.4415648,39.3787659],[36.4423491,39.3798247],[36.4432019,39.3806471],[36.4597425,39.3941062],[36.4610343,39.3953125],[36.4655644,39.4000319],[36.4663765,39.4007624],[36.466997,39.4012166],[36.4677729,39.4016972],[36.4686426,39.4021478],[36.4695804,39.4025409],[36.4706407,39.4029372],[36.4746353,39.4043639],[36.4758763,39.404979],[36.4783073,39.4063051],[36.4794191,39.4068021],[36.4805032,39.4071951],[36.4814998,39.4074523],[36.4891278,39.409225],[36.4902731,39.4095979],[36.4911304,39.4099748],[36.4922236,39.4105757],[36.4987346,39.4143426],[36.4996516,39.4147928],[36.5005372,39.415173],[36.5017069,39.4155499],[36.5029221,39.4158198],[36.5158899,39.4178509],[36.5167812,39.4178955],[36.5174944,39.4178621],[36.521413,39.4171665],[36.5222269,39.4170997],[36.5231778,39.4170663],[36.5242655,39.4170886],[36.5252163,39.4172025],[36.5420758,39.4196405],[36.5432511,39.419866],[36.54421,39.42015],[36.5451662,39.4205028],[36.5459387,39.4208543],[36.5599409,39.4285965],[36.568656,39.4333724],[36.5701063,39.4339847],[36.5819037,39.4384046],[36.5862402,39.4400499],[36.5873607,39.4405295],[36.5883421,39.4410709],[36.5892443,39.4416644],[36.5899962,39.4422921],[36.5906799,39.4429666],[36.5928745,39.4457235],[36.5932958,39.4461748],[36.5940646,39.4469119],[36.5949179,39.4475916],[36.5959192,39.4481844],[36.5965968,39.4485284],[36.6050386,39.4522392],[36.6061801,39.4526259],[36.6071769,39.4529043],[36.6186725,39.4553354],[36.6200225,39.4556054],[36.6208407,39.4557168],[36.6216816,39.4557625],[36.6230214,39.455752],[36.6324357,39.4555889],[36.633557,39.4556613],[36.6343104,39.4556522],[36.6354385,39.4556994],[36.6368588,39.4558822],[36.6383488,39.4562292],[36.6400247,39.456847],[36.6412355,39.4574767],[36.6423669,39.4582294],[36.6434331,39.4591648],[36.6443984,39.4602836],[36.6451147,39.4614889],[36.6454148,39.4622633],[36.6457239,39.4634141],[36.6498773,39.4933338],[36.6500423,39.4942646],[36.6502312,39.4949335],[36.650527,39.4957094],[36.651137,39.4967483],[36.6573713,39.5055078],[36.6577114,39.5061053],[36.657807,39.5063807],[36.6578787,39.5067236],[36.657939,39.5072267],[36.6578023,39.5089419],[36.6579569,39.5095773],[36.6581715,39.5099728],[36.6585088,39.5103802],[36.6589352,39.5107719],[36.6597177,39.5111884],[36.6607518,39.5115676],[36.6613671,39.5118676],[36.661993,39.5123175],[36.6623244,39.5126459],[36.6626699,39.5130427],[36.6635611,39.5145764],[36.6637181,39.5149775],[36.6638109,39.515458],[36.6638008,39.515845],[36.6637311,39.5161765],[36.6634633,39.5167359],[36.6633055,39.5169615],[36.6628318,39.5174493],[36.66246,39.5177025],[36.661915,39.5179584],[36.6612225,39.5182302],[36.6591784,39.5188],[36.6583809,39.5191211],[36.6578133,39.5194632],[36.6573169,39.5199043],[36.6570673,39.5202202],[36.65667,39.520829],[36.6565486,39.5211278],[36.6561145,39.5232918],[36.6559978,39.5236212],[36.6556294,39.524333],[36.6553496,39.5247106],[36.6550977,39.5249883],[36.6546638,39.5253931],[36.6519789,39.5273862],[36.6508021,39.5281608],[36.6500371,39.5285598],[36.6493898,39.5288417],[36.6484176,39.5292032],[36.644858,39.5302155],[36.6443378,39.5304502],[36.6438608,39.5307219],[36.6435217,39.5309842],[36.643249,39.5313018],[36.6428876,39.5318622],[36.6426978,39.532543],[36.6426948,39.533243],[36.6428168,39.5340455],[36.6428096,39.5345317],[36.6427036,39.5349703],[36.6425646,39.5352751],[36.6420294,39.536075],[36.6393077,39.5395204],[36.6389102,39.5398483],[36.6383542,39.5402077],[36.6377512,39.5405128],[36.6371102,39.5407285],[36.6351704,39.5410358],[36.6345833,39.5411986],[36.6341408,39.5414172],[36.633785,39.5416715],[36.6334063,39.5419865],[36.6331404,39.5422971],[36.6292998,39.5482094],[36.6291964,39.5484272],[36.6289922,39.5489899],[36.6288665,39.5494975],[36.6288162,39.5498736],[36.628829,39.5503888],[36.6291001,39.5519298],[36.6290578,39.5524346],[36.628852,39.553028],[36.6267836,39.5571782],[36.6265946,39.5576722],[36.6265397,39.5580552],[36.6265356,39.5584789],[36.6266388,39.5589041],[36.6267762,39.5592261],[36.626988,39.5595739],[36.6272312,39.5598678],[36.6280163,39.5606596],[36.628289,39.5610021],[36.6285829,39.5616183],[36.6286697,39.5622176],[36.6286024,39.5627093],[36.6284244,39.5631425],[36.6277099,39.5645877],[36.6276542,39.5650579],[36.6277032,39.5655616],[36.6279117,39.566114],[36.6283064,39.5668907],[36.628482,39.5673061],[36.6285695,39.5678471],[36.6285383,39.5683047],[36.6284425,39.5686437],[36.6282575,39.5690147],[36.6279874,39.5694254],[36.6256607,39.5718884],[36.6243382,39.5733893],[36.6173474,39.5837531],[36.6165896,39.5847893],[36.6162007,39.5852271],[36.6158549,39.5855254],[36.6152482,39.5859126],[36.6110041,39.5881458],[36.6106166,39.5883925],[36.6100567,39.5888444],[36.6096759,39.58932],[36.6092837,39.5900019],[36.6091566,39.590403],[36.6090903,39.590808],[36.6091001,39.5913374],[36.6092913,39.5924077],[36.6093446,39.5930187],[36.6093224,39.5933529],[36.6091484,39.5939292],[36.6090119,39.5941791],[36.6085643,39.5947386],[36.6081187,39.5950642],[36.6077489,39.5952709],[36.607369,39.595425],[36.6049439,39.5962268],[36.6044551,39.5964388],[36.6039136,39.5968141],[36.603339,39.5974043],[36.602617,39.5987402],[36.6021667,39.5993463],[36.6015088,39.5999024],[36.5999244,39.6009975],[36.5992673,39.601557],[36.5979944,39.6028609],[36.5974514,39.6033157],[36.5967247,39.6036135],[36.5958001,39.6037995],[36.5945787,39.603936],[36.5935121,39.6041227],[36.5925055,39.6045536],[36.5880848,39.6069487],[36.5871779,39.6076726],[36.5866781,39.6082753],[36.5862419,39.6089749],[36.5860337,39.6095028],[36.5835649,39.6176359],[36.5831873,39.618996],[36.583175,39.6199146],[36.583395,39.6212286],[36.5845161,39.6265227],[36.5849697,39.6278133],[36.5854865,39.6287135],[36.5862778,39.6298001],[36.5939416,39.6402353],[36.5982259,39.6459348],[36.5987629,39.6467386],[36.5991222,39.6474798],[36.5995025,39.6484954],[36.6004923,39.6520552],[36.6006399,39.6524273],[36.6009035,39.6528693],[36.6013645,39.653404],[36.6030691,39.6552131],[36.6035012,39.6557106],[36.6039068,39.6563694],[36.6041527,39.656969],[36.6042699,39.6576712],[36.6044177,39.6590625],[36.6045262,39.6594354],[36.6047241,39.6599532],[36.6049952,39.6604465],[36.6054112,39.6609721],[36.605961,39.6615041],[36.6093171,39.6643574],[36.6098922,39.6647008],[36.6103986,39.6649511],[36.6110886,39.6652167],[36.61177,39.6653787],[36.6123786,39.665473],[36.613629,39.6655197],[36.6142642,39.665456],[36.6160938,39.6651066],[36.6168367,39.6650315],[36.6174866,39.6650401],[36.6197205,39.6651856],[36.6204068,39.6651422],[36.620984,39.6650269],[36.6217685,39.6647701],[36.6240682,39.6638101],[36.6247671,39.6636156],[36.6258747,39.6633833],[36.6265006,39.663338],[36.6273326,39.663338],[36.6319966,39.6635117],[36.6333362,39.6637086],[36.6347448,39.6640325],[36.6362155,39.6645464],[36.6398271,39.6662301],[36.6404957,39.6666955],[36.6409311,39.6670472],[36.6413858,39.6675652],[36.6417496,39.6680915],[36.6421983,39.6692305],[36.6435073,39.6741833],[36.6436459,39.6748903],[36.6437005,39.675487],[36.6433963,39.6816166],[36.6433847,39.6822471],[36.6434232,39.6827515],[36.6435532,39.6831742],[36.6437899,39.6835494],[36.644185,39.6839714],[36.6446288,39.6843205],[36.6454522,39.6847341],[36.6460686,39.6848821],[36.6466109,39.6849731],[36.6471681,39.6849845],[36.6479676,39.6848243],[36.6522041,39.6838225],[36.6531897,39.6835273],[36.6543584,39.6828437],[36.6669371,39.6747083],[36.6678238,39.6743017],[36.6687328,39.6739702],[36.6700539,39.6737455],[36.6748306,39.6732664],[36.676014,39.6732142],[36.6766488,39.6732616],[36.6773268,39.6733707],[36.6780479,39.6735747],[36.6787505,39.6738451],[36.6792806,39.6741203],[36.6799818,39.6746093],[36.687841,39.6794793],[36.6884496,39.6797911],[36.6894045,39.6801197],[36.6900646,39.6802579],[36.6906644,39.680325],[36.6912746,39.6803535],[36.691995,39.6803234],[36.692678,39.6802357],[36.6934522,39.6800536],[36.7005999,39.6781477],[36.7011238,39.6780149],[36.7018819,39.6778773],[36.7034104,39.6777255],[36.7071823,39.6777404],[36.7084274,39.6778441],[36.7093978,39.6780077],[36.7106272,39.6783386],[36.7146056,39.6797669],[36.7161888,39.6801919],[36.7165789,39.6804028],[36.7180793,39.6814632],[36.7186071,39.6819569],[36.7287152,39.6923311],[36.7304615,39.6940862],[36.7309105,39.6944915],[36.7313801,39.6947528],[36.7318831,39.6950032],[36.73246,39.6951778],[36.7329272,39.695274],[36.7338165,39.695328],[36.7346486,39.6952475],[36.7352627,39.6950795],[36.7359109,39.6947877],[36.7365852,39.694377],[36.738289,39.6929873],[36.7389317,39.6925626],[36.7395013,39.692284],[36.7402277,39.6920587],[36.7411862,39.6919092],[36.7422459,39.6919208],[36.7473255,39.6925845],[36.7482545,39.6926027],[36.7487088,39.6925634],[36.7492219,39.6924516],[36.7500945,39.6921376],[36.7517727,39.6911748],[36.7521992,39.6909835],[36.7526798,39.6908509],[36.7531873,39.6907677],[36.7538575,39.6907667],[36.7549908,39.6909007],[36.7642013,39.6922099],[36.7650319,39.6923534],[36.7659085,39.6926038],[36.7665271,39.6928126],[36.7672497,39.6931137],[36.7677672,39.6933687],[36.7684996,39.6938139],[36.7692948,39.6944035],[36.7708563,39.6958533],[36.7712596,39.6961371],[36.7718416,39.6964651],[36.7723832,39.6966824],[36.7729536,39.6968331],[36.773501,39.6969306],[36.7752065,39.6970193],[36.7757309,39.6970769],[36.7762955,39.6971833],[36.7770849,39.6974272],[36.7801964,39.6986951],[36.7808129,39.6989035],[36.7814294,39.6990542],[36.782112,39.6991686],[36.783345,39.6992705],[36.7844889,39.6992328],[36.7863102,39.698983],[36.7933681,39.6978971],[36.7939328,39.6978484],[36.7945609,39.6978617],[36.7951255,39.697937],[36.7956614,39.6980789],[36.796203,39.6982873],[36.7990494,39.6999497],[36.7995737,39.7002024],[36.8001614,39.7004374],[36.814612,39.7039661],[36.8151378,39.7040714],[36.8156924,39.7041102],[36.8163694,39.7041047],[36.817032,39.7040271],[36.8176586,39.7038885],[36.8194376,39.7033178],[36.819949,39.7032236],[36.820518,39.7031737],[36.8210942,39.7031682],[36.8216127,39.7032402],[36.822938,39.7035893],[36.8250699,39.7043928],[36.8260278,39.7048583],[36.8267625,39.7052849],[36.8274755,39.7058335],[36.8281093,39.7063821],[36.8285703,39.7068752],[36.8289304,39.7073573],[36.8292617,39.7079224],[36.830198,39.7098119],[36.8306734,39.7104767],[36.8310191,39.7108535],[36.8314224,39.7112026],[36.8319698,39.7116126],[36.834325,39.7132637],[36.8349228,39.7136016],[36.8378686,39.7148205],[36.8411327,39.7162419],[36.8424381,39.7168929],[36.8433564,39.7173084],[36.8436805,39.7174123],[36.8441037,39.7174954],[36.8445268,39.71753],[36.8450001,39.7175242],[36.8457859,39.717402],[36.8462275,39.7172797],[36.8466954,39.7170827],[36.8491061,39.7157446],[36.8496889,39.7154933],[36.8502893,39.7153235],[36.8513136,39.7152352],[36.8518611,39.7153031],[36.8524615,39.7154594],[36.8547044,39.7162065],[36.8556315,39.716322],[36.8581216,39.7164103],[36.8589516,39.7165258],[36.8597552,39.7167024],[36.8670665,39.7190049],[36.8685765,39.7194939],[36.8692829,39.7197792],[36.8697774,39.7200169],[36.8701103,39.7202447],[36.8708494,39.7209528],[36.8712648,39.7215384],[36.8725103,39.723446],[36.8736796,39.7251584],[36.8740904,39.7257032],[36.8758102,39.7274452],[36.8763915,39.7279807],[36.8769171,39.7283501],[36.8774973,39.7286598],[36.8780777,39.7288922],[36.8800092,39.7293985],[36.8810941,39.7295825],[36.8819242,39.7296463],[36.8827795,39.7296366],[36.8836794,39.7295498],[36.8847759,39.7293433],[36.9098861,39.7239907],[36.9122834,39.7234381],[36.9138384,39.7229014],[36.9170063,39.7215729],[36.9178179,39.7211988],[36.9203855,39.7201736],[36.9213259,39.7198501],[36.922807,39.7194795],[36.923638,39.7193467],[36.9246384,39.7192569],[36.9261712,39.7192453],[36.9337967,39.7199304],[36.9343275,39.719963],[36.9354764,39.7199494],[36.9371733,39.7197915],[36.9379062,39.7196586],[36.9444573,39.7180519],[36.9450531,39.7179987],[36.9456743,39.7180127],[36.9462615,39.7181044],[36.9468353,39.7182406],[36.9474739,39.7184922],[36.9531683,39.7214638],[36.9545723,39.7220173],[36.955881,39.7224133],[36.9738386,39.7266483],[36.9749151,39.7269577],[36.9825882,39.7299259],[36.9832106,39.7300944],[36.9838509,39.7302024],[36.9909098,39.7308198],[36.9916938,39.7309432],[36.9923846,39.7312047],[36.9929444,39.7314907],[36.9956526,39.7334038],[36.9982722,39.7353384],[36.9992056,39.7359101],[37.0007663,39.736685],[37.0019494,39.7371927],[37.0040472,39.7379414],[37.0079425,39.7397035],[37.0099657,39.740721],[37.0105241,39.7409626],[37.0112873,39.7411997],[37.0117315,39.7412634],[37.0122728,39.7412767],[37.012785,39.7412496],[37.0133678,39.741107],[37.0142243,39.7407675],[37.0146853,39.740445],[37.0150093,39.7401504],[37.0153293,39.7397303],[37.0155272,39.739306],[37.0156188,39.7389467],[37.0156609,39.7386045],[37.0156254,39.7381852],[37.0074134,39.6966686],[37.0072011,39.6959658],[37.0069484,39.6953235],[37.0054027,39.6921273],[37.0052755,39.6916327],[37.0052156,39.6910123],[37.0054157,39.6891274],[37.0054157,39.6883338],[37.005232,39.6876869],[37.0049,39.686915],[37.0043137,39.6857136],[37.0040311,39.6848003],[37.0039534,39.6843545],[37.0039464,39.6804593],[37.0040594,39.6795975],[37.0043349,39.6788364],[37.0065459,39.6748838],[37.0067437,39.6744379],[37.0068285,39.6740573],[37.0068285,39.6735952],[37.0067579,39.6731493],[37.0065813,39.6726871],[37.0060797,39.6720673],[37.0032894,39.6696911],[37.0029927,39.6693758],[37.0026748,39.668968],[37.0022439,39.6681795],[37.0019967,39.6673475],[37.0018907,39.6662111],[37.0019543,39.6650582],[37.0020461,39.664509],[37.002258,39.6640087],[37.0025759,39.6634758],[37.0030421,39.6629646],[37.0034942,39.662584],[37.0062422,39.6610287],[37.0066307,39.6607731],[37.0069203,39.6604903],[37.0071746,39.6601205],[37.0073795,39.6597017],[37.0075066,39.6592232],[37.007542,39.6586902],[37.0072735,39.655302],[37.0073159,39.6549431],[37.0078528,39.653529],[37.0078978,39.6530722],[37.0078838,39.6527169],[37.0077732,39.6517943],[37.0077773,39.651373],[37.0080961,39.6502537],[37.0089124,39.6481526],[37.0090592,39.6472907],[37.0089964,39.6465004],[37.0088215,39.6460559],[37.0067406,39.6417351],[37.0063961,39.6407223],[37.0062866,39.6399769],[37.0062354,39.6392472],[37.0062549,39.6385175],[37.0063682,39.6377884],[37.0065238,39.6371682],[37.0071068,39.6352997],[37.0072255,39.6350232],[37.0074829,39.6346162],[37.0078603,39.6341942],[37.0083156,39.6338415],[37.0088756,39.6335471],[37.011748,39.6322781],[37.0124067,39.6318734],[37.0129821,39.6314054],[37.01346,39.6308791],[37.0139416,39.6302474],[37.0166682,39.6264147],[37.0167904,39.6261355],[37.0168607,39.6258101],[37.0169042,39.6253924],[37.0168483,39.625038],[37.0167524,39.6247191],[37.0163989,39.6240798],[37.0161733,39.6237919],[37.0149121,39.6227985],[37.0146176,39.6224661],[37.0143776,39.6220564],[37.0142407,39.6216501],[37.0141818,39.6209088],[37.0143345,39.6203103],[37.0145656,39.6198549],[37.0149214,39.619416],[37.0152767,39.6191316],[37.0159664,39.618738],[37.0174057,39.6182043],[37.0180208,39.6178451],[37.0184084,39.6175101],[37.0187617,39.6171459],[37.0190807,39.6167316],[37.019243,39.6164227],[37.019371,39.6159802],[37.0195154,39.6149432],[37.0196224,39.6146673],[37.019892,39.6142054],[37.0202386,39.6137339],[37.0210785,39.6131854],[37.0216598,39.6129532],[37.0235368,39.6124016],[37.0240194,39.6121588],[37.0244528,39.611865],[37.0248106,39.6115365],[37.025072,39.6111739],[37.0260366,39.6094728],[37.026644,39.6084833],[37.0270061,39.6077958],[37.0271058,39.6074778],[37.0271662,39.6069965],[37.0271163,39.6065795],[37.026921,39.6057027],[37.0268774,39.6052801],[37.026935,39.6048383],[37.0270577,39.6044381],[37.0272494,39.6040547],[37.0280078,39.6030151],[37.0282771,39.6024181],[37.0283557,39.6020499],[37.0284804,39.6009583],[37.0286528,39.6004216],[37.0289421,39.5998682],[37.0295173,39.5992072],[37.0310084,39.5979703],[37.0313969,39.5975392],[37.0317272,39.5970238],[37.0361682,39.589342],[37.0363931,39.5886555],[37.0364939,39.5881123],[37.036536,39.5875126],[37.0364493,39.5869295],[37.0362028,39.586045],[37.0313491,39.5770063],[37.0307812,39.5758866],[37.0301119,39.5743523],[37.0297904,39.5733967],[37.0295468,39.5725217],[37.0292789,39.5713241],[37.0291165,39.5702026],[37.0270177,39.5505578],[37.0268079,39.5493961],[37.0264723,39.5480516],[37.0260036,39.5466689],[37.0253686,39.5452033],[37.0244801,39.5435477],[37.0122684,39.5248728],[37.0095672,39.520818],[37.0091736,39.5199833],[37.0089997,39.5194381],[37.0089221,39.5189013],[37.0089553,39.5167598],[37.0090826,39.5159767],[37.0092105,39.5075755],[37.0091251,39.5071422],[37.0091271,39.5069472],[37.0094899,39.4931472],[37.0095276,39.4925218],[37.0098057,39.4907865],[37.0171478,39.459863],[37.0173508,39.4592552],[37.0175686,39.4587589],[37.0179754,39.4581437],[37.0183958,39.4576548],[37.0189118,39.4571564],[37.0408972,39.4385069],[37.0415324,39.438041],[37.0419693,39.4377647],[37.0542936,39.4310715],[37.0557235,39.4302075],[37.0566577,39.429575],[37.0782174,39.4124162],[37.0791973,39.4116866],[37.0804075,39.4109421],[37.0811732,39.4105231],[37.0821892,39.4100546],[37.0838864,39.4094259],[37.0894635,39.4078961],[37.0906386,39.4075449],[37.0981559,39.4041309],[37.1006795,39.4031519],[37.1033015,39.4022274],[37.1041911,39.4019956],[37.121424,39.3995117],[37.1228727,39.3992721],[37.1234948,39.3991193],[37.1274152,39.3979884],[37.1287905,39.3976794],[37.1296731,39.3975548],[37.1301787,39.3975025],[37.1317229,39.3974981],[37.1397073,39.3978473],[37.1403917,39.3978394],[37.1417351,39.3978997],[37.1427193,39.3979017],[37.1437966,39.3978539],[37.1447939,39.397709],[37.1464743,39.3973426],[37.1477831,39.3968822],[37.1487788,39.3964162],[37.1496268,39.395898],[37.1504042,39.3953724],[37.15113,39.3948],[37.1551817,39.3911371],[37.1561311,39.3901483],[37.1567309,39.3893675],[37.1572019,39.3885738],[37.15761,39.3876718],[37.1580095,39.3860198],[37.1580263,39.3851224],[37.1579555,39.3841929],[37.1577909,39.3833017],[37.1575479,39.3825786],[37.1572076,39.3818325],[37.1567849,39.3810848],[37.1562247,39.3803395],[37.1545093,39.3783765],[37.1485982,39.3718765],[37.1477757,39.3710365],[37.1470466,39.3704769],[37.1457578,39.3696311],[37.1449355,39.3692305],[37.1441641,39.3689003],[37.143262,39.3685886],[37.1424173,39.3683679],[37.1414593,39.3681699],[37.1405648,39.3680586],[37.1395668,39.3679745],[37.1385816,39.3679893],[37.1375582,39.3680581],[37.1331873,39.3685366],[37.1320551,39.3685903],[37.1304461,39.3685351],[37.1292947,39.368424],[37.1206527,39.3672279],[37.1108135,39.365809],[37.1096203,39.3655933],[37.1085026,39.3652984],[37.1073576,39.3648915],[37.1063482,39.3644178],[37.1054096,39.3638617],[37.1046042,39.3632977],[37.1036822,39.362484],[37.1026774,39.3613019],[37.1021605,39.3604953],[37.1017239,39.3595794],[37.1014079,39.3584966],[37.1012277,39.3573195],[37.101254,39.3561833],[37.1014589,39.3551521],[37.1018964,39.3539506],[37.1024679,39.3529242],[37.1032006,39.3519377],[37.1040562,39.3510535],[37.1050114,39.3502949],[37.1060331,39.3496197],[37.1073112,39.3490234],[37.1088885,39.3484586],[37.1099087,39.3482186],[37.1116877,39.3479739],[37.1128194,39.3479258],[37.1141295,39.3479639],[37.1217672,39.3482558],[37.1230484,39.348371],[37.1246265,39.3486395],[37.1260944,39.3489597],[37.1480167,39.3540758],[37.1486633,39.3542205],[37.1497289,39.3543972],[37.1510171,39.3545317],[37.1520691,39.3545473],[37.1531979,39.3544574],[37.1542742,39.3543247],[37.1572984,39.3537667],[37.1588259,39.3535892],[37.1602477,39.3535822],[37.161569,39.3536733],[37.1624285,39.3537725],[37.1633629,39.3539663],[37.1642378,39.3542356],[37.1786525,39.3604947],[37.1796973,39.3608756],[37.1804363,39.3610792],[37.1821097,39.3614076],[37.1828317,39.3614798],[37.1836302,39.3615258],[37.1854628,39.3614773],[37.1872638,39.3612712],[37.1890191,39.3608331],[37.190455,39.3602145],[37.1918985,39.3593819],[37.232425,39.3300657],[37.2334863,39.3292513],[37.2341656,39.3285616],[37.2345222,39.3281479],[37.2353203,39.3270707],[37.2362312,39.3253097],[37.2370776,39.3240793],[37.2378923,39.3230749],[37.2432261,39.3174273],[37.2439139,39.3167734],[37.2538294,39.3096421],[37.2549581,39.3087491],[37.258972,39.3053346],[37.2615518,39.3030232],[37.2648275,39.3002323],[37.2656422,39.2996807],[37.2668981,39.2990371],[37.2684426,39.2983804],[37.2702841,39.2977368],[37.2712006,39.2973756],[37.2719644,39.297021],[37.2727621,39.296581],[37.2736447,39.2959899],[37.2744084,39.2953595],[37.2798311,39.2901842],[37.280807,39.2892975],[37.2816726,39.2885881],[37.2824448,39.2880955],[37.2834547,39.2875438],[37.2844646,39.2871366],[37.2856696,39.2867359],[37.2868662,39.2864863],[37.2892083,39.2862433],[37.29032,39.286263],[37.2919239,39.2864075],[37.2995021,39.2873927],[37.3003337,39.287465],[37.301106,39.2874716],[37.3098041,39.2871464],[37.3141659,39.2869231],[37.3155236,39.2868115],[37.3167965,39.2866407],[37.318256,39.2863911],[37.3192574,39.2861481],[37.3211158,39.2856292],[37.3223717,39.2851957],[37.3237125,39.2846604],[37.3251325,39.2839532],[37.3262471,39.2833263],[37.3274643,39.2825754],[37.3284911,39.28186],[37.3294295,39.2811145],[37.3303399,39.2802563],[37.3315779,39.2789775],[37.3343809,39.2754848],[37.3349983,39.2747679],[37.3358256,39.274051],[37.336727,39.2733723],[37.3378965,39.2726908],[37.3405814,39.2712324],[37.3416291,39.2705715],[37.3444848,39.2683195],[37.3450494,39.267914],[37.3458942,39.2674127],[37.3487202,39.2658585],[37.3503096,39.2648262],[37.3514987,39.2638363],[37.354372,39.2612124],[37.355187,39.2606292],[37.3561501,39.2599982],[37.3571503,39.259501],[37.3584468,39.2589752],[37.3619042,39.2579426],[37.363213,39.2574455],[37.3641762,39.2569961],[37.3650899,39.2564129],[37.3674236,39.2545771],[37.3686337,39.2536974],[37.3692388,39.2533245],[37.3701772,39.2528465],[37.3710909,39.2524353],[37.3944845,39.242782],[37.3971302,39.241744],[37.398118,39.2414571],[37.3989891,39.2412511],[37.400674,39.241065],[37.4021434,39.2409981],[37.4034399,39.2411033],[37.4046747,39.241285],[37.4057687,39.2415444],[37.4068797,39.2419123],[37.4083299,39.2424968],[37.412443,39.2442407],[37.4139865,39.2450551],[37.415335,39.2458498],[37.4162,39.2464672],[37.4357397,39.2607441],[37.4370203,39.2615977],[37.4425498,39.2648611],[37.4435505,39.2653535],[37.4443986,39.265695],[37.4454756,39.2660101],[37.4467393,39.2662793],[37.4477485,39.2664304],[37.4490036,39.2665157],[37.451251,39.2665879],[37.4524044,39.2666996],[37.4535493,39.2668637],[37.4548299,39.2671657],[37.455678,39.2674546],[37.4569416,39.2679405],[37.4590957,39.2688466],[37.4603533,39.2692516],[37.4614079,39.2695006],[37.4625448,39.2697057],[37.4635312,39.2698445],[37.4641333,39.2698642],[37.4656167,39.2698248],[37.4677575,39.2696509],[37.4695158,39.2694387],[37.4796589,39.2683713],[37.4806627,39.2683815],[37.4817172,39.2685531],[37.482613,39.2688187],[37.4853271,39.2698745],[37.4897576,39.2711007],[37.4921218,39.2717925],[37.4932626,39.2722477],[37.4954067,39.2733954],[37.4965205,39.2739167],[37.4976968,39.2743505],[37.5026657,39.2759207],[37.5050442,39.2767034],[37.5056618,39.2768342],[37.5064236,39.2769105],[37.5077136,39.2768877],[37.5090292,39.2766211],[37.525596,39.2711627],[37.5286699,39.2701178],[37.5514375,39.2605594],[37.5524911,39.2600606],[37.5534577,39.2594345],[37.5543533,39.2587081],[37.5569146,39.2564252],[37.5578722,39.2557478],[37.5589114,39.2551829],[37.5684668,39.2511983],[37.5694554,39.2508552],[37.5713865,39.2502773],[37.5757306,39.2491823],[37.57652,39.2489459],[37.5787601,39.2480306],[37.5795197,39.2477685],[37.5803421,39.2475483],[37.5811938,39.2473844],[37.5820526,39.2473005],[37.5894106,39.2470426],[37.5939717,39.2468127],[37.6012382,39.2465034],[37.6019562,39.2465477],[37.6025064,39.2466571],[37.6028141,39.2467544],[37.6041449,39.2473397],[37.6079631,39.2491299],[37.611834,39.2509605],[37.6113482,39.2507819],[37.6117791,39.2509889],[37.6125686,39.2513288],[37.6130567,39.2514605],[37.6135387,39.2515273],[37.6141202,39.2515351],[37.6155237,39.2514419],[37.61616,39.2514814],[37.6166775,39.2515996],[37.6172374,39.2517901],[37.6177379,39.2520266],[37.6181875,39.2523595],[37.6185438,39.2527426],[37.6203337,39.2558432],[37.6206391,39.2562176],[37.6214959,39.2568219],[37.6218862,39.256973],[37.6228533,39.2572161],[37.6251352,39.2573606],[37.6266155,39.2577694],[37.6284861,39.2583524],[37.6291309,39.2585955],[37.6295635,39.2587991],[37.6309802,39.2599486],[37.6313365,39.2601653],[37.6323157,39.2605009],[37.633393,39.2607374],[37.6341056,39.2610001],[37.6350727,39.2614862],[37.6355732,39.2618015],[37.6359295,39.2621496],[37.6366336,39.2629541],[37.6370666,39.2633157],[37.637525,39.2636115],[37.6380344,39.2638744],[37.6407659,39.2650313],[37.6411624,39.2652888],[37.641692,39.2657531],[37.6420161,39.2661355],[37.6423302,39.2666744],[37.6426358,39.2670885],[37.6430009,39.2674697],[37.6440196,39.2682782],[37.6443083,39.2685871],[37.6446733,39.2692443],[37.6448007,39.269665],[37.6448007,39.2700067],[37.6444781,39.272662],[37.6444866,39.2730037],[37.644546,39.2733718],[37.6446818,39.2737398],[37.6448686,39.2740355],[37.6451912,39.2744299],[37.6456072,39.2747519],[37.6460911,39.2750345],[37.6466684,39.2752645],[37.6472797,39.275396],[37.6500218,39.2757246],[37.6506416,39.2758363],[37.6512189,39.2760466],[37.6515924,39.2762437],[37.6519829,39.2765395],[37.6522971,39.2768746],[37.6557948,39.2810213],[37.6568815,39.2821385],[37.65835,39.2833931],[37.6590718,39.2839324],[37.6610313,39.2852187],[37.6615349,39.2855759],[37.6619607,39.2859445],[37.6623322,39.2863866],[37.6625529,39.2867561],[37.6627563,39.2871982],[37.6628839,39.287637],[37.663007,39.2891309],[37.6631214,39.2895637],[37.6632997,39.2899579],[37.6635798,39.2903981],[37.6640552,39.2907858],[37.6645561,39.2911274],[37.6652862,39.2913911],[37.6658609,39.2915065],[37.6686736,39.2915808],[37.669616,39.2917976],[37.6703206,39.2920999],[37.6708809,39.292389],[37.6753974,39.2961997],[37.6765373,39.2970449],[37.6776524,39.2977885],[37.6787848,39.2984006],[37.6838164,39.3009803],[37.6853846,39.301604],[37.6907892,39.3035117],[37.6915905,39.303851],[37.6924638,39.3043194],[37.6965027,39.3066189],[37.6971207,39.3069261],[37.7007815,39.3082349],[37.7013758,39.308386],[37.7018937,39.3084319],[37.7023946,39.3084517],[37.702887,39.3084122],[37.7034048,39.3082809],[37.7039567,39.3080707],[37.7055029,39.3072008],[37.7060757,39.307009],[37.7066753,39.3069021],[37.7087471,39.3066524],[37.7095344,39.3066058],[37.7101117,39.3066386],[37.710706,39.3067306],[37.7111956,39.3068888],[37.7116554,39.3071378],[37.7120848,39.3074274],[37.7124718,39.3077882],[37.712735,39.3081889],[37.7129897,39.3089509],[37.7130576,39.3093319],[37.7130094,39.3096915],[37.7128765,39.3101174],[37.7126756,39.3104977],[37.7118195,39.3116441],[37.7116483,39.311979],[37.7115125,39.3125833],[37.7115295,39.3131679],[37.7116823,39.3137131],[37.7119709,39.3141663],[37.7124028,39.3146235],[37.7138359,39.3159769],[37.7143482,39.3163372],[37.7149087,39.3165935],[37.7159908,39.3170095],[37.7165457,39.3173267],[37.7169895,39.3177236],[37.7187251,39.3195795],[37.7193165,39.3204371],[37.7197326,39.3214226],[37.7202507,39.3222964],[37.7210066,39.3230783],[37.7232483,39.32484],[37.7239288,39.3253282],[37.7270704,39.3272763],[37.7302369,39.3288803],[37.7322326,39.330494],[37.7326386,39.3308828],[37.7329597,39.3312859],[37.7332619,39.3317669],[37.7336397,39.3326337],[37.7339751,39.3332543],[37.7342893,39.3336419],[37.73468,39.3339637],[37.7351301,39.3342002],[37.7355802,39.3343579],[37.7361152,39.334463],[37.7366673,39.334463],[37.7371853,39.3344104],[37.737627,39.3343119],[37.7385527,39.3340163],[37.7390538,39.3339046],[37.7395548,39.3338586],[37.7401408,39.3338915],[37.7406674,39.3339966],[37.7411345,39.3341936],[37.7419243,39.3347323],[37.7422555,39.3351593],[37.7424169,39.3355337],[37.7425103,39.3359672],[37.7424693,39.3363648],[37.7423877,39.3367166],[37.741712,39.3382728],[37.741695,39.3390873],[37.7419668,39.3402236],[37.7421027,39.3405126],[37.7424848,39.3410052],[37.7431643,39.3414847],[37.7436229,39.3416949],[37.7444297,39.3418459],[37.7448628,39.3418459],[37.745296,39.3417769],[37.7467966,39.3414573],[37.7476281,39.3414486],[37.747999,39.3414921],[37.7485102,39.3416311],[37.7491103,39.3419198],[37.7502178,39.3427132],[37.7505614,39.3429268],[37.7509374,39.3430954],[37.7512857,39.3431997],[37.7520555,39.34333],[37.7527465,39.3432996],[37.7534095,39.3431258],[37.7539938,39.3428434],[37.7542691,39.3426479],[37.7547691,39.3421178],[37.7554321,39.3411314],[37.7556344,39.3409228],[37.7558872,39.3407143],[37.7562575,39.3404977],[37.7566305,39.3403395],[37.7574396,39.3401379],[37.7578389,39.3400975],[37.7594667,39.3402526],[37.7599072,39.3402561],[37.7602758,39.3402179],[37.7606838,39.3401292],[37.7614353,39.3398039],[37.7617815,39.3395887],[37.7629187,39.3384137],[37.7635479,39.3379653],[37.7639659,39.337781],[37.7643165,39.3376593],[37.765166,39.337562],[37.7656829,39.3375968],[37.7663813,39.3377944],[37.7669241,39.3380544],[37.7673607,39.3384041],[37.7678716,39.3390081],[37.7682946,39.3396885],[37.76861,39.340367],[37.7687076,39.3407323],[37.7688818,39.3420807],[37.7689683,39.34236],[37.7691291,39.3426973],[37.7693225,39.3429905],[37.76955,39.3432593],[37.7698013,39.3434811],[37.7700844,39.3436872],[37.7704134,39.3438724],[37.7710388,39.3440937],[37.7719438,39.3442908],[37.773604,39.3444683],[37.7741289,39.3445604],[37.7745972,39.3446825],[37.7765119,39.3453282],[37.7769554,39.3454915],[37.7773376,39.3457008],[37.777743,39.3459963],[37.7780705,39.346341],[37.7784076,39.3468394],[37.778627,39.3474629],[37.7788391,39.3483819],[37.7790433,39.3488289],[37.7793053,39.3491634],[37.7796208,39.3494759],[37.7802547,39.3499014],[37.7805936,39.3500529],[37.7809969,39.3501648],[37.7813331,39.3502353],[37.78198,39.350285],[37.7824999,39.350244],[37.7830225,39.3501159],[37.7842999,39.3496425],[37.7850283,39.3495393],[37.7857967,39.349547],[37.7861658,39.3496239],[37.7868791,39.3499214],[37.7872545,39.3501433],[37.7886845,39.3513691],[37.7890405,39.351585],[37.7893757,39.3517359],[37.789797,39.3518692],[37.7901422,39.3519457],[37.7905579,39.3519792],[37.7910668,39.3519546],[37.7915303,39.3518725],[37.7927349,39.3515146],[37.7931394,39.3514382],[37.7935426,39.3514054],[37.7940203,39.3514321],[37.7945847,39.3515261],[37.7949622,39.3516502],[37.7953886,39.3518601],[37.7957715,39.3521531],[37.7960413,39.3524181],[37.7962141,39.3526526],[37.7964029,39.3530394],[37.7965145,39.3534482],[37.7965986,39.3555798],[37.7967312,39.3561573],[37.7969598,39.356548],[37.7972321,39.3568531],[37.7977773,39.3572692],[37.7983051,39.3575219],[37.7986454,39.3576348],[37.7991556,39.3577072],[37.7996993,39.3577272],[37.8010981,39.3576686],[37.8016063,39.3577312],[37.8022087,39.35789],[37.8034096,39.3583937],[37.8090272,39.3614786],[37.80993,39.361785],[37.8103084,39.3618655],[37.8111993,39.3619338],[37.8116577,39.3619373],[37.8128219,39.3618488],[37.8135555,39.3618564],[37.8139998,39.3619304],[37.8144976,39.362074],[37.8149597,39.3622735],[37.8160261,39.3628561],[37.8164259,39.3630398],[37.8166988,39.3631512],[37.8172782,39.3632982],[37.8178217,39.3633711],[37.8193212,39.3633169],[37.8197797,39.3633239],[37.8202382,39.3633934],[37.8209888,39.3636123],[37.8218473,39.3640779],[37.8226698,39.3646687],[37.8230069,39.364832],[37.8237261,39.3650787],[37.8241576,39.3651691],[37.8245663,39.3652129],[37.8249753,39.3652172],[37.8253978,39.3651747],[37.8258023,39.3650878],[37.8278081,39.3644406],[37.8284542,39.3642842],[37.8290104,39.3642017],[37.8296734,39.3641539],[37.8310162,39.3642451],[37.8316904,39.3644015],[37.8322635,39.3645752],[37.8327467,39.364775],[37.8331905,39.3650096],[37.8349547,39.366178],[37.835348,39.3663865],[37.8361739,39.366734],[37.8368088,39.3669251],[37.8395337,39.3675463],[37.8406266,39.3676628],[37.8421573,39.3676783],[37.8427035,39.3677265],[37.8433027,39.3678416],[37.8439447,39.3680349],[37.8460336,39.3688504],[37.8466259,39.3691795],[37.8469954,39.3694935],[37.8477756,39.3704722],[37.8481634,39.3708321],[37.8486185,39.3711489],[37.8490642,39.3713429],[37.8496198,39.3714633],[37.8516234,39.3716272],[37.8520903,39.3717611],[37.8527752,39.3721137],[37.8530729,39.3723439],[37.8532779,39.3725578],[37.8534788,39.3728436],[37.8538621,39.3735262],[37.854159,39.3738885],[37.8544194,39.3741322],[37.8547559,39.3743722],[37.8552314,39.3745763],[37.8555748,39.374672],[37.8562718,39.3747777],[37.8570995,39.3747356],[37.8575515,39.3746388],[37.8598825,39.3739929],[37.8606055,39.3738926],[37.8611991,39.3739083],[37.8615339,39.3739534],[37.8621356,39.374097],[37.8625437,39.3742589],[37.864125,39.3750888],[37.8652168,39.3757019],[37.8655125,39.3759184],[37.8659089,39.3764487],[37.8660777,39.3767308],[37.8661853,39.3770434],[37.866275,39.3773969],[37.8662994,39.3777073],[37.8662546,39.3780798],[37.8657412,39.3802159],[37.8657019,39.3805384],[37.8657116,39.381041],[37.8657863,39.3815891],[37.865984,39.382142],[37.8662831,39.3826771],[37.86668,39.3831496],[37.8689051,39.3853705],[37.8696782,39.3859735],[37.8700484,39.3861713],[37.87074,39.386407],[37.8712705,39.3865114],[37.8717702,39.3865496],[37.8722649,39.3865305],[37.8727992,39.3864541],[37.873279,39.3863126],[37.8751201,39.3854502],[37.8755555,39.3853202],[37.8764361,39.3852246],[37.8772375,39.3852705],[37.8776481,39.385366],[37.87841,39.3856681],[37.8787563,39.3858822],[37.8801003,39.3868387],[37.8805259,39.3870295],[37.8810979,39.3872134],[37.8815618,39.3873042],[37.8818834,39.3873302],[37.8840667,39.3873041],[37.8847225,39.3873226],[37.8853409,39.3873914],[37.8860533,39.3875559],[37.886924,39.3879382],[37.8872753,39.3881523],[37.8877551,39.3885232],[37.8886917,39.3895501],[37.8893052,39.3901222],[37.890132,39.3905829],[37.8910796,39.3909205],[37.8918316,39.3910657],[37.8922867,39.3910963],[37.8938896,39.391104],[37.8945178,39.3911748],[37.8952649,39.3913889],[37.8955738,39.3915416],[37.8963517,39.3920818],[37.8966946,39.3924034],[37.8969109,39.392707],[37.897426,39.3938284],[37.8976225,39.3941391],[37.8978268,39.3943838],[37.8980664,39.3945995],[37.8987428,39.3950151],[37.9000636,39.3955733],[37.9005668,39.3958383],[37.9008717,39.3960825],[37.9015389,39.3967186],[37.9017442,39.3971383],[37.9021488,39.3989888],[37.9022848,39.3993425],[37.9024765,39.3996722],[37.9027177,39.3999732],[37.9029836,39.4002265],[37.9033299,39.4004798],[37.9037628,39.4007235],[37.9042115,39.4009313],[37.9047623,39.4011254],[37.9057188,39.401566],[37.9060764,39.4017974],[37.9064339,39.4021558],[37.9067334,39.402544],[37.9069276,39.4029961],[37.9070105,39.4034246],[37.9071753,39.4047367],[37.907388,39.4059243],[37.907617,39.4065053],[37.9078149,39.4068636],[37.9083776,39.4076138],[37.908971,39.4081531],[37.9098198,39.4086996],[37.9105915,39.4090376],[37.9110305,39.4091905],[37.9114263,39.4092813],[37.9172572,39.4104431],[37.918328,39.410566],[37.918793,39.4105518],[37.9192825,39.4104809],[37.9201111,39.4101743],[37.9206122,39.4099016],[37.9210875,39.4094881],[37.9228925,39.4071716],[37.9230577,39.4067793],[37.923293,39.4056409],[37.9235893,39.4051013],[37.9239815,39.4046893],[37.924722,39.4042263],[37.9251931,39.4040513],[37.9256704,39.4039521],[37.9280017,39.4037229],[37.928452,39.4037655],[37.9291664,39.4039994],[37.9295484,39.4041836],[37.9298885,39.4044252],[37.9302911,39.4048636],[37.9311298,39.4062722],[37.9313256,39.4065417],[37.9315948,39.4068064],[37.9322862,39.4072319],[37.9326717,39.4073643],[37.9331244,39.4074683],[37.9338893,39.4075156],[37.9342748,39.4074683],[37.9389433,39.4062249],[37.9397816,39.4060689],[37.9406382,39.4060831],[37.9411154,39.4061635],[37.9415866,39.4062864],[37.9420516,39.4064897],[37.9427185,39.4068632],[37.9441809,39.4077472],[37.9453801,39.4082105],[37.9465113,39.4087806],[37.9468186,39.4090163],[37.9471131,39.4093305],[37.9472997,39.4096201],[37.9477452,39.4106169],[37.9479364,39.4109715],[37.9481582,39.4112611],[37.9486859,39.4116629],[37.9490913,39.4118638],[37.9494814,39.4120056],[37.9499724,39.4121161],[37.9541389,39.4126522],[37.9545769,39.4127467],[37.9549295,39.4128661],[37.9553722,39.4130687],[37.9558259,39.4133506],[37.9561494,39.413607],[37.9564931,39.4139886],[37.9573454,39.4153448],[37.9575871,39.4156692],[37.9578808,39.4159717],[37.9585722,39.4164019],[37.9590495,39.4166193],[37.9595635,39.4167753],[37.9600652,39.416851],[37.9605975,39.4168651],[37.9611054,39.4168273],[37.9615459,39.4167375],[37.9623719,39.4164823],[37.9628981,39.4162743],[37.9635589,39.4160852],[37.9646297,39.4159623],[37.9655047,39.4159907],[37.9660431,39.4160757],[37.9670466,39.416383],[37.9687109,39.4171629],[37.9698061,39.41756],[37.9703752,39.4176735],[37.9727492,39.4178247],[37.9734223,39.4178862],[37.9739362,39.417976],[37.9754965,39.4183683],[37.9780969,39.4190868],[37.9784396,39.4192144],[37.9789535,39.4195547],[37.9795165,39.4200463],[37.9805223,39.4214234],[37.9807098,39.421707],[37.9808485,39.4220536],[37.9810913,39.4229185],[37.9812832,39.4233313],[37.9816221,39.4237901],[37.9821295,39.4241649],[37.9828144,39.424513],[37.9834202,39.4247965],[37.9842829,39.4251416],[37.9848275,39.4252928],[37.9859472,39.4254724],[37.9870424,39.4254771],[37.989003,39.4252707],[37.9897259,39.4250489],[37.9912645,39.4244073],[37.9916498,39.424305],[37.9923534,39.4242483],[37.9928388,39.4243018],[37.993251,39.4243931],[37.993612,39.4245223],[37.9939139,39.4246531],[37.9942219,39.4248469],[37.9946991,39.4252944],[37.9948566,39.4255376],[37.9955264,39.4269375],[37.9958962,39.4275698],[37.9967252,39.428838],[37.9971114,39.4292749],[37.9975344,39.4295378],[37.9980508,39.4297647],[37.9986186,39.4298957],[38.0007834,39.4300253],[38.0011854,39.4301152],[38.0015642,39.4302724],[38.001958,39.430485],[38.0042783,39.4325454],[38.0046408,39.4328236],[38.0050858,39.4330513],[38.005669,39.4332298],[38.0065613,39.4333076],[38.0088124,39.4330859],[38.0102312,39.4327484],[38.0106835,39.4326779],[38.0110857,39.4326543],[38.0115557,39.4326712],[38.0123143,39.4328675],[38.0130678,39.4331226],[38.0156113,39.4344363],[38.017126,39.4355078],[38.017911,39.4361905],[38.018074,39.4364025],[38.0184429,39.4371409],[38.0185361,39.4375439],[38.0185129,39.4379698],[38.0183132,39.4391927],[38.0183205,39.440358],[38.0181956,39.4412714],[38.0177393,39.4420468],[38.0171769,39.4427511],[38.0169724,39.4431049],[38.0167813,39.4434868],[38.0166973,39.4439008],[38.0166819,39.4442955],[38.0167946,39.4448286],[38.0170262,39.4454254],[38.017725,39.4464456],[38.0180909,39.4467602],[38.0185751,39.4470391],[38.018977,39.4471982],[38.019384,39.4472982],[38.0198244,39.4473231],[38.0203077,39.4473065],[38.0212516,39.4471832],[38.0222655,39.4471799],[38.0230896,39.4472787],[38.0235009,39.4473882],[38.0238518,39.4475348],[38.0254114,39.4484615],[38.0257618,39.4486286],[38.0283214,39.4494806],[38.0292273,39.4496744],[38.0298795,39.4496851],[38.0303147,39.4496275],[38.0307472,39.4495399],[38.0311442,39.449414],[38.0326474,39.4487077],[38.033277,39.4482916],[38.033657,39.4479324],[38.0342559,39.4471507],[38.0353062,39.4454932],[38.03585,39.4444202],[38.03653,39.4429642],[38.0368259,39.4425311],[38.0381547,39.4408244],[38.0385119,39.4404437],[38.0397944,39.4393687],[38.0400837,39.4391672],[38.0415244,39.4383393],[38.0422902,39.4379625],[38.0446657,39.4372456],[38.0454542,39.4368075],[38.0466624,39.435962],[38.0470674,39.4357342],[38.0475567,39.4355371],[38.0485493,39.4352414],[38.0491236,39.4351702],[38.0496554,39.4351483],[38.0500808,39.4351702],[38.0524135,39.4354714],[38.053002,39.4355316],[38.0534771,39.4355371],[38.0544768,39.4353947],[38.0569868,39.4348964],[38.0575185,39.4347595],[38.0578872,39.4345842],[38.0582701,39.4343488],[38.058575,39.4341133],[38.0588799,39.4338121],[38.0594542,39.4330837],[38.0600285,39.4325744],[38.0603121,39.4323937],[38.0606666,39.4322294],[38.0611771,39.4320706],[38.0616735,39.4319994],[38.0622003,39.4319854],[38.0642168,39.4321106],[38.0648413,39.4322368],[38.0653281,39.4324285],[38.0657575,39.4326621],[38.0659985,39.4328537],[38.0662078,39.4331138],[38.0665552,39.4336861],[38.0666261,39.43399],[38.0666615,39.4344803],[38.0665694,39.4349318],[38.0659442,39.4367494],[38.0658114,39.437257],[38.0658468,39.4378329],[38.065962,39.4382025],[38.0661393,39.4385927],[38.0663609,39.4388733],[38.0669369,39.4394346],[38.0672471,39.4396605],[38.0675662,39.4398248],[38.0679828,39.4399959],[38.0683561,39.4400926],[38.0690261,39.4401857],[38.0694799,39.4402131],[38.0700259,39.4401693],[38.0711603,39.4399722],[38.0717842,39.4399009],[38.0731314,39.4399091],[38.0736737,39.439879],[38.0741879,39.4397696],[38.0758896,39.4392877],[38.0773994,39.4390992],[38.0790827,39.4389536],[38.0795601,39.4388566],[38.0799432,39.438682],[38.0817648,39.4376051],[38.0820474,39.4374789],[38.0827949,39.4372946],[38.0832785,39.4372364],[38.0838187,39.4372073],[38.0853737,39.437214],[38.0860901,39.4370649],[38.086765,39.4367912],[38.0875212,39.4363473],[38.0879879,39.435907],[38.0883497,39.4353363],[38.0887014,39.4346474],[38.0891348,39.4340167],[38.0898006,39.4334006],[38.0923999,39.431894],[38.0933746,39.4314115],[38.0948569,39.4304607],[38.0954851,39.4298833],[38.0957677,39.4295631],[38.0966282,39.4283454],[38.0973129,39.4277632],[38.0985314,39.4271518],[38.0994359,39.4268074],[38.0999698,39.426657],[38.1017003,39.4263615],[38.1022185,39.4262402],[38.1026739,39.4260885],[38.1030508,39.4259005],[38.1037103,39.4254153],[38.1042128,39.4247361],[38.1043855,39.4244146],[38.1044797,39.4240993],[38.104519,39.4237354],[38.104464,39.4232198],[38.1043541,39.4229287],[38.1041735,39.4226012],[38.103883,39.4221281],[38.1030665,39.4209879],[38.1028119,39.4205705],[38.1025944,39.4201189],[38.1025128,39.4198563],[38.102472,39.4195622],[38.1024788,39.4193049],[38.1025468,39.4190686],[38.1028663,39.4185066],[38.10324,39.4180614],[38.1056892,39.4160118],[38.1071432,39.4148536],[38.1078994,39.4141645],[38.1082372,39.4137485],[38.1083587,39.4135311],[38.1085251,39.413072],[38.1085763,39.4128009],[38.1085911,39.4124545],[38.1082786,39.4099458],[38.1070921,39.4050743],[38.1065191,39.4038054],[38.106405,39.40337],[38.1064297,39.4028611],[38.1065112,39.4024956],[38.1066498,39.4021109],[38.1070596,39.4015143],[38.1075436,39.4010713],[38.1081563,39.4007232],[38.1086514,39.4005484],[38.1091017,39.4004359],[38.109622,39.4003864],[38.1101815,39.4003791],[38.1120401,39.4005616],[38.1125162,39.400568],[38.1131378,39.4004924],[38.1136732,39.4003455],[38.1142501,39.4001096],[38.1148093,39.3998208],[38.1151445,39.3995493],[38.1154746,39.3991984],[38.1156972,39.3988918],[38.1159188,39.3984049],[38.1159653,39.3980806],[38.115962,39.3978038],[38.1158746,39.3971167],[38.1157215,39.3966771],[38.1151232,39.3956421],[38.1149941,39.3953427],[38.1139452,39.3917734],[38.1133946,39.3902288],[38.1129036,39.3886636],[38.1127201,39.3878732],[38.1126868,39.3873834],[38.1128248,39.3867849],[38.1129833,39.386298],[38.1134557,39.3850772],[38.1137201,39.3845726],[38.1140127,39.3841308],[38.1164951,39.3810879],[38.1170626,39.3806645],[38.1175405,39.3804459],[38.1180168,39.3802725],[38.1191505,39.3800431],[38.1212175,39.3795243],[38.1253275,39.3785856],[38.1259006,39.3784282],[38.1264527,39.3782128],[38.1268491,39.3779715],[38.1270935,39.3777536],[38.1286182,39.3761469],[38.1292954,39.3756633],[38.1298981,39.3754468],[38.1309647,39.375235],[38.1323075,39.3750286],[38.132767,39.3748623],[38.1331817,39.3746397],[38.1337651,39.3741398],[38.1341236,39.3735559],[38.1341957,39.3732269],[38.1341798,39.3720884],[38.1342513,39.3716899],[38.1344522,39.3711507],[38.1347732,39.3707077],[38.1350363,39.3704511],[38.1359852,39.3696872],[38.1362233,39.3694212],[38.1363719,39.3692024],[38.1366071,39.3687457],[38.1373607,39.3665943],[38.1380717,39.3654256],[38.1395797,39.3646132],[38.1416003,39.3641451],[38.1433692,39.3639782],[38.14598,39.3639759],[38.1467052,39.3638947],[38.1476114,39.3636378],[38.1488932,39.363154],[38.1493885,39.3630541],[38.1502566,39.3629635],[38.1563807,39.3628394],[38.1570917,39.3627419],[38.1575734,39.3626089],[38.1581009,39.3623517],[38.1585482,39.3620059],[38.1589954,39.3615094],[38.1594656,39.3611458],[38.1601308,39.3608178],[38.1607386,39.3606316],[38.1612776,39.3605252],[38.1617937,39.3605252],[38.1626653,39.3606138],[38.163491,39.3606582],[38.1640529,39.3605961],[38.164569,39.360472],[38.1651022,39.3602705],[38.1655076,39.3600497],[38.1672204,39.3585832],[38.1689229,39.3573937],[38.1696124,39.3568524],[38.1714265,39.3551677],[38.1718554,39.3547305],[38.1721017,39.3543688],[38.172498,39.3536822],[38.1728836,39.3532037],[38.1743886,39.3519419],[38.1749757,39.3515569],[38.1759681,39.3511982],[38.1764319,39.3511119],[38.1769134,39.3510847],[38.179011,39.351225],[38.1801478,39.351254],[38.1818717,39.3512395],[38.1829803,39.3511451],[38.1835722,39.3510361],[38.1841406,39.3508799],[38.1847794,39.3506329],[38.1852726,39.3504113],[38.1865033,39.3497611],[38.187006,39.3495722],[38.1874099,39.3494778],[38.1878609,39.3494197],[38.1898808,39.3493506],[38.190334,39.3493765],[38.1910733,39.3495023],[38.1918766,39.3496884],[38.1927802,39.3497942],[38.1945829,39.3496739],[38.1953626,39.3496721],[38.1977254,39.3498265],[38.1981764,39.3498047],[38.198524,39.3497466],[38.1992378,39.349534],[38.1995127,39.3494268],[38.2000894,39.3490912],[38.2003009,39.3489118],[38.201815,39.3468499],[38.2023836,39.3465196],[38.2030588,39.3462911],[38.2039947,39.3461105],[38.2046374,39.3459334],[38.205029,39.3457849],[38.2059532,39.3452222],[38.2066804,39.345021],[38.2074884,39.344841],[38.208329,39.3448203],[38.209265,39.3447327],[38.2099403,39.3446248],[38.2106376,39.3444545],[38.2127681,39.3437587],[38.2136047,39.3437257],[38.2143,39.3438752],[38.216066,39.3450108],[38.2165005,39.3451606],[38.2169526,39.3452651],[38.2173167,39.3452969],[38.2180859,39.3452514],[38.2188081,39.3450471],[38.2201527,39.3444341],[38.2205461,39.3442979],[38.220916,39.3442207],[38.2213095,39.3441526],[38.2217263,39.3441298],[38.2221961,39.3441435],[38.2230733,39.344257],[38.2235419,39.3442688],[38.2240868,39.3442207],[38.2252689,39.3440014],[38.2272863,39.3434588],[38.2281454,39.3431936],[38.23049,39.3423081],[38.2311987,39.3420001],[38.2320958,39.341546],[38.2333172,39.3408331],[38.2338809,39.3405969],[38.2345051,39.3403843],[38.2352009,39.3402881],[38.2358127,39.3403071],[38.2378913,39.3405788],[38.2383845,39.3405833],[38.2390993,39.3404947],[38.2405077,39.340497],[38.2410456,39.3405933],[38.2419492,39.3410029],[38.2423303,39.3412354],[38.2428899,39.3418162],[38.2436456,39.3428221],[38.2439979,39.3431808],[38.244268,39.3433988],[38.2446438,39.3436167],[38.2451076,39.3438347],[38.245595,39.3439845],[38.2461,39.3440527],[38.2477524,39.3440608],[38.2485691,39.3441367],[38.2492285,39.3444041],[38.2501274,39.3449308],[38.250337,39.3451597],[38.2505079,39.3454517],[38.2511027,39.3470178],[38.2513035,39.3473915],[38.2517977,39.3479555],[38.2521235,39.3482202],[38.2528109,39.3484912],[38.2534081,39.3485712],[38.2566162,39.3486752],[38.2573209,39.3486479],[38.2658349,39.3480122],[38.2662224,39.3480077],[38.2670445,39.3480576],[38.2677867,39.3483224],[38.2681613,39.348518],[38.268671,39.3488363],[38.2690862,39.3491823],[38.2693434,39.3495365],[38.2695776,39.3500251],[38.2697091,39.3504569],[38.2697068,39.3520797],[38.2697743,39.3525106],[38.2701037,39.3533078],[38.2702499,39.3535684],[38.2704134,39.3537198],[38.2718769,39.3547503],[38.2721822,39.3550499],[38.2724083,39.3553696],[38.2733877,39.3575788],[38.2736032,39.3579193],[38.2740553,39.3585458],[38.2743454,39.3588931],[38.275622,39.360098],[38.2759871,39.360379],[38.2765133,39.3606709],[38.2785988,39.3614549],[38.2792946,39.3616125],[38.280863,39.3618653],[38.2814255,39.3620161],[38.2818407,39.3622444],[38.2821823,39.3625412],[38.2832823,39.3638372],[38.2840291,39.3646014],[38.2844072,39.3649188],[38.2873313,39.366917],[38.2876836,39.3672121],[38.2879831,39.367548],[38.2882767,39.3679702],[38.2886877,39.3687328],[38.2893219,39.3706075],[38.2894452,39.3708753],[38.2896624,39.3712158],[38.2899795,39.3715471],[38.2903142,39.3718195],[38.2907135,39.3720373],[38.2911656,39.3722234],[38.2915883,39.372346],[38.2921403,39.3724731],[38.2944068,39.3728408],[38.2950233,39.3729769],[38.295452,39.3731494],[38.2958865,39.3733764],[38.296503,39.3738303],[38.2968964,39.3742615],[38.2975129,39.3751511],[38.2979005,39.3755505],[38.298793,39.3761133],[38.2999615,39.3766625],[38.3003607,39.3767896],[38.3008246,39.3768668],[38.3034258,39.3769939],[38.3038897,39.3769984],[38.3043594,39.376953],[38.3048115,39.3768532],[38.3052695,39.3767079],[38.3057158,39.376481],[38.3060622,39.3762495],[38.3063851,39.3759817],[38.3066611,39.3756776],[38.3069723,39.3751193],[38.3070663,39.3748288],[38.3071074,39.3745066],[38.3070604,39.373281],[38.3070956,39.3729679],[38.307172,39.3726637],[38.307765,39.3712339],[38.3078824,39.3704804],[38.3078589,39.3700174],[38.3077885,39.3696815],[38.3072072,39.3679339],[38.3071543,39.367321],[38.3071954,39.3669715],[38.3072894,39.3666674],[38.3076476,39.3659955],[38.3081702,39.3653101],[38.3085048,39.3649741],[38.3088865,39.3646972],[38.3096851,39.3643386],[38.310513,39.3641752],[38.3111002,39.3641597],[38.3117191,39.3641903],[38.3147638,39.3644611],[38.3152526,39.3645262],[38.3158482,39.3646609],[38.31641,39.3648303],[38.3181292,39.365534],[38.3186349,39.3657034],[38.3194945,39.3658424],[38.3199103,39.3658467],[38.3203317,39.3658076],[38.3211113,39.3655836],[38.3216129,39.3653952],[38.3252141,39.3636749],[38.3259164,39.3632839],[38.3277143,39.3621458],[38.32813,39.3619286],[38.3285907,39.3617462],[38.329102,39.3615941],[38.3296358,39.3615029],[38.3312932,39.3613552],[38.3321135,39.3613552],[38.3328776,39.3614551],[38.3339338,39.3616506],[38.3346474,39.3618331],[38.3352429,39.3620242],[38.3358385,39.3622588],[38.3363104,39.3625368],[38.3368835,39.3629321],[38.3373667,39.3633404],[38.3377207,39.363714],[38.3379398,39.3640528],[38.3382038,39.3646565],[38.3382713,39.3650692],[38.3382207,39.3670021],[38.3382488,39.3673279],[38.3383836,39.3677579],[38.3385185,39.3680098],[38.3391028,39.3686787],[38.3395073,39.3689524],[38.3401422,39.3692608],[38.3406224,39.3694178],[38.3410695,39.3695116],[38.3415634,39.3695521],[38.3421254,39.3695147],[38.3425778,39.3694343],[38.3435283,39.3691317],[38.3460347,39.3681977],[38.3469935,39.3679314],[38.3474433,39.3678443],[38.3482423,39.3677704],[38.3492514,39.3677553],[38.3527619,39.3680328],[38.3536972,39.3682162],[38.354318,39.3683967],[38.3550559,39.3686963],[38.3556968,39.369042],[38.3560695,39.369307],[38.3564645,39.3696124],[38.3573291,39.3704191],[38.357903,39.3708627],[38.3589091,39.3713409],[38.3600569,39.3716175],[38.3606383,39.3716751],[38.3611227,39.3716751],[38.3622034,39.3715541],[38.3639102,39.3711969],[38.3652667,39.3708915],[38.3657586,39.3707014],[38.366638,39.3702577],[38.367048,39.3699466],[38.3689813,39.3676436],[38.3692742,39.3673747],[38.3696853,39.3670726],[38.3704969,39.3667918],[38.3709534,39.3667487],[38.371408,39.3667315],[38.3717658,39.3667545],[38.372295,39.366864],[38.3727123,39.3669907],[38.3731893,39.3672443],[38.3735247,39.367492],[38.3739048,39.3678378],[38.3742998,39.3684139],[38.374352,39.3688357],[38.3743938,39.3701863],[38.3744653,39.3704859],[38.3745965,39.3708085],[38.3748469,39.3711727],[38.3753895,39.3716889],[38.3762958,39.3724448],[38.3776374,39.373127],[38.3779788,39.3733897],[38.3782738,39.3737204],[38.3784373,39.3741041],[38.3785579,39.3745757],[38.3785797,39.3749142],[38.3784988,39.3759529],[38.3784195,39.3763052],[38.3782199,39.3767412],[38.3773836,39.3779491],[38.3772153,39.3782904],[38.3770538,39.3790573],[38.3770804,39.3794355],[38.3772805,39.3800414],[38.3783504,39.3818907],[38.378509,39.3823081],[38.3785977,39.3826474],[38.3786255,39.3830271],[38.3784737,39.3837063],[38.3782867,39.3840519],[38.3780604,39.3843814],[38.3772256,39.3851512],[38.3755982,39.3865954],[38.3729841,39.3885519],[38.3725776,39.3889708],[38.3717395,39.3899783],[38.3711879,39.3903988],[38.3707929,39.3906177],[38.3698538,39.3910497],[38.3694066,39.3913031],[38.368912,39.3917649],[38.368721,39.3920383],[38.3685956,39.3923472],[38.3685421,39.3927085],[38.3686166,39.3934228],[38.3687508,39.3938202],[38.3689243,39.3940815],[38.3693247,39.3944768],[38.3696316,39.3947072],[38.37007,39.3949433],[38.3717946,39.3953235],[38.3722418,39.3954525],[38.3731004,39.3958626],[38.3733687,39.3960699],[38.3736034,39.3963284],[38.3749309,39.3979452],[38.3751694,39.3981894],[38.3783415,39.40012],[38.3788185,39.4003503],[38.3793312,39.40053],[38.3801568,39.4006666],[38.3841447,39.4009778],[38.3864447,39.4015032],[38.386945,39.4016825],[38.3884866,39.4023401],[38.3906212,39.4033998],[38.3914202,39.4038513],[38.3928094,39.4047267],[38.3930718,39.4049616],[38.3932805,39.4052288],[38.3935547,39.405731],[38.3939131,39.4062574],[38.3942388,39.4068112],[38.3948237,39.4082921],[38.3950765,39.4088382],[38.3952245,39.4092739],[38.3953196,39.4100799],[38.3952839,39.4103379],[38.3949972,39.4114663],[38.3949728,39.411865],[38.3950044,39.4123558],[38.395272,39.4130216],[38.3957929,39.4135672],[38.3979551,39.4152163],[38.3981518,39.4153959],[38.3987432,39.4161154],[38.3995064,39.4173527],[38.3999167,39.4178142],[38.4003222,39.418215],[38.4010258,39.4187782],[38.4056407,39.4233968],[38.4076262,39.4250318],[38.4085206,39.4255845],[38.408932,39.4257503],[38.4092957,39.4258425],[38.4118735,39.4260375],[38.4125134,39.426197],[38.4137187,39.4265796],[38.4144235,39.4269755],[38.4155372,39.4277412],[38.4159601,39.4279436],[38.417689,39.4285834],[38.4182467,39.4287608],[38.4187642,39.4288868],[38.4192472,39.4289282],[38.4197182,39.428919],[38.4206126,39.4287369],[38.4214344,39.4283795],[38.4217206,39.4281908],[38.4222644,39.4277016],[38.4231366,39.4264879],[38.4234402,39.4261447],[38.4237132,39.4259182],[38.4240232,39.4257165],[38.4243465,39.4255645],[38.4247625,39.4254464],[38.4252216,39.4253635],[38.4256568,39.4253404],[38.42611,39.4253727],[38.4266228,39.4254694],[38.4269984,39.4255938],[38.427374,39.4257918],[38.4298452,39.4277527],[38.4301812,39.4279618],[38.4305652,39.4281358],[38.4313868,39.4283663],[38.4339507,39.4286552],[38.438165,39.4297001],[38.4412846,39.4306783],[38.4439677,39.4316316],[38.4452729,39.4319817],[38.4468924,39.4322879],[38.44884,39.4323996],[38.4493333,39.4324784],[38.449801,39.4326305],[38.4503909,39.4329268],[38.4508897,39.433293],[38.4519017,39.43416],[38.452429,39.4344556],[38.4529563,39.4346461],[38.4534326,39.4347644],[38.4540464,39.4348368],[38.4571492,39.4349614],[38.4579147,39.4351322],[38.4585951,39.4354212],[38.4590916,39.4358167],[38.4617956,39.4382155],[38.4622045,39.438527],[38.4625838,39.4387863],[38.4631564,39.4390768],[38.4638747,39.4393784],[38.4839531,39.4463292],[38.4851428,39.4469804],[38.4862725,39.4472614],[38.4885422,39.4476533],[38.4894718,39.4476884],[38.4902729,39.4475613],[38.4933252,39.4468213],[38.4940227,39.4467031],[38.4946138,39.4467342],[38.4950769,39.4467866],[38.4955966,39.446904],[38.496824,39.4473219],[38.4990444,39.4478421],[38.4994337,39.4479633],[38.501147,39.448863],[38.501675,39.4490491],[38.5020699,39.4491509],[38.5029636,39.4492139],[38.5034266,39.4491788],[38.5040484,39.4490546],[38.5073227,39.4479221],[38.5088062,39.4474547],[38.5105562,39.4471647],[38.512928,39.4469085],[38.5139104,39.4466472],[38.5162669,39.4456695],[38.5171327,39.4453686],[38.5178934,39.4451691],[38.51858,39.4450686],[38.5211236,39.4449318],[38.5226538,39.444914],[38.5245596,39.4449518],[38.5256839,39.4450714],[38.526648,39.4452644],[38.5272558,39.44544],[38.5323091,39.4473585],[38.5350184,39.448497],[38.5357027,39.4488771],[38.5362604,39.4492982],[38.5365518,39.4496368],[38.536854,39.4500719],[38.5416254,39.4581966],[38.5430303,39.4606673],[38.543789,39.462071],[38.5441868,39.462719],[38.544681,39.4633547],[38.545182,39.4638398],[38.54586,39.464329],[38.5468843,39.4648723],[38.5491113,39.465687],[38.5497071,39.46609],[38.5506161,39.4668339],[38.5525555,39.4689529],[38.5544747,39.4711484],[38.5548039,39.4714308],[38.5551795,39.4716704],[38.5560944,39.4720807],[38.5594688,39.4732873],[38.5600011,39.4734274],[38.5603636,39.473484],[38.5611828,39.4735117],[38.5618574,39.4734415],[38.564213,39.4730986],[38.5664199,39.4729687],[38.5672397,39.4729828],[38.5682646,39.4731054],[38.5694888,39.4731054],[38.570211,39.4731531],[38.5712964,39.4734074],[38.5721076,39.4737162],[38.5728069,39.4740897],[38.573407,39.4745503],[38.5761235,39.4769402],[38.5764267,39.477273],[38.5770378,39.4782896],[38.5775258,39.4796974],[38.5778053,39.4801764],[38.5784496,39.4809004],[38.5788239,39.4812076],[38.5797382,39.4817671],[38.5801599,39.4819462],[38.580861,39.482162],[38.5818464,39.4823923],[38.5826471,39.4826373],[38.5837862,39.4831273],[38.5842171,39.4833747],[38.5852558,39.4841244],[38.5859484,39.4846987],[38.5870568,39.4857488],[38.5886703,39.4871265],[38.589602,39.4877942],[38.5904098,39.4882065],[38.5911926,39.4884321],[38.592435,39.4886277],[38.593144,39.488696],[38.5979927,39.4888992],[38.6044618,39.4895017],[38.6069571,39.4897942],[38.608219,39.4898369],[38.6094675,39.490073],[38.6127835,39.4904658],[38.6134815,39.4905461],[38.6154452,39.4906817],[38.6170052,39.4909229],[38.6177528,39.4909657],[38.6183569,39.4910616],[38.6189687,39.4912041],[38.6193881,39.4913111],[38.6209422,39.4920433],[38.6220982,39.492818],[38.6270596,39.4964407],[38.6284551,39.4972027],[38.6303571,39.497613],[38.6325219,39.4976378],[38.6472132,39.4954364],[38.6490298,39.4950411],[38.6505651,39.4945239],[38.6518063,39.4939415],[38.6525785,39.4932807],[38.6536947,39.4915195],[38.6540937,39.4910988],[38.6582681,39.4883616],[38.658824,39.4881608],[38.6596482,39.4881107],[38.6628884,39.4883763],[38.6660769,39.4885888],[38.6703725,39.4889892],[38.6712957,39.4892852],[38.6742231,39.4905666],[38.6750279,39.4907348],[38.6761423,39.4908999],[38.6788271,39.491188],[38.6805196,39.491033],[38.68112,39.4910365],[38.6816532,39.4910907],[38.6836116,39.4916678],[38.6851118,39.4918922],[38.6856466,39.4918827],[38.6859451,39.4919863],[38.6865979,39.492651],[38.6869021,39.4928292],[38.6872811,39.4929352],[38.6881239,39.4929229],[38.6897781,39.4924896],[38.6914751,39.4916418],[38.6927747,39.4910653],[38.694254,39.4904984],[38.6957075,39.4901733],[38.6966244,39.4901355],[38.6975211,39.4901759],[38.7003138,39.4904553],[38.7012333,39.4908955],[38.7018155,39.491112],[38.7024506,39.4912783],[38.7042668,39.4915919],[38.706131,39.4916866],[38.7070242,39.4917848],[38.7077818,39.4919611],[38.7101955,39.4926642],[38.7115776,39.4929181],[38.7141556,39.4930629],[38.7229804,39.492703],[38.7243725,39.4928589],[38.7255153,39.493225],[38.7262542,39.4937402],[38.7267005,39.4942249],[38.727827,39.4961514],[38.7282732,39.4966407],[38.7287397,39.4970129],[38.7302894,39.4979945],[38.7314821,39.4988467],[38.7319305,39.4993617],[38.7327427,39.5003997],[38.7341321,39.5016568],[38.734442,39.5021173],[38.734915,39.5031774],[38.7354506,39.5039524],[38.7362044,39.5044771],[38.7371479,39.5049946],[38.7390025,39.5056833],[38.7393663,39.5058674],[38.7436683,39.508435],[38.7441247,39.5087805],[38.7445025,39.509139],[38.7448267,39.5095524],[38.7450296,39.5100589],[38.7450663,39.5106355],[38.745018,39.5111661],[38.7440347,39.5142289],[38.7438549,39.5148593],[38.7437723,39.5154476],[38.743803,39.516329],[38.7439429,39.5172403],[38.7440899,39.5178805],[38.7465702,39.5246067],[38.7469632,39.5252171],[38.7473377,39.5256513],[38.7503286,39.5284697],[38.7508245,39.5290342],[38.751046,39.5294999],[38.751353,39.5303233],[38.7515249,39.5309644],[38.7518409,39.5316154],[38.7524143,39.5324357],[38.7527235,39.5330069],[38.752881,39.5336116],[38.7528599,39.534167],[38.7517203,39.5386643],[38.7516245,39.5393738],[38.7517201,39.5400397],[38.752023,39.5407011],[38.7537945,39.5429314],[38.7542471,39.5433713],[38.7548534,39.5437597],[38.7555509,39.5440404],[38.7560853,39.5441827],[38.7572028,39.5442954],[38.7601022,39.5444269],[38.7607061,39.5444887],[38.7612833,39.5446093],[38.7618636,39.5448335],[38.7623663,39.5451036],[38.7628644,39.5454373],[38.7633172,39.5459211],[38.7637857,39.546502],[38.7642001,39.5468803],[38.7646533,39.5471872],[38.7651209,39.5474165],[38.765626,39.5475816],[38.7659751,39.5476574],[38.7671832,39.5478163],[38.7679959,39.5479867],[38.7683824,39.5481133],[38.7688642,39.5483623],[38.7691633,39.5485783],[38.770755,39.5499452],[38.7713093,39.5502575],[38.7721756,39.5505366],[38.7726582,39.5506212],[38.7732754,39.5506376],[38.775077,39.5504844],[38.7762113,39.5503222],[38.7769354,39.5501112],[38.7775357,39.5497851],[38.7781158,39.5493399],[38.7788069,39.5486213],[38.7795342,39.5481256],[38.7802644,39.5478454],[38.7810878,39.5477064],[38.7819194,39.5477234],[38.7832442,39.5478533],[38.7838312,39.5478693],[38.7844125,39.5478229],[38.7859249,39.5474303],[38.7868022,39.5473673],[38.7878014,39.5474611],[38.7884012,39.5476444],[38.7887867,39.5478077],[38.7894973,39.5482424],[38.7901055,39.5487583],[38.7906838,39.5491457],[38.7912549,39.5493712],[38.7918201,39.5495328],[38.7923847,39.549606],[38.7928264,39.5496085],[38.7932415,39.5495667],[38.7938963,39.5494536],[38.7969054,39.5484152],[38.7974244,39.5481185],[38.798567,39.5471485],[38.7991994,39.5467953],[38.7997272,39.546598],[38.8003767,39.5464905],[38.8009384,39.5464527],[38.8016553,39.546498],[38.802162,39.5466065],[38.8025976,39.5467518],[38.8050635,39.5477677],[38.8057044,39.5479748],[38.8064095,39.5480682],[38.8068149,39.5480772],[38.8072996,39.5480419],[38.8078329,39.5479067],[38.8083291,39.5477042],[38.8088253,39.5474526],[38.8093625,39.5470413],[38.8108819,39.5453744],[38.8117283,39.5439363],[38.8121583,39.543463],[38.8125741,39.5431129],[38.8131044,39.5428352],[38.8137035,39.5426405],[38.8140787,39.5425441],[38.8159001,39.5424101],[38.8164123,39.5422896],[38.8182604,39.5416445],[38.8187648,39.5415413],[38.8193495,39.5415154],[38.8200031,39.5415545],[38.8207171,39.5416817],[38.8223345,39.542156],[38.822953,39.5422623],[38.8235566,39.5422761],[38.8240464,39.5422177],[38.8246182,39.5420918],[38.8273669,39.5414303],[38.8281111,39.5413731],[38.8287461,39.5414132],[38.8292962,39.5415433],[38.8324594,39.5427132],[38.8331177,39.5430757],[38.8336324,39.5435566],[38.833962,39.5440806],[38.8341038,39.5447486],[38.8341127,39.5459432],[38.834259,39.5464517],[38.8345793,39.547003],[38.8349729,39.5474644],[38.8353185,39.547751],[38.8357779,39.5480166],[38.8391319,39.5492964],[38.8415587,39.5505192],[38.8436188,39.5513245],[38.844211,39.5514679],[38.8469907,39.5518124],[38.8475377,39.5519155],[38.8480361,39.5520892],[38.8486363,39.5523715],[38.8491516,39.5527654],[38.8495618,39.5532496],[38.8498468,39.5537542],[38.8499186,39.5543227],[38.8498505,39.5560238],[38.849968,39.5564771],[38.8509749,39.5582417],[38.8514331,39.5587033],[38.8518586,39.5590418],[38.8533963,39.5597864],[38.8538501,39.5600827],[38.8548051,39.5609392],[38.8553011,39.5614535],[38.8556684,39.562009],[38.8558428,39.5624575],[38.8561273,39.563936],[38.8561384,39.5646007],[38.8559919,39.5658447],[38.8560004,39.5662465],[38.8560569,39.5666422],[38.8564218,39.5681852],[38.8565966,39.5686769],[38.8569086,39.5691697],[38.8573023,39.569622],[38.8577459,39.5699589],[38.8580877,39.570136],[38.8587715,39.5703181],[38.8605085,39.5706569],[38.8672269,39.5721083],[38.8680119,39.572199],[38.8685655,39.5721677],[38.8690398,39.5720724],[38.8694557,39.5719486],[38.8699748,39.5717279],[38.870547,39.5713817],[38.8723501,39.5699631],[38.8766166,39.5669215],[38.8771862,39.5664293],[38.8785623,39.5648799],[38.8791133,39.5644413],[38.8796996,39.5641396],[38.8803221,39.5639603],[38.8811405,39.5638635],[38.8820402,39.5639247],[38.8836286,39.5642056],[38.8842684,39.56441],[38.8847893,39.5646899],[38.8853404,39.5651144],[38.8857042,39.5655509],[38.8859757,39.5660685],[38.886262,39.5670418],[38.8865826,39.5678097],[38.8869457,39.5682773],[38.8875769,39.5687171],[38.8884143,39.5692034],[38.8889234,39.5696173],[38.8893331,39.5701803],[38.8898955,39.5710924],[38.8904586,39.5716661],[38.8911283,39.5721045],[38.8918349,39.5723641],[38.8926943,39.5724671],[38.8935688,39.5724204],[38.8941423,39.5722963],[38.896259,39.5716791],[38.8967598,39.5715641],[38.8988145,39.5714608],[38.8995795,39.5714845],[38.9002667,39.5715768],[38.902116,39.5720215],[38.9026676,39.5720561],[38.9033301,39.5720278],[38.9047448,39.5718761],[38.9051528,39.571885],[38.9058782,39.5720096],[38.9063002,39.572138],[38.9067886,39.5723464],[38.9074059,39.5727523],[38.9080647,39.5732605],[38.9084721,39.5735244],[38.9091332,39.5738145],[38.9230043,39.5794397],[38.9235694,39.5795645],[38.924011,39.5796067],[38.9249611,39.5795826],[38.9291384,39.5786964],[38.9296901,39.5786175],[38.9301791,39.5785915],[38.9316499,39.5786217],[38.9321437,39.5785917],[38.9326791,39.5785141],[38.9333493,39.5783027],[38.9339685,39.577977],[38.9349636,39.5771949],[38.9357617,39.5767068],[38.9366321,39.5763393],[38.9373066,39.576141],[38.9378727,39.5760499],[38.9384701,39.5760263],[38.9390184,39.5760594],[38.941893,39.5764551],[38.942513,39.5766517],[38.9430419,39.5769193],[38.9434574,39.5772305],[38.9438361,39.5776275],[38.9441186,39.5780376],[38.9443186,39.5785752],[38.9444489,39.5800132],[38.9445363,39.580533],[38.9448673,39.581124],[38.9453391,39.5816224],[38.9459403,39.5820491],[38.9465489,39.5822965],[38.9471887,39.5824512],[38.9478273,39.5824947],[38.9504415,39.5824479],[38.9510327,39.5825283],[38.951735,39.5826716],[38.9527513,39.5829419],[38.9533891,39.5830515],[38.9539196,39.5830538],[38.9545399,39.5829803],[38.9550752,39.5828521],[38.9554742,39.5826862],[38.9576664,39.5813576],[38.958274,39.5810318],[38.9588292,39.5808804],[38.959432,39.5808121],[38.9601384,39.5808119],[38.9608095,39.5808902],[38.9637758,39.5816543],[38.9653528,39.5822205],[38.966137,39.5824566],[38.9666203,39.5825388],[38.9688792,39.582801],[38.9695538,39.5828357],[38.9701226,39.5827902],[38.970721,39.5826633],[38.971248,39.5824512],[38.9716814,39.5821995],[38.9732193,39.5810282],[38.973868,39.5807319],[38.9745961,39.5805228],[38.9755079,39.5803485],[38.9761821,39.5802698],[38.9769155,39.5802498],[38.9793093,39.58039],[38.9800088,39.5804779],[38.9806184,39.58063],[38.9814809,39.580955],[38.9833434,39.5815623],[38.9839718,39.5818279],[38.9860242,39.5829045],[38.9878789,39.583525],[38.9888932,39.5838403],[38.9894387,39.5839586],[38.9912031,39.5840571],[38.9917657,39.5841688],[38.9923282,39.5843527],[38.9947404,39.5855548],[38.9952774,39.5858767],[38.9957292,39.5862052],[38.9970418,39.587289],[38.9976044,39.58767],[38.9981755,39.5879196],[38.9985502,39.5880288],[38.9990534,39.5881167],[39.0001103,39.5881167],[39.0010394,39.5880313],[39.0015679,39.5880313],[39.0021219,39.5881035],[39.0043636,39.5886619],[39.0050285,39.5888589],[39.0055143,39.5890626],[39.0062218,39.5894304],[39.0089238,39.5916309],[39.0098188,39.5922154],[39.0109098,39.5928591],[39.0123844,39.5936736],[39.0130915,39.5939818],[39.0136885,39.5941399],[39.0160695,39.5945412],[39.0166343,39.5946741],[39.0171,39.5948269],[39.0204026,39.5961525],[39.0211485,39.5965878],[39.0214288,39.596827],[39.0218255,39.5973153],[39.0219764,39.5975712],[39.0220928,39.5979001],[39.0223041,39.5990462],[39.0223946,39.5994083],[39.0225067,39.5996807],[39.0226404,39.5999199],[39.023037,39.6004083],[39.0232828,39.6006342],[39.0238002,39.6009764],[39.0241278,39.6011292],[39.024822,39.6013318],[39.0255765,39.6014248],[39.0262707,39.6014016],[39.0282497,39.6010096],[39.0286895,39.6009863],[39.0291379,39.6010029],[39.0294742,39.6010528],[39.0301468,39.6012122],[39.0305176,39.601365],[39.0318995,39.6020564],[39.0326607,39.6025169],[39.0329709,39.6027669],[39.0332382,39.603036],[39.033479,39.6033375],[39.0336656,39.6036542],[39.0338429,39.6041262],[39.0339027,39.604393],[39.033917,39.6046713],[39.0338508,39.6061631],[39.0338631,39.6065845],[39.0338246,39.6075338],[39.0338504,39.6078195],[39.0339712,39.6081251],[39.0343078,39.6086381],[39.0345462,39.6088949],[39.0348795,39.6091687],[39.0352085,39.6093932],[39.0355087,39.609548],[39.0363387,39.6098082],[39.0379193,39.610082],[39.0387228,39.6101585],[39.0391268,39.6101568],[39.0395595,39.6101262],[39.0404226,39.6099748],[39.0439757,39.6088286],[39.0445275,39.6086691],[39.0453305,39.6085267],[39.0500705,39.6081818],[39.0505396,39.6081818],[39.0572786,39.6085863],[39.057783,39.6085631],[39.0582961,39.6084834],[39.0587575,39.6083671],[39.0591628,39.6082077],[39.0603384,39.6075922],[39.0621387,39.6069173],[39.0630197,39.6068258],[39.0641773,39.6068009],[39.065929,39.6069777],[39.0666614,39.6070833],[39.0672003,39.6071166],[39.0677177,39.6070875],[39.0686285,39.6068799],[39.0691621,39.6066349],[39.0696094,39.6063442],[39.0699804,39.6059946],[39.0710215,39.6046127],[39.0713718,39.6042598],[39.0717005,39.6040148],[39.0721532,39.6037532],[39.0726167,39.6035663],[39.0735437,39.6033753],[39.0771816,39.6032632],[39.0777367,39.6032839],[39.0783404,39.6033338],[39.0799141,39.6036286],[39.0805716,39.6038155],[39.0814501,39.6041601],[39.0822693,39.6045463],[39.0841657,39.6055675],[39.0851276,39.6059372],[39.0863857,39.6061484],[39.0876622,39.6061539],[39.0888236,39.6059991],[39.0899017,39.6056274],[39.0909981,39.6049824],[39.0916364,39.6044852],[39.0922851,39.6040692],[39.0927566,39.6038616],[39.0932754,39.6036799],[39.0942252,39.603608],[39.0946163,39.6036231],[39.0954379,39.6037941],[39.0959903,39.6039809],[39.0996888,39.6054151],[39.1001924,39.6056596],[39.1028622,39.6072859],[39.1034002,39.6075676],[39.1039107,39.607751],[39.1043039,39.6078413],[39.1051111,39.6079131],[39.105525,39.6078865],[39.1063666,39.6077244],[39.1089846,39.606781],[39.1112214,39.6054777],[39.1117334,39.6052784],[39.1126873,39.6049877],[39.1165126,39.6041311],[39.1178302,39.6038722],[39.1183325,39.6038111],[39.1191086,39.6038145],[39.119889,39.6039507],[39.1202986,39.6040802],[39.1218335,39.6048443],[39.122338,39.6051698],[39.122795,39.6055219],[39.1231373,39.6058958],[39.1239342,39.6066664],[39.1244248,39.6069935],[39.1248947,39.6072127],[39.1253863,39.6073855],[39.1258864,39.6074785],[39.1265504,39.6075117],[39.1270893,39.6074685],[39.1276412,39.6073622],[39.1281241,39.6072028],[39.1296892,39.6065251],[39.13363,39.6052628],[39.1345182,39.6050967],[39.134958,39.6050868],[39.1355012,39.6051266],[39.1358763,39.6051931],[39.136674,39.6054654],[39.1390294,39.6068565],[39.1399194,39.6072431],[39.1480657,39.6096724],[39.1486213,39.6097494],[39.1491258,39.6097671],[39.1508396,39.6096835],[39.1515842,39.6097417],[39.1524731,39.609964],[39.154323,39.6109142],[39.1549467,39.6111446],[39.1580693,39.6121427],[39.1641049,39.6140068],[39.1651377,39.6144556],[39.1657377,39.614893],[39.1660671,39.6151931],[39.1663639,39.6156148],[39.1668836,39.616923],[39.1671158,39.6173054],[39.1675519,39.6177878],[39.1711991,39.6206453],[39.1719174,39.6211026],[39.1725898,39.6214639],[39.1731966,39.6216812],[39.1738035,39.6218277],[39.17545,39.6220071],[39.177241,39.621949],[39.1783299,39.6219533],[39.1793107,39.6219768],[39.1806286,39.6221233],[39.1813093,39.6221426],[39.1819448,39.6220629],[39.1824673,39.621911],[39.1830535,39.6216699],[39.1836371,39.6212883],[39.1865891,39.6186771],[39.1871376,39.618278],[39.1875856,39.6180715],[39.1880207,39.6179253],[39.1883647,39.6178387],[39.1892875,39.6177036],[39.1962526,39.6169273],[39.1970666,39.6168744],[39.1977724,39.6168692],[39.1987497,39.6169894],[39.1993469,39.6171253],[39.2002292,39.6174495],[39.200806,39.6177004],[39.2031119,39.6188375],[39.2099818,39.6234055],[39.2104569,39.6236088],[39.2109848,39.6237604],[39.2114503,39.623838],[39.2120116,39.6238727],[39.2154453,39.6239216],[39.2160222,39.6239477],[39.2165516,39.6240183],[39.2170266,39.624162],[39.2175356,39.6243711],[39.2181023,39.624622],[39.2184518,39.6248468],[39.2197515,39.6261406],[39.2203996,39.6265692],[39.2213056,39.6268645],[39.2225485,39.6271402],[39.2246675,39.627875],[39.2253025,39.6281343],[39.2284264,39.6295671],[39.229058,39.6298215],[39.2371856,39.6321454],[39.2380708,39.6323506],[39.2397282,39.6325537],[39.2447695,39.6329082],[39.2456477,39.6330509],[39.2462428,39.6332393],[39.2466938,39.63345],[39.2480724,39.634322],[39.2486003,39.6345449],[39.2492961,39.634763],[39.2498144,39.6348295],[39.2504575,39.6348184],[39.2510491,39.6347545],[39.2515883,39.6346164],[39.2521972,39.6343919],[39.2545143,39.6331061],[39.2551293,39.632815],[39.2565521,39.6323133],[39.2612256,39.6305551],[39.2621033,39.6302709],[39.265622,39.6295265],[39.2663898,39.6293824],[39.2668505,39.6293306],[39.2674681,39.6292906],[39.2682133,39.6293049],[39.2688047,39.6293726],[39.2697477,39.6295597],[39.2791356,39.6319252],[39.2798375,39.6320917],[39.2804467,39.6321851],[39.2810504,39.6321761],[39.2817391,39.6320763],[39.282423,39.6318639],[39.2844293,39.6310533],[39.2871839,39.6300016],[39.2877166,39.6298205],[39.2883644,39.629669],[39.2890747,39.6295803],[39.2896937,39.6295433],[39.2903128,39.6295655],[39.2910374,39.629669],[39.2935879,39.6303457],[39.2943026,39.6304383],[39.2949424,39.6304826],[39.2957246,39.6304576],[39.302094,39.6296172],[39.3025595,39.6296135],[39.3029578,39.6296505],[39.3034233,39.6297466],[39.3037928,39.6298538],[39.3042823,39.6300829],[39.3047334,39.6303527],[39.3052436,39.6308431],[39.3055697,39.6312351],[39.305776,39.6316429],[39.3057996,39.6323211],[39.3056268,39.6330603],[39.3053101,39.6339473],[39.3052586,39.6344317],[39.3052661,39.6348543],[39.3053093,39.6351795],[39.3054293,39.6355713],[39.3057028,39.6360406],[39.3060915,39.6364656],[39.3065017,39.6367553],[39.307173,39.6371043],[39.310421,39.6382223],[39.3132772,39.6395175],[39.3142897,39.639935],[39.3152549,39.6402483],[39.3188244,39.6412013],[39.3195349,39.6413689],[39.320034,39.641428],[39.3204131,39.6414317],[39.3214017,39.6413282],[39.3219344,39.6411952],[39.325332,39.6397392],[39.3258913,39.6395388],[39.3268051,39.6393867],[39.3273667,39.639369],[39.327909,39.639417],[39.328552,39.6395285],[39.3399725,39.6418315],[39.3405583,39.6420567],[39.3411098,39.6423558],[39.3415378,39.6427362],[39.3426176,39.643915],[39.3430159,39.6441884],[39.3434334,39.6444027],[39.344182,39.6446396],[39.3490481,39.6452157],[39.3499215,39.6453524],[39.3503965,39.6454817],[39.351087,39.645758],[39.3556376,39.6482061],[39.356328,39.6485191],[39.3571395,39.6487858],[39.3611735,39.6499263],[39.3665751,39.6520047],[39.3670244,39.6522028],[39.3675638,39.6525322],[39.3680362,39.6531683],[39.3682178,39.6535921],[39.3683498,39.6540531],[39.3692553,39.6593218],[39.369382,39.6628383],[39.3694425,39.6635518],[39.3696701,39.664975],[39.3697736,39.6654248],[39.3699656,39.6658496],[39.3701335,39.6661119],[39.3704455,39.666485],[39.370784,39.666795],[39.3712853,39.6670612],[39.3721347,39.6673568],[39.3727521,39.6674708],[39.3764057,39.6675156],[39.3772503,39.667704],[39.3777638,39.6679589],[39.3783457,39.66835],[39.3797361,39.6695251],[39.3801872,39.6699573],[39.3804943,39.6703562],[39.3807193,39.670789],[39.3813825,39.6723777],[39.3816048,39.6727764],[39.3819415,39.673211],[39.3828086,39.6740826],[39.3833768,39.6745091],[39.3853243,39.675728],[39.3866352,39.6767],[39.3872179,39.677273],[39.3884883,39.6793015],[39.3887664,39.6796203],[39.3891397,39.6799515],[39.3896188,39.68025],[39.3914402,39.6809027],[39.3920148,39.6812571],[39.39259,39.6817734],[39.3927778,39.6821051],[39.3930318,39.6827491],[39.3933305,39.6839364],[39.393616,39.684501],[39.3958767,39.6881897],[39.3960497,39.6885447],[39.3966468,39.6908758],[39.3968015,39.6912285],[39.3971658,39.6917326],[39.3977517,39.6922379],[39.3981896,39.6924533],[39.4054442,39.6957695],[39.4060625,39.6961517],[39.406501,39.6964909],[39.4067825,39.6967368],[39.4076874,39.6976499],[39.4081655,39.6980243],[39.4086692,39.6983199],[39.4111109,39.6994563],[39.4117255,39.6997978],[39.4122634,39.7001854],[39.4126988,39.7006386],[39.413083,39.7012101],[39.4138428,39.702885],[39.4141587,39.7033316],[39.414577,39.7037848],[39.4149356,39.7041198],[39.4154905,39.7045369],[39.4162334,39.7049113],[39.4169762,39.7051807],[39.4181044,39.7054113],[39.4206729,39.7057834],[39.4213823,39.7060018],[39.4220313,39.7062449],[39.4311678,39.710206],[39.4320815,39.7105673],[39.4428707,39.7137081],[39.4458749,39.7146252],[39.4465424,39.7148558],[39.4612476,39.7214364],[39.4664266,39.7237052],[39.4849204,39.731959],[39.4854537,39.7321641],[39.4859056,39.7323209],[39.4863724,39.7324388],[39.5007258,39.7351748],[39.5015636,39.7352297],[39.5021707,39.7351705],[39.5028571,39.7349748],[39.5034018,39.7347199],[39.5265588,39.7213458],[39.5529551,39.7060476],[39.5539047,39.705614],[39.5548478,39.7052355],[39.5582594,39.7040367],[39.5762962,39.6975464],[39.5777372,39.6969241],[39.5793007,39.6961397],[39.6092055,39.6789043],[39.6107044,39.6781221],[39.6117395,39.6776239],[39.613547,39.6769744],[39.615076,39.6764888],[39.6167911,39.67606],[39.6770999,39.663896],[39.7313657,39.6528993],[39.7338079,39.6523621],[39.7351477,39.6520023],[39.7556889,39.645366],[39.7566053,39.6450462],[39.7585545,39.6442083],[39.7600789,39.6434124],[39.7676375,39.638966],[39.768306,39.63841],[39.7698371,39.6367918],[39.7705484,39.6362542],[39.7713561,39.6358281],[39.7736063,39.635012],[39.774139,39.6347339],[39.7749545,39.6342088],[39.7760117,39.6333446],[39.7766284,39.6328838],[39.7774316,39.6324252],[39.7794168,39.6314424],[39.7800938,39.6309477],[39.7807558,39.6303029],[39.7836986,39.6263239],[39.7845845,39.6254091],[39.7856627,39.6246167],[39.7868405,39.6239839],[39.788065,39.6234658],[39.7890697,39.6231594],[39.7902171,39.6229238],[39.8014854,39.6218165],[39.8026158,39.6215927],[39.8035794,39.6213186],[39.8094014,39.6193368],[39.8100048,39.6190854],[39.8106478,39.6187272],[39.8111819,39.6183082],[39.8143571,39.6154813],[39.814943,39.6151201],[39.8157103,39.6147432],[39.8163323,39.6145583],[39.8169838,39.6144275],[39.8227514,39.6136383],[39.8234587,39.613512],[39.8242564,39.6132558],[39.8249952,39.6127761],[39.8287058,39.6093024],[39.8303641,39.6079051],[39.8328765,39.6058468],[39.8334118,39.6054511],[39.8341207,39.6050749],[39.8349092,39.6047683],[39.8357736,39.6045538],[39.8366489,39.604459],[39.8375025,39.6044618],[39.8418436,39.6047144],[39.8422863,39.6046899],[39.8448788,39.6043399],[39.845417,39.6042195],[39.8459378,39.6040233],[39.8463834,39.6037781],[39.8466843,39.6035552],[39.8470634,39.6032052],[39.8482902,39.6013793],[39.848594,39.6010583],[39.8489296,39.6008041],[39.8497729,39.6004161],[39.8501964,39.6002869],[39.8514979,39.600044],[39.8520227,39.5999012],[39.8527264,39.5995968],[39.8537751,39.5989345],[39.8544561,39.5985925],[39.8564931,39.5980619],[39.8568114,39.5979348],[39.85723,39.5977124],[39.8578386,39.597237],[39.8581974,39.5968044],[39.8587529,39.5958836],[39.8590017,39.595596],[39.8596528,39.5950609],[39.8602922,39.594644],[39.8606655,39.5944545],[39.8628442,39.5936094],[39.8633969,39.5934533],[39.8639698,39.5933508],[39.8645051,39.5933062],[39.8659605,39.5932928],[39.8663627,39.5932549],[39.8667504,39.5931769],[39.8682087,39.5927778],[39.8686948,39.592615],[39.8691491,39.5924344],[39.8696323,39.5921802],[39.8700634,39.5919126],[39.8704627,39.5916005],[39.8708273,39.5912749],[39.8714146,39.5906551],[39.8718226,39.5900753],[39.8723306,39.5888712],[39.8726067,39.5884231],[39.8728643,39.5881399],[39.8731449,39.5879124],[39.8734806,39.5877006],[39.8742068,39.5873706],[39.8745888,39.587268],[39.8755118,39.5871811],[39.8762872,39.5872524],[39.8767125,39.5873505],[39.8784573,39.5878032],[39.8796176,39.5881733],[39.88015,39.5883696],[39.8818739,39.5891494],[39.8823748,39.5893333],[39.8830237,39.5894714],[39.8834688,39.5895134],[39.8840371,39.5895213],[39.8847102,39.5894012],[39.885287,39.5892466],[39.8860336,39.5891392],[39.8912492,39.589043],[39.8917816,39.5890006],[39.8922591,39.5889315],[39.8928406,39.5888021],[39.8941167,39.5885123],[39.8946114,39.5883606],[39.8996489,39.5861709],[39.9002681,39.5859502],[39.9007137,39.5858587],[39.9012056,39.5858074],[39.9020563,39.585852],[39.9033439,39.5861063],[39.903775,39.586162],[39.9046782,39.5861435],[39.9052712,39.5860541],[39.9088288,39.5854362],[39.9093614,39.5852905],[39.9097712,39.5851345],[39.9126177,39.5839802],[39.9135846,39.5837397],[39.9140402,39.5836755],[39.9149938,39.5836241],[39.9200434,39.5837603],[39.9212355,39.5836644],[39.9217245,39.5835752],[39.922254,39.5834458],[39.9228327,39.5832541],[39.9234634,39.5829954],[39.926027,39.5817956],[39.9269095,39.58145],[39.9278297,39.5811556],[39.9316924,39.5802168],[39.932818,39.580074],[39.933307,39.5799804],[39.9346727,39.5796035],[39.935072,39.5795344],[39.9369093,39.5794541],[39.9375835,39.5793158],[39.9390506,39.5788958],[39.9480292,39.5766482],[39.9486528,39.5764311],[39.9520132,39.5750321],[39.9525941,39.5749164],[39.9531525,39.5748606],[39.9547295,39.5747402],[39.95648,39.5747224],[39.9569806,39.5746376],[39.9574898,39.574477],[39.9587687,39.5738771],[39.9592462,39.5737009],[39.9614162,39.5731634],[39.9619081,39.5730742],[39.9625418,39.5730318],[39.9672031,39.5728935],[39.9676024,39.572869],[39.9685885,39.5727182],[39.9711064,39.5719278],[39.971633,39.5717226],[39.9729622,39.5710783],[39.9754532,39.5697959],[39.9766375,39.5692513],[39.9815487,39.5671693],[39.9827962,39.5666698],[39.9834009,39.5664473],[39.986844,39.5653904],[39.9873446,39.5652569],[39.9879856,39.5651596],[39.9885377,39.5651271],[39.9894158,39.5651655],[39.9915828,39.5653706],[39.9921721,39.5655192],[39.9931333,39.5658269],[39.9955438,39.5671977],[39.9960818,39.5673852],[39.9965497,39.5674718],[39.9971158,39.5675439],[39.997593,39.5675475],[39.9982188,39.5674471],[39.9990958,39.56725],[39.9998373,39.5671821],[40.0016174,39.56728],[40.0025571,39.5673888],[40.0038063,39.5676052],[40.0043771,39.5677495],[40.0060865,39.5682982],[40.0072761,39.5685049],[40.0091663,39.5687796],[40.0097778,39.5688169],[40.0117554,39.5685839],[40.013227,39.5685336],[40.0137276,39.5684585],[40.014532,39.5681995],[40.0154757,39.5677724],[40.0161606,39.5675069],[40.0169588,39.5672577],[40.0188116,39.5667516],[40.0267899,39.5637491],[40.0279912,39.5631827],[40.0291137,39.5624618],[40.03004,39.5619313],[40.0330929,39.5606441],[40.0339953,39.5601994],[40.034585,39.5598164],[40.0354958,39.5591123],[40.0360482,39.5587502],[40.0366618,39.5584519],[40.0395553,39.5573222],[40.040637,39.5569803],[40.0417229,39.556754],[40.0445681,39.5563269],[40.0451897,39.5561343],[40.0457809,39.5558194],[40.0461165,39.555584],[40.0471856,39.5547123],[40.0478966,39.554243],[40.0485443,39.5540213],[40.0493525,39.5538849],[40.0499662,39.5538791],[40.0503176,39.5539136],[40.0506866,39.5539822],[40.0513018,39.5541691],[40.0530556,39.5550547],[40.0535572,39.5552014],[40.0542343,39.5552252],[40.0550011,39.5551472],[40.0554186,39.5550577],[40.0562237,39.5547446],[40.0576925,39.5539573],[40.058628,39.5535872],[40.0623263,39.5524295],[40.063171,39.5522258],[40.06392,39.5521242],[40.0646305,39.5520955],[40.0652506,39.5521217],[40.0739327,39.5533756],[40.0747717,39.5535256],[40.0757868,39.5538644],[40.0773746,39.5547332],[40.0782427,39.5550723],[40.0791462,39.5553514],[40.0802666,39.5555397],[40.0812851,39.5557853],[40.0822032,39.5561147],[40.0831641,39.5563573],[40.0840718,39.5565456],[40.0849654,39.5566149],[40.0901015,39.556605],[40.09732,39.5567762],[40.1004063,39.5568931],[40.1011684,39.5569871],[40.1019427,39.5572502],[40.1027069,39.5577223],[40.1033353,39.5584326],[40.103879,39.5595297],[40.1042455,39.5601033],[40.1048518,39.5606251],[40.1058371,39.5611298],[40.1066414,39.5614063],[40.1074453,39.5615107],[40.1111372,39.5618337],[40.1117624,39.561937],[40.1130724,39.5622357],[40.1142361,39.5624015],[40.1182541,39.5625999],[40.1189745,39.5627574],[40.1195382,39.5629786],[40.1200897,39.5633066],[40.1212962,39.5641584],[40.1217086,39.5643664],[40.122405,39.5645913],[40.1235925,39.5646929],[40.1323816,39.5651368],[40.1329503,39.5651793],[40.1334137,39.5652531],[40.1339857,39.5654041],[40.1360285,39.5661299],[40.1386132,39.56714],[40.1392453,39.5674507],[40.1397911,39.5678547],[40.1401279,39.568174],[40.1404587,39.5687764],[40.1409962,39.5701548],[40.1413055,39.5706269],[40.1418315,39.5711432],[40.1484518,39.5754104],[40.1490143,39.5758974],[40.1495269,39.5764838],[40.1500409,39.5769512],[40.1505639,39.577231],[40.1512054,39.5774529],[40.154305,39.5782858],[40.1549006,39.5783512],[40.1553773,39.5783472],[40.1574404,39.5780606],[40.1583005,39.5781084],[40.1589293,39.578223],[40.1684398,39.580074],[40.1692075,39.5803257],[40.1697811,39.5805977],[40.1703194,39.5810262],[40.1707871,39.5816247],[40.1725867,39.5856949],[40.1729757,39.5863489],[40.1735235,39.5870018],[40.1785783,39.5926406],[40.1793262,39.5937537],[40.1797025,39.594545],[40.1801311,39.5950269],[40.1808455,39.5955892],[40.1813676,39.5961262],[40.1818155,39.5966855],[40.1822384,39.5974665],[40.1826336,39.5983496],[40.1827507,39.5989103],[40.1827939,39.5994636],[40.182739,39.6001044],[40.1825384,39.6008641],[40.1820471,39.6038351],[40.1820439,39.6044781],[40.1821967,39.6050147],[40.1827157,39.6057728],[40.1830346,39.6060653],[40.1840627,39.6068037],[40.1845851,39.6072509],[40.1852167,39.60815],[40.1859044,39.6095247],[40.1863787,39.6108154],[40.1868355,39.611753],[40.1885842,39.6143079],[40.1889747,39.615399],[40.1890762,39.6159836],[40.1890978,39.6164603],[40.1889895,39.6168169],[40.1887636,39.6172827],[40.1883493,39.6178061],[40.1877917,39.6182663],[40.1867063,39.6188713],[40.1862474,39.6192859],[40.1859121,39.6197209],[40.1856562,39.6202987],[40.185515,39.6208969],[40.1853146,39.6214469],[40.1851003,39.6218145],[40.1847561,39.6221883],[40.1844119,39.6225146],[40.1840148,39.6227525],[40.1826118,39.6232691],[40.182047,39.6235138],[40.1815705,39.6238196],[40.181244,39.6241459],[40.1807939,39.624744],[40.1755081,39.6336746],[40.1752434,39.6342794],[40.1749875,39.6351221],[40.1748992,39.6360123],[40.1749522,39.6366647],[40.1750757,39.6375618],[40.1763023,39.6445745],[40.176417,39.6455054],[40.1764347,39.6461305],[40.1763553,39.647605],[40.176417,39.6480398],[40.1765759,39.6484135],[40.1774671,39.6499831],[40.1776348,39.6504451],[40.1776789,39.6509343],[40.1775907,39.6519874],[40.1776172,39.652463],[40.177723,39.6529046],[40.177926,39.6533598],[40.1782525,39.653781],[40.1786673,39.6541275],[40.1804498,39.6553504],[40.1899096,39.6624565],[40.1915597,39.6637336],[40.1927245,39.6647593],[40.1938625,39.6658389],[40.1954109,39.6674738],[40.2191183,39.6913758],[40.2201773,39.6923604],[40.2234511,39.6950086],[40.2279301,39.6987527],[40.2331681,39.7030542],[40.2338576,39.703739],[40.2344262,39.7043839],[40.2350275,39.7051973],[40.2353901,39.7058646],[40.2366348,39.7091642],[40.2369878,39.7098159],[40.2385144,39.7123344],[40.2409587,39.7161968],[40.24185,39.7176902],[40.2437384,39.7214776],[40.2440509,39.7220395],[40.2443926,39.7223681],[40.2450081,39.7227766],[40.246503,39.7235378],[40.2469217,39.7238901],[40.2505824,39.7280552],[40.2512711,39.7287549],[40.2529006,39.7300696],[40.253304,39.7305098],[40.2541926,39.7316268],[40.254953,39.732389],[40.2553545,39.7326519],[40.2602929,39.7351289],[40.2608739,39.7354575],[40.2613695,39.7358188],[40.2617796,39.7361671],[40.262127,39.7365348],[40.2625114,39.7370144],[40.2628447,39.7377503],[40.263007,39.7382759],[40.2630412,39.7388146],[40.2630241,39.7393994],[40.2629045,39.7400235],[40.2624773,39.740917],[40.2621782,39.741344],[40.2612298,39.7424609],[40.2609308,39.7427697],[40.260384,39.7436894],[40.2602644,39.7440836],[40.260102,39.745161],[40.2599483,39.7457719],[40.2596731,39.7462723],[40.2593869,39.7466788],[40.2560407,39.7512321],[40.2546595,39.753011],[40.2541896,39.7534773],[40.2536599,39.753832],[40.2530533,39.754167],[40.2524467,39.7543707],[40.2512847,39.7546728],[40.2506353,39.7548764],[40.249958,39.7551768],[40.2493301,39.7557529],[40.2489828,39.7562072],[40.2483541,39.7576811],[40.2480722,39.7584332],[40.2479953,39.7588207],[40.2479867,39.7592083],[40.2481884,39.7613548],[40.248214,39.7620593],[40.2481308,39.7627203],[40.2469667,39.7679161],[40.2467391,39.7687396],[40.2464742,39.7695146],[40.2456335,39.7709408],[40.2439359,39.7735116],[40.2436539,39.7740437],[40.2434915,39.774556],[40.2434573,39.7750224],[40.2434744,39.7755347],[40.2436283,39.7761324],[40.2438505,39.7765791],[40.244141,39.7769863],[40.2452093,39.7781784],[40.2456541,39.7785991],[40.2462186,39.7790066],[40.2482712,39.7802028],[40.2491606,39.7808798],[40.249537,39.7812742],[40.2497935,39.7816948],[40.2500501,39.7822666],[40.2501613,39.7828319],[40.2501613,39.7834497],[40.2500758,39.7839097],[40.249862,39.7844487],[40.2495027,39.7850336],[40.2374265,39.7967575],[40.2364686,39.7976577],[40.2354081,39.7984857],[40.2236739,39.8066857],[40.2048326,39.8181103],[40.2032076,39.8189051],[40.1962458,39.8214276],[40.1950228,39.8220648],[40.1943471,39.8224852],[40.1937484,39.8229318],[40.1889204,39.8268311],[40.1859097,39.8291584],[40.1813508,39.8328412],[40.1806461,39.8334509],[40.1800644,39.8340882],[40.1704483,39.8469798],[40.1696009,39.8480115],[40.1680859,39.8494046],[40.1670931,39.8501931],[40.1617789,39.853928],[40.1612858,39.8544434],[40.1609517,39.8549167],[40.1564031,39.8640395],[40.1562063,39.864624],[40.1561378,39.8651888],[40.1561977,39.8658062],[40.1566252,39.8680195],[40.1566437,39.8685664],[40.1564544,39.8694709],[40.1561892,39.8700685],[40.1549741,39.8720715],[40.1547174,39.8724327],[40.1544179,39.8727545],[40.1540071,39.8730797],[40.1535278,39.8733358],[40.151046,39.874367],[40.1504041,39.8746888],[40.1498992,39.8750501],[40.1489064,39.8760418],[40.1485898,39.8765016],[40.1483074,39.8770467],[40.1481619,39.8775196],[40.1481105,39.8780581],[40.148179,39.8786163],[40.1483673,39.8792009],[40.1495141,39.8811383],[40.1497537,39.8814798],[40.1501987,39.8819198],[40.1507293,39.8822416],[40.1527918,39.8829968],[40.1533738,39.8832989],[40.1538017,39.8836666],[40.154144,39.8840344],[40.1543888,39.8845137],[40.1546643,39.8854231],[40.1549013,39.8859441],[40.1552216,39.8863668],[40.1555291,39.8866765],[40.1559014,39.8869653],[40.1563865,39.8872018],[40.1593406,39.8882199],[40.1598146,39.8884755],[40.1600837,39.8886721],[40.1603463,39.8889375],[40.1608716,39.8896502],[40.1616788,39.8906431],[40.1620119,39.8909134],[40.1629279,39.8914295],[40.1641194,39.8919407],[40.1646319,39.8922503],[40.1649714,39.8925206],[40.165343,39.892958],[40.1655544,39.8933856],[40.1656889,39.8938771],[40.1657209,39.8943588],[40.1656056,39.8948601],[40.164967,39.8966371],[40.1648957,39.8972103],[40.164979,39.8977063],[40.1651916,39.8982514],[40.1654584,39.898625],[40.1659443,39.899054],[40.1709812,39.9030138],[40.1717082,39.9034976],[40.1727968,39.9040845],[40.1734303,39.9045376],[40.1741409,39.9052928],[40.1744576,39.9057657],[40.1751767,39.9072761],[40.1755705,39.9078277],[40.1759815,39.9082086],[40.1765037,39.9086157],[40.1768801,39.9088414],[40.1781217,39.9093709],[40.1787295,39.9097189],[40.1792603,39.9101523],[40.1797127,39.9106695],[40.180333,39.9116217],[40.1821539,39.9135801],[40.1826587,39.9140394],[40.1831638,39.9143489],[40.1837172,39.9145923],[40.1843154,39.9147943],[40.1850266,39.9148364],[40.1865371,39.9148145],[40.187085,39.9147489],[40.1930605,39.913278],[40.1936427,39.9130679],[40.1955261,39.9121158],[40.1958514,39.9120041],[40.1965962,39.9118991],[40.1972982,39.9118728],[40.1995618,39.9122754],[40.2001639,39.9124684],[40.2005758,39.9126457],[40.200981,39.9128797],[40.2060481,39.9166168],[40.2078254,39.9179864],[40.2091979,39.9189183],[40.2102423,39.9194961],[40.213051,39.9207956],[40.2137352,39.9210062],[40.2144372,39.9211769],[40.2150022,39.9212623],[40.2163377,39.9212229],[40.2169969,39.9211506],[40.2223132,39.9197719],[40.222844,39.9196931],[40.2233834,39.9196799],[40.2240426,39.919785],[40.2247191,39.9199355],[40.2254098,39.9201104],[40.225939,39.9202893],[40.2279292,39.9213082],[40.228537,39.9214658],[40.2290764,39.9215249],[40.2304547,39.9215774],[40.2310454,39.9216299],[40.2315676,39.9217612],[40.2321583,39.9219582],[40.2328261,39.922339],[40.2338277,39.9231925],[40.2343499,39.9235077],[40.2349064,39.9237375],[40.2354628,39.9238885],[40.2360707,39.9239344],[40.2372863,39.923941],[40.2390927,39.9238819],[40.2398546,39.9239147],[40.2405823,39.9240395],[40.241522,39.9243408],[40.2484901,39.9270583],[40.2494951,39.9274735],[40.2519554,39.9286187],[40.2526275,39.9290158],[40.2531241,39.9294885],[40.2534922,39.9299743],[40.2537413,39.9304549],[40.2542138,39.9316955],[40.254469,39.9321028],[40.2548593,39.9325207],[40.2553402,39.9328713],[40.2559194,39.9331633],[40.2564985,39.9333204],[40.2570379,39.9334069],[40.257687,39.9334404],[40.2581625,39.9333936],[40.2585859,39.9333025],[40.2591167,39.9331384],[40.2596646,39.9329021],[40.2608717,39.9321603],[40.2614453,39.9318977],[40.2640906,39.9311034],[40.2648953,39.9309262],[40.2658542,39.9307817],[40.2665305,39.9307686],[40.2676177,39.9308277],[40.2736361,39.9314054],[40.2742781,39.9315104],[40.2748003,39.9316877],[40.2766067,39.9326198],[40.2771546,39.9328233],[40.2778652,39.9330268],[40.2785072,39.9331122],[40.279175,39.9331253],[40.2799809,39.9330916],[40.2805384,39.9329586],[40.2809899,39.9327774],[40.2813751,39.9325017],[40.2826079,39.9312872],[40.2831644,39.9308999],[40.2836438,39.930657],[40.2852447,39.9299874],[40.2858012,39.9297183],[40.2878514,39.928393],[40.2883586,39.9281163],[40.2891057,39.9279063],[40.2899912,39.9278482],[40.2910746,39.9279326],[40.2942936,39.9287401],[40.2978549,39.9293966],[40.2984114,39.9295673],[40.3018358,39.9316811],[40.3025378,39.9322063],[40.3046266,39.93411],[40.3051403,39.9344382],[40.3056454,39.9346745],[40.3061762,39.934832],[40.306707,39.9349042],[40.3073062,39.9349239],[40.3094465,39.9347467],[40.3106878,39.9345826],[40.31121,39.9344382],[40.3124513,39.9339196],[40.3130335,39.9338014],[40.3150111,39.9335126],[40.3156103,39.9334798],[40.3181872,39.9334995],[40.3187779,39.9334076],[40.3205928,39.9327774],[40.3210979,39.9326527],[40.3215773,39.9325804],[40.3223563,39.9326067],[40.3242654,39.9328036],[40.3249332,39.932843],[40.3256181,39.9328299],[40.3262516,39.9327314],[40.3268166,39.9326133],[40.3272618,39.9324557],[40.3276813,39.9322588],[40.3281949,39.9319634],[40.3291452,39.93132],[40.3298829,39.9309329],[40.3306945,39.9306543],[40.3317726,39.9304313],[40.3326589,39.930318],[40.3364,39.9303756],[40.3372237,39.9304871],[40.3379141,39.9306821],[40.338435,39.9309329],[40.3389218,39.9312807],[40.339168,39.9315599],[40.3398745,39.9325334],[40.3403179,39.9329457],[40.3406935,39.9332428],[40.3412475,39.9335164],[40.3415974,39.9336409],[40.3421686,39.933777],[40.3428451,39.933827],[40.3434417,39.9337834],[40.3445872,39.9335459],[40.3495345,39.9327651],[40.3504044,39.9324885],[40.3538518,39.9307289],[40.3545199,39.9304695],[40.3550852,39.9303513],[40.3556848,39.9303184],[40.3560523,39.9303475],[40.3567383,39.9304432],[40.3573122,39.9306074],[40.3577576,39.9308176],[40.3581859,39.9310803],[40.3585628,39.931389],[40.3616806,39.9343315],[40.3621688,39.9346927],[40.3626228,39.9349423],[40.3631538,39.9351722],[40.3637448,39.9353758],[40.3644729,39.9355531],[40.3652095,39.935645],[40.3660489,39.9356647],[40.3668284,39.9356122],[40.3696036,39.9350736],[40.3703231,39.9350145],[40.3711625,39.9350408],[40.3718563,39.9351656],[40.3808498,39.937745],[40.3817665,39.9378911],[40.3824774,39.9379634],[40.3832312,39.937924],[40.3839935,39.9377992],[40.3853211,39.9374577],[40.3859635,39.9373657],[40.3866402,39.9373395],[40.3939551,39.9379502],[40.3945804,39.9380619],[40.3952913,39.9382655],[40.3960536,39.9385479],[40.4004048,39.9402948],[40.4010986,39.9405246],[40.4017839,39.9406954],[40.4024434,39.9408005],[40.4031372,39.9408464],[40.4040023,39.9408399],[40.4048846,39.9407414],[40.407043,39.9402685],[40.4077454,39.9401897],[40.4083792,39.9402028],[40.4095784,39.9403013],[40.4101609,39.9404196],[40.4107262,39.94061],[40.4111801,39.9408333],[40.4126106,39.9415819],[40.4131074,39.9419431],[40.4135014,39.9423963],[40.4138396,39.9430366],[40.413922,39.9432943],[40.4141866,39.9438673],[40.4144179,39.9442284],[40.4153429,39.945312],[40.4157027,39.94566],[40.4160967,39.9459621],[40.4173215,39.9467829],[40.4187797,39.948235],[40.419224,39.9484993],[40.4197594,39.948706],[40.4200174,39.9487907],[40.4205336,39.9488883],[40.4210571,39.9489253],[40.4255872,39.9484245],[40.4265037,39.9482866],[40.4290219,39.9476365],[40.4295358,39.9475446],[40.430084,39.9474921],[40.4307521,39.9475249],[40.4314973,39.9476234],[40.4334588,39.9479583],[40.4342982,39.9481356],[40.4352661,39.9484114],[40.4361109,39.9485419],[40.438174,39.9487824],[40.4403249,39.9491346],[40.441097,39.9492807],[40.4417554,39.9495162],[40.442324,39.9497772],[40.4426923,39.9500727],[40.4431292,39.9505389],[40.4439943,39.9516814],[40.4443078,39.9520442],[40.4446933,39.9523281],[40.445248,39.9526089],[40.448474,39.9537169],[40.4491335,39.9538745],[40.4498273,39.9539401],[40.4505811,39.9538942],[40.4545554,39.9532244],[40.4559944,39.952732],[40.4566197,39.9525744],[40.4573049,39.9525416],[40.4580844,39.9526007],[40.4592065,39.9528436],[40.4597375,39.9529027],[40.4602,39.952883],[40.4607054,39.9528042],[40.4621187,39.9524562],[40.4625984,39.9524168],[40.465108,39.9525547],[40.4658361,39.9525547],[40.4721488,39.9521804],[40.4726199,39.9521279],[40.4730225,39.9520163],[40.4735535,39.951793],[40.4746927,39.9511495],[40.475181,39.9509723],[40.4758148,39.9508278],[40.476637,39.950763],[40.4775524,39.9508763],[40.4781199,39.9510446],[40.4795322,39.9515829],[40.4800376,39.9517339],[40.4836265,39.9523774],[40.4846115,39.9526598],[40.4854595,39.952929],[40.4863417,39.9532967],[40.4871726,39.9537234],[40.4885944,39.9546164],[40.489725,39.9550104],[40.4904874,39.955122],[40.4911726,39.955076],[40.4919264,39.9549316],[40.4982134,39.9530143],[40.4988986,39.9527385],[40.5010828,39.9515107],[40.5016053,39.9513006],[40.502419,39.951097],[40.5082606,39.9501186],[40.5103934,39.949613],[40.5111215,39.9495211],[40.5115997,39.9495162],[40.5139052,39.9497247],[40.5145905,39.9497312],[40.5153014,39.9496393],[40.5160552,39.949462],[40.5179481,39.9489367],[40.5185306,39.948871],[40.5191815,39.9488842],[40.5197725,39.948963],[40.5204235,39.9491665],[40.5235756,39.9505258],[40.5241238,39.9507227],[40.5252202,39.9510511],[40.5274316,39.9516167],[40.5296056,39.952082],[40.5305066,39.9522348],[40.5314412,39.9523146],[40.532543,39.9523311],[40.5338873,39.9522568],[40.535399,39.9520109],[40.540124,39.9509329],[40.5408606,39.9508541],[40.5448864,39.9510437],[40.5464367,39.9509896],[40.5477048,39.9508813],[40.5520223,39.9502025],[40.5529219,39.9499972],[40.5535975,39.9497469],[40.5541746,39.9494653],[40.5546692,39.9491632],[40.5564497,39.9477679],[40.5570835,39.9473542],[40.5586465,39.946683],[40.5595081,39.9464142],[40.5608071,39.9461354],[40.5736176,39.9435679],[40.5744401,39.9434333],[40.5799744,39.9433611],[40.5806426,39.9433873],[40.5841637,39.9440901],[40.5848747,39.9441558],[40.5857314,39.9441427],[40.586571,39.9440245],[40.5874448,39.9438143],[40.5882073,39.9435253],[40.5904604,39.9422576],[40.5911629,39.9419555],[40.591874,39.9417453],[40.5925336,39.9416205],[40.593219,39.9415811],[40.5938787,39.9416402],[40.5948981,39.9418044],[40.6161015,39.9459817],[40.6169325,39.9461065],[40.6175322,39.9461394],[40.6182433,39.9460999],[40.6210874,39.9456465],[40.6221154,39.9454495],[40.6230492,39.9451999],[40.623726,39.9449241],[40.6243342,39.9446154],[40.626236,39.9433675],[40.6269299,39.9430325],[40.6272983,39.9429012],[40.6353082,39.9409701],[40.6360535,39.9406811],[40.6366532,39.9403593],[40.6407321,39.9376203],[40.6420416,39.936773],[40.6434969,39.9357656],[40.6440118,39.9354545],[40.645835,39.9346138],[40.6463256,39.9343119],[40.6467496,39.9339682],[40.6474947,39.9329464],[40.6478399,39.9325562],[40.6482821,39.9322358],[40.6489605,39.9319199],[40.6525403,39.9305915],[40.6537033,39.9302571],[40.6548008,39.9300425],[40.6726303,39.9269314],[40.6734253,39.9267503],[40.6742092,39.9264424],[40.6748715,39.9260849],[40.6817233,39.9221668],[40.6821736,39.9219435],[40.6826887,39.9217542],[40.683156,39.9216265],[40.6840925,39.9214869],[40.685007,39.9214975],[40.6854684,39.9215578],[40.6859689,39.9216716],[40.691417,39.9231911],[40.6920254,39.9233246],[40.6930258,39.9234252],[40.6983379,39.9238011],[40.6992396,39.9239785],[40.6998956,39.9241502],[40.7014515,39.9247193],[40.7044253,39.925972],[40.7051704,39.9263529],[40.7058773,39.9268809],[40.7070417,39.9279013],[40.7077451,39.9283886],[40.721112,39.9347485],[40.7221543,39.9352093],[40.7230537,39.9355574],[40.7240473,39.9358529],[40.7477776,39.9419413],[40.748875,39.9421034],[40.7495961,39.9421227],[40.7503947,39.9420704],[40.7509857,39.9419618],[40.7522639,39.9415564],[40.756178,39.9398527],[40.7572469,39.9394531],[40.7579121,39.9393053],[40.7594329,39.9391446],[40.7606043,39.9392376],[40.7640803,39.9393096],[40.7652265,39.9392454],[40.7664413,39.9389797],[40.7674697,39.9385591],[40.7681394,39.9381431],[40.7688206,39.9376372],[40.77015,39.9362069],[40.7717041,39.9342987],[40.7721314,39.9334614],[40.7724793,39.9326155],[40.7729821,39.9308348],[40.7733079,39.9301153],[40.7739276,39.9294022],[40.774681,39.9288293],[40.7755852,39.9283985],[40.7769867,39.9281115],[40.7851012,39.9270873],[40.786004,39.9269271],[40.7867743,39.9266961],[40.7876482,39.9262675],[40.7883066,39.9256881],[40.788768,39.9251885],[40.7916074,39.9207884],[40.7920338,39.9201793],[40.7925428,39.919635],[40.7944096,39.9185174],[40.7951198,39.9180299],[40.7965828,39.9169025],[40.7970978,39.9163011],[40.7975208,39.9157397],[40.7981924,39.9146116],[40.7987846,39.9139271],[40.7993965,39.913512],[40.8008362,39.9126969],[40.8015585,39.9121444],[40.8024528,39.9112635],[40.8032666,39.9106099],[40.8044603,39.9099346],[40.8055174,39.9094372],[40.806211,39.9092073],[40.8072557,39.9089906],[40.8077654,39.9089208],[40.8116966,39.9085232],[40.812718,39.9084972],[40.8138702,39.9085338],[40.8469526,39.911342],[40.8479973,39.911342],[40.8486652,39.9112697],[40.8493588,39.911084],[40.8500609,39.91081],[40.8512594,39.9102049],[40.8517146,39.910036],[40.8521698,39.9099378],[40.8527179,39.9098787],[40.8533517,39.9098787],[40.8552444,39.9101612],[40.8558427,39.9101807],[40.856332,39.9101678],[40.8572484,39.9099838],[40.8608796,39.9089656],[40.8615047,39.9086897],[40.8630913,39.9078427],[40.8641425,39.9074678],[40.8651017,39.907251],[40.8658725,39.9071984],[40.8698976,39.907159],[40.8707797,39.9072379],[40.8716447,39.9074218],[40.8733809,39.9079323],[40.8744016,39.9083275],[40.8854758,39.913623],[40.8861438,39.9139121],[40.8867861,39.9140894],[40.8876511,39.9141551],[40.8884218,39.9141485],[40.8904687,39.9140172],[40.8911452,39.9140106],[40.8918218,39.914096],[40.8924127,39.9142536],[40.8929094,39.9144376],[40.893389,39.91472],[40.8936802,39.9149828],[40.8940228,39.9153637],[40.8945966,39.9160863],[40.8952389,39.9166709],[40.8957185,39.9170059],[40.8972943,39.9177153],[40.8980736,39.9181619],[40.8985532,39.9185363],[40.8990071,39.9190027],[40.8998549,39.9200996],[40.9000776,39.9204706],[40.9003431,39.9210815],[40.9006515,39.9220274],[40.9008656,39.9225331],[40.9011825,39.9230126],[40.9016878,39.9235644],[40.902203,39.9240392],[40.9063339,39.9267381],[40.9069871,39.9271076],[40.9083432,39.9277243],[40.9108347,39.9286578],[40.9139265,39.9299253],[40.9145174,39.9301224],[40.9151683,39.9302603],[40.9157165,39.9303128],[40.9180803,39.9302603],[40.9188083,39.9302997],[40.9194849,39.9303982],[40.9199987,39.930569],[40.9207353,39.9308842],[40.9215061,39.9313768],[40.9251631,39.9338592],[40.9261138,39.9343583],[40.9271159,39.9347983],[40.9279466,39.9350938],[40.9306359,39.9358556],[40.9313553,39.9359738],[40.9320576,39.9360132],[40.9329483,39.9359672],[40.9336677,39.9358096],[40.9343272,39.9355995],[40.9359287,39.9348968],[40.9364683,39.9347457],[40.9371792,39.9346538],[40.9378643,39.9346538],[40.9384895,39.9347851],[40.9391404,39.935015],[40.9424892,39.9367027],[40.9434188,39.9371016],[40.9443734,39.9373922],[40.9623332,39.9417131],[40.9627947,39.9417595],[40.9635665,39.941759],[40.9642259,39.9416868],[40.9649197,39.9415358],[40.9656048,39.9412731],[40.9670094,39.9404786],[40.9676646,39.9402389],[40.9683026,39.9401305],[40.9690392,39.9400714],[40.9695788,39.9401174],[40.9707607,39.9404983],[40.9712317,39.940774],[40.9726134,39.9419198],[40.9732075,39.9423099],[40.9738705,39.9426726],[40.9860997,39.9479443],[40.9868877,39.9482397],[40.9879925,39.9485615],[41.0047133,39.9515732],[41.007095,39.9519017],[41.0081918,39.9520199],[41.0352588,39.9534944],[41.0359871,39.9534813],[41.0367925,39.9534156],[41.0376151,39.9533039],[41.0384119,39.9531397],[41.0523943,39.9494853],[41.0535423,39.9492482],[41.0546647,39.9490775],[41.0556242,39.9489987],[41.0580602,39.9490442],[41.0591884,39.9490184],[41.0601736,39.9489527],[41.0705663,39.9476489],[41.0711832,39.9476094],[41.07198,39.9476292],[41.0726058,39.9477424],[41.0739624,39.9481232],[41.0747533,39.9483045],[41.0755786,39.9483583],[41.0762383,39.9483385],[41.0777891,39.9481087],[41.0786459,39.9480298],[41.0795374,39.9480553],[41.0802396,39.9481481],[41.080865,39.9482729],[41.0888456,39.9512299],[41.0943991,39.9536613],[41.094858,39.953837],[41.0953562,39.9539618],[41.0959228,39.9540479],[41.0965188,39.9540726],[41.0971014,39.95402],[41.0977456,39.953835],[41.0982826,39.9536138],[41.1067613,39.9493568],[41.1069764,39.9492215],[41.107716,39.9489279],[41.108567,39.9486874],[41.1135763,39.9476846],[41.115162,39.9473032],[41.2043908,39.922844],[41.2191807,39.9188268],[41.232854,39.9150389],[41.2394303,39.9132718],[41.2493641,39.9105044],[41.2503962,39.9102862],[41.2511248,39.9101979],[41.2520093,39.9101544],[41.2527764,39.9101785],[41.2534997,39.9102444],[41.2540657,39.9103359],[41.2551438,39.9106021],[41.2557385,39.9108068],[41.2567051,39.91126],[41.2584003,39.9122254],[41.2591724,39.9125385],[41.2596715,39.9126643],[41.2603536,39.9127733],[41.2606976,39.9127969],[41.2626879,39.9127319],[41.2632854,39.9127554],[41.2639522,39.9128607],[41.2646265,39.913064],[41.2650024,39.9132449],[41.2658466,39.9137965],[41.2660904,39.9139167],[41.2698762,39.9164997],[41.2704046,39.9169283],[41.2772727,39.9216356],[41.2775381,39.9217917],[41.2784439,39.9221482],[41.2836526,39.9231002],[41.2843418,39.9233194],[41.2851622,39.9237563],[41.2881351,39.9257501],[41.2885863,39.9260202],[41.2896304,39.9264545],[41.2909584,39.9269136],[41.2915643,39.9272442],[41.2920402,39.9276013],[41.2925655,39.9281276],[41.2928781,39.9285654],[41.2930327,39.9288563],[41.2931306,39.9290908],[41.2932894,39.9296893],[41.2932925,39.9303015],[41.29314,39.9317986],[41.2931809,39.9324163],[41.2932944,39.9329423],[41.2934682,39.9334194],[41.2937259,39.9339685],[41.2939994,39.9344181],[41.2944445,39.9349631],[41.2952964,39.9358872],[41.2963131,39.9367109],[41.2974154,39.9373628],[41.2984907,39.9378331],[41.3002674,39.9384394],[41.3006188,39.9385982],[41.3011421,39.9389002],[41.3016618,39.939319],[41.3018678,39.9395276],[41.3028438,39.9408473],[41.303052,39.9411038],[41.3034556,39.941495],[41.3041474,39.9419632],[41.3054969,39.9426164],[41.3059451,39.9428856],[41.3065449,39.9433721],[41.306745,39.9435921],[41.3070507,39.9440287],[41.3072176,39.9443277],[41.3073785,39.9447267],[41.3079284,39.9465392],[41.3084709,39.9476206],[41.3089554,39.9483062],[41.3094041,39.9488096],[41.3117208,39.9511211],[41.3122754,39.9515121],[41.3127842,39.9518185],[41.3134625,39.9521481],[41.3140924,39.952357],[41.3179795,39.9531084],[41.3186926,39.9531894],[41.319422,39.953199],[41.3200518,39.953156],[41.3205727,39.9530766],[41.322984,39.9523766],[41.3237012,39.9521998],[41.3244655,39.9521078],[41.3254067,39.9521367],[41.3296414,39.9527872],[41.3302042,39.9528365],[41.3308347,39.9528367],[41.331468,39.9527436],[41.3325794,39.9524615],[41.3339879,39.95195],[41.3347676,39.9518449],[41.3354959,39.9518055],[41.3365545,39.951892],[41.3375894,39.9520216],[41.3380087,39.9521029],[41.3386172,39.9522838],[41.3392917,39.9525543],[41.3407507,39.9534655],[41.3413052,39.9537151],[41.3418707,39.9538975],[41.3425133,39.954042],[41.343293,39.9541208],[41.3439613,39.9541142],[41.3447752,39.9540025],[41.3455721,39.9537398],[41.3461118,39.95351],[41.3465916,39.9532144],[41.3475855,39.9524131],[41.3480053,39.952111],[41.3485023,39.9518483],[41.3493248,39.9515199],[41.3500017,39.9513491],[41.3505929,39.95129],[41.3520066,39.9512506],[41.3528805,39.9511915],[41.3537887,39.9509878],[41.354894,39.9506791],[41.3554166,39.9505938],[41.356162,39.9505675],[41.3569331,39.9506167],[41.3595627,39.9511657],[41.3605563,39.9514834],[41.3614813,39.9519824],[41.3621528,39.9526294],[41.3631584,39.9540858],[41.3636361,39.9545796],[41.3641642,39.9550004],[41.3650285,39.9554098],[41.3663962,39.9556909],[41.3682193,39.9557097],[41.3692974,39.9555812],[41.3701377,39.9553182],[41.3829138,39.9505868],[41.3832854,39.9503731],[41.3837029,39.9500254],[41.3841934,39.9494949],[41.3860504,39.9471379],[41.3864282,39.9467153],[41.3868369,39.9463355],[41.3874252,39.9459177],[41.3879021,39.9456756],[41.3885895,39.9454002],[41.3893326,39.9452245],[41.3946831,39.9445124],[41.3953705,39.9444412],[41.3962313,39.9444412],[41.3970612,39.9445124],[41.398052,39.944707],[41.3987642,39.9449539],[41.3995135,39.9453053],[41.4000956,39.9456613],[41.4010183,39.9464162],[41.4014209,39.9469052],[41.4083258,39.9578001],[41.4130818,39.9638711],[41.4137507,39.9644976],[41.4148963,39.9651574],[41.4157695,39.9655418],[41.4171071,39.9659025],[41.4177883,39.9659927],[41.4186508,39.9660421],[41.419479,39.966007],[41.4209404,39.9658313],[41.421696,39.9658029],[41.4222999,39.9658212],[41.4257398,39.9663297],[41.4261981,39.9663629],[41.4273438,39.9662775],[41.427963,39.9661209],[41.428641,39.9658778],[41.4290877,39.9656295],[41.4296394,39.9652536],[41.436021,39.958587],[41.4368954,39.9577155],[41.4375566,39.9571238],[41.4389402,39.9561559],[41.4465152,39.9513225],[41.4473807,39.9509286],[41.4484835,39.9506321],[41.4492802,39.9505451],[41.4721391,39.9499663],[41.4739974,39.9500733],[41.4902523,39.9521996],[41.4923564,39.9522998],[41.4942307,39.9522993],[41.4960509,39.9521797],[41.5011562,39.9514554],[41.5036717,39.951284],[41.50523,39.9512893],[41.5072859,39.9514242],[41.5098195,39.9518009],[41.5699344,39.9638368],[41.5705413,39.9639231],[41.5711482,39.9639497],[41.571729,39.9639032],[41.5818343,39.9617703],[41.5826789,39.9617103],[41.5835218,39.961767],[41.5844504,39.9619837],[41.6093303,39.968938],[41.6123339,39.9697439],[41.6138251,39.9700628],[41.6156208,39.970361],[41.6640144,39.976461],[41.667516,39.9767762],[41.6696649,39.9768761],[41.67579,39.9767841],[41.6805446,39.976675],[41.6808928,39.9767008],[41.6904987,39.9784382],[41.6925512,39.9786846],[41.6957194,39.9789043],[41.6979813,39.9791195],[41.6998819,39.9794485],[41.7188381,39.9837861],[41.7207155,39.9840652],[41.7220683,39.9841449],[41.7302308,39.984065],[41.7327986,39.9840118],[41.7342941,39.9838664],[41.7358435,39.9835598],[41.7371291,39.9832471],[41.7524954,39.9778299],[41.7762947,39.9674446],[41.7771517,39.9670045],[41.7969591,39.9552567],[41.7976314,39.954938],[41.7990291,39.9544294],[41.7995245,39.9543413],[41.800073,39.9542938],[41.8012584,39.9543074],[41.8018157,39.9543684],[41.802488,39.9545244],[41.8082108,39.9564727],[41.8094674,39.9568308],[41.8109801,39.9570578],[41.8252279,39.958627],[41.8268817,39.9589324],[41.8476074,39.9633063],[41.8760247,39.9703864],[41.8770616,39.9705768],[41.8778414,39.9706228],[41.8786554,39.9705834],[41.8793666,39.970452],[41.8816974,39.9698281],[41.8825372,39.9697034],[41.8832998,39.9696705],[41.8839682,39.9697099],[41.8848936,39.9698741],[41.8856049,39.9700646],[41.8880556,39.9710037],[41.8890667,39.9713254],[41.8898637,39.9714765],[41.8910976,39.9716472],[41.8917574,39.9718245],[41.8925029,39.9720806],[41.8931553,39.9724063],[41.9051651,39.9791605],[41.9061876,39.9796584],[41.907305,39.9801737],[41.9102579,39.9813656],[41.9129742,39.9825212],[41.9137968,39.9829152],[41.9155963,39.9840379],[41.9162304,39.9843203],[41.9176786,39.9847405],[41.9192981,39.9850491],[41.9201208,39.9852854],[41.9209777,39.98564],[41.9217317,39.9860273],[41.926976,39.9897499],[41.9326787,39.9939051],[41.9347423,39.9952486],[41.9363193,39.996086],[41.9574401,40.0053548],[41.9596568,40.0062863],[41.9619977,40.0070325],[41.9774559,40.0116456],[41.9787927,40.0121262],[41.9799514,40.0126048],[41.9837105,40.0144053],[42.0082637,40.025968],[42.0099322,40.0266871],[42.0112308,40.0270873],[42.0123325,40.0273006],[42.0161268,40.0278339],[42.0294046,40.0295739],[42.0318843,40.0297261],[42.0638462,40.0306166],[42.0661545,40.0308469],[42.090182,40.0342483],[42.0927172,40.0345739],[42.0942735,40.0346137],[42.1431094,40.0312505],[42.1443382,40.0312999],[42.145834,40.0314898],[42.1467436,40.0317124],[42.1476718,40.0320494],[42.1488277,40.0325708],[42.149212,40.0327771],[42.1649756,40.0422786],[42.1670053,40.0434106],[42.1707079,40.0452305],[42.1720147,40.0458057],[42.1727505,40.0460433],[42.1796684,40.0478385],[42.1801638,40.0479886],[42.1807023,40.0482087],[42.1811583,40.0484372],[42.1818769,40.0489281],[42.1843362,40.0511307],[42.1855308,40.0519333],[42.1860024,40.0521876],[42.1938971,40.0562046],[42.1948514,40.0565434],[42.1974037,40.0571503],[42.1982299,40.057432],[42.1990444,40.0578015],[42.1996174,40.0582068],[42.204472,40.0624571],[42.2054945,40.0633162],[42.2061108,40.0636949],[42.2067619,40.0639739],[42.2074043,40.0641599],[42.2079946,40.0642529],[42.2086449,40.064328],[42.2116355,40.0644452],[42.2124811,40.0645169],[42.2133248,40.064718],[42.2139672,40.0649505],[42.2147051,40.0653359],[42.2152433,40.0657478],[42.2156657,40.0662426],[42.2159986,40.0668108],[42.2161895,40.0673024],[42.2162764,40.0678605],[42.2162677,40.0684318],[42.2145575,40.0755664],[42.2144967,40.0760779],[42.2144967,40.0763038],[42.2146009,40.0768817],[42.214844,40.0774795],[42.2152346,40.0780973],[42.2155645,40.0784693],[42.2161027,40.0788877],[42.2166323,40.0791933],[42.2172139,40.0794191],[42.2179778,40.079625],[42.2187765,40.0797379],[42.2194449,40.0797579],[42.221893,40.0796184],[42.222709,40.0796782],[42.2233601,40.0797977],[42.2241501,40.0800435],[42.2247317,40.0803291],[42.2252092,40.0806347],[42.2256693,40.0810598],[42.2271798,40.0829195],[42.2276225,40.083338],[42.2284819,40.0839889],[42.2311036,40.0857888],[42.2317287,40.0862604],[42.2323537,40.0868316],[42.2330221,40.0875821],[42.2358869,40.0913477],[42.2363557,40.0917993],[42.2368592,40.0922044],[42.2372325,40.0924236],[42.2377012,40.0926427],[42.2400972,40.0934994],[42.240757,40.093785],[42.2413212,40.0941901],[42.2418334,40.0947081],[42.2422501,40.0952925],[42.2424411,40.0957308],[42.2429099,40.098148],[42.2430661,40.098646],[42.2433092,40.0991042],[42.2436999,40.099569],[42.2443093,40.1000601],[42.2451256,40.1005594],[42.245679,40.1007575],[42.246293,40.1009227],[42.249195,40.1015013],[42.2499936,40.1017271],[42.2507489,40.1020857],[42.2511743,40.1023247],[42.2515041,40.102597],[42.2520511,40.1032078],[42.2523462,40.1036926],[42.2529192,40.1047881],[42.2533744,40.105327],[42.2538329,40.1057256],[42.2551328,40.1065676],[42.2559836,40.1072449],[42.2562701,40.1075968],[42.2565652,40.1081146],[42.2567475,40.1086259],[42.256869,40.109177],[42.2568256,40.1097679],[42.2566867,40.1102791],[42.2539522,40.1168053],[42.2535876,40.1174426],[42.2531883,40.1179272],[42.2526587,40.1183985],[42.251999,40.1188168],[42.2489345,40.1203768],[42.2482305,40.1208814],[42.244949,40.1238594],[42.2443683,40.1243066],[42.2436217,40.1248177],[42.242198,40.1255346],[42.2414949,40.1257735],[42.2388908,40.1265167],[42.237885,40.1270709],[42.2319389,40.1306325],[42.2311818,40.1312429],[42.2305567,40.1318801],[42.2295671,40.1329951],[42.2256374,40.1363808],[42.2247751,40.1371631],[42.2243753,40.137688],[42.2236626,40.1388442],[42.2217158,40.1409371],[42.2214551,40.1414155],[42.221316,40.1419537],[42.2212986,40.1422991],[42.2213508,40.1427709],[42.2219591,40.1443455],[42.2220374,40.1448172],[42.2219678,40.1459134],[42.2216115,40.1476009],[42.2214116,40.1482121],[42.2211248,40.1488698],[42.2207163,40.1494544],[42.2196038,40.1506634],[42.2192562,40.1511218],[42.2190128,40.1515536],[42.2188737,40.1519987],[42.2187694,40.1524704],[42.2187173,40.152942],[42.2187347,40.1534602],[42.2188303,40.1539252],[42.2189954,40.1545031],[42.2199167,40.1567948],[42.2201253,40.1571801],[42.2204556,40.1575322],[42.2214811,40.1583625],[42.2218722,40.1587809],[42.2222807,40.1592858],[42.2225936,40.1598703],[42.2240637,40.1637489],[42.2248962,40.1651536],[42.2254183,40.1659012],[42.2258268,40.166572],[42.2260788,40.1671631],[42.2261918,40.1676546],[42.2263222,40.1696338],[42.2263917,40.1700256],[42.2266785,40.1707229],[42.227539,40.1723633],[42.2278084,40.1726754],[42.2281581,40.1729299],[42.2286775,40.1731669],[42.2291642,40.173313],[42.2314153,40.1736981],[42.2322236,40.173904],[42.2329275,40.1741564],[42.2335359,40.174422],[42.234266,40.1749267],[42.2346571,40.1752587],[42.2367604,40.1776295],[42.2387073,40.1794025],[42.2390375,40.1797544],[42.2393852,40.1803056],[42.2395851,40.1808102],[42.2396633,40.1812551],[42.2396546,40.1817996],[42.2395677,40.1822777],[42.238629,40.184283],[42.2384465,40.1849005],[42.2384118,40.1854782],[42.2385508,40.1860492],[42.2393939,40.1885855],[42.2396546,40.1891499],[42.2405324,40.1905176],[42.2406802,40.190989],[42.2407758,40.1915998],[42.2410539,40.1952977],[42.2411669,40.1958421],[42.2424706,40.1993074],[42.2427574,40.1997124],[42.2455994,40.2029585],[42.2459123,40.20337],[42.2460514,40.2036156],[42.2462774,40.20416],[42.2463817,40.2048171],[42.2464077,40.2059323],[42.2464946,40.2065695],[42.2467293,40.2071138],[42.2470248,40.2075917],[42.2479982,40.2087466],[42.2485806,40.2095099],[42.2491762,40.2105888],[42.2494672,40.2114147],[42.2501341,40.2141059],[42.2502917,40.2145236],[42.2505789,40.2150016],[42.2510165,40.2155416],[42.2541691,40.2189411],[42.2546645,40.2192928],[42.2552294,40.2195782],[42.2567591,40.2202352],[42.2572805,40.2205272],[42.2576803,40.2207927],[42.2580454,40.2211311],[42.2583148,40.2215625],[42.2587581,40.2225712],[42.2591492,40.2231352],[42.2613908,40.2253432],[42.2639483,40.2280423],[42.2654764,40.2300431],[42.2658501,40.2306469],[42.2672154,40.2339799],[42.2673885,40.2347076],[42.2673277,40.2353379],[42.2664498,40.2386951],[42.2663021,40.239405],[42.2662847,40.2398761],[42.2663977,40.2403405],[42.2666063,40.2407982],[42.2669974,40.2412958],[42.2672407,40.2415347],[42.2675449,40.2417602],[42.2679534,40.2419924],[42.2685618,40.2421914],[42.2691268,40.2423241],[42.2696569,40.2423772],[42.2702045,40.2423772],[42.2721166,40.2419792],[42.2726989,40.2419327],[42.2733681,40.2419526],[42.2740286,40.2420787],[42.2746631,40.2423042],[42.2752541,40.2426625],[42.2756626,40.2430406],[42.2760103,40.2435183],[42.2769055,40.2453692],[42.2770271,40.2457871],[42.2770619,40.2461984],[42.2770271,40.2466495],[42.2769141,40.2471139],[42.2766013,40.2481222],[42.2765752,40.2486861],[42.2767229,40.24923],[42.2769837,40.2497209],[42.2773313,40.2501255],[42.2777659,40.2504572],[42.2781831,40.2507026],[42.2786959,40.2509149],[42.2809687,40.2514527],[42.2815988,40.251764],[42.282155,40.2522018],[42.2826852,40.2527391],[42.2829195,40.2533606],[42.2830676,40.2540524],[42.2834481,40.2550466],[42.2838665,40.2555861],[42.2843626,40.2561418],[42.2846059,40.2565464],[42.2848493,40.257077],[42.2853795,40.2590138],[42.2855446,40.2593852],[42.2858227,40.2598163],[42.2861508,40.2601654],[42.2876411,40.2613758],[42.2882485,40.2616304],[42.2900653,40.2621883],[42.2906725,40.2624295],[42.291107,40.2627744],[42.2915068,40.2632187],[42.2917762,40.2636763],[42.2919066,40.2641406],[42.2919761,40.2647375],[42.2920022,40.265646],[42.2919501,40.2661766],[42.2914547,40.268007],[42.2910636,40.2707127],[42.2908984,40.271157],[42.2906898,40.2715548],[42.2903856,40.2719328],[42.2900467,40.272271],[42.2896034,40.2725562],[42.2882302,40.2730999],[42.2876827,40.2733784],[42.2871351,40.2737498],[42.2857793,40.2748108],[42.2853186,40.275255],[42.2850318,40.2756529],[42.2848406,40.2761701],[42.2847537,40.2765945],[42.2847711,40.2770255],[42.2848249,40.277349],[42.2849739,40.2777356],[42.2857445,40.2793728],[42.2858488,40.2798104],[42.2859096,40.2802281],[42.2859096,40.2806922],[42.2858053,40.2816338],[42.2858314,40.2821509],[42.2865962,40.2856782],[42.2867527,40.2861953],[42.2869787,40.2866461],[42.2873176,40.2870373],[42.287813,40.287455],[42.2883693,40.2877533],[42.2896382,40.28835],[42.2900988,40.2886748],[42.2904378,40.2889599],[42.2907333,40.2892781],[42.2910027,40.2896825],[42.2911939,40.2900737],[42.2913417,40.2907963],[42.2912982,40.2912537],[42.291186,40.291826],[42.2909593,40.2923608],[42.2902813,40.2934547],[42.2901162,40.2939585],[42.2900641,40.2944557],[42.2901771,40.2949993],[42.290377,40.2954301],[42.290629,40.2957682],[42.2910114,40.2961461],[42.291446,40.2964842],[42.2920891,40.2967891],[42.2926454,40.2969283],[42.2946183,40.2971736],[42.2952788,40.2973327],[42.295809,40.2975448],[42.2963044,40.2978828],[42.2967477,40.2982806],[42.2970692,40.2987114],[42.2972604,40.2991688],[42.2973734,40.2996262],[42.2973647,40.3000637],[42.2969563,40.3016081],[42.2968954,40.3021251],[42.2969041,40.3025096],[42.2970519,40.3030001],[42.2983469,40.3060888],[42.2985989,40.3066455],[42.2988944,40.3070564],[42.29938,40.3075561],[42.3018342,40.3103272],[42.3021686,40.3107951],[42.3024134,40.3112545],[42.3025664,40.3117348],[42.3026146,40.3121837],[42.3026039,40.3126595],[42.3025137,40.3131203],[42.301252,40.3165618],[42.3011745,40.3169887],[42.3011486,40.3174813],[42.3012606,40.3179804],[42.301519,40.3184139],[42.301885,40.3189095],[42.3025532,40.3194024],[42.3030999,40.3196412],[42.3036735,40.3198317],[42.3042906,40.3199213],[42.3049047,40.3199366],[42.3054985,40.3198587],[42.3060295,40.3197293],[42.3073576,40.3193321],[42.3078936,40.3192093],[42.3087181,40.3191633],[42.3100738,40.3192209],[42.3106193,40.3191908],[42.3111321,40.3190949],[42.3117026,40.3189385],[42.3121481,40.3186832],[42.3125788,40.3183548],[42.3129492,40.3180133],[42.3136124,40.3170807],[42.3149045,40.3150907],[42.315249,40.314736],[42.3156539,40.3144076],[42.3160673,40.3141646],[42.3172129,40.3138296],[42.3177469,40.3137837],[42.3183585,40.3137902],[42.3189184,40.3138822],[42.319461,40.3140529],[42.3203482,40.3145193],[42.3207272,40.3148279],[42.3228548,40.3172383],[42.3239918,40.3184139],[42.3243191,40.318913],[42.3245,40.3193793],[42.324857,40.3211673],[42.3249737,40.3214677],[42.3253466,40.3220274],[42.3256542,40.3223214],[42.3261452,40.3226695],[42.3267223,40.3229584],[42.3273855,40.323162],[42.327954,40.3232211],[42.3284622,40.3232211],[42.3290393,40.3231555],[42.3300688,40.3228987],[42.3310767,40.3225113],[42.3393113,40.3185176],[42.3398229,40.3180532],[42.3402127,40.3175888],[42.340397,40.317105],[42.3404228,40.3167175],[42.3403798,40.3163563],[42.3402161,40.315936],[42.3399491,40.3154959],[42.3392256,40.3148326],[42.3376486,40.3139599],[42.3372358,40.3136569],[42.3364348,40.3128097],[42.3359696,40.3123959],[42.3355476,40.3120872],[42.3345266,40.3116792],[42.3330231,40.3112458],[42.3324501,40.3110034],[42.3291994,40.309276],[42.328126,40.3085344],[42.3276607,40.3081007],[42.3273761,40.3076652],[42.3272628,40.3072666],[42.3272541,40.3067749],[42.3273935,40.3062898],[42.3277159,40.3058911],[42.3281777,40.3055257],[42.3286656,40.3052001],[42.3292581,40.3049144],[42.3297547,40.3047217],[42.3357494,40.3029342],[42.3378492,40.3022365],[42.3388513,40.3018577],[42.3394873,40.301552],[42.3401495,40.3011002],[42.3410905,40.3002762],[42.3416656,40.2999838],[42.3431381,40.2994256],[42.3436958,40.2991598],[42.3458566,40.2979569],[42.3505878,40.2951259],[42.3520778,40.2941889],[42.3533935,40.293192],[42.3539685,40.2928597],[42.3560409,40.2918782],[42.3566783,40.291464],[42.3586214,40.2898823],[42.3592313,40.28953],[42.3598412,40.2892907],[42.3605034,40.2891778],[42.3611133,40.2891578],[42.3625771,40.2892575],[42.3632567,40.2892243],[42.3638318,40.289098],[42.3645376,40.2888122],[42.3649994,40.2885862],[42.3674042,40.2866189],[42.3680228,40.2863397],[42.3686763,40.2861337],[42.3693524,40.2860728],[42.3699468,40.2860822],[42.3715255,40.2862267],[42.3720396,40.28624],[42.3737716,40.2861499],[42.3743421,40.2861925],[42.3748567,40.2863009],[42.3764223,40.2867851],[42.3770235,40.2868848],[42.3776595,40.2868848],[42.378313,40.2867784],[42.3801689,40.2861131],[42.3807979,40.2859677],[42.381791,40.2858246],[42.3825376,40.2856425],[42.3863378,40.2839731],[42.3885634,40.2832035],[42.3900042,40.2826229],[42.3907222,40.2822148],[42.3926001,40.2810368],[42.3932827,40.2807109],[42.3941902,40.2803384],[42.3972398,40.2793038],[42.3979685,40.2789394],[42.4002308,40.2775884],[42.4018472,40.2764821],[42.4024223,40.2762295],[42.4031455,40.2760301],[42.4037815,40.2759636],[42.4044786,40.2760102],[42.4053284,40.2761975],[42.4077808,40.2768544],[42.4083344,40.2769186],[42.4088526,40.2769076],[42.4095053,40.2768282],[42.4139392,40.2760481],[42.4148976,40.2759327],[42.4175744,40.2757177],[42.4181182,40.275608],[42.4198064,40.2750923],[42.4205763,40.2749169],[42.4214378,40.2748244],[42.4224119,40.2748603],[42.4234107,40.275045],[42.424118,40.2752523],[42.4247714,40.2754917],[42.4253378,40.275824],[42.4261351,40.2764392],[42.4281595,40.2785122],[42.4287882,40.2790015],[42.4295027,40.2794801],[42.4302694,40.2799122],[42.4311233,40.2802778],[42.4317681,40.2805038],[42.4341642,40.2810821],[42.43487,40.2812881],[42.4383552,40.282591],[42.4390087,40.2827638],[42.4398016,40.2829034],[42.4411347,40.2829432],[42.441945,40.2828568],[42.4426247,40.2826973],[42.443374,40.2824647],[42.4451308,40.28158],[42.445744,40.2813081],[42.4463751,40.2811731],[42.45051,40.2805703],[42.4512071,40.280557],[42.451756,40.2806234],[42.4523834,40.2807963],[42.4529323,40.2810422],[42.4533505,40.2812881],[42.4537688,40.2816737],[42.4549276,40.283023],[42.4554068,40.2833753],[42.4561823,40.2838206],[42.4573498,40.2843657],[42.4589699,40.285024],[42.4809612,40.294864],[42.4823101,40.2953182],[42.4839782,40.2954996],[42.4860365,40.2955742],[42.4866638,40.2956606],[42.4872301,40.2958267],[42.487779,40.2960793],[42.4881624,40.2963185],[42.4885632,40.2966773],[42.4888594,40.2970163],[42.4890946,40.2975412],[42.4892602,40.2981459],[42.4892428,40.3000531],[42.489417,40.3006312],[42.4896523,40.301103],[42.4900531,40.3016944],[42.4906947,40.3022826],[42.4914173,40.3027055],[42.4923473,40.3031685],[42.4940141,40.3040977],[42.4946413,40.3044004],[42.4953742,40.3046163],[42.4971463,40.304822],[42.497933,40.3049657],[42.4985549,40.3051554],[42.4990969,40.3053722],[42.5005451,40.3061803],[42.5012394,40.3064624],[42.5020163,40.3066605],[42.5034416,40.3068207],[42.5069296,40.3068426],[42.5077167,40.3069052],[42.5084078,40.3070463],[42.5091433,40.307336],[42.5098504,40.3076692],[42.5127351,40.3094714],[42.51413,40.3100811],[42.5152584,40.3104606],[42.5163956,40.3106909],[42.5201983,40.3113142],[42.5212023,40.3115378],[42.5216999,40.3117275],[42.5224373,40.3120866],[42.5230503,40.3124592],[42.5235923,40.3129808],[42.5241343,40.3134008],[42.5251205,40.3140851],[42.5258402,40.3144035],[42.5265599,40.3146406],[42.5273062,40.3148167],[42.5285767,40.3149996],[42.5298561,40.315108],[42.5309756,40.3152774],[42.5344033,40.3163293],[42.5351604,40.3164968],[42.5359511,40.3165443],[42.5377991,40.3165239],[42.5384833,40.3165849],[42.5396116,40.3168423],[42.5402247,40.3170998],[42.5409434,40.3175831],[42.5416223,40.3182294],[42.5425009,40.3192717],[42.5429629,40.3196781],[42.544961,40.320865],[42.5463324,40.3220588],[42.5469076,40.3224036],[42.5494658,40.3236255],[42.5517153,40.3249994],[42.5524556,40.3252996],[42.5542908,40.3258014],[42.5549249,40.3260069],[42.5553002,40.3261678],[42.5578111,40.3275179],[42.5606174,40.329103],[42.5610701,40.3294206],[42.5614545,40.3297769],[42.5616772,40.3300449],[42.562377,40.3311207],[42.5629546,40.3317545],[42.5634148,40.3320825],[42.5638986,40.3323281],[42.5645083,40.3325565],[42.5649725,40.3326619],[42.5654725,40.3327228],[42.5683856,40.3328775],[42.5695252,40.3329883],[42.5703965,40.3331882],[42.5713027,40.3334677],[42.5740642,40.3346803],[42.5744249,40.3347804],[42.5833272,40.3386767],[42.5838611,40.3389415],[42.5854615,40.3398409],[42.586029,40.3400841],[42.58648,40.3402374],[42.5869836,40.340349],[42.587565,40.3404221],[42.5883332,40.3404293],[42.5891639,40.3403296],[42.5909629,40.3399443],[42.5915935,40.3398652],[42.5921123,40.3398409],[42.5927748,40.3399017],[42.5933575,40.3400356],[42.5938843,40.3402546],[42.5944029,40.3405488],[42.5947858,40.3408348],[42.5960554,40.3418912],[42.5978513,40.343698],[42.5981945,40.3439839],[42.5985537,40.3442394],[42.5993598,40.3446166],[42.6003097,40.34486],[42.6007966,40.3448904],[42.6013553,40.3448478],[42.6026883,40.3445619],[42.603255,40.3444706],[42.6037658,40.3444341],[42.6042607,40.3444584],[42.6046917,40.3445497],[42.6052425,40.3447018],[42.6057134,40.3448782],[42.6076131,40.3458576],[42.6083793,40.3463078],[42.6088024,40.3465025],[42.6092813,40.3466546],[42.611628,40.3471351],[42.6126576,40.347494],[42.6131525,40.347634],[42.6156269,40.3480415],[42.6171354,40.3484126],[42.6175984,40.3486012],[42.6180613,40.3488384],[42.6184285,40.3490939],[42.6187158,40.3493494],[42.6190271,40.3496961],[42.6192027,40.3500246],[42.6196258,40.3511865],[42.6198173,40.3515454],[42.6200329,40.3518434],[42.6205277,40.3523726],[42.6209029,40.352622],[42.6213499,40.3528714],[42.6228284,40.3535975],[42.6233073,40.35378],[42.6238102,40.3539138],[42.6257577,40.3543092],[42.62654,40.3545342],[42.6269311,40.3546924],[42.627394,40.3549235],[42.6286631,40.3557994],[42.6304511,40.3566814],[42.6310896,40.3570281],[42.6317601,40.3574721],[42.6349369,40.3597955],[42.6354876,40.36013],[42.6360384,40.3603915],[42.636629,40.3605679],[42.6400612,40.3613464],[42.6406599,40.3615654],[42.6411787,40.3618269],[42.6424159,40.3628426],[42.6427751,40.3631041],[42.6440841,40.3637974],[42.6444752,40.3640711],[42.6448583,40.3644603],[42.6452734,40.3650138],[42.6456407,40.3665633],[42.6457876,40.3669264],[42.6460332,40.367322],[42.6465301,40.3678765],[42.6482327,40.3693203],[42.6488244,40.3697205],[42.6495012,40.3700671],[42.6505176,40.3705219],[42.6516076,40.3711612],[42.6522697,40.37168],[42.6547859,40.3743835],[42.6553601,40.374849],[42.6561444,40.3752506],[42.6569198,40.3754776],[42.6577066,40.3755645],[42.6584364,40.3755579],[42.6601745,40.3754321],[42.660785,40.3754986],[42.6615001,40.3756713],[42.6621192,40.3758839],[42.6627907,40.3762626],[42.6640639,40.3771794],[42.6645959,40.3774783],[42.6669766,40.3785346],[42.6676917,40.378993],[42.6684416,40.3795709],[42.6701858,40.3812449],[42.6707003,40.3819358],[42.6717903,40.383829],[42.6719648,40.3844733],[42.6720571,40.3877137],[42.6721268,40.3880023],[42.6723648,40.3885723],[42.6726877,40.3889977],[42.674276,40.3905663],[42.674564,40.3909253],[42.6747385,40.3913698],[42.675009,40.3934045],[42.6752534,40.3941156],[42.6754803,40.3944945],[42.6757595,40.3948135],[42.6793114,40.3977312],[42.6797216,40.3983094],[42.6799397,40.3986883],[42.6808139,40.401394],[42.6810279,40.4018517],[42.6813055,40.4022562],[42.6816727,40.4026395],[42.6828053,40.403536],[42.6832347,40.4039972],[42.6836846,40.4046779],[42.683919,40.4052637],[42.68413,40.4056885],[42.6845496,40.4061152],[42.685147,40.4065434],[42.6859007,40.4069163],[42.6923843,40.4097795],[42.6928818,40.4100786],[42.6947144,40.4115471],[42.6952904,40.4119657],[42.6957791,40.412278],[42.6964598,40.4125504],[42.6991215,40.4134342],[42.6997848,40.4136136],[42.700544,40.4137797],[42.701504,40.4138594],[42.7021847,40.413979],[42.7029003,40.4141518],[42.7042006,40.41467],[42.7047504,40.4148494],[42.7053787,40.4149757],[42.7060769,40.4150554],[42.7066965,40.4150554],[42.7073423,40.4150089],[42.7080928,40.4148561],[42.7102309,40.4141318],[42.7110076,40.4139458],[42.7117494,40.413866],[42.7125173,40.4138195],[42.7135646,40.413866],[42.7188793,40.4144109],[42.7197695,40.4144574],[42.7206684,40.4143909],[42.7212444,40.4142979],[42.7236356,40.4137663],[42.7243512,40.4137331],[42.7249708,40.4138262],[42.7292371,40.4148657],[42.7300103,40.4149807],[42.7307588,40.4150226],[42.7321342,40.4149573],[42.7329386,40.4148428],[42.7371895,40.413693],[42.7381323,40.413374],[42.740627,40.4121342],[42.7412091,40.4119629],[42.7416395,40.4118949],[42.7425416,40.4118571],[42.743474,40.4119997],[42.7442473,40.4122818],[42.746525,40.4133996],[42.7472724,40.4138749],[42.7478459,40.4142973],[42.7494506,40.4159968],[42.7499911,40.416445],[42.7506019,40.4168969],[42.7513701,40.4173023],[42.7521121,40.417628],[42.7529501,40.4179005],[42.7537706,40.4180733],[42.7626394,40.4193692],[42.7640885,40.4197413],[42.7647781,40.4200204],[42.765424,40.4204059],[42.7669994,40.4215565],[42.7675648,40.4218551],[42.7682785,40.4220938],[42.7811016,40.4258484],[42.7820356,40.4261673],[42.7829609,40.4265528],[42.7837465,40.4269249],[42.7845758,40.4273701],[42.790869,40.4318416],[42.7915759,40.4322534],[42.7923961,40.4326054],[42.7931378,40.4328578],[42.7938708,40.4330305],[42.7945864,40.4331434],[42.7952408,40.4331966],[42.8386082,40.4347469],[42.8400532,40.4349208],[42.8590852,40.4388671],[42.8727239,40.4414779],[42.874348,40.4418369],[42.8756204,40.4422886],[42.9000076,40.4516983],[42.901344,40.452329],[42.9126386,40.4591136],[42.9140236,40.4599355],[42.9145467,40.4601767],[42.9151994,40.4603522],[42.9160786,40.4605394],[42.9269032,40.4620272],[42.9278406,40.4622575],[42.9293371,40.4629362],[42.9314268,40.4641724],[42.9325265,40.4646295],[42.9336802,40.4650084],[42.9346908,40.4654599],[42.9362253,40.4663411],[42.9367804,40.4665477],[42.9374589,40.4667103],[42.9381055,40.4667518],[42.9389074,40.4667284],[42.9396933,40.4665355],[42.9457126,40.4643914],[42.9463025,40.4642515],[42.9470752,40.4641176],[42.9481014,40.4641273],[42.9489367,40.4643004],[42.9496765,40.4646458],[42.9505982,40.4652264],[42.9534209,40.4672129],[42.9544133,40.4678006],[42.955572,40.4682822],[42.960529,40.4702216],[42.9614672,40.4707448],[42.96231,40.4714132],[42.9628391,40.472168],[42.9631933,40.4730317],[42.9632429,40.4737219],[42.9631141,40.4768589],[42.9629701,40.4815963],[42.9630232,40.4823057],[42.9632758,40.4830567],[42.9636164,40.4838268],[42.9640259,40.4845938],[42.965,40.4861344],[42.9654303,40.4868859],[42.9661708,40.4876049],[42.9670438,40.4881438],[42.9682538,40.4885915],[42.9768419,40.4909079],[42.9787409,40.4917279],[42.9832328,40.4950375],[42.9839768,40.4955471],[42.9847442,40.4959405],[42.9900458,40.4981895],[42.9909731,40.4986891],[42.9916087,40.4992161],[42.9991512,40.5062003],[42.9997341,40.5066972],[43.000158,40.5069927],[43.0007763,40.5073083],[43.0016418,40.5075836],[43.002419,40.5077851],[43.0030814,40.5080268],[43.0034965,40.5082216],[43.0039962,40.5085864],[43.004422,40.5090122],[43.0071883,40.5124653],[43.0074886,40.5130361],[43.007913,40.5144074],[43.0083254,40.5151388],[43.0087061,40.5155881],[43.0150219,40.5212579],[43.0158024,40.5221805],[43.0207242,40.529686],[43.0211089,40.5304702],[43.0214586,40.5313606],[43.0232772,40.5368028],[43.023522,40.5373211],[43.0237493,40.53766],[43.0240815,40.5379922],[43.0245647,40.5383877],[43.0252236,40.5387325],[43.0485557,40.5494119],[43.0640863,40.5556624],[43.0658292,40.5563979],[43.0669561,40.5571873],[43.0679006,40.5581153],[43.0684558,40.5589431],[43.0730271,40.5671093],[43.0766599,40.5734653],[43.0844211,40.587206],[43.0850691,40.5882662],[43.085316,40.5885998],[43.0861753,40.5894865],[43.0869357,40.5900251],[43.087267,40.5902206],[43.0878612,40.5905169],[43.0942851,40.5931688],[43.0948994,40.5934503],[43.0954733,40.5937696],[43.0959942,40.5941323],[43.0965809,40.5946458],[43.098,40.5962096],[43.0984627,40.596635],[43.0995288,40.5973684],[43.1023337,40.5991601],[43.1029215,40.5997165],[43.104162,40.6015522],[43.1077659,40.6065467],[43.1090308,40.6083899]]},"id":"shape-ankara-kars"},{"type":"Feature","properties":{"shape_id":"shape-ankara-basmane","route_id":"route-izmir-mavi","name":"Ankara Gar–İzmir (Basmane)","directionality":"single_geometry_timetable_carries_direction","length_km":822.8,"anchor_count":21,"source":"OSM-derived railway GeoJSON","license":"ODbL; © OpenStreetMap contributors","id":"shape-ankara-basmane","route_name":"İzmir Mavi Treni","mode":"mainline","status":"active","source_status":"odbl"},"geometry":{"type":"LineString","coordinates":[[32.8435238,39.9351491],[32.8419134,39.9360101],[32.8409051,39.9365906],[32.8403484,39.936963],[32.8400381,39.9372097],[32.8395553,39.9376772],[32.8391484,39.9379475],[32.8279229,39.944024],[32.8269856,39.9445061],[32.8247747,39.945532],[32.8243995,39.9456508],[32.8236164,39.945865],[32.8232199,39.9459399],[32.8224184,39.9460154],[32.8215917,39.9460324],[32.8207781,39.9459596],[32.8199956,39.9458032],[32.8132569,39.9441569],[32.8081046,39.9429899],[32.7947167,39.9398232],[32.7941117,39.9396534],[32.7922931,39.9390265],[32.7874058,39.937261],[32.7751423,39.9329829],[32.7734147,39.9325008],[32.7713953,39.9320498],[32.7654366,39.9310191],[32.7635465,39.9308452],[32.7616598,39.9308641],[32.7533426,39.9314357],[32.7518234,39.9314855],[32.7504858,39.9314403],[32.7497438,39.9313729],[32.7482222,39.9311678],[32.746637,39.9307832],[32.745795,39.9305313],[32.7329252,39.9260331],[32.7317097,39.9256514],[32.7306078,39.9253657],[32.7293881,39.9251306],[32.7281596,39.9249506],[32.7268987,39.9248405],[32.7250704,39.9248074],[32.7238059,39.9248527],[32.7225787,39.9249847],[32.7214426,39.9251625],[32.7153447,39.9264617],[32.7145694,39.9266508],[32.7136082,39.9269179],[32.7125531,39.9272696],[32.7115212,39.9276687],[32.7105256,39.9281255],[32.709482,39.9286593],[32.7080009,39.9295719],[32.7059167,39.9311566],[32.6968578,39.9384323],[32.6962291,39.9388571],[32.695564,39.93925],[32.6948902,39.9396275],[32.6939173,39.9401125],[32.6930488,39.9404531],[32.6882286,39.942102],[32.6874445,39.9424347],[32.6844136,39.9438674],[32.6834024,39.9442856],[32.6818206,39.9448161],[32.6723549,39.9476035],[32.6704948,39.9480348],[32.661784,39.9494394],[32.6593762,39.949854],[32.654741,39.9507133],[32.6539937,39.9508893],[32.6525673,39.9511532],[32.6514464,39.9514563],[32.6441519,39.9528672],[32.6371273,39.9542707],[32.6360818,39.9545092],[32.6327701,39.9553831],[32.6283096,39.9562919],[32.6273033,39.9564389],[32.6251602,39.9566682],[32.6227736,39.956886],[32.6176291,39.9572217],[32.6161391,39.9574406],[32.615305,39.9576267],[32.6146076,39.9578323],[32.613882,39.9580779],[32.6099432,39.959551],[32.6094001,39.9597289],[32.6079504,39.9601113],[32.6071216,39.9602696],[32.6016565,39.9611361],[32.5892003,39.9630835],[32.588126,39.9632983],[32.5870044,39.9636453],[32.5823317,39.9652935],[32.5808565,39.9656987],[32.5792974,39.9662514],[32.576898,39.967037],[32.5653299,39.9710445],[32.5527981,39.975295],[32.5542725,39.9746772],[32.5592745,39.9729533],[32.5601109,39.9725694],[32.5605097,39.9722809],[32.5610631,39.9717329],[32.5611997,39.9715557],[32.5614203,39.9711406],[32.5615685,39.9706835],[32.5616001,39.9704516],[32.5615955,39.9700043],[32.5615161,39.9695784],[32.5613433,39.969131],[32.5610351,39.9686263],[32.5606708,39.968272],[32.5602178,39.9679499],[32.5596107,39.9676313],[32.5558374,39.9663285],[32.5545494,39.9658619],[32.554058,39.9656429],[32.5530961,39.9651259],[32.5526467,39.964815],[32.5518959,39.9642168],[32.5514476,39.96373],[32.5510833,39.9632146],[32.5505556,39.9622803],[32.5497991,39.9607662],[32.5495011,39.9603505],[32.5491183,39.9599203],[32.5486116,39.9594537],[32.5478598,39.9586911],[32.5473609,39.9582758],[32.546398,39.9576395],[32.5458267,39.9573918],[32.5446921,39.9570217],[32.5441557,39.9569147],[32.5431162,39.956788],[32.5402816,39.9567337],[32.539422,39.9566038],[32.5380532,39.956223],[32.5374406,39.9560023],[32.5369529,39.9557702],[32.5360582,39.9555314],[32.5351015,39.9553831],[32.5341296,39.9552861],[32.5331377,39.955268],[32.5314022,39.9553205],[32.5308647,39.955286],[32.5294281,39.9550582],[32.5272212,39.9544389],[32.5263672,39.954258],[32.5256634,39.9541659],[32.524333,39.9540869],[32.5217131,39.9541305],[32.5205779,39.9540672],[32.5194181,39.9538723],[32.5182443,39.9535301],[32.517326,39.9532077],[32.5146417,39.9516039],[32.5137844,39.951159],[32.512866,39.9508169],[32.5120131,39.9505693],[32.5103308,39.9502172],[32.509553,39.9499549],[32.5087976,39.9496522],[32.5071926,39.9487837],[32.5065918,39.9482836],[32.5059567,39.9476124],[32.504755,39.9456384],[32.5042658,39.9449014],[32.5037336,39.9443158],[32.5028152,39.943434],[32.5001888,39.9410913],[32.4979744,39.9392355],[32.4972105,39.9387749],[32.4964123,39.9383668],[32.4956484,39.9380773],[32.4946013,39.9377877],[32.4923353,39.9372612],[32.4908182,39.936794],[32.4900169,39.9364558],[32.4892985,39.9359693],[32.4879236,39.9346419],[32.4875481,39.9341565],[32.4872316,39.9336087],[32.4869565,39.9330053],[32.4861813,39.9303047],[32.4859495,39.9297321],[32.4856663,39.9292187],[32.4851341,39.9285276],[32.4846111,39.9279904],[32.4841642,39.927593],[32.4834948,39.9271323],[32.4814434,39.9258487],[32.4808083,39.9254143],[32.4802755,39.9249161],[32.4797239,39.9243127],[32.4793594,39.9237867],[32.4790144,39.9230974],[32.4787483,39.9223338],[32.478611,39.9216163],[32.4785852,39.9210831],[32.4786126,39.920517],[32.4786968,39.9199772],[32.4788685,39.9194111],[32.4791174,39.9188516],[32.4795809,39.9180287],[32.4816913,39.9149553],[32.4820415,39.9143496],[32.4823518,39.9137043],[32.4825533,39.9130823],[32.4826694,39.9124929],[32.4827331,39.911887],[32.4827241,39.9112186],[32.4826295,39.910583],[32.4824723,39.9099642],[32.4822159,39.9093346],[32.4814863,39.9079825],[32.4788091,39.9037944],[32.4781305,39.9029464],[32.4768037,39.9016502],[32.469424,39.8949501],[32.4688464,39.8943479],[32.4682474,39.8934561],[32.4679488,39.8928676],[32.4676403,39.8921404],[32.4661854,39.8879412],[32.4658947,39.887364],[32.4656173,39.88695],[32.4648952,39.886],[32.4644232,39.8854422],[32.4635539,39.8846765],[32.4629501,39.8842291],[32.4593201,39.8818251],[32.4583791,39.8810669],[32.4573892,39.8800643],[32.4568066,39.8793013],[32.4507736,39.8696337],[32.4452416,39.860593],[32.4444796,39.8593965],[32.4437507,39.8584492],[32.442864,39.8574227],[32.4308763,39.8442933],[32.4298459,39.8433492],[32.4289973,39.8427509],[32.4282353,39.8423121],[32.4269364,39.8417071],[32.4222173,39.8401247],[32.4212042,39.8397324],[32.4201997,39.8392537],[32.4190827,39.8386221],[32.4182341,39.8379372],[32.4173942,39.8371793],[32.4167188,39.836388],[32.4161473,39.8355635],[32.4156624,39.834626],[32.4048371,39.8114256],[32.4028766,39.8076872],[32.4011493,39.8046417],[32.3993521,39.80193],[32.3964983,39.7978374],[32.3941484,39.7946892],[32.386381,39.7839993],[32.3848158,39.7819141],[32.3836307,39.7806774],[32.3831504,39.7801214],[32.3827575,39.7795557],[32.3824643,39.7790141],[32.3821943,39.7783794],[32.3820949,39.7778348],[32.3820589,39.7774513],[32.3820714,39.7769048],[32.3822732,39.7755362],[32.382282,39.7749939],[32.3822291,39.7744041],[32.382088,39.7739091],[32.3817792,39.7730481],[32.3801473,39.7706345],[32.3792564,39.769448],[32.3781802,39.7684038],[32.3774325,39.7678291],[32.3758517,39.7668242],[32.3749971,39.7661411],[32.3742879,39.7654777],[32.373835,39.7649259],[32.3733906,39.7642822],[32.3730146,39.7634677],[32.3728096,39.7627649],[32.3720063,39.7592111],[32.3682806,39.7419981],[32.3679132,39.7408548],[32.3674688,39.7399612],[32.3670928,39.7393435],[32.3664007,39.7384762],[32.365724,39.7378214],[32.3650427,39.7372553],[32.3642179,39.7366819],[32.3632188,39.7361136],[32.3619796,39.7355557],[32.3219144,39.7207125],[32.3209317,39.7204035],[32.3198977,39.7201472],[32.3186416,39.7199632],[32.3175478,39.7198974],[32.3165138,39.7199172],[32.3152406,39.7199895],[32.3139161,39.7202129],[32.3106433,39.7209096],[32.3093188,39.7211594],[32.3082336,39.7212514],[32.3071569,39.7212909],[32.3058494,39.721212],[32.3047044,39.7210411],[32.3036448,39.7208242],[32.3022636,39.7203864],[32.3011313,39.7198909],[32.2999447,39.7192336],[32.2992709,39.7188113],[32.2868877,39.7101362],[32.2861101,39.7096694],[32.2845207,39.7089463],[32.2836794,39.7086772],[32.2825594,39.708412],[32.2766107,39.7071973],[32.2752761,39.7068075],[32.2741723,39.7063965],[32.2731383,39.7058814],[32.2523942,39.6921282],[32.2449341,39.6871303],[32.2413647,39.6846622],[32.2386324,39.6826743],[32.2337135,39.678906],[32.2326557,39.6783528],[32.2304895,39.6776167],[32.2296596,39.6772557],[32.2289254,39.6768157],[32.2270124,39.6751551],[32.22588,39.6744176],[32.2239122,39.6733864],[32.2187502,39.6713315],[32.2173891,39.6707477],[32.2159696,39.6700506],[32.2143388,39.6691174],[32.211442,39.6670528],[32.2025907,39.6605281],[32.20155,39.6596526],[32.200681,39.6587275],[32.1992218,39.6568195],[32.1983206,39.6549775],[32.1979558,39.6538665],[32.1978002,39.6531562],[32.1965125,39.6452025],[32.1959517,39.6431415],[32.1950772,39.6410733],[32.1938026,39.6390226],[32.1912933,39.635266],[32.1901089,39.6333498],[32.1887879,39.6307446],[32.1882033,39.6294035],[32.187437,39.6271664],[32.1857024,39.6206922],[32.1838501,39.6140033],[32.1835148,39.6129702],[32.1831447,39.6121788],[32.1812049,39.6091078],[32.1763319,39.6015798],[32.1758711,39.6010212],[32.172584,39.5975761],[32.1720661,39.5971179],[32.1713912,39.5966767],[32.1676405,39.5946251],[32.1667154,39.5940152],[32.1664336,39.5937701],[32.1660812,39.5932781],[32.1659122,39.5929569],[32.1657882,39.592606],[32.1653373,39.5903402],[32.165206,39.589911],[32.1650673,39.5895843],[32.1646435,39.5889177],[32.1643527,39.5885734],[32.1639181,39.5881639],[32.1627897,39.5874363],[32.1621659,39.5871497],[32.1614557,39.5869387],[32.1606902,39.5867742],[32.1600358,39.5867014],[32.1524458,39.5863718],[32.1516129,39.5864351],[32.1509942,39.5865873],[32.1485577,39.5875988],[32.147826,39.5878313],[32.1471416,39.587967],[32.146298,39.5879628],[32.1457471,39.5878784],[32.1452873,39.5877434],[32.1445465,39.5873965],[32.1363096,39.5820803],[32.1357126,39.5817731],[32.1349734,39.5814434],[32.1340921,39.5810996],[32.132962,39.5807448],[32.1234221,39.5779352],[32.1214465,39.5773232],[32.1200941,39.5768598],[32.1120531,39.5739024],[32.1110179,39.5735818],[32.1100917,39.5733374],[32.1083516,39.5730556],[32.1064638,39.5730076],[32.1056312,39.5730664],[32.1046712,39.5732051],[32.1033224,39.5734911],[32.1023318,39.573787],[32.1004934,39.5744803],[32.1001213,39.5746056],[32.0996472,39.5747106],[32.0989952,39.5747694],[32.0976282,39.5747807],[32.0970164,39.5748366],[32.0962819,39.5749877],[32.0954024,39.5752228],[32.0914789,39.5768165],[32.0901598,39.5771748],[32.0895654,39.5772359],[32.0889643,39.5772266],[32.088373,39.5771681],[32.0875026,39.5769464],[32.0824591,39.5752827],[32.0818098,39.5751409],[32.0812216,39.5750645],[32.0806025,39.5750359],[32.080002,39.5750789],[32.0794077,39.5751934],[32.0784415,39.575549],[32.0755287,39.5767999],[32.0747969,39.5770576],[32.074215,39.5772103],[32.0736268,39.5773057],[32.072952,39.5773582],[32.0723143,39.5773535],[32.0683318,39.5767658],[32.0674898,39.5767563],[32.0669264,39.5768136],[32.0661357,39.5770058],[32.0621272,39.578924],[32.0616045,39.5790738],[32.0610578,39.5791658],[32.0604792,39.5791801],[32.0600517,39.5791397],[32.0595779,39.5790468],[32.0590553,39.5788772],[32.0585811,39.578634],[32.0571545,39.577683],[32.0566097,39.5773824],[32.0559968,39.5771343],[32.055421,39.5769816],[32.0522265,39.5763612],[32.0517019,39.5761777],[32.04936,39.574901],[32.0488763,39.5747146],[32.0484078,39.5745824],[32.0478542,39.5744769],[32.0471378,39.5744476],[32.0404339,39.5748481],[32.0394337,39.5748155],[32.0385592,39.5747201],[32.0376518,39.5745306],[32.0359745,39.5739864],[32.0318956,39.5719213],[32.031207,39.5716152],[32.0302542,39.5713453],[32.0296751,39.5712334],[32.0291242,39.5711834],[32.0286063,39.571147],[32.0269305,39.5711331],[32.024156,39.5711715],[32.0221121,39.5712679],[32.0201957,39.5714242],[32.0172986,39.5718198],[32.0154852,39.5721468],[32.0140787,39.5724911],[32.0136076,39.5726575],[32.0127638,39.5730354],[32.0110643,39.5739253],[32.0099588,39.5743605],[32.0094644,39.5745032],[32.0088834,39.5746177],[32.0083827,39.5746878],[32.0074114,39.5747392],[32.0064408,39.574696],[32.0060421,39.5746479],[32.0049899,39.5744307],[32.004531,39.5742887],[32.0027889,39.5736447],[32.0008179,39.5730181],[31.9977917,39.572308],[31.9947408,39.5716704],[31.9940127,39.5714566],[31.9935372,39.5712734],[31.9914242,39.5702698],[31.9898581,39.5697396],[31.9894312,39.5696859],[31.9887637,39.5696617],[31.9878893,39.569706],[31.9871012,39.5698773],[31.9838446,39.5711886],[31.9828792,39.5713769],[31.9815159,39.5714872],[31.978706,39.5716469],[31.9780181,39.5717725],[31.9771741,39.5720122],[31.9717478,39.5751007],[31.9620052,39.5796787],[31.9613737,39.5800922],[31.9609705,39.5804848],[31.9606437,39.5809224],[31.9604162,39.5813313],[31.9601841,39.5819519],[31.9601347,39.5824206],[31.9601571,39.5828947],[31.9602445,39.5833366],[31.9605121,39.5839913],[31.9611285,39.5852353],[31.9612631,39.5856178],[31.9613477,39.5861018],[31.9613505,39.5864792],[31.961296,39.5869104],[31.9611485,39.5873746],[31.9609149,39.587845],[31.9605959,39.5883221],[31.9576093,39.5922511],[31.957191,39.5928783],[31.9570446,39.5931635],[31.9568416,39.5937083],[31.9567081,39.5944099],[31.956752,39.5951766],[31.9570255,39.5963637],[31.9587204,39.6028658],[31.959102,39.6038182],[31.9594391,39.6043849],[31.95969,39.6047253],[31.960188,39.6052965],[31.9612965,39.6063186],[31.9621423,39.6070215],[31.9627343,39.6075588],[31.9632072,39.6080553],[31.9635551,39.6084759],[31.9638647,39.6088929],[31.9641991,39.6094332],[31.9646619,39.6103122],[31.9648854,39.6109248],[31.9651057,39.611754],[31.9652173,39.612423],[31.9652409,39.6130836],[31.9652101,39.6138643],[31.9637188,39.6300944],[31.9636903,39.6307454],[31.9637306,39.6314131],[31.9638649,39.6324236],[31.9646027,39.6368637],[31.9662371,39.6442325],[31.966478,39.6449267],[31.9667755,39.6454367],[31.9690666,39.6488167],[31.969405,39.6495298],[31.9696325,39.6502357],[31.9696791,39.6509587],[31.969428,39.653531],[31.9692583,39.654162],[31.9689991,39.6548271],[31.9686023,39.655551],[31.9681228,39.6561896],[31.9674801,39.6568868],[31.9670168,39.65732],[31.9660817,39.6579899],[31.9650853,39.65851],[31.9570188,39.6621094],[31.9556688,39.6628704],[31.9549855,39.6633867],[31.9543568,39.6639276],[31.9533697,39.6651985],[31.9528013,39.6661584],[31.9523578,39.666822],[31.9516238,39.6675508],[31.9508814,39.6680693],[31.9500112,39.6684773],[31.9494535,39.668671],[31.9486688,39.6688588],[31.944229,39.6696947],[31.9434925,39.6697313],[31.9426501,39.6696803],[31.941897,39.6694751],[31.9411376,39.6691533],[31.9406126,39.6687706],[31.9400773,39.6682381],[31.938723,39.6664671],[31.9380615,39.6658568],[31.9365944,39.6647399],[31.9359772,39.664347],[31.9352576,39.6639644],[31.9344319,39.6637019],[31.9333384,39.6635089],[31.9236596,39.6627476],[31.9225283,39.6627642],[31.9213814,39.6628695],[31.9195352,39.663292],[31.9089252,39.6659555],[31.9074716,39.6661643],[31.9049317,39.666118],[31.9040145,39.6661616],[31.9028459,39.6663592],[31.9019981,39.6666157],[31.9002847,39.6672682],[31.8995482,39.6674682],[31.898848,39.6675719],[31.8981883,39.6675901],[31.8963415,39.6673276],[31.8850154,39.6653943],[31.8842774,39.665346],[31.8837427,39.6653524],[31.8811501,39.6656281],[31.8801997,39.6656897],[31.8792453,39.665695],[31.8781644,39.6656083],[31.8772123,39.6654637],[31.8703604,39.6641481],[31.8685269,39.6640025],[31.867413,39.6640621],[31.8659464,39.6642336],[31.8645704,39.6644687],[31.8402735,39.6700349],[31.8390094,39.6703279],[31.838214,39.6705733],[31.8374763,39.6708298],[31.836812,39.6711044],[31.8356034,39.6717379],[31.8350798,39.672077],[31.8303952,39.6757062],[31.8291968,39.6764374],[31.8279128,39.6770513],[31.8263638,39.6775691],[31.812292,39.6809272],[31.8112408,39.6812116],[31.8033492,39.6845765],[31.802127,39.6850115],[31.8007298,39.6854266],[31.7994978,39.6857292],[31.7982474,39.6859929],[31.7968761,39.6861901],[31.7956145,39.6863254],[31.7940095,39.6864255],[31.7330169,39.6881467],[31.7320709,39.6882274],[31.7299585,39.6885533],[31.7250602,39.6895833],[31.7236233,39.6898125],[31.722072,39.6899755],[31.7206508,39.6899633],[31.7177788,39.6897085],[31.7165594,39.6897349],[31.7159329,39.6898236],[31.715217,39.6899889],[31.7100984,39.6914162],[31.7052573,39.6925465],[31.6940075,39.6950899],[31.6891105,39.6960926],[31.6882097,39.6963758],[31.6877308,39.6965747],[31.6820933,39.699045],[31.681432,39.6992992],[31.6801774,39.6996982],[31.6791426,39.6999089],[31.678074,39.700073],[31.6767223,39.7001408],[31.6755023,39.7000995],[31.6740167,39.6999363],[31.6727236,39.6996347],[31.6713392,39.6991907],[31.6702148,39.698691],[31.6626377,39.6945535],[31.6612795,39.6939983],[31.6603337,39.6937378],[31.6587676,39.6934451],[31.6573534,39.6933067],[31.6559311,39.6933001],[31.6544662,39.6934843],[31.6529355,39.6938114],[31.651206,39.6944442],[31.6504943,39.6947663],[31.6491828,39.6955919],[31.6481825,39.6963463],[31.6469977,39.6975965],[31.6454726,39.6993606],[31.6447283,39.7000108],[31.6439352,39.7006611],[31.6406283,39.7026888],[31.6399581,39.7031892],[31.6318651,39.7099754],[31.6304998,39.7109362],[31.6296418,39.7114833],[31.6255099,39.7136866],[31.6245616,39.7142996],[31.623672,39.7149512],[31.6228962,39.7156575],[31.621829,39.7169893],[31.6210994,39.7183488],[31.6200638,39.7211474],[31.619513,39.7221632],[31.6188121,39.7231294],[31.6175947,39.7243567],[31.6165907,39.7251186],[31.6154164,39.7258563],[31.6141665,39.726591],[31.6127738,39.7275522],[31.6108991,39.7292138],[31.6054121,39.7342591],[31.6046498,39.7351242],[31.6039818,39.7360997],[31.6034469,39.7373018],[31.6031512,39.7384613],[31.6030666,39.7396321],[31.6029998,39.7419542],[31.6029056,39.7425662],[31.6027362,39.74317],[31.6024081,39.7440931],[31.6018556,39.7449649],[31.6013059,39.7456465],[31.600057,39.7467617],[31.5989141,39.7474273],[31.5978629,39.7479284],[31.5968036,39.7483168],[31.5956437,39.7485364],[31.5948317,39.7486551],[31.5843781,39.7494526],[31.5832082,39.7495003],[31.5824911,39.7494917],[31.581238,39.7493608],[31.5800176,39.7491265],[31.5786522,39.7486383],[31.5780082,39.7483446],[31.5751257,39.7468515],[31.5737258,39.7461813],[31.5730677,39.7458969],[31.5714789,39.7453271],[31.5697298,39.7448781],[31.5581663,39.7422918],[31.5572702,39.7421108],[31.5564931,39.7420031],[31.5558009,39.7419577],[31.5550598,39.7419459],[31.553525,39.7420838],[31.5526889,39.7422468],[31.5519649,39.7424513],[31.5512925,39.7426933],[31.5507218,39.742941],[31.5497351,39.7434725],[31.5475462,39.7450635],[31.5469542,39.7454134],[31.5456329,39.7460227],[31.5449931,39.7462443],[31.5442946,39.7464366],[31.5434991,39.7465968],[31.5427115,39.746705],[31.5419517,39.7467497],[31.5410427,39.7467391],[31.5402014,39.7466904],[31.5394345,39.7465537],[31.5385786,39.7463176],[31.5375785,39.7459114],[31.5366643,39.7454393],[31.5346445,39.7440088],[31.5335481,39.7433089],[31.5324278,39.7427737],[31.5226729,39.7385164],[31.5219072,39.7381341],[31.5211795,39.7376768],[31.5205778,39.7372272],[31.5199436,39.7366643],[31.519423,39.7360784],[31.5189513,39.7354199],[31.5184718,39.7345215],[31.5182889,39.7340323],[31.518115,39.7332936],[31.5177723,39.727459],[31.5175887,39.7261021],[31.5174057,39.7253882],[31.5170435,39.7245313],[31.5165307,39.7235553],[31.5157263,39.7224724],[31.5150181,39.7217315],[31.5136285,39.7206875],[31.5060602,39.7163881],[31.504314,39.7155451],[31.5027803,39.7150539],[31.5010801,39.7147402],[31.4942813,39.7140701],[31.4925642,39.7138082],[31.490319,39.7132994],[31.4864086,39.7120742],[31.4855033,39.71171],[31.4848803,39.7113454],[31.484321,39.7108823],[31.4840098,39.7105366],[31.4837608,39.7101377],[31.4835413,39.7095662],[31.4825529,39.7066469],[31.4822679,39.7060169],[31.4803148,39.7033822],[31.4768358,39.6982635],[31.4765527,39.6979484],[31.4761775,39.6976182],[31.4756614,39.6972273],[31.475186,39.6969748],[31.4745818,39.69673],[31.4738569,39.6965246],[31.4666519,39.6948325],[31.4326564,39.6880585],[31.4310037,39.6878125],[31.4293076,39.68764],[31.4276848,39.6875674],[31.4263386,39.6875915],[31.4203083,39.6879854],[31.4155324,39.6884404],[31.4144346,39.6885761],[31.4131952,39.6888186],[31.3951159,39.6929057],[31.3915419,39.6937696],[31.3905272,39.6939653],[31.3897419,39.6940617],[31.388723,39.694135],[31.3874727,39.6941319],[31.3864834,39.6940518],[31.3856236,39.6939297],[31.3732896,39.6918193],[31.3721573,39.6915355],[31.3710419,39.6911258],[31.3701135,39.6906851],[31.3691965,39.6901599],[31.3683969,39.6896201],[31.3676247,39.6888884],[31.3653341,39.6863829],[31.3644407,39.6856501],[31.3636696,39.6851515],[31.3626195,39.6846321],[31.3619583,39.6843611],[31.3613023,39.6841497],[31.3607263,39.6840076],[31.3595108,39.6838102],[31.3581567,39.6837446],[31.3575207,39.6837601],[31.3542413,39.6839911],[31.3532007,39.6840972],[31.3516494,39.6844154],[31.350077,39.6849144],[31.349565,39.6851062],[31.3484302,39.6857045],[31.3475102,39.6862672],[31.3467912,39.686795],[31.3458663,39.6876426],[31.3379588,39.6983961],[31.337393,39.6993829],[31.3369039,39.7006062],[31.3367441,39.701258],[31.3364467,39.7034134],[31.3362009,39.7047054],[31.3358566,39.7056298],[31.33548,39.7063717],[31.3344975,39.7076436],[31.3331342,39.7091255],[31.3321632,39.7100298],[31.3311282,39.7107393],[31.3300312,39.7112815],[31.3288762,39.7116659],[31.3277459,39.7119451],[31.3265194,39.7121292],[31.3252131,39.7121835],[31.3212271,39.7119109],[31.2893608,39.7094213],[31.288217,39.7094015],[31.2874355,39.7094539],[31.2864285,39.7095955],[31.2855785,39.7097767],[31.2847125,39.7100558],[31.284017,39.7103292],[31.2818309,39.7113546],[31.2806981,39.7117397],[31.2791966,39.7120845],[31.2734229,39.7130778],[31.2720191,39.7132687],[31.2710107,39.7133089],[31.2700497,39.7132646],[31.2691682,39.7131681],[31.2682656,39.7130025],[31.2674475,39.712759],[31.2666079,39.7124522],[31.2657684,39.7120647],[31.2648658,39.7115399],[31.2641836,39.7110394],[31.2636169,39.7105308],[31.2629872,39.7098364],[31.2558778,39.6999893],[31.2553636,39.6992387],[31.2546115,39.6985194],[31.2539677,39.6979921],[31.2527841,39.6973262],[31.2522575,39.6971012],[31.2516234,39.6968687],[31.2505713,39.6965618],[31.2500021,39.6964598],[31.248983,39.696365],[31.2478544,39.6963787],[31.2473877,39.6964259],[31.2466972,39.6965317],[31.2455326,39.6968045],[31.2448812,39.6970243],[31.2442123,39.6973087],[31.2435352,39.6976631],[31.2427479,39.6981782],[31.2420327,39.6988264],[31.2415457,39.6993602],[31.2410533,39.7000455],[31.2406543,39.7008737],[31.2400457,39.7026141],[31.2396922,39.7033132],[31.2390234,39.7042205],[31.2384866,39.7047798],[31.2376983,39.7054364],[31.2355469,39.7069382],[31.2345081,39.7075717],[31.2339124,39.7078782],[31.2331092,39.7082345],[31.2315746,39.7087632],[31.2232345,39.7112644],[31.2222594,39.7114671],[31.2216354,39.7115593],[31.2208188,39.7116424],[31.2200317,39.7116504],[31.219214,39.7116034],[31.2183806,39.7115129],[31.2175489,39.7113509],[31.2166295,39.7111],[31.2094522,39.7085185],[31.2084051,39.7082703],[31.207778,39.708158],[31.2036336,39.707545],[31.202338,39.707292],[31.2012587,39.7069342],[31.2006079,39.7066687],[31.1984613,39.7055773],[31.1973053,39.7051621],[31.1963796,39.7049425],[31.193624,39.704662],[31.1816791,39.7036503],[31.179447,39.7034972],[31.1782828,39.7035709],[31.1777707,39.7036362],[31.1764039,39.7039378],[31.1751797,39.7043113],[31.1744462,39.7046172],[31.1663466,39.708345],[31.1653623,39.7087664],[31.1642729,39.7091208],[31.1631411,39.709388],[31.1616577,39.709608],[31.1606436,39.7096631],[31.1596295,39.7096691],[31.1563645,39.7095791],[31.1548236,39.7097153],[31.1535305,39.7099478],[31.1395886,39.713212],[31.1385877,39.7134864],[31.1376434,39.7138207],[31.1369244,39.7141241],[31.1362692,39.7144548],[31.1355819,39.7148536],[31.1349653,39.7152632],[31.1319337,39.7175729],[31.1307511,39.7183919],[31.1294624,39.7191728],[31.1280929,39.7198782],[31.126695,39.7205127],[31.1253656,39.7210123],[31.1239101,39.7214622],[31.1211798,39.7220966],[31.1127325,39.7236548],[31.102082,39.7248593],[31.1008896,39.7250571],[31.0999132,39.7252888],[31.0807179,39.7318773],[31.07889,39.7325235],[31.0777548,39.7330087],[31.058126,39.7440034],[31.0568118,39.7447826],[31.0559776,39.7453651],[31.0514589,39.7487506],[31.0501592,39.7496013],[31.0488887,39.7502156],[31.0475073,39.7507067],[31.0362099,39.7536151],[31.0236034,39.7577595],[31.0228092,39.7579793],[31.0221592,39.7581406],[31.0208011,39.7583434],[31.0192887,39.7584377],[31.0183949,39.758426],[31.0009826,39.7571325],[30.9998911,39.7571145],[30.9988399,39.7571625],[30.9768255,39.7590927],[30.9755141,39.7592807],[30.9741072,39.7596157],[30.9724845,39.7602094],[30.9589193,39.7659994],[30.9577,39.7664758],[30.9379811,39.7749634],[30.9354434,39.7759258],[30.9344384,39.7762278],[30.9331694,39.7765447],[30.9312123,39.7769493],[30.8999384,39.7811862],[30.8573985,39.7868989],[30.8558142,39.7871162],[30.8548349,39.787297],[30.8524458,39.7878429],[30.7759167,39.8063119],[30.7745811,39.8066097],[30.77354,39.8067538],[30.772595,39.8068336],[30.7710511,39.8068543],[30.730615,39.8065018],[30.7284135,39.806409],[30.6516644,39.7978461],[30.649833,39.7976713],[30.6491568,39.7976421],[30.6484722,39.7976493],[30.6468049,39.7978014],[30.6461278,39.7978215],[30.645584,39.7977899],[30.6450209,39.7977095],[30.6442067,39.7975169],[30.6433038,39.7971832],[30.6413675,39.7962837],[30.6407288,39.7960195],[30.640106,39.795816],[30.6394208,39.7956758],[30.6388129,39.7955928],[30.6381834,39.7955633],[30.6323771,39.7955795],[30.6308003,39.7954601],[30.6030805,39.792418],[30.563569,39.7879663],[30.5509009,39.7865091],[30.5523631,39.786728],[30.5528316,39.7868275],[30.5406288,39.7854396],[30.5392207,39.785252],[30.5345134,39.7845142],[30.5184885,39.7817593],[30.5107851,39.7805408],[30.5069965,39.7800687],[30.4980709,39.7785529],[30.5007647,39.7791799],[30.4980709,39.7785529],[30.4950453,39.7779828],[30.4918346,39.777283],[30.4902099,39.7769735],[30.4775936,39.7748101],[30.4793342,39.7750333],[30.4805055,39.7752409],[30.4810228,39.7752736],[30.4821263,39.7752763],[30.4827849,39.7751591],[30.4831471,39.7750458],[30.4836567,39.7747685],[30.4840416,39.7744974],[30.4843138,39.7742573],[30.4846515,39.7738083],[30.484856,39.7733362],[30.4849042,39.7730816],[30.4849227,39.7726916],[30.4848691,39.7723287],[30.4846724,39.7718821],[30.4843152,39.7714019],[30.4837726,39.7708868],[30.4822248,39.7696752],[30.4817836,39.7692284],[30.4809757,39.7683181],[30.480712,39.7678273],[30.4761238,39.7575766],[30.4758981,39.7571229],[30.4756793,39.7567781],[30.4753867,39.7563986],[30.4751082,39.7561051],[30.4744421,39.7555478],[30.4736893,39.755108],[30.4725355,39.7546042],[30.4716414,39.7540964],[30.4713376,39.7538782],[30.4702683,39.7528185],[30.4696644,39.7521931],[30.4691844,39.7515368],[30.4690301,39.7512096],[30.468709,39.7501536],[30.4685336,39.7497499],[30.4681917,39.7491977],[30.4680124,39.7489737],[30.467625,39.7485916],[30.4671119,39.7482325],[30.4664212,39.7478687],[30.4617845,39.7458237],[30.460537,39.7453282],[30.4598749,39.7451149],[30.4581799,39.7447227],[30.4461845,39.7422529],[30.4411953,39.7412627],[30.4401707,39.741019],[30.4394745,39.7408117],[30.4382006,39.7403478],[30.4377094,39.7401265],[30.4365711,39.7395117],[30.4313633,39.7361699],[30.4302671,39.7352872],[30.4294318,39.7345173],[30.4288798,39.7339172],[30.4283371,39.7332567],[30.4274524,39.7319544],[30.42719,39.7314881],[30.4267734,39.7306164],[30.4263696,39.7295379],[30.4259981,39.7280306],[30.4257845,39.7266744],[30.4257874,39.7262017],[30.4258902,39.7253644],[30.426145,39.7245902],[30.4266486,39.7236934],[30.426979,39.7232817],[30.4273116,39.7229428],[30.4328773,39.718098],[30.4341277,39.716555],[30.434438,39.7160128],[30.4345608,39.7156774],[30.4346561,39.7151911],[30.4346443,39.7149386],[30.4344524,39.7142735],[30.4343194,39.7140237],[30.4337841,39.7133541],[30.4332521,39.7128864],[30.4327059,39.7125218],[30.4318607,39.7121257],[30.4311546,39.7119174],[30.4304964,39.7118047],[30.4297966,39.711781],[30.4291402,39.7118117],[30.4283959,39.7119545],[30.4275108,39.7122739],[30.4239915,39.7138251],[30.4234011,39.7140293],[30.4227047,39.7141887],[30.4220563,39.7142459],[30.4215296,39.714224],[30.421067,39.7141471],[30.4205854,39.7140381],[30.4202688,39.7139292],[30.4144557,39.7111992],[30.4141219,39.7110047],[30.4135018,39.7105094],[30.4133006,39.7103036],[30.4129417,39.7097813],[30.4128307,39.7095423],[30.412683,39.7090036],[30.4126492,39.7083557],[30.4126986,39.7080419],[30.4127691,39.7077531],[30.4130925,39.7071087],[30.4135483,39.7065802],[30.4144782,39.7058063],[30.4204572,39.7015458],[30.421597,39.7008123],[30.4225238,39.7003034],[30.4233587,39.6997984],[30.4240386,39.6991579],[30.4284656,39.6940066],[30.4289978,39.6932141],[30.4294784,39.6922895],[30.429796,39.6912327],[30.4299419,39.6904402],[30.4299419,39.6897136],[30.4297531,39.6889013],[30.4293669,39.6880426],[30.428766,39.6870056],[30.428397,39.6864112],[30.4279507,39.685929],[30.4274357,39.6854864],[30.4267919,39.6851364],[30.4259937,39.6848391],[30.4223717,39.6838814],[30.4216678,39.6835709],[30.4210842,39.6831085],[30.4207237,39.6826462],[30.4204405,39.6820649],[30.4203546,39.6813713],[30.4204405,39.6807438],[30.42117,39.6783657],[30.4212387,39.6777711],[30.4212387,39.6770313],[30.421067,39.6764169],[30.4207838,39.6758025],[30.4203117,39.6751419],[30.4197109,39.6745209],[30.4190243,39.6740057],[30.4182518,39.6736225],[30.4175222,39.6733979],[30.4104841,39.6720105],[30.4094971,39.6717066],[30.4086216,39.671297],[30.4078834,39.6707553],[30.4071968,39.6700748],[30.4067333,39.6693481],[30.4064162,39.6685932],[30.4063114,39.6677955],[30.4059651,39.6637949],[30.4060018,39.6621122],[30.4062906,39.6607375],[30.4064255,39.6598289],[30.4064053,39.6592083],[30.4062833,39.6585938],[30.4044476,39.6530693],[30.4041084,39.6524764],[30.4035742,39.6518113],[30.4029166,39.6513093],[30.4021843,39.6508622],[30.4013002,39.6505119],[30.4005681,39.6503248],[30.3997124,39.6502208],[30.3988421,39.6501652],[30.397944,39.6501759],[30.3972425,39.6502526],[30.3963478,39.65047],[30.3959762,39.6506424],[30.3954844,39.6509277],[30.394923,39.6513093],[30.3932751,39.6525847],[30.3926914,39.6529284],[30.3919113,39.6532735],[30.3913576,39.6534114],[30.3908702,39.65346],[30.3832392,39.6540534],[30.3824718,39.6540658],[30.3816805,39.6539942],[30.3808395,39.6538671],[30.3753364,39.6528755],[30.374152,39.6526112],[30.3731048,39.6522675],[30.372032,39.6518182],[30.3709419,39.6512432],[30.3700149,39.6506286],[30.3669491,39.6483968],[30.3656119,39.6475045],[30.3643154,39.6463794],[30.3639359,39.6460128],[30.359876,39.641196],[30.3541613,39.6346167],[30.353235,39.6338806],[30.3526771,39.6335963],[30.3519733,39.633398],[30.3513039,39.6332658],[30.3478535,39.6329684],[30.3472526,39.6328362],[30.3465409,39.6325812],[30.345921,39.6322849],[30.3441949,39.6312259],[30.3435791,39.6309631],[30.3418654,39.6305371],[30.3411862,39.6302914],[30.3403871,39.6299346],[30.3366543,39.6278998],[30.3357503,39.6274851],[30.3319919,39.6259281],[30.3313053,39.62571],[30.3306358,39.6255645],[30.3289707,39.6254323],[30.3282326,39.6253001],[30.3275974,39.625115],[30.3268249,39.6248043],[30.3261984,39.6244539],[30.3174457,39.6189865],[30.3125062,39.6159886],[30.3118774,39.6155132],[30.3114538,39.6149696],[30.3112493,39.6144505],[30.310948,39.6132439],[30.3106768,39.6127069],[30.3102416,39.6122161],[30.309729,39.6118376],[30.3090262,39.6114998],[30.3083696,39.6113193],[30.3074403,39.6111898],[30.3066793,39.6109915],[30.3060316,39.6106735],[30.3055139,39.6102984],[30.3052386,39.6100249],[30.3049963,39.6096439],[30.3045168,39.608492],[30.3039296,39.6077628],[30.3024221,39.6067124],[30.3001207,39.604977],[30.2994206,39.6042955],[30.2991958,39.6038683],[30.2990022,39.60336],[30.2987384,39.6029176],[30.298094,39.602274],[30.2975859,39.6019362],[30.2969114,39.6016977],[30.2962521,39.6015734],[30.2939019,39.6013985],[30.2933448,39.6012956],[30.292649,39.6010582],[30.291402,39.6004201],[30.2908636,39.6002157],[30.2903658,39.6000703],[30.2898655,39.6000102],[30.2892716,39.6000187],[30.2886645,39.6001269],[30.2881315,39.6002989],[30.2876135,39.600531],[30.2860296,39.6015098],[30.2854335,39.6017599],[30.2847929,39.601936],[30.2844472,39.6019925],[30.2836372,39.601996],[30.2831596,39.6019295],[30.2825666,39.6017702],[30.281972,39.6015087],[30.276891,39.5987185],[30.2761568,39.5982283],[30.2757003,39.59779],[30.2753955,39.5973371],[30.2750969,39.5967839],[30.2737423,39.5934801],[30.2733636,39.5927257],[30.2729797,39.5922602],[30.2724711,39.5917798],[30.2713028,39.5910985],[30.2706297,39.5908453],[30.2693013,39.5905846],[30.2661802,39.5901163],[30.2658307,39.5900911],[30.2641911,39.5901649],[30.2636253,39.5900891],[30.2630205,39.5898979],[30.2624582,39.5896577],[30.2613242,39.5890261],[30.2609044,39.5887163],[30.2604425,39.5881843],[30.2597906,39.5872021],[30.2594102,39.5866919],[30.2590664,39.5863316],[30.2586244,39.5859967],[30.2573268,39.5854257],[30.256666,39.5852043],[30.2557681,39.5848155],[30.2550676,39.5844015],[30.2545669,39.5840317],[30.2532772,39.5828694],[30.2527008,39.5824553],[30.2521025,39.5820916],[30.2480199,39.5801846],[30.24737,39.5799714],[30.2457296,39.5795703],[30.245173,39.5794049],[30.2428493,39.5784746],[30.2422463,39.5783161],[30.2415937,39.5782334],[30.2408551,39.5782527],[30.2405127,39.5782995],[30.2401846,39.5783905],[30.23808,39.5791223],[30.2375042,39.5792422],[30.2368229,39.5793236],[30.2360093,39.5792987],[30.2339313,39.579078],[30.2335291,39.5790907],[30.2330326,39.5791701],[30.2321692,39.5794531],[30.2277356,39.5816072],[30.2262228,39.5821833],[30.2248066,39.582481],[30.2234762,39.5826794],[30.2221029,39.5827125],[30.2206914,39.5826479],[30.2078041,39.5810443],[30.206868,39.5808602],[30.2055376,39.5804964],[30.204336,39.5800664],[30.2032202,39.5795041],[30.2020432,39.5788522],[30.1963,39.5739662],[30.1956751,39.5732428],[30.1951203,39.5724704],[30.1946435,39.5715418],[30.1888264,39.558312],[30.1884401,39.5573194],[30.1881397,39.5563135],[30.1876941,39.5546066],[30.1870239,39.5512973],[30.1867235,39.5502384],[30.1863544,39.5493515],[30.1860111,39.5486897],[30.1769388,39.5338235],[30.1764839,39.5329828],[30.1761406,39.5322083],[30.1758488,39.5313278],[30.1721065,39.5189276],[30.1717461,39.5183714],[30.1713598,39.5178881],[30.1708706,39.5174577],[30.1703041,39.5170472],[30.1654117,39.5139616],[30.1646049,39.5134054],[30.1639784,39.5128757],[30.1633812,39.5121792],[30.1630342,39.5116837],[30.162751,39.5110348],[30.1626051,39.510505],[30.1575589,39.4876183],[30.1571976,39.4865211],[30.1568287,39.4858672],[30.1517647,39.4787789],[30.1512497,39.4779176],[30.1484173,39.4724849],[30.1477735,39.471458],[30.1472586,39.4707954],[30.1464861,39.4701328],[30.1435249,39.4684101],[30.1426237,39.4680125],[30.1347702,39.466356],[30.133869,39.466091],[30.1331823,39.4657265],[30.1327103,39.465329],[30.129792,39.4625128],[30.129277,39.4617839],[30.1289337,39.4610549],[30.1286762,39.4600609],[30.1285904,39.459332],[30.128762,39.458603],[30.1291054,39.4580066],[30.1296633,39.4575096],[30.1314657,39.4564824],[30.132324,39.4558197],[30.1327961,39.4552233],[30.1331823,39.4543949],[30.133354,39.4537321],[30.133354,39.4530694],[30.1330107,39.4524398],[30.1317661,39.4507498],[30.1315086,39.4502196],[30.1311224,39.4485626],[30.1307361,39.4479661],[30.1293629,39.4461103],[30.1291054,39.4455138],[30.1290195,39.444851],[30.1291912,39.4442544],[30.1296203,39.4433928],[30.1309936,39.4413711],[30.1314228,39.4406751],[30.1317232,39.4400454],[30.131809,39.4394488],[30.1317232,39.4388854],[30.1314228,39.4382888],[30.1300924,39.4365984],[30.1298349,39.4359024],[30.129792,39.4353058],[30.1299637,39.4347092],[30.1309507,39.4328198],[30.1314657,39.4315271],[30.1317661,39.4303669],[30.1319378,39.4293394],[30.131989,39.4279691],[30.1320236,39.4249968],[30.1319378,39.4237702],[30.1316803,39.4225437],[30.131294,39.4213833],[30.1309078,39.4204882],[30.1275175,39.4144211],[30.1269167,39.413559],[30.1261442,39.4127301],[30.125243,39.4119676],[30.1242559,39.4112713],[30.123183,39.4106744],[30.1163166,39.4078892],[30.1152437,39.4073918],[30.1143425,39.4068281],[30.1136988,39.4061981],[30.1131409,39.4054023],[30.1117015,39.4031521],[30.1039045,39.3934882],[30.103648,39.3932514],[30.1032913,39.3928315],[30.1026189,39.3922803],[30.1018613,39.3918787],[30.1012091,39.3916297],[30.1007496,39.3915016],[30.0998793,39.3913638],[30.0975457,39.3913395],[30.094016,39.3914105],[30.0918826,39.3914952],[30.0909466,39.3916569],[30.0904289,39.3917937],[30.0899568,39.3919761],[30.0759986,39.3989893],[30.0748351,39.3995463],[30.0743169,39.3997572],[30.0731461,39.4001241],[30.0718881,39.4004039],[30.0704939,39.4005844],[30.0598542,39.4014893],[30.0585464,39.4016845],[30.0577059,39.4018837],[30.0568571,39.4021477],[30.0553782,39.4027467],[30.0498323,39.405671],[30.0484738,39.4062484],[30.0477228,39.4064888],[30.0165032,39.4140735],[30.0064811,39.4157344],[30.0058602,39.415867],[30.0049549,39.4161561],[30.0038499,39.4166928],[30.0035535,39.4168575],[30.0029822,39.417245],[30.0026335,39.4175869],[30.0019142,39.4184545],[30.0016047,39.4190202],[30.000901,39.4205455],[29.9990565,39.424814],[29.9988202,39.4252341],[29.9984735,39.4256218],[29.9979249,39.4260561],[29.9971416,39.4265398],[29.9839801,39.4330566],[29.982675,39.4335169],[29.9814692,39.4335786],[29.980668,39.4334901],[29.9698694,39.4308309],[29.9688676,39.4307053],[29.9680048,39.4306866],[29.9670931,39.4307773],[29.9658447,39.4310641],[29.958725,39.4329748],[29.9576409,39.4331648],[29.9482053,39.4343256],[29.9471891,39.4345587],[29.9461388,39.4348762],[29.9450047,39.4353949],[29.939582,39.4388251],[29.9357504,39.4413933],[29.9310203,39.4444442],[29.9300893,39.4449738],[29.9290109,39.4454969],[29.9179328,39.4495342],[29.9170129,39.449797],[29.9166369,39.4498608],[29.9158183,39.4499267],[29.9150421,39.4498401],[29.9078485,39.448604],[29.9071071,39.4485568],[29.9062926,39.448636],[29.9047902,39.4490553],[29.9038509,39.4493876],[29.9030827,39.4498101],[29.9002452,39.4518967],[29.8996797,39.4522235],[29.8987988,39.4525681],[29.8980325,39.4526987],[29.8967444,39.4527561],[29.8948231,39.4527421],[29.8940206,39.4528026],[29.8933524,39.4529147],[29.8925629,39.4531792],[29.8887093,39.4552482],[29.886506,39.4564831],[29.8856638,39.4568969],[29.8849833,39.4571268],[29.8843708,39.4572384],[29.8836732,39.4572844],[29.8810956,39.457199],[29.8802237,39.4572482],[29.8796962,39.4573271],[29.8733585,39.4590545],[29.8725163,39.4592647],[29.8719548,39.4593304],[29.8711636,39.4593172],[29.8685009,39.4589954],[29.8676842,39.4589888],[29.8669696,39.4590808],[29.8664731,39.4592197],[29.8658376,39.45947],[29.8582762,39.4629476],[29.8574648,39.4632695],[29.8567697,39.4634177],[29.855988,39.4635201],[29.8537756,39.4634756],[29.8528564,39.4635207],[29.8522439,39.4636717],[29.8516484,39.4638622],[29.8510274,39.4641906],[29.8500406,39.4647948],[29.849343,39.4651232],[29.8486965,39.465353],[29.8479563,39.465491],[29.8470616,39.4655626],[29.8412928,39.4658516],[29.8406376,39.465937],[29.8399943,39.466099],[29.8389587,39.4664988],[29.8374114,39.4672558],[29.8367617,39.4676595],[29.8364118,39.4679491],[29.836144,39.4682262],[29.8358376,39.4686563],[29.8356916,39.4689426],[29.835511,39.4694565],[29.8354137,39.4701265],[29.8353869,39.4715794],[29.8353218,39.4721487],[29.8351982,39.4725973],[29.8349942,39.4730984],[29.8348006,39.4734376],[29.8345286,39.4738166],[29.8342385,39.4741538],[29.8339213,39.474454],[29.8333925,39.4748545],[29.8328301,39.4751856],[29.8323604,39.475408],[29.8313021,39.47576],[29.8112451,39.4809132],[29.7893897,39.48737],[29.7879513,39.4877444],[29.7861641,39.4881385],[29.7844662,39.4884373],[29.7505545,39.4926114],[29.7495758,39.4926573],[29.7485289,39.4926376],[29.7474566,39.4925325],[29.7378734,39.491173],[29.7368266,39.49093],[29.7359414,39.4906541],[29.7350563,39.4903257],[29.723805,39.4848543],[29.7231242,39.4846244],[29.7222646,39.4844733],[29.7216008,39.4844076],[29.7209199,39.4843879],[29.7062813,39.4854915],[29.7047153,39.4855177],[29.7042047,39.4854783],[29.7020429,39.4851827],[29.7013536,39.4851696],[29.7007152,39.4852156],[29.7001535,39.4853141],[29.6964003,39.4864767],[29.6959492,39.4866803],[29.695413,39.4869759],[29.6942981,39.4876919],[29.6932002,39.4882239],[29.6905704,39.4890449],[29.6892129,39.4893963],[29.687915,39.4894127],[29.6863762,39.4893374],[29.6769921,39.4884713],[29.6762892,39.488375],[29.6754637,39.4881779],[29.674571,39.4878712],[29.674085,39.4875474],[29.6735864,39.4870688],[29.6716764,39.4850317],[29.6708898,39.4844539],[29.6701359,39.4841974],[29.6692651,39.4840397],[29.668587,39.4840464],[29.6680367,39.4841651],[29.6672534,39.4844097],[29.6658212,39.4853136],[29.6647405,39.4858246],[29.6639352,39.4860109],[29.6629198,39.4859576],[29.6605367,39.4852708],[29.6589176,39.4847233],[29.657881,39.4845054],[29.6569593,39.4843872],[29.6533615,39.484204],[29.6525344,39.4842192],[29.6515934,39.4844179],[29.6510828,39.484615],[29.6497212,39.48539],[29.6471086,39.4870845],[29.6465639,39.4873078],[29.6459001,39.487472],[29.6453555,39.4875114],[29.6447683,39.4874786],[29.6433896,39.4873275],[29.6426833,39.4873078],[29.6419684,39.4873604],[29.641211,39.487518],[29.6375431,39.4885098],[29.6359943,39.4890352],[29.6341646,39.4899875],[29.6336029,39.4904012],[29.6322583,39.4915112],[29.631637,39.4918461],[29.6310158,39.4920431],[29.6303009,39.4921613],[29.628233,39.4922533],[29.6273819,39.4924306],[29.6265565,39.492667],[29.6245395,39.4933369],[29.6237906,39.4936324],[29.623263,39.4939739],[29.622846,39.4943811],[29.6221907,39.4952676],[29.6217142,39.4957864],[29.6212376,39.4961214],[29.62071,39.4963643],[29.6198249,39.4966073],[29.6173059,39.4971786],[29.6165229,39.4972443],[29.6158762,39.4971983],[29.6152039,39.4970998],[29.6142337,39.4968437],[29.6118083,39.4960097],[29.6113232,39.4957996],[29.6108892,39.4955172],[29.6104892,39.4951626],[29.6097744,39.4942694],[29.6092212,39.4937047],[29.6088382,39.4934485],[29.6083617,39.4931924],[29.607834,39.492956],[29.6072724,39.4928049],[29.6066086,39.4926933],[29.6059089,39.4926907],[29.6050767,39.4927721],[29.5971027,39.4940856],[29.5962517,39.4941972],[29.595239,39.4942694],[29.59192,39.4943285],[29.5912817,39.4942957],[29.5907201,39.4942235],[29.5887712,39.4937375],[29.5881585,39.493639],[29.5874181,39.4936193],[29.5867458,39.4936915],[29.5847034,39.4941315],[29.584014,39.4941775],[29.5832481,39.4941381],[29.5824226,39.493987],[29.5807291,39.493593],[29.5800738,39.4935339],[29.579359,39.493547],[29.5787888,39.4936324],[29.5779845,39.4938825],[29.5771374,39.4942426],[29.5741167,39.4960688],[29.5732401,39.4966861],[29.5728146,39.497067],[29.5724827,39.4975398],[29.5717423,39.4988269],[29.5714615,39.4991881],[29.5710445,39.4996281],[29.5689255,39.5013091],[29.5685085,39.5015784],[29.5679638,39.5018607],[29.5673256,39.5020511],[29.5654108,39.5024977],[29.5634194,39.5032856],[29.5627811,39.5034564],[29.5619556,39.5035548],[29.5595983,39.5036796],[29.5586622,39.5037912],[29.5577811,39.503985],[29.5570406,39.5042675],[29.5564021,39.5045827],[29.5552444,39.5055285],[29.5547932,39.506054],[29.5506561,39.5115577],[29.5500347,39.5122472],[29.5494473,39.5127529],[29.54886,39.5131535],[29.5481194,39.5135804],[29.5404947,39.5174662],[29.5106523,39.532477],[29.5099533,39.5327699],[29.5093061,39.5329762],[29.4905846,39.5376227],[29.4901735,39.5377919],[29.4897815,39.5380091],[29.4885501,39.53877],[29.4828929,39.5425518],[29.4824076,39.5428096],[29.4820321,39.5429627],[29.4814312,39.5431398],[29.4809896,39.5432254],[29.4803906,39.5432915],[29.4798577,39.543295],[29.4793937,39.5432605],[29.4783645,39.5430763],[29.4271308,39.532561],[29.4199621,39.5317104],[29.4190143,39.5315575],[29.4102861,39.5296436],[29.4095795,39.5293977],[29.4091573,39.5291651],[29.4087437,39.5288395],[29.4083905,39.5284474],[29.4081492,39.5280353],[29.4079769,39.5276033],[29.407908,39.5271647],[29.4079597,39.5267061],[29.4081061,39.526221],[29.4083474,39.5258023],[29.4086576,39.5254301],[29.4099931,39.5244066],[29.4103291,39.5240544],[29.4105445,39.5237154],[29.4107255,39.5232967],[29.4108289,39.5228514],[29.4108289,39.5223728],[29.4107169,39.5219275],[29.4102344,39.5211432],[29.40995,39.5208442],[29.4095968,39.5205584],[29.4083732,39.5197275],[29.4075375,39.5188568],[29.4042461,39.514656],[29.4038928,39.5142571],[29.4029881,39.5135259],[29.4024625,39.5132335],[29.398904,39.511678],[29.3982836,39.5114586],[29.397646,39.5112792],[29.3969481,39.5111728],[29.3954833,39.5111728],[29.3947423,39.5112659],[29.391089,39.5120037],[29.3904687,39.5120968],[29.3897363,39.5121234],[29.3889522,39.5120835],[29.3882026,39.5119572],[29.3775357,39.5093913],[29.3768894,39.5092051],[29.3762432,39.5089326],[29.3756315,39.5086002],[29.3750714,39.508188],[29.3746923,39.5078357],[29.374339,39.5074501],[29.3740202,39.5069648],[29.3693416,39.4989205],[29.3689625,39.4984085],[29.3684369,39.4978168],[29.3642754,39.494235],[29.3587005,39.4892992],[29.3559175,39.4868788],[29.3555642,39.486533],[29.3552195,39.486134],[29.3547456,39.4855222],[29.3544182,39.485223],[29.3539874,39.4848971],[29.3535997,39.484691],[29.3531258,39.4845048],[29.3526088,39.4843718],[29.3520918,39.4843252],[29.3515318,39.4843252],[29.3495845,39.4845713],[29.3489728,39.4845713],[29.3482318,39.4845048],[29.346586,39.4841257],[29.3460518,39.4839528],[29.3452247,39.483494],[29.3449145,39.4832346],[29.3445785,39.4828489],[29.3443027,39.48241],[29.3439701,39.481328],[29.3436048,39.4805745],[29.3433463,39.4802154],[29.3413991,39.4782801],[29.3411061,39.477901],[29.3408821,39.4774488],[29.3404685,39.4762184],[29.3402962,39.4758925],[29.3400722,39.4755932],[29.3397792,39.4752806],[29.3394346,39.4750079],[29.338392,39.4745224],[29.3355055,39.473405],[29.3350144,39.4731922],[29.3345405,39.4729062],[29.3341528,39.4726002],[29.3338168,39.4722477],[29.3314559,39.4688489],[29.3310854,39.4684831],[29.3306546,39.4681305],[29.3297499,39.4675918],[29.3253318,39.4662442],[29.3247714,39.4661377],[29.3241766,39.4660711],[29.3234351,39.4660778],[29.3199693,39.4662442],[29.3194176,39.4661976],[29.3188658,39.4660978],[29.3184434,39.4659513],[29.3172278,39.4654322],[29.3152879,39.4648931],[29.3142448,39.4647733],[29.3136585,39.46474],[29.3131326,39.4646069],[29.3126584,39.4644471],[29.3117877,39.4640212],[29.3108738,39.4637017],[29.3103479,39.4636418],[29.3097875,39.4636884],[29.3091926,39.4638082],[29.3087012,39.4640078],[29.3082702,39.4642674],[29.3074856,39.4649064],[29.3072356,39.4652325],[29.3070632,39.4655653],[29.3069511,39.4658781],[29.3069252,39.4663241],[29.306977,39.4675953],[29.3068907,39.4680612],[29.3067356,39.4684206],[29.3064424,39.4688132],[29.3060803,39.469126],[29.3057096,39.4693457],[29.3052527,39.469532],[29.304563,39.4697383],[29.3020197,39.4702175],[29.3012524,39.4703107],[29.3000712,39.470304],[29.2980625,39.4700312],[29.2975538,39.4699979],[29.2971314,39.4700245],[29.2965968,39.4701243],[29.2960106,39.4703107],[29.2955105,39.4705902],[29.2950709,39.4709163],[29.2941742,39.4717482],[29.293769,39.4724137],[29.2932,39.4740309],[29.2928034,39.4749093],[29.2924155,39.4755682],[29.2922862,39.4759342],[29.2922172,39.4763734],[29.2922517,39.4767527],[29.2923551,39.4772651],[29.2925189,39.4776777],[29.2927345,39.4780504],[29.294157,39.479694],[29.2949329,39.4807587],[29.2953123,39.481138],[29.2956744,39.4813509],[29.2962434,39.4816171],[29.2967865,39.4817435],[29.2973728,39.4817968],[29.2987608,39.4817702],[29.2993643,39.4818301],[29.299804,39.4819365],[29.3002178,39.4821029],[29.3006058,39.4823358],[29.3009937,39.4826419],[29.301261,39.4829413],[29.3013989,39.4831875],[29.3018731,39.4844318],[29.3020628,39.4847711],[29.3023818,39.4851837],[29.302787,39.485543],[29.3033043,39.485889],[29.3053734,39.4869137],[29.3058993,39.4874526],[29.3060976,39.4877387],[29.3061924,39.4881512],[29.3062355,39.4885238],[29.3063821,39.4920701],[29.3064855,39.4926223],[29.3066149,39.4930747],[29.3068218,39.493434],[29.3079339,39.4947114],[29.3082012,39.4951638],[29.3083046,39.4955297],[29.3085202,39.4975455],[29.3086754,39.497938],[29.3095116,39.4994215],[29.3095375,39.5000402],[29.3093607,39.5010752],[29.3093434,39.5014479],[29.3094211,39.5018006],[29.3096453,39.5022265],[29.3099903,39.5026325],[29.3102922,39.5028588],[29.3116464,39.5037107],[29.3119828,39.5039702],[29.3122933,39.504323],[29.3125952,39.5050816],[29.3126038,39.5054477],[29.3125607,39.505827],[29.3123968,39.506193],[29.3122071,39.5064592],[29.3117672,39.5069317],[29.3113704,39.5071646],[29.3109305,39.5073709],[29.3103871,39.507524],[29.3098437,39.5075772],[29.3093218,39.5075473],[29.3088474,39.5074608],[29.3083384,39.5073077],[29.308002,39.507148],[29.307562,39.5068285],[29.3039627,39.5038126],[29.3035294,39.5035439],[29.303016,39.5033143],[29.3024746,39.5031302],[29.3020088,39.5030683],[29.3014262,39.5030664],[29.3008594,39.5031212],[29.3003418,39.5032477],[29.2998156,39.503454],[29.2993411,39.5037269],[29.2986429,39.504195],[29.296667,39.5058102],[29.2962615,39.5060698],[29.2957612,39.5062561],[29.2953385,39.5063493],[29.2948727,39.5064092],[29.2943292,39.5064092],[29.2937771,39.5063094],[29.2933501,39.5061863],[29.2929361,39.50598],[29.2925824,39.5057404],[29.2900894,39.5035839],[29.2898134,39.503291],[29.2895546,39.5029316],[29.2887438,39.501687],[29.2884936,39.5014274],[29.2881917,39.5011811],[29.2876914,39.5009282],[29.2849482,39.4999031],[29.2843789,39.4997633],[29.28387,39.4997034],[29.2829125,39.4997301],[29.2814805,39.4999963],[29.2809026,39.5001561],[29.2803677,39.5003824],[29.2793843,39.5009149],[29.2757355,39.5030581],[29.2750712,39.5035173],[29.2745105,39.5039633],[29.2726473,39.5055939],[29.2723109,39.5059467],[29.2720866,39.5062994],[29.2719399,39.5066854],[29.2718278,39.5071447],[29.2716208,39.5084092],[29.2715086,39.5087686],[29.2713275,39.5091746],[29.2709997,39.5096538],[29.270646,39.5099599],[29.2700853,39.5103126],[29.2676959,39.5116703],[29.2672732,39.5119897],[29.2661431,39.5132342],[29.2657895,39.5134738],[29.2652978,39.5136867],[29.2648406,39.5138132],[29.2641677,39.5138664],[29.2636243,39.5138265],[29.263124,39.5137133],[29.2623476,39.5134139],[29.2619681,39.513141],[29.2616575,39.5128083],[29.2614591,39.5124955],[29.2613039,39.5121694],[29.2611055,39.5116237],[29.2604499,39.5092278],[29.2602601,39.5088418],[29.2600272,39.5085024],[29.259708,39.5081896],[29.2593716,39.5079234],[29.2574134,39.5067919],[29.2569908,39.5064392],[29.2561454,39.5056072],[29.2558607,39.5053943],[29.2554035,39.5051347],[29.254955,39.504975],[29.2544547,39.5048552],[29.2535058,39.5048352],[29.2528847,39.5049017],[29.2522464,39.5049284],[29.2517805,39.5048884],[29.2512716,39.5047952],[29.2508748,39.5046621],[29.2505125,39.5044758],[29.2501329,39.5042095],[29.2497879,39.5038701],[29.2490547,39.502925],[29.2487355,39.5026587],[29.2483991,39.5023991],[29.247502,39.502053],[29.2465013,39.5019798],[29.2460528,39.5020131],[29.2446467,39.5023459],[29.2434563,39.5023925],[29.2422917,39.5023991],[29.2404802,39.5023326],[29.2398764,39.502266],[29.2393243,39.5021595],[29.2388671,39.5019798],[29.23841,39.5017535],[29.2368747,39.500614],[29.2364416,39.5003881],[29.2359903,39.5002469],[29.2355207,39.5001434],[29.2349778,39.5001199],[29.2323369,39.5003364],[29.2310682,39.5003646],[29.2304644,39.5002846],[29.2299399,39.5001387],[29.2295251,39.499974],[29.2291104,39.4997387],[29.2287506,39.4994469],[29.2283907,39.4990845],[29.2272989,39.4976161],[29.2269269,39.4972255],[29.2258534,39.4963453],[29.2255607,39.4960441],[29.2252923,39.4956629],[29.2236577,39.4927589],[29.2233284,39.4923917],[29.222938,39.4920858],[29.2220841,39.4916716],[29.2192663,39.4907255],[29.2187722,39.490589],[29.2182782,39.490509],[29.2173877,39.4904949],[29.2168449,39.4905655],[29.2152713,39.4908526],[29.2145638,39.4908808],[29.2138197,39.490829],[29.2084585,39.4900901],[29.2077022,39.4900242],[29.207135,39.4900383],[29.2041037,39.4902595],[29.2031126,39.4902772],[29.2025829,39.4902401],[29.2012002,39.4900921],[29.1983585,39.4896796],[29.1955939,39.4892369],[29.1912404,39.4883673],[29.1905749,39.4882764],[29.1899626,39.4882764],[29.1894107,39.4883496],[29.1889536,39.4884561],[29.1884621,39.4886558],[29.1881171,39.4888687],[29.1877636,39.489135],[29.1874703,39.4894744],[29.1860388,39.4915508],[29.185461,39.4921232],[29.1850298,39.4923761],[29.1830204,39.493361],[29.182503,39.4935074],[29.1819856,39.4936073],[29.1813905,39.4936073],[29.1804678,39.4935474],[29.1799417,39.4934475],[29.1783377,39.4929617],[29.1777827,39.4928352],[29.1772661,39.492782],[29.1767408,39.4927887],[29.1761467,39.492895],[29.1755267,39.4930545],[29.1750875,39.4932605],[29.1736322,39.4944233],[29.1730984,39.4947024],[29.1725989,39.4949084],[29.1720306,39.4950746],[29.1713503,39.4952141],[29.1707906,39.495254],[29.1697142,39.4951809],[29.1692234,39.4951144],[29.1675356,39.4947091],[29.1669759,39.4946493],[29.1664162,39.4946891],[29.1654173,39.4948619],[29.1648921,39.495048],[29.1644615,39.4953138],[29.1632387,39.4964434],[29.1629029,39.4966826],[29.1625671,39.4968687],[29.1609052,39.4974733],[29.1603971,39.4975797],[29.1598374,39.4976262],[29.1590968,39.4975597],[29.1586577,39.4974335],[29.1581841,39.4972275],[29.1560399,39.4959849],[29.1554199,39.4956792],[29.1546449,39.4954733],[29.1539474,39.4953802],[29.1534652,39.4954002],[29.1530863,39.4954533],[29.1523286,39.4956327],[29.1507011,39.4961377],[29.1500639,39.4963836],[29.1494697,39.4966693],[29.1476011,39.4981777],[29.1471706,39.4984036],[29.146542,39.4986162],[29.1453364,39.4988355],[29.1444495,39.499088],[29.1439328,39.4992009],[29.1433731,39.499294],[29.1427187,39.4993272],[29.1420126,39.4993006],[29.1415131,39.4992076],[29.1397479,39.498676],[29.1391882,39.498583],[29.1386887,39.4985631],[29.1381376,39.4986162],[29.1376382,39.4987558],[29.1370699,39.4990415],[29.1364197,39.4995265],[29.1359632,39.4997923],[29.135524,39.4999917],[29.1348436,39.5001379],[29.1342579,39.5001711],[29.1337067,39.500118],[29.1321478,39.4997657],[29.1315707,39.4996926],[29.1310023,39.4997192],[29.1304941,39.4998056],[29.1300204,39.4999385],[29.1294778,39.5002044],[29.1290903,39.5004901],[29.1286855,39.5009221],[29.1284529,39.501281],[29.1283237,39.5016864],[29.1280395,39.502969],[29.1277725,39.503381],[29.1274366,39.5037664],[29.1265667,39.5042648],[29.1260758,39.5044376],[29.1256279,39.5045107],[29.1252059,39.504524],[29.1247236,39.5044908],[29.1235006,39.5041718],[29.122734,39.5041053],[29.1220881,39.5041452],[29.1212096,39.5043712],[29.1207531,39.504637],[29.1204,39.5048895],[29.1200641,39.5053148],[29.1197626,39.5058265],[29.1194526,39.5066904],[29.1191856,39.5071289],[29.1185052,39.5079662],[29.1181951,39.5084247],[29.1180229,39.5087836],[29.1179195,39.509355],[29.1179367,39.510571],[29.1178851,39.5109365],[29.1176267,39.5114681],[29.1171874,39.5120728],[29.1167051,39.5124316],[29.1162659,39.5126243],[29.1156888,39.5127837],[29.1142716,39.5129755],[29.1135615,39.5132156],[29.1130878,39.5134415],[29.1125358,39.5137996],[29.1045242,39.5197144],[29.1036114,39.5202059],[29.1025784,39.5206918],[29.0885623,39.5271718],[29.0879133,39.527654],[29.0875172,39.5280192],[29.0872674,39.5283912],[29.0860102,39.5318183],[29.0857777,39.5321902],[29.0853644,39.532582],[29.0848908,39.5329008],[29.0844344,39.5330934],[29.0837886,39.5332196],[29.0832633,39.5332794],[29.0819286,39.5333723],[29.0814292,39.5335052],[29.08099,39.5336778],[29.0805853,39.5339169],[29.0800858,39.5344216],[29.0798447,39.53484],[29.079707,39.5352717],[29.0796983,39.5357698],[29.0799911,39.5368722],[29.08006,39.5373902],[29.0799825,39.5377687],[29.0798361,39.5381008],[29.0795175,39.5385723],[29.07913,39.5389441],[29.0787081,39.5392297],[29.077847,39.5395086],[29.0763783,39.5396149],[29.075801,39.539688],[29.0752668,39.5398275],[29.0745776,39.5401132],[29.0721651,39.541276],[29.0716309,39.5414089],[29.0711484,39.5414753],[29.0697526,39.5414953],[29.0683999,39.5416813],[29.0659099,39.5424388],[29.0653412,39.5426514],[29.0647037,39.542957],[29.0639627,39.5433889],[29.0622567,39.5444852],[29.0616967,39.544937],[29.0602578,39.5461993],[29.0596116,39.5465182],[29.0588017,39.5467507],[29.0582072,39.5468703],[29.0568373,39.5468637],[29.055924,39.5469102],[29.0554932,39.5469966],[29.0550107,39.547156],[29.0546057,39.5473553],[29.0533564,39.5482855],[29.0530031,39.5484848],[29.0524948,39.5486708],[29.0514954,39.54889],[29.0509095,39.5490628],[29.0504787,39.5492953],[29.0500651,39.5496009],[29.0492983,39.5502652],[29.0485056,39.5507768],[29.0461534,39.5516471],[29.0456709,39.5518929],[29.0451368,39.5522184],[29.0447835,39.5525838],[29.044525,39.5530023],[29.0443872,39.5534275],[29.0442493,39.5542379],[29.044077,39.554703],[29.0438616,39.5551215],[29.0434308,39.5554802],[29.0428191,39.5558588],[29.0423107,39.5560581],[29.0416904,39.5561644],[29.0405961,39.5562375],[29.0401567,39.5563039],[29.0393727,39.5565696],[29.0389763,39.5567955],[29.0386317,39.5570745],[29.038244,39.5574731],[29.0378304,39.5580443],[29.0373824,39.5584495],[29.036986,39.5587153],[29.0364777,39.5589478],[29.035866,39.5591005],[29.0348837,39.5592267],[29.034496,39.5593065],[29.0339532,39.5594459],[29.0335827,39.5596386],[29.0332295,39.5598976],[29.0328417,39.5602497],[29.0323506,39.5611597],[29.0320318,39.5615516],[29.0317217,39.5618572],[29.0313167,39.5621162],[29.0308515,39.5623487],[29.029335,39.5627871],[29.0288181,39.5630329],[29.0280426,39.5636904],[29.0278186,39.5640425],[29.0277325,39.5643414],[29.0276894,39.5646801],[29.027698,39.5650853],[29.0276463,39.566148],[29.027698,39.5667259],[29.0279823,39.5679214],[29.0280426,39.5683465],[29.0279737,39.568838],[29.0278359,39.5692896],[29.0275515,39.5696947],[29.0272327,39.5700667],[29.0268192,39.570412],[29.0263281,39.5707043],[29.0257939,39.5709035],[29.0252338,39.5710231],[29.0233642,39.5711891],[29.022811,39.5713328],[29.0223389,39.5715345],[29.0218994,39.5718267],[29.0215117,39.5722052],[29.0212619,39.5725705],[29.0206501,39.5740316],[29.0203486,39.5744301],[29.0199953,39.5747887],[29.0196162,39.5750875],[29.0191165,39.5753665],[29.0185564,39.5755856],[29.0142915,39.5767876],[29.0132662,39.5771463],[29.0118101,39.5777639],[28.9991566,39.5834637],[28.9983381,39.5838579],[28.9980141,39.5840485],[28.9975281,39.5843967],[28.9971445,39.5847253],[28.9967352,39.5851787],[28.9963515,39.5857503],[28.9961469,39.58623],[28.9953114,39.5885626],[28.9951494,39.5891211],[28.9938619,39.5945284],[28.9932481,39.5962957],[28.9924978,39.5979578],[28.9920032,39.5986805],[28.9902042,39.6001783],[28.9893943,39.6007893],[28.9890447,39.6011375],[28.9888401,39.6014068],[28.9886013,39.6018798],[28.9885161,39.6022674],[28.988499,39.6025893],[28.9887463,39.6050921],[28.9886269,39.6059132],[28.9884649,39.6062745],[28.9881665,39.6066884],[28.987672,39.6071679],[28.9872542,39.6074175],[28.9867597,39.6076014],[28.9833919,39.6084488],[28.9825137,39.6088692],[28.9821812,39.6091319],[28.9816831,39.6096592],[28.9782842,39.6134778],[28.9777751,39.6138608],[28.9768481,39.614357],[28.9764729,39.614495],[28.9759621,39.6146159],[28.975245,39.6146526],[28.9748954,39.6146264],[28.9744947,39.6145344],[28.9721499,39.6138119],[28.97157,39.6137002],[28.9710925,39.6136345],[28.9705042,39.6136345],[28.96995,39.613687],[28.9694213,39.6137856],[28.9689523,39.6139367],[28.9684322,39.6141797],[28.9679803,39.6144687],[28.9676563,39.6147249],[28.9673408,39.6150467],[28.967102,39.6154014],[28.9661812,39.6170567],[28.9659509,39.617326],[28.9656696,39.6175887],[28.9652603,39.6178777],[28.9644502,39.6181601],[28.9639727,39.6182324],[28.9632224,39.6182193],[28.9613636,39.6179565],[28.960221,39.6180288],[28.9596923,39.6181339],[28.9590784,39.6183046],[28.958618,39.6184754],[28.9571088,39.6193096],[28.9566057,39.6195395],[28.9561538,39.6196708],[28.9556507,39.6197562],[28.9547895,39.6197956],[28.9540391,39.6197628],[28.953502,39.6196905],[28.9529733,39.6195329],[28.9515749,39.6190009],[28.9510036,39.6188432],[28.9504153,39.6187381],[28.9499208,39.6187053],[28.9460667,39.6189023],[28.9456233,39.6189746],[28.9451458,39.619106],[28.9447365,39.6192899],[28.9444296,39.6194672],[28.9440885,39.6197628],[28.9438156,39.6200912],[28.9436451,39.6204261],[28.9432102,39.6217594],[28.9430994,39.6220024],[28.9428606,39.622344],[28.9425452,39.6226395],[28.9418545,39.623027],[28.9413685,39.6231846],[28.9409336,39.62327],[28.9404902,39.6233029],[28.9400127,39.6232963],[28.9361331,39.6227118],[28.9314093,39.6211289],[28.9308806,39.6209976],[28.9303093,39.6209187],[28.9283994,39.6207677],[28.9255941,39.6199664],[28.9251422,39.6198876],[28.9246817,39.6198876],[28.9242298,39.6199401],[28.9237949,39.6200321],[28.9233771,39.6201503],[28.923002,39.6203408],[28.9226694,39.6205575],[28.9222346,39.620945],[28.9209129,39.6223177],[28.9205633,39.6226395],[28.9202052,39.6229088],[28.9195231,39.6232503],[28.9191479,39.6233882],[28.9188068,39.6234474],[28.9182867,39.6235196],[28.9177922,39.6235196],[28.9172464,39.6234736],[28.9152768,39.623119],[28.9148419,39.623119],[28.9119258,39.6234408],[28.911363,39.6233948],[28.9108344,39.62327],[28.9102716,39.6230927],[28.909743,39.6227971],[28.9082849,39.6218448],[28.9075857,39.6214967],[28.9070656,39.6213457],[28.9065369,39.6212734],[28.9059742,39.62128],[28.905454,39.6213785],[28.9050874,39.6214901],[28.9036464,39.6221995],[28.9030836,39.6224228],[28.901148,39.6230073],[28.8994598,39.623651],[28.8978567,39.6243734],[28.897456,39.6244916],[28.896987,39.6245704],[28.896518,39.624577],[28.8960235,39.624531],[28.8955204,39.6243931],[28.8950173,39.6241829],[28.8946336,39.6239465],[28.894284,39.6236312],[28.8940027,39.6232766],[28.8938492,39.6229351],[28.8934825,39.6216346],[28.8933376,39.6213062],[28.8931074,39.620991],[28.8927663,39.6206626],[28.8907625,39.6194147],[28.890268,39.6192045],[28.8896626,39.6190468],[28.8891254,39.618968],[28.8886138,39.6189483],[28.8880937,39.6189943],[28.8876247,39.6190863],[28.8858767,39.6197037],[28.8853395,39.6198153],[28.8849047,39.6198547],[28.8840009,39.6197234],[28.8835916,39.6196183],[28.8830885,39.6193687],[28.882756,39.6191125],[28.8824234,39.6187841],[28.8818692,39.6178449],[28.881656,39.6175427],[28.8813832,39.617234],[28.8810336,39.6169582],[28.8805902,39.6166888],[28.880053,39.6164524],[28.879584,39.6163145],[28.8790213,39.6162422],[28.8784244,39.6162488],[28.8778872,39.6163013],[28.8731634,39.6171224],[28.8722084,39.6171027],[28.8717395,39.617037],[28.8712023,39.6168793],[28.8707674,39.6166954],[28.8702217,39.616367],[28.8698977,39.6160911],[28.869045,39.6150664],[28.8687636,39.6148103],[28.8683799,39.6145607],[28.8678087,39.6143176],[28.8672629,39.614206],[28.8668537,39.6141731],[28.8662568,39.6142125],[28.8644065,39.6144753],[28.862812,39.6146001],[28.8624539,39.6146658],[28.8620617,39.6148037],[28.8616694,39.615027],[28.8613539,39.6152438],[28.8611152,39.615454],[28.8609361,39.6156839],[28.8596486,39.6178252],[28.8594354,39.6181142],[28.8588812,39.6186659],[28.8586083,39.6189023],[28.8579518,39.6193293],[28.8576107,39.6194738],[28.8572185,39.6195789],[28.8568604,39.6196248],[28.8563488,39.6196445],[28.8559139,39.6196051],[28.8553853,39.6194869],[28.8538931,39.6189746],[28.853373,39.6188629],[28.8524094,39.6189089],[28.8505165,39.6194475],[28.8499538,39.6194672],[28.8494848,39.6194409],[28.8465431,39.6191125],[28.8460315,39.6189877],[28.8451658,39.6186559],[28.8430076,39.6172957],[28.8424872,39.6170328],[28.8418816,39.6168291],[28.8412759,39.616678],[28.8383755,39.6163166],[28.8377955,39.61631],[28.8372154,39.6163692],[28.8344515,39.6169671],[28.8334023,39.617138],[28.8330099,39.6171446],[28.830664,39.6169737],[28.8301607,39.6169803],[28.8296659,39.6170328],[28.8262793,39.6176045],[28.8227733,39.6184654],[28.8222529,39.6185508],[28.8217496,39.6185574],[28.8212719,39.6185048],[28.8208368,39.6183734],[28.8197194,39.6179331],[28.8192331,39.6178017],[28.8187128,39.6177623],[28.8160768,39.61769],[28.8155821,39.6177294],[28.8149935,39.6178542],[28.8142769,39.6181302],[28.8136456,39.6184325],[28.8130314,39.6187873],[28.8126049,39.6191422],[28.8122125,39.6195102],[28.8085103,39.6234724],[28.8081776,39.6237943],[28.8074866,39.6242674],[28.8069919,39.6244777],[28.8047739,39.6250821],[28.8038271,39.625299],[28.8033067,39.6253712],[28.8027863,39.6253778],[28.8005769,39.6252727],[28.8001163,39.6253055],[28.7995789,39.6254041],[28.7990777,39.625556],[28.7986831,39.6257432],[28.7925349,39.6294743],[28.792023,39.6298093],[28.7917159,39.6300524],[28.7914515,39.6303218],[28.7912041,39.6306372],[28.7910335,39.6309197],[28.7909311,39.6312219],[28.7908202,39.6319249],[28.790897,39.6323716],[28.7910079,39.6327855],[28.79117,39.6330549],[28.7927481,39.6349601],[28.7930552,39.6354725],[28.7932855,39.6359783],[28.7934306,39.6364053],[28.7935073,39.6368126],[28.7934903,39.6372002],[28.7933964,39.6375615],[28.7932344,39.6379097],[28.7929443,39.638225],[28.792569,39.6385404],[28.7921254,39.63879],[28.7917501,39.6389608],[28.7911529,39.6391382],[28.7905302,39.6392695],[28.7898819,39.6394797],[28.7893359,39.6398279],[28.788935,39.6402549],[28.7887047,39.6406096],[28.7874251,39.6433685],[28.7871436,39.6437955],[28.786845,39.6441305],[28.7863929,39.6444655],[28.785864,39.6447545],[28.7836717,39.6456282],[28.7830063,39.6458121],[28.7821703,39.6459697],[28.7812917,39.6460617],[28.7804983,39.646042],[28.7727868,39.6454245],[28.7721726,39.6454114],[28.7715925,39.6454311],[28.7710977,39.6454968],[28.7705262,39.6456413],[28.7699205,39.6458909],[28.7693916,39.6461668],[28.7690163,39.6464361],[28.7686665,39.6467711],[28.7683339,39.6471783],[28.7680865,39.6475724],[28.7678732,39.6480388],[28.7677282,39.6484723],[28.7675533,39.6499731],[28.7673144,39.6507221],[28.767084,39.6511162],[28.7667769,39.6514184],[28.7663503,39.6517206],[28.7658554,39.6519505],[28.7654885,39.6520753],[28.7649851,39.6521673],[28.7645073,39.6521936],[28.7636199,39.6521213],[28.7630483,39.6521148],[28.762579,39.6521804],[28.7620756,39.6523184],[28.7614528,39.652568],[28.7603009,39.6532578],[28.7589187,39.6539147],[28.7532191,39.6563649],[28.7519052,39.6567788],[28.7506936,39.6569496],[28.7488421,39.6570941],[28.7483472,39.6571795],[28.7478438,39.657324],[28.7464787,39.6579414],[28.7458643,39.6583159],[28.745378,39.6586837],[28.7449087,39.6591238],[28.7444736,39.6596296],[28.7442262,39.6599777],[28.7438166,39.6608053],[28.7437142,39.6611863],[28.743518,39.6626576],[28.7434071,39.6630123],[28.7432023,39.6633538],[28.7429549,39.6636231],[28.742588,39.6639318],[28.7421187,39.6642405],[28.741402,39.6644836],[28.7408559,39.6645427],[28.7404549,39.6645492],[28.7398577,39.6644704],[28.739367,39.6643489],[28.7347918,39.6630512],[28.734412,39.6629027],[28.7339418,39.6626567],[28.7336162,39.6624386],[28.7332364,39.6620812],[28.7329893,39.6617657],[28.7317113,39.6587909],[28.7313797,39.6582572],[28.731018,39.6577838],[28.7295712,39.6561223],[28.7292999,39.6557278],[28.7291914,39.655375],[28.7291251,39.655013],[28.7291432,39.6546231],[28.7292879,39.6541126],[28.7294808,39.6537459],[28.7296737,39.6534721],[28.7299329,39.6532586],[28.730385,39.6530497],[28.7319223,39.652451],[28.7322779,39.6522561],[28.7327059,39.6519312],[28.7332184,39.6513324],[28.7333932,39.6509797],[28.7335017,39.6505805],[28.7335499,39.6501906],[28.7335258,39.6498146],[28.7334293,39.6494712],[28.7332666,39.6490859],[28.7330013,39.6487099],[28.732507,39.6480555],[28.7322056,39.6477305],[28.7319343,39.6474984],[28.7306925,39.6466722],[28.7304755,39.6464494],[28.7302584,39.6461477],[28.7301138,39.6458413],[28.7300474,39.6455164],[28.7300233,39.6451636],[28.7300535,39.6448526],[28.730162,39.6444859],[28.7303368,39.6441795],[28.7306985,39.6436875],[28.732302,39.6417285],[28.7324889,39.6413618],[28.7325854,39.6409208],[28.7325854,39.6405494],[28.732495,39.6402059],[28.7323744,39.6399134],[28.7321513,39.6395513],[28.7318921,39.6392867],[28.7315425,39.6390268],[28.7305357,39.6384047],[28.7301861,39.6381633],[28.7299208,39.6379265],[28.7296375,39.6375644],[28.7293361,39.6368216],[28.7292939,39.6362135],[28.7293783,39.635921],[28.729535,39.6356192],[28.72974,39.6353035],[28.7308673,39.6342636],[28.7311627,39.6337761],[28.7313375,39.6333165],[28.731446,39.6328476],[28.7313909,39.6305502],[28.7312712,39.6279261],[28.7312169,39.6274386],[28.7311024,39.6269836],[28.7309216,39.6265193],[28.7301379,39.6249591],[28.7300655,39.6246109],[28.7300655,39.6242673],[28.7301138,39.6239608],[28.7302343,39.6236312],[28.7303911,39.6233433],[28.7333811,39.6196378],[28.7339478,39.6190573],[28.7376793,39.6160342],[28.7381616,39.6158067],[28.7388006,39.6155745],[28.7397591,39.615333],[28.7404584,39.6151055],[28.7411456,39.6148175],[28.7416098,39.6145482],[28.7420861,39.6142138],[28.7434846,39.6130668],[28.7441236,39.6126302],[28.7445683,39.6123823],[28.750796,39.6096746],[28.7515776,39.6091703],[28.751846,39.6088591],[28.7520544,39.60851],[28.752188,39.6080737],[28.7522082,39.6077492],[28.7521741,39.6073224],[28.7518162,39.6059436],[28.7510577,39.6033107],[28.7510492,39.6029365],[28.7511174,39.6019187],[28.7510918,39.6015641],[28.7509981,39.6011439],[28.7508362,39.6007302],[28.7506061,39.6004216],[28.7502226,39.6000014],[28.7482966,39.5983073],[28.7479643,39.5980643],[28.7475893,39.5979067],[28.7470098,39.5977425],[28.7464814,39.5976572],[28.7460127,39.597644],[28.7455781,39.5977031],[28.7449304,39.5978542],[28.7443595,39.597933],[28.7433283,39.5979067],[28.7426891,39.5977425],[28.7420415,39.597447],[28.7416835,39.5971384],[28.7413597,39.5967576],[28.7411467,39.5963373],[28.7410188,39.5959105],[28.7410188,39.595523],[28.7412148,39.5945905],[28.7412234,39.5941506],[28.7411552,39.5937237],[28.7409762,39.5932903],[28.7407887,39.5929554],[28.7406694,39.5925548],[28.7406183,39.5921411],[28.740678,39.5916682],[28.7408654,39.5909459],[28.7408825,39.590519],[28.7408143,39.5900593],[28.7406013,39.5895799],[28.740124,39.5887064],[28.7399451,39.587984],[28.739928,39.5875834],[28.7399621,39.5864472],[28.7399536,39.585843],[28.739911,39.5854621],[28.7398172,39.5851862],[28.739519,39.5847133],[28.7389565,39.5841616],[28.7376953,39.5832881],[28.7373799,39.5829991],[28.7371839,39.5827561],[28.737022,39.5824737],[28.7368857,39.5820928],[28.7367451,39.5806051],[28.7366684,39.5801783],[28.736515,39.579804],[28.7362169,39.5793509],[28.7358761,39.5789701],[28.7354927,39.5786089],[28.7349304,39.5782938],[28.7306708,39.5763304],[28.7297848,39.5760415],[28.729231,39.5759758],[28.7287454,39.5759758],[28.7274249,39.57614],[28.7269819,39.5761662],[28.7259852,39.5760086],[28.7251843,39.5756278],[28.724818,39.5753192],[28.7245369,39.5749908],[28.7242898,39.5745706],[28.7241706,39.5741503],[28.7241365,39.5728435],[28.7240428,39.5724692],[28.7233697,39.5712346],[28.7232931,39.5708012],[28.7232931,39.5705385],[28.7234294,39.5693236],[28.7232334,39.5686603],[28.7228075,39.5681021],[28.7225945,39.5678788],[28.7222689,39.5676494],[28.7212294,39.5670451],[28.720863,39.5667166],[28.7203858,39.5661649],[28.7201728,39.5656393],[28.7200705,39.5652058],[28.7201046,39.5648117],[28.7204455,39.5625125],[28.7204795,39.5620855],[28.7204114,39.5617176],[28.7202665,39.5613629],[28.7201046,39.561133],[28.7197831,39.5608712],[28.7187352,39.5602012],[28.7182496,39.560037],[28.7177214,39.5599648],[28.7172415,39.5599374],[28.7166621,39.5600162],[28.7161624,39.5602012],[28.7157705,39.5603917],[28.7145778,39.5610748],[28.714203,39.5612521],[28.7137174,39.5614032],[28.7133084,39.5614754],[28.7128825,39.5614951],[28.7124224,39.5614623],[28.7112468,39.561239],[28.7106504,39.5610879],[28.7102244,39.5609172],[28.7098326,39.5606873],[28.7095344,39.5604508],[28.7092362,39.5601093],[28.7090232,39.5597152],[28.7088614,39.5592883],[28.7088486,39.5587924],[28.7091127,39.5577152],[28.7091382,39.5573342],[28.7090445,39.5568875],[28.7088741,39.5565328],[28.7085845,39.5561453],[28.7082011,39.55583],[28.7073491,39.5553899],[28.7067698,39.5552322],[28.7059434,39.555206],[28.7043332,39.5553636],[28.7036261,39.5553768],[28.7026975,39.5553308],[28.7020244,39.5552191],[28.6999712,39.554687],[28.6992811,39.5545557],[28.6987189,39.5545163],[28.6980458,39.5545294],[28.6958478,39.5548513],[28.6953025,39.5549038],[28.6947147,39.5548513],[28.6942205,39.5547462],[28.6937179,39.5545557],[28.6932493,39.5542929],[28.6929171,39.5539973],[28.691801,39.5528215],[28.6913069,39.5524405],[28.6908298,39.5521318],[28.6902262,39.5518327],[28.6894837,39.5515668],[28.6798822,39.5495041],[28.6792858,39.5493136],[28.6787576,39.5490969],[28.6759376,39.5476713],[28.6752731,39.5474283],[28.6745575,39.5472509],[28.6713365,39.5466664],[28.6675118,39.546029],[28.6644533,39.5451355],[28.6638484,39.5450435],[28.6631754,39.5449975],[28.6624683,39.5449844],[28.6616419,39.5450698],[28.6557034,39.5464069],[28.6542585,39.5468405],[28.645114,39.5502399],[28.6446284,39.5505027],[28.6442791,39.5507391],[28.6439468,39.5510348],[28.6437338,39.5513107],[28.6430267,39.5525062],[28.6427285,39.5529463],[28.6424389,39.5532485],[28.641638,39.553866],[28.6411098,39.5541156],[28.6400875,39.5545031],[28.6394315,39.5548053],[28.6390225,39.5550549],[28.6379491,39.555876],[28.6371397,39.5564015],[28.6366882,39.5565788],[28.6355892,39.5569335],[28.6350524,39.5570386],[28.6344305,39.5570977],[28.6337745,39.5570912],[28.6330418,39.5569466],[28.6323177,39.5567299],[28.6317128,39.5565],[28.6310397,39.5561978],[28.6305797,39.5558891],[28.6292251,39.5547462],[28.628748,39.55449],[28.6282027,39.5543323],[28.6276915,39.5542535],[28.6266692,39.5542732],[28.6261069,39.5544243],[28.6257065,39.5545951],[28.6253061,39.5548447],[28.6244456,39.5554884],[28.6235255,39.5560336],[28.6230058,39.5562635],[28.6223157,39.5564934],[28.6217194,39.5566116],[28.6186864,39.5570255],[28.6182519,39.5571831],[28.6172125,39.5577611],[28.6166588,39.5579976],[28.6161391,39.5581749],[28.6150997,39.5583523],[28.6145459,39.5584048],[28.6140092,39.5583654],[28.6135321,39.5582603],[28.6130891,39.5580961],[28.6127057,39.5578925],[28.6118878,39.5573079],[28.6113937,39.5570583],[28.6107803,39.5568613],[28.6099965,39.5566773],[28.6085737,39.5564868],[28.6030531,39.5552125],[28.6021585,39.5550483],[28.6015196,39.5549958],[28.5995004,39.5550483],[28.5989381,39.5550023],[28.5983247,39.5548907],[28.5978306,39.5547462],[28.5934856,39.5529595],[28.5930511,39.5527493],[28.5918414,39.5520398],[28.5913813,39.5518953],[28.590802,39.5518099],[28.5902227,39.5518296],[28.5896774,39.5519281],[28.5891918,39.5520858],[28.5887488,39.5523157],[28.5882717,39.552631],[28.5876668,39.5532288],[28.5873005,39.5535178],[28.5869256,39.5537543],[28.5864485,39.5539316],[28.5859118,39.5540499],[28.5854091,39.5540893],[28.5848383,39.5540564],[28.5843527,39.5539382],[28.5819076,39.5529595],[28.5812686,39.5527624],[28.5807319,39.5526442],[28.5801781,39.5525785],[28.5796073,39.5525719],[28.5789598,39.5526179],[28.5783805,39.5527164],[28.5774008,39.5530449],[28.5770089,39.5532616],[28.5751005,39.5544703],[28.5746149,39.5547002],[28.5741634,39.5548513],[28.5736437,39.5549498],[28.5731921,39.5549826],[28.5726895,39.5549367],[28.5705426,39.5544703],[28.5700058,39.5542995],[28.569435,39.5540302],[28.5689579,39.553728],[28.5686001,39.5534193],[28.5682764,39.552966],[28.56768,39.5518756],[28.5673051,39.5513632],[28.5669473,39.5509428],[28.5665554,39.5506209],[28.5659335,39.5502662],[28.5653116,39.5499968],[28.5646215,39.5498129],[28.5623382,39.549537],[28.5609836,39.5491428],[28.5604299,39.5490837],[28.5599187,39.549064],[28.5594586,39.5491166],[28.5579762,39.5495304],[28.5569198,39.5496027],[28.5564087,39.549537],[28.5558719,39.5493859],[28.5547899,39.5488604],[28.5541339,39.5486107],[28.5526686,39.5481706],[28.5522256,39.5479801],[28.5518251,39.5477173],[28.5514588,39.5473691],[28.5511862,39.5469553],[28.550658,39.5457268],[28.5504109,39.545234],[28.5501724,39.5448924],[28.5497975,39.5445048],[28.549346,39.5441698],[28.5489626,39.5439727],[28.5484259,39.5437821],[28.5468071,39.5433945],[28.5462108,39.5431974],[28.5440979,39.5423117],[28.5433993,39.5421003],[28.5428456,39.5419886],[28.5423344,39.5419623],[28.5379809,39.5420674],[28.5372482,39.54212],[28.5366774,39.5422251],[28.53626,39.5423368],[28.5358084,39.5425799],[28.5355103,39.5428361],[28.5351354,39.543204],[28.5348202,39.543861],[28.5347605,39.544242],[28.5347946,39.544715],[28.534948,39.5450895],[28.535161,39.545464],[28.5357403,39.5462523],[28.5360214,39.5467188],[28.537785,39.5505749],[28.5379128,39.5511333],[28.5380065,39.551823],[28.5381428,39.557748],[28.5381087,39.5581881],[28.5380235,39.5585625],[28.5378616,39.5589566],[28.5376231,39.5593375],[28.5370523,39.5599024],[28.5366519,39.5601389],[28.5362855,39.5603031],[28.5357744,39.5604673],[28.5313311,39.5611996],[28.5303598,39.5613179],[28.5297464,39.5613376],[28.5269262,39.5612785],[28.5261508,39.561331],[28.5255033,39.5614361],[28.5243957,39.5617448],[28.5233306,39.5622834],[28.5229387,39.5625725],[28.5224531,39.5629994],[28.5221037,39.5633607],[28.521797,39.5637745],[28.5181759,39.5700864],[28.5174858,39.5707957],[28.5170853,39.5710584],[28.5166678,39.571262],[28.5161311,39.5714393],[28.5155176,39.5715379],[28.5149808,39.5715641],[28.5143759,39.5715182],[28.5137113,39.5713671],[28.5131405,39.5711372],[28.5124844,39.5707103],[28.5116239,39.569955],[28.5111808,39.5696332],[28.5107804,39.5694296],[28.5101158,39.5692457],[28.509349,39.5691275],[28.508744,39.5691144],[28.5081391,39.56918],[28.5061965,39.5695807],[28.5054637,39.5696726],[28.5039898,39.5696989],[28.5031548,39.5696135],[28.5023113,39.5694427],[28.5015359,39.5692326],[28.5008288,39.5689502],[28.5001216,39.5686218],[28.4996018,39.5683328],[28.4983153,39.5674592],[28.4973355,39.5669732],[28.4967391,39.5668024],[28.4960915,39.5666711],[28.495444,39.5666251],[28.4949242,39.5666382],[28.4926834,39.5669535],[28.4921467,39.5669272],[28.4916525,39.5668681],[28.4911242,39.5667367],[28.4906556,39.5665528],[28.4898334,39.5661357],[28.4891689,39.5658665],[28.4885811,39.5656892],[28.4879422,39.5655709],[28.4874736,39.5655381],[28.4812973,39.5658336],[28.4806754,39.5657745],[28.4801472,39.5656563],[28.4796871,39.5654987],[28.4793293,39.565328],[28.4788864,39.5650193],[28.4784689,39.5646121],[28.4778385,39.5638437],[28.4776,39.5633971],[28.4774211,39.562898],[28.4773614,39.5624711],[28.4773444,39.5620048],[28.4774211,39.5615976],[28.4775744,39.5611575],[28.4779237,39.5604482],[28.4782304,39.5596469],[28.4783667,39.5591806],[28.4784476,39.5572594],[28.4784221,39.5566617],[28.4783539,39.5561232],[28.4781878,39.5556272],[28.4779322,39.5551346],[28.474388,39.5500567],[28.4739535,39.5495443],[28.4735616,39.5491633],[28.4714862,39.5474705],[28.4706227,39.5466942],[28.4676745,39.5429221],[28.4673422,39.5425476],[28.4669929,39.5422323],[28.4664865,39.5418957],[28.4660387,39.5417067],[28.4652208,39.5414899],[28.4646159,39.5414439],[28.463142,39.5414833],[28.4624945,39.5414701],[28.4620515,39.5413913],[28.4605776,39.5409971],[28.4594956,39.540846],[28.4557469,39.5405897],[28.4551846,39.5406292],[28.4536681,39.540846],[28.4516063,39.5410562],[28.4510099,39.5410694],[28.4489311,39.5410102],[28.4457533,39.5415161],[28.4453103,39.541641],[28.4439897,39.5421797],[28.442797,39.5425016],[28.4422858,39.542679],[28.4418001,39.542909],[28.4409737,39.5434149],[28.4396447,39.5445317],[28.4380259,39.545353],[28.4375659,39.5455566],[28.4370547,39.5457077],[28.4365605,39.5458128],[28.4360749,39.5458523],[28.435487,39.5458194],[28.4337916,39.5455763],[28.4332719,39.5455698],[28.4327267,39.5456355],[28.4321218,39.5457997],[28.430912,39.5462004],[28.4302985,39.5463253],[28.4266692,39.5467851],[28.4260131,39.5469362],[28.4254764,39.5471268],[28.4241984,39.5477246],[28.4236617,39.5479414],[28.4221026,39.5484078],[28.4215914,39.5486574],[28.4212251,39.5489137],[28.4208417,39.5492618],[28.4203561,39.5498005],[28.4199982,39.550129],[28.4195382,39.5504837],[28.4177575,39.5513049],[28.4172464,39.5516333],[28.416863,39.5519289],[28.4164966,39.5522771],[28.4159088,39.5529274],[28.4151335,39.553939],[28.414912,39.5543792],[28.4147416,39.5548127],[28.4145797,39.5553579],[28.4137277,39.5611776],[28.4133571,39.5619822],[28.4129897,39.5625162],[28.4128211,39.5627065],[28.4124296,39.5630223],[28.4119598,39.5633241],[28.4116948,39.5634263],[28.411237,39.5635423],[28.4098035,39.5637141],[28.4093759,39.5637327],[28.4085025,39.5636445],[28.4080629,39.5635284],[28.407581,39.5633427],[28.4071293,39.563078],[28.406792,39.5629201],[28.4063704,39.5627994],[28.4058042,39.5626596],[28.4042804,39.5624419],[28.4037805,39.5624001],[28.4032083,39.562414],[28.4026963,39.562479],[28.4021904,39.5625905],[28.4003895,39.5631569],[28.3998715,39.5632173],[28.3994499,39.563222],[28.3989982,39.5631848],[28.3985886,39.5631105],[28.3981068,39.5629666],[28.3977333,39.5628087],[28.3961975,39.5619775],[28.395553,39.5617175],[28.3946495,39.5614482],[28.3942038,39.5612671],[28.3934871,39.5607935],[28.3920415,39.5596744],[28.391626,39.5594515],[28.3911441,39.5592565],[28.3906617,39.5591137],[28.3889397,39.5586992],[28.3880422,39.5586296],[28.3852536,39.5588525],[28.3847356,39.5589175],[28.3843381,39.559015],[28.3838622,39.5592007],[28.3835069,39.5594051],[28.3832178,39.5596372],[28.3829528,39.5599344],[28.382742,39.5602362],[28.3826275,39.5604916],[28.3825131,39.560891],[28.3824952,39.5612558],[28.3825914,39.5617686],[28.382742,39.5621772],[28.3828203,39.5626183],[28.3828203,39.5629991],[28.38276,39.5633566],[28.3826396,39.563677],[28.382495,39.5639138],[28.3822661,39.5641924],[28.381977,39.5644524],[28.3815976,39.5646892],[28.3812603,39.5648424],[28.3808688,39.5649678],[28.3803629,39.5650653],[28.3799412,39.5650885],[28.3794895,39.5650514],[28.3790498,39.5649678],[28.3750023,39.5640995],[28.3745687,39.564067],[28.374117,39.564081],[28.3736773,39.564132],[28.3732316,39.5642342],[28.3727678,39.5644431],[28.3723823,39.5646985],[28.3716294,39.5653486],[28.3714006,39.56559],[28.3710285,39.5661787],[28.3708973,39.5665057],[28.3708384,39.5668343],[28.3708223,39.5671872],[28.3709006,39.5675819],[28.3710131,39.5679183],[28.3716989,39.5692502],[28.3723602,39.5704264],[28.3726955,39.5711244],[28.3727859,39.5713983],[28.3728039,39.5717372],[28.3727557,39.5720344],[28.3726654,39.5723965],[28.3724847,39.5727076],[28.3722498,39.5730279],[28.3719426,39.5732693],[28.3716053,39.5734829],[28.3711898,39.5736918],[28.3707922,39.5738172],[28.3703224,39.5739007],[28.3700153,39.5739193],[28.3694913,39.5738914],[28.3690455,39.5738172],[28.36863,39.5737011],[28.3682445,39.5735015],[28.3677927,39.5732043],[28.3674976,39.5729118],[28.3672507,39.5725869],[28.36707,39.5722015],[28.3670098,39.5718672],[28.3670158,39.5714726],[28.3670881,39.571129],[28.3671965,39.5708319],[28.3673892,39.5705208],[28.3688709,39.5691466],[28.3690636,39.5688448],[28.3692323,39.5684826],[28.3693045,39.5681622],[28.3693166,39.5678326],[28.3692262,39.5674704],[28.3691058,39.5671686],[28.3685155,39.5662075],[28.368383,39.5658268],[28.3683107,39.5654693],[28.3683107,39.5651164],[28.3685757,39.5640531],[28.3686059,39.5637049],[28.3685938,39.5634263],[28.3684914,39.5630641],[28.3683288,39.562753],[28.3680638,39.5624326],[28.3677566,39.562154],[28.367329,39.5618615],[28.3668712,39.5616757],[28.3664074,39.561555],[28.3659136,39.5614853],[28.3653534,39.5615039],[28.3649137,39.5615643],[28.364474,39.5616943],[28.3630165,39.5623676],[28.3625708,39.5624929],[28.3620769,39.5625672],[28.3616312,39.5625765],[28.3607277,39.5624558],[28.3603483,39.5623072],[28.360023,39.5621354],[28.3596074,39.5618289],[28.3593243,39.5615643],[28.3585775,39.5606217],[28.3581197,39.5601898],[28.3576921,39.5598555],[28.3555057,39.5585413],[28.3551925,39.5582442],[28.3549516,39.5579377],[28.3547528,39.5575755],[28.3546745,39.5569764],[28.3547107,39.556591],[28.3548372,39.5562102],[28.355054,39.5558248],[28.3556202,39.5553],[28.3559936,39.5550725],[28.3563971,39.5548867],[28.3569272,39.554752],[28.357409,39.5547056],[28.357939,39.5547195],[28.3587642,39.554896],[28.3592039,39.5550818],[28.3595231,39.5552907],[28.3600772,39.5558341],[28.360288,39.5562056],[28.3607036,39.55719],[28.3608843,39.5574547],[28.3611011,39.5576962],[28.3613722,39.5579423],[28.3617215,39.5581513],[28.3620528,39.5583138],[28.3624383,39.5584531],[28.3629141,39.5585413],[28.3636911,39.5585646],[28.3641187,39.5584996],[28.3645825,39.5583835],[28.3649619,39.5582116],[28.3653474,39.5579888],[28.3656666,39.5577426],[28.3659068,39.5574788],[28.3661368,39.557111],[28.3662561,39.5567629],[28.3662646,39.5565068],[28.3661879,39.5561456],[28.3658898,39.5552262],[28.3656257,39.55453],[28.3654469,39.5542082],[28.3651658,39.5538667],[28.3648591,39.5535646],[28.3642884,39.5532691],[28.363804,39.5530724],[28.3634707,39.5529932],[28.3619716,39.5529079],[28.3615286,39.5528356],[28.3609409,39.5526714],[28.3605235,39.5524613],[28.3598421,39.5518833],[28.3596547,39.5516075],[28.3565076,39.5457707],[28.3562292,39.5453659],[28.3557519,39.5448997],[28.3552588,39.5445194],[28.3546781,39.5441882],[28.3540896,39.5439551],[28.352984,39.5437037],[28.3513534,39.5434399],[28.3499217,39.5431332],[28.3492297,39.5430412],[28.3485934,39.5430167],[28.3470423,39.5431455],[28.3462151,39.5431516],[28.3456106,39.5431026],[28.3450777,39.5429799],[28.341912,39.5420966],[28.341228,39.5419985],[28.3406633,39.5419556],[28.3400349,39.5419801],[28.3389452,39.5421212],[28.3385555,39.5421273],[28.3376567,39.5420046],[28.3370999,39.5417961],[28.3361534,39.5413238],[28.3356841,39.541152],[28.3340217,39.5406613],[28.3331317,39.5403494],[28.3324844,39.5401786],[28.3318456,39.540126],[28.331292,39.540126],[28.3308661,39.5401917],[28.3303381,39.5403691],[28.3291286,39.5408945],[28.3272464,39.5415316],[28.3269057,39.541709],[28.3265395,39.5419848],[28.3261391,39.5424249],[28.3258751,39.5429043],[28.3257431,39.5433609],[28.3256494,39.5445497],[28.3255898,39.5448518],[28.3253939,39.5452984],[28.3251895,39.5456202],[28.3249254,39.5458961],[28.3245336,39.5461654],[28.3234736,39.5466882],[28.3230761,39.546953],[28.3227569,39.5472177],[28.3225221,39.5475102],[28.3223474,39.5478307],[28.322239,39.5481929],[28.3220342,39.5492796],[28.321703,39.549888],[28.3213476,39.5502084],[28.3210104,39.5504545],[28.3201311,39.5507842],[28.3197637,39.5508678],[28.3193782,39.5509096],[28.3189928,39.550905],[28.3181918,39.550775],[28.3172101,39.550501],[28.3163849,39.550422],[28.3155659,39.5504731],[28.3148672,39.5505706],[28.3144758,39.5505706],[28.314012,39.5505242],[28.3130544,39.5502502],[28.3109305,39.5495131],[28.309865,39.5493019],[28.3092755,39.5492692],[28.3087605,39.5492901],[28.3048636,39.5499623],[28.3042312,39.5500412],[28.3036229,39.5500598],[28.3018522,39.5497719],[28.2998286,39.5496233],[28.2992444,39.5494375],[28.2984434,39.5490753],[28.2978351,39.5488709],[28.2969618,39.5487363],[28.2899273,39.5487084],[28.2858861,39.5486155],[28.2853982,39.5486527],[28.2848321,39.5487874],[28.2843383,39.549001],[28.2822544,39.5500412],[28.2814534,39.5503709],[28.2807427,39.5506078],[28.2801525,39.5507657],[28.2787191,39.5509746],[28.2779964,39.551035],[28.2757318,39.5511047],[28.2750754,39.5511743],[28.274455,39.5512997],[28.2738106,39.551518],[28.273377,39.5517084],[28.2728771,39.5520288],[28.2724495,39.5523771],[28.2714196,39.553394],[28.2709559,39.5537005],[28.2701548,39.5540674],[28.269408,39.5544946],[28.2688539,39.5548614],[28.2683902,39.5550797],[28.2676133,39.5553211],[28.2671013,39.5553861],[28.2657342,39.5553583],[28.2649512,39.5554372],[28.2645839,39.5555301],[28.2638973,39.5558459],[28.2633914,39.5562173],[28.2626024,39.5569278],[28.2618857,39.5576568],[28.2614521,39.558149],[28.2612232,39.5586319],[28.2606932,39.5599692],[28.2605366,39.5602617],[28.2602596,39.5605914],[28.2600006,39.5608282],[28.2596694,39.5610278],[28.2585853,39.5616546],[28.2581336,39.5618264],[28.2576216,39.5619332],[28.2570856,39.5619797],[28.2565797,39.561975],[28.2561401,39.5618868],[28.2557185,39.5617475],[28.255315,39.5615804],[28.2545802,39.5612089],[28.2541827,39.561051],[28.2537671,39.5609628],[28.2526409,39.5609489],[28.2519182,39.5610278],[28.2510027,39.5609721],[28.2506835,39.5608839],[28.2491718,39.5602942],[28.2488406,39.5601967],[28.2485093,39.560127],[28.2474734,39.5600667],[28.2470157,39.5601085],[28.2465459,39.5602106],[28.2461665,39.5603499],[28.2452691,39.5607957],[28.244307,39.5613249],[28.2435234,39.561673],[28.2421181,39.5619619],[28.2416241,39.5620932],[28.2412068,39.562277],[28.2407384,39.5625856],[28.2404147,39.5629008],[28.2396567,39.5639185],[28.2394182,39.5644372],[28.2389754,39.5670822],[28.2386562,39.567904],[28.2384394,39.5682383],[28.232895,39.5738374],[28.2309262,39.5756051],[28.230631,39.5758047],[28.2273366,39.577592],[28.2252889,39.5791377],[28.2243313,39.5796205],[28.2237592,39.579769],[28.2232231,39.5798433],[28.222657,39.5798526],[28.2221812,39.5798062],[28.2217777,39.579718],[28.2212537,39.5795555],[28.2195674,39.5788035],[28.2191578,39.578655],[28.2186941,39.5785296],[28.2182183,39.5784647],[28.2177003,39.5784554],[28.2171824,39.5785018],[28.2166644,39.5785993],[28.2161525,39.5787757],[28.2140446,39.5799408],[28.2135447,39.5801079],[28.2129846,39.5802286],[28.2109549,39.5805396],[28.2104009,39.5805442],[28.2099793,39.5805071],[28.2065403,39.5795973],[28.2059621,39.5794812],[28.2054623,39.5794302],[28.2048479,39.5794627],[28.2043842,39.579537],[28.2038723,39.5796994],[28.2034266,39.5799083],[28.203017,39.580159],[28.2026195,39.5804746],[28.2022642,39.5809156],[28.2013186,39.5826841],[28.2012102,39.5830183],[28.2011922,39.5834036],[28.2012343,39.5838167],[28.201409,39.5842251],[28.2016439,39.5845918],[28.2020956,39.5850003],[28.2028243,39.5855805],[28.2031014,39.5858543],[28.2033061,39.5861514],[28.2034627,39.5864716],[28.2035711,39.5868662],[28.2035832,39.5872514],[28.2035109,39.5875856],[28.2033603,39.5879569],[28.2031556,39.5882725],[28.2028665,39.5885835],[28.2002647,39.5909923],[28.1999334,39.5912104],[28.1994817,39.5913961],[28.1989999,39.5915307],[28.1985482,39.5915863],[28.1970486,39.5916838],[28.1965848,39.5917766],[28.1962235,39.591888],[28.1957958,39.592069],[28.1950009,39.5924589],[28.1947057,39.5926584],[28.1943745,39.5929647],[28.1933386,39.5942132],[28.1924533,39.5951506],[28.1895383,39.597123],[28.1891709,39.5974478],[28.1888818,39.5978005],[28.1886951,39.5981625],[28.1885927,39.598543],[28.1882675,39.6012299],[28.1882735,39.6016708],[28.1883699,39.6022044],[28.1890023,39.6041905],[28.1890203,39.6045246],[28.1889541,39.6049004],[28.1887493,39.6053969],[28.1885506,39.60568],[28.1883277,39.6059306],[28.1878941,39.6062415],[28.1874544,39.6064688],[28.1869244,39.6066127],[28.1842925,39.6070535],[28.1828651,39.6070535],[28.1823592,39.6070999],[28.1818533,39.6072205],[28.1814197,39.6073876],[28.1810644,39.6075964],[28.1806729,39.6078748],[28.1802814,39.6083852],[28.1801007,39.608761],[28.1794081,39.6109603],[28.1791913,39.6113501],[28.1788661,39.6117398],[28.178589,39.6119486],[28.1780711,39.612227],[28.1776013,39.6123894],[28.1769991,39.6124961],[28.1766136,39.6125146],[28.1758427,39.6124311],[28.1748851,39.6122177],[28.1744213,39.6121806],[28.1738914,39.6121899],[28.1734637,39.6122641],[28.1730964,39.6123801],[28.1726507,39.6125703],[28.1723194,39.6127884],[28.1720123,39.6130343],[28.1717352,39.6133498],[28.1714642,39.6140132],[28.1714221,39.6143983],[28.1715847,39.6165],[28.1714883,39.617131],[28.1713377,39.6174558],[28.171139,39.6177573],[28.170886,39.6180264],[28.1705066,39.6183048],[28.1701151,39.6185321],[28.1696454,39.6186852],[28.1687299,39.6188568],[28.1682903,39.6188336],[28.1678807,39.6187641],[28.167152,39.6185182],[28.1668267,39.6183419],[28.1665075,39.6181099],[28.1645984,39.6164676],[28.164243,39.6162541],[28.1638154,39.6160639],[28.1633938,39.6159479],[28.1628939,39.6158552],[28.1620327,39.6158366],[28.1586394,39.6160358],[28.1579794,39.6160546],[28.1574856,39.6160315],[28.1570162,39.6159619],[28.1564135,39.615818],[28.1518604,39.6141803],[28.1511075,39.6140457],[28.1500837,39.6140968],[28.1496862,39.614171],[28.1492646,39.6143102],[28.148849,39.614505],[28.1484214,39.6147556],[28.148042,39.6150479],[28.147765,39.6153541],[28.1475301,39.6156928],[28.1473494,39.6160732],[28.1472892,39.6164815],[28.1472771,39.6168202],[28.1474337,39.6181331],[28.1474217,39.6185043],[28.1473554,39.6188615],[28.147253,39.6191538],[28.1470603,39.6195203],[28.1467833,39.6198404],[28.1460846,39.6204203],[28.1456932,39.6206105],[28.1452595,39.6207682],[28.1447958,39.6208842],[28.1424228,39.6212553],[28.1410015,39.6215847],[28.1321,39.6246928],[28.1312207,39.6250454],[28.1304497,39.6254258],[28.1297451,39.6258247],[28.1289983,39.6263211],[28.1282816,39.6268731],[28.1276914,39.6274529],[28.126535,39.6287054],[28.1261736,39.6290161],[28.125746,39.629262],[28.1250715,39.6295449],[28.12449,39.6296837],[28.1238613,39.6297225],[28.1231436,39.6296878],[28.122532,39.6295515],[28.1166419,39.6279195],[28.1156227,39.6276096],[28.1147214,39.6272501],[28.1137183,39.6266882],[28.1128653,39.6260974],[28.1119319,39.6252504],[28.1093892,39.6228125],[28.1084719,39.6220688],[28.1038112,39.6188591],[28.1020858,39.6176345],[28.1006562,39.6165617],[28.0977645,39.6146762],[28.096579,39.6141472],[28.0927481,39.612831],[28.0911541,39.6123502],[28.0896038,39.6120816],[28.0869162,39.6117758],[28.0806828,39.6109947],[28.0799371,39.6108418],[28.0792022,39.6105236],[28.0787194,39.6102012],[28.0782366,39.6097177],[28.0779094,39.6092259],[28.0777914,39.6089035],[28.0777502,39.6085675],[28.0777324,39.6079447],[28.0777699,39.6073248],[28.0777484,39.6068825],[28.0776573,39.6064279],[28.0771476,39.6051963],[28.0768526,39.6045958],[28.0766757,39.6043351],[28.076429,39.6040722],[28.0758336,39.6036441],[28.075118,39.6033305],[28.0743423,39.6031416],[28.0734521,39.6031067],[28.0712237,39.6034431],[28.0611022,39.6051469],[28.0592424,39.6055838],[28.0575013,39.6061005],[28.0557978,39.6067143],[28.0520308,39.6082894],[28.0484741,39.6098681],[28.0452607,39.6111738],[28.0420024,39.6122799],[28.0404053,39.61258],[28.0390053,39.6128919],[28.0359992,39.613429],[28.0308684,39.6142674],[27.982365,39.6267875],[27.9565752,39.6333741],[27.9424992,39.6370451],[27.9220408,39.6422943],[27.9127423,39.6447154],[27.8999307,39.647983],[27.8992746,39.6481656],[27.8985717,39.6484527],[27.8982038,39.6486859],[27.8971483,39.6495191],[27.8965105,39.6498425],[27.8961086,39.6499675],[27.8954308,39.6500509],[27.8950303,39.6500414],[27.894244,39.6498962],[27.8936589,39.6496766],[27.8930643,39.6493502],[27.8920287,39.6488854],[27.8868856,39.6461139],[27.8865011,39.6458623],[27.8851573,39.6451262],[27.8848784,39.6448947],[27.884597,39.6445863],[27.884358,39.644262],[27.8841683,39.6439248],[27.8839157,39.6433804],[27.8838221,39.6429971],[27.8824733,39.6248713],[27.8822698,39.6234928],[27.8820767,39.6226609],[27.8818054,39.6218169],[27.8812158,39.6202695],[27.8805375,39.6187101],[27.8769269,39.6098632],[27.8763883,39.6086207],[27.8758457,39.6077123],[27.8752039,39.6069002],[27.8723759,39.6035636],[27.8699392,39.6007052],[27.8685227,39.5990965],[27.8678335,39.5984599],[27.8673166,39.5980548],[27.8664772,39.5974931],[27.8659647,39.5971901],[27.8653903,39.5969075],[27.8645597,39.5965398],[27.8609665,39.5951446],[27.8600425,39.5948189],[27.8591633,39.5945912],[27.8583253,39.5944211],[27.8570721,39.5942539],[27.8559498,39.5942049],[27.8291288,39.5951744],[27.827562,39.5951254],[27.8175662,39.5934786],[27.8169737,39.5933305],[27.8146866,39.5929451],[27.8140058,39.5927923],[27.8133436,39.5925848],[27.8127787,39.5923397],[27.8122438,39.5920457],[27.8096513,39.5900796],[27.8089218,39.5897077],[27.8063367,39.5888169],[27.8011966,39.5871188],[27.8004596,39.5869919],[27.7998461,39.5869775],[27.7992363,39.5870582],[27.7986415,39.5872139],[27.7962144,39.5880076],[27.7957065,39.5881177],[27.7949446,39.5882139],[27.7941196,39.5882339],[27.7934689,39.5881728],[27.7927989,39.5880471],[27.7920168,39.5878242],[27.7891841,39.5867174],[27.7883151,39.5865195],[27.7854467,39.5862098],[27.784762,39.5861835],[27.7841692,39.5862404],[27.7834789,39.5864116],[27.7823759,39.586858],[27.7816127,39.587049],[27.7809164,39.5870965],[27.7801153,39.5870158],[27.7795916,39.5868733],[27.7789877,39.5866216],[27.7785563,39.5863414],[27.7781435,39.5859758],[27.7777244,39.5854106],[27.7775457,39.5848693],[27.7775088,39.5840524],[27.7784084,39.5808847],[27.7784701,39.5803528],[27.7784331,39.5799396],[27.778125,39.5789517],[27.7778292,39.5781918],[27.7775766,39.5778261],[27.7774464,39.5776617],[27.7771514,39.5773891],[27.7763257,39.5769189],[27.7759066,39.576767],[27.7754814,39.5766672],[27.7746372,39.5765912],[27.7742955,39.5766146],[27.7737877,39.5766819],[27.7733124,39.5767955],[27.771677,39.577428],[27.7712803,39.5775259],[27.7708994,39.5775809],[27.7701694,39.5775992],[27.7694632,39.5775075],[27.7689791,39.5773791],[27.7657734,39.576058],[27.7652815,39.5759296],[27.7647975,39.5758623],[27.7629724,39.5758218],[27.7625349,39.5757885],[27.7620357,39.5756888],[27.7615428,39.5755321],[27.7610857,39.5753164],[27.7606193,39.5749683],[27.7602426,39.5746249],[27.7570118,39.5712907],[27.7563167,39.5706638],[27.7559746,39.5704562],[27.7551077,39.5701249],[27.7540476,39.5699536],[27.7518513,39.5698362],[27.7512101,39.5698362],[27.7505309,39.5698949],[27.7495727,39.5700616],[27.7474084,39.5707452],[27.7466466,39.5708553],[27.745861,39.5708227],[27.7449168,39.5706045],[27.7419265,39.5697648],[27.7370325,39.5683194],[27.736636,39.5682269],[27.7361791,39.5681871],[27.7354055,39.5681795],[27.7347211,39.5682511],[27.7323157,39.5688504],[27.7317626,39.5689268],[27.7302819,39.5690558],[27.7261118,39.5690178],[27.7251518,39.5690837],[27.7237795,39.5694939],[27.7224229,39.5699967],[27.7219585,39.5701214],[27.7212486,39.5702007],[27.720709,39.5702252],[27.7201462,39.5701726],[27.7196158,39.5700007],[27.7190783,39.5697674],[27.7185513,39.5694416],[27.7181861,39.5690354],[27.7177687,39.5684924],[27.7162608,39.5650654],[27.7161877,39.5647276],[27.7161616,39.5644259],[27.7162138,39.5634645],[27.716146,39.5630422],[27.7160207,39.562652],[27.7158433,39.5623141],[27.7155459,39.5619038],[27.7152798,39.5616222],[27.7149459,39.5613487],[27.714401,39.561112],[27.7138397,39.5609303],[27.712945,39.5607458],[27.7120008,39.5607703],[27.7114453,39.5608682],[27.7108865,39.5611234],[27.710276,39.5615056],[27.7097386,39.5620647],[27.7095403,39.5624026],[27.7092846,39.5630985],[27.7092325,39.5634323],[27.7093003,39.5640598],[27.7094099,39.5643092],[27.7100602,39.5654805],[27.711125,39.5668258],[27.7117391,39.5676943],[27.7120042,39.5681745],[27.7120925,39.5686104],[27.7121146,39.5690566],[27.7120351,39.5694551],[27.7118981,39.569782],[27.7116772,39.5701669],[27.7111117,39.5707594],[27.7107494,39.571008],[27.710365,39.571243],[27.7099763,39.5713997],[27.7095212,39.5715257],[27.7086729,39.5715972],[27.7070471,39.5715734],[27.7062695,39.5716551],[27.7049087,39.5719684],[27.7041125,39.5720642],[27.7032334,39.5720761],[27.7026779,39.5719767],[27.7021493,39.5717672],[27.7016903,39.571533],[27.7013566,39.5713061],[27.7010723,39.571064],[27.7007915,39.5707587],[27.699554,39.5687807],[27.699015,39.5679838],[27.6987941,39.5675955],[27.6986828,39.567191],[27.6986197,39.5667987],[27.698673,39.5661672],[27.6996947,39.5636596],[27.6997976,39.5631818],[27.6997929,39.5627052],[27.6996621,39.5622562],[27.6994491,39.5617986],[27.6992034,39.5614705],[27.6988469,39.5611235],[27.6983869,39.5608019],[27.69782,39.5605332],[27.6973138,39.5603909],[27.6967654,39.5603107],[27.6961925,39.5603002],[27.6956059,39.5603704],[27.6950504,39.5604851],[27.6937983,39.5609679],[27.6930398,39.5611836],[27.6924749,39.5612607],[27.69198,39.56126],[27.6893997,39.5610633],[27.6888343,39.5609716],[27.6878127,39.5605816],[27.6874688,39.5603202],[27.6843439,39.5574152],[27.684087,39.557135],[27.6833222,39.5560579],[27.6829708,39.5556898],[27.6825442,39.5553564],[27.68213,39.5551147],[27.6805599,39.5545771],[27.6801898,39.5544226],[27.6785557,39.5533245],[27.6782132,39.5530102],[27.6779329,39.5526855],[27.677014,39.551244],[27.6768077,39.5509687],[27.6763808,39.5505741],[27.6760335,39.5503221],[27.6752722,39.5499683],[27.6747988,39.5498579],[27.6742843,39.5497938],[27.6729198,39.5497027],[27.672007,39.5495071],[27.6714178,39.549199],[27.6708327,39.5487601],[27.668808,39.5467873],[27.6686584,39.5465751],[27.6681878,39.5458849],[27.6673313,39.5437177],[27.6670472,39.5433729],[27.6664187,39.5427206],[27.6652215,39.5419686],[27.664889,39.5416813],[27.6644688,39.5411507],[27.6639607,39.5401697],[27.6636424,39.5397514],[27.6632027,39.5393714],[27.6627792,39.5391134],[27.6619502,39.538828],[27.6608456,39.5385813],[27.6600116,39.5382556],[27.6596261,39.5380195],[27.6592761,39.5377326],[27.6589976,39.5374329],[27.6586696,39.5368931],[27.6585022,39.536349],[27.6584458,39.5357756],[27.6585617,39.5353624],[27.6589505,39.5349164],[27.6599627,39.5335405],[27.6603709,39.5330711],[27.6610565,39.5325846],[27.6614725,39.5323876],[27.6637498,39.5316226],[27.6644799,39.5313472],[27.6651226,39.531029],[27.6656939,39.530625],[27.6661303,39.5302578],[27.6665032,39.5298723],[27.6668048,39.5294806],[27.6670666,39.5289726],[27.6672412,39.5285442],[27.6702168,39.5170494],[27.6703913,39.5166515],[27.6706532,39.5161863],[27.670923,39.515868],[27.6742409,39.512304],[27.6748335,39.5116298],[27.6750512,39.5112443],[27.6752519,39.5105978],[27.67531,39.5100998],[27.6752793,39.5096017],[27.6745824,39.5066998],[27.6744081,39.5062807],[27.6741519,39.5058458],[27.6705719,39.5017195],[27.6697567,39.5006035],[27.6694497,39.5000096],[27.6692399,39.4995411],[27.6689861,39.4988257],[27.6671538,39.4925654],[27.666911,39.4919095],[27.6665909,39.4912707],[27.6660721,39.4904955],[27.6654651,39.4897204],[27.6649353,39.4891667],[27.6639111,39.4883421],[27.6632612,39.4878896],[27.6626607,39.4875189],[27.6561082,39.4840083],[27.6554607,39.4835971],[27.6550869,39.4833242],[27.6547,39.4829496],[27.6542045,39.4823748],[27.6539337,39.4818238],[27.6529009,39.4787907],[27.6528282,39.4783105],[27.6528123,39.4778524],[27.6528789,39.4774469],[27.6530108,39.4769652],[27.6532305,39.4765487],[27.6534975,39.4761507],[27.6595031,39.4684514],[27.6596938,39.4680478],[27.6597856,39.4677315],[27.6598421,39.4673498],[27.6598139,39.4669626],[27.6597079,39.4665427],[27.6595596,39.4662155],[27.6593335,39.4658828],[27.6590015,39.4655283],[27.6586554,39.4652611],[27.6581891,39.4649993],[27.6572991,39.464683],[27.656741,39.4646067],[27.6560275,39.4645903],[27.6534562,39.4646449],[27.6528487,39.4645903],[27.6523471,39.4645085],[27.6517679,39.4643449],[27.6511321,39.4640777],[27.6505458,39.4637886],[27.6495003,39.4631506],[27.649133,39.4628179],[27.6488504,39.4624797],[27.6486314,39.4621034],[27.6485043,39.4617326],[27.6484336,39.4613181],[27.6484357,39.4606761],[27.6485538,39.4603696],[27.6487282,39.460046],[27.6491873,39.4593752],[27.6495971,39.4589934],[27.650028,39.4587752],[27.6504447,39.4586334],[27.6508964,39.4585652],[27.6514593,39.4585312],[27.6523534,39.4585738],[27.6541746,39.4587357],[27.6551,39.4588789],[27.6555874,39.4590152],[27.658081,39.4599042],[27.6589994,39.4603842],[27.6606806,39.4617913],[27.6610267,39.4620094],[27.66138,39.4621839],[27.661825,39.4623475],[27.6628281,39.4625002],[27.6637959,39.4624293],[27.664248,39.4623257],[27.6646294,39.4621894],[27.6651592,39.4619167],[27.6657738,39.4614258],[27.6660528,39.4610686],[27.6662436,39.4607141],[27.6663637,39.4602833],[27.666399,39.4596233],[27.6663707,39.458778],[27.6661562,39.4577925],[27.666112,39.4572215],[27.6661235,39.4568158],[27.6661765,39.4563249],[27.6664061,39.4550772],[27.666459,39.4545523],[27.6663266,39.454],[27.6661412,39.4535432],[27.6658674,39.4531409],[27.6655142,39.4527864],[27.6650727,39.4524727],[27.6645517,39.4522],[27.6638718,39.4519955],[27.6632714,39.4519205],[27.6627857,39.4519136],[27.6621676,39.4519955],[27.661629,39.4521318],[27.6598188,39.4528614],[27.6578409,39.4538364],[27.6572846,39.4540545],[27.6554832,39.4546273],[27.6548916,39.4547363],[27.6544678,39.45475],[27.6540086,39.4547159],[27.653417,39.4546204],[27.6529048,39.4544636],[27.6495317,39.4528137],[27.6490726,39.4524932],[27.6487105,39.4521182],[27.6484456,39.4517227],[27.6483043,39.451375],[27.6482337,39.4509864],[27.6481807,39.4505841],[27.648216,39.4501545],[27.648375,39.4497113],[27.648631,39.4492954],[27.6489489,39.4489477],[27.6492492,39.4486954],[27.6502116,39.448034],[27.6505737,39.4477135],[27.6508297,39.4473726],[27.6511123,39.4468816],[27.6512359,39.4463293],[27.6512271,39.4458792],[27.6511388,39.4455042],[27.650662,39.4446518],[27.6503176,39.4442973],[27.6499467,39.444045],[27.6495229,39.4437926],[27.6489313,39.4435744],[27.6484721,39.4434722],[27.645733,39.4430203],[27.6450884,39.4428225],[27.6444791,39.4425361],[27.6436238,39.4420716],[27.6372429,39.4376766],[27.6354105,39.4363571],[27.6351879,39.4361446],[27.6348936,39.4357756],[27.6346464,39.4353391],[27.6344461,39.4347793],[27.6343825,39.4343047],[27.6343825,39.4337973],[27.6344463,39.4332451],[27.6346708,39.4326875],[27.6349463,39.4322456],[27.6353638,39.431817],[27.6358018,39.4314514],[27.6363386,39.4311404],[27.6369038,39.4309003],[27.6374972,39.4307148],[27.6412362,39.4297582],[27.653688,39.4268353],[27.6542752,39.4266181],[27.654752,39.4263589],[27.6555587,39.425706],[27.6558236,39.4253334],[27.6560063,39.4249237],[27.6561061,39.4244552],[27.6560349,39.4236174],[27.6554647,39.4222175],[27.6551836,39.421706],[27.6549494,39.4213609],[27.6545097,39.4209839],[27.6538695,39.4206094],[27.6525982,39.4199364],[27.6521253,39.4196165],[27.6519157,39.4193515],[27.651727,39.4190266],[27.651494,39.4184559],[27.6514136,39.4181264],[27.6508774,39.4029896],[27.6501029,39.3769524],[27.6499616,39.3742328],[27.6499499,39.373019],[27.6508475,39.361578],[27.650961,39.3609373],[27.6513124,39.3597539],[27.6515845,39.3591403],[27.6519133,39.3585179],[27.6523895,39.357843],[27.6540221,39.3558004],[27.6577402,39.3512592],[27.6580945,39.3507332],[27.658389,39.3499128],[27.6584286,39.3495206],[27.658406,39.3489951],[27.6582533,39.3484691],[27.6580832,39.348057],[27.6577771,39.3475573],[27.6528793,39.3428841],[27.6524485,39.3424106],[27.6521311,39.3419635],[27.6519156,39.3414812],[27.651859,39.3409551],[27.6519156,39.3404816],[27.6520857,39.3399994],[27.6523465,39.339596],[27.6527433,39.3391313],[27.6532308,39.3388244],[27.6536503,39.3385964],[27.6542171,39.3383948],[27.6559631,39.3380528],[27.6564619,39.3378599],[27.6569835,39.3375881],[27.6574143,39.3372461],[27.6577771,39.3368515],[27.6580432,39.3364435],[27.6581883,39.3360731],[27.6582463,39.335613],[27.6582173,39.3352257],[27.6581375,39.3348441],[27.6579633,39.3344569],[27.6577732,39.3341504],[27.6575817,39.333917],[27.6570128,39.3334366],[27.656235,39.3330325],[27.6558054,39.3328933],[27.6552888,39.33279],[27.6546909,39.3327676],[27.6541743,39.3328125],[27.6526825,39.3332255],[27.6521775,39.3333423],[27.6516202,39.3334096],[27.6510745,39.3333872],[27.6504941,39.3333019],[27.6500877,39.3332076],[27.648416,39.3324488],[27.6474582,39.3322198],[27.6462218,39.3320178],[27.6457342,39.3318786],[27.6450318,39.3315688],[27.6446893,39.3313263],[27.6438476,39.3305989],[27.6434239,39.3303206],[27.6424603,39.329912],[27.6407189,39.3295079],[27.6401094,39.3293283],[27.6395695,39.3291038],[27.6389368,39.3287356],[27.6383796,39.3283315],[27.637683,39.3276041],[27.6373928,39.3271775],[27.6368424,39.3258282],[27.6301528,39.3114827],[27.6275831,39.3061022],[27.6268059,39.3049346],[27.6263777,39.3044053],[27.6258263,39.303853],[27.6252243,39.303338],[27.622842,39.3015437],[27.616914,39.2972483],[27.6148345,39.2958666],[27.6135732,39.2948685],[27.6121986,39.2936402],[27.60955,39.2911613],[27.6060623,39.2879639],[27.6026028,39.2848805],[27.6017461,39.2840306],[27.6011304,39.2832191],[27.598048,39.278169],[27.5976272,39.277595],[27.5971123,39.2770689],[27.5965498,39.2766337],[27.5929927,39.2747467],[27.5922784,39.2743138],[27.5918535,39.2739281],[27.5916267,39.2736225],[27.5914094,39.2732425],[27.591338,39.2728363],[27.5913374,39.2723107],[27.5913774,39.2718759],[27.591502,39.2715436],[27.5917848,39.271037],[27.592139,39.2706509],[27.5925771,39.2703116],[27.5931213,39.2700571],[27.596001,39.269232],[27.5965792,39.2689336],[27.5971127,39.2685939],[27.5974802,39.2681974],[27.5977823,39.2677099],[27.5979704,39.2671689],[27.598011,39.2666835],[27.5978891,39.2660804],[27.5976743,39.2655512],[27.5972268,39.265056],[27.5967866,39.2646966],[27.5961891,39.264391],[27.5948139,39.2637889],[27.5940503,39.2632937],[27.5935195,39.2627624],[27.5930913,39.2621206],[27.5916541,39.2597194],[27.5913053,39.2590471],[27.5910933,39.2583449],[27.5901509,39.2536332],[27.5899922,39.2530362],[27.5897654,39.2525709],[27.5894026,39.2520091],[27.585082,39.2468572],[27.58361,39.2449721],[27.5811567,39.2422901],[27.5804525,39.2412869],[27.5766254,39.2347116],[27.5762853,39.2340267],[27.5759678,39.2332451],[27.5757184,39.2323318],[27.5749262,39.2288608],[27.5748421,39.2281019],[27.5749035,39.2272475],[27.5750029,39.2266619],[27.5751572,39.2261097],[27.5754335,39.2253922],[27.5758799,39.2246302],[27.5764301,39.2238509],[27.5771679,39.2231328],[27.5779203,39.2223359],[27.5784926,39.2218017],[27.5792309,39.221194],[27.5799523,39.2207206],[27.5807075,39.2202876],[27.5813349,39.2199723],[27.5832935,39.2191315],[27.5839633,39.2187374],[27.5844126,39.2183564],[27.5848281,39.2178966],[27.5851503,39.2173711],[27.5853453,39.2167865],[27.5854131,39.2161953],[27.5853622,39.2155384],[27.5851927,39.2150326],[27.5849977,39.2142509],[27.5849163,39.213576],[27.5849553,39.2130159],[27.5851503,39.2123787],[27.5855488,39.2117612],[27.5859897,39.2112685],[27.5865408,39.2108152],[27.5916533,39.2073399],[27.5924418,39.2069654],[27.5931879,39.2067224],[27.5944512,39.2066041],[27.5950786,39.2066369],[27.59574,39.2067289],[27.5994196,39.2078392],[27.6002929,39.2080232],[27.6011069,39.2080889],[27.6022006,39.208102],[27.6067737,39.2079936],[27.6073501,39.2079411],[27.6079181,39.207836],[27.6095737,39.207285],[27.6111731,39.206634],[27.6117521,39.2063037],[27.6173056,39.2028871],[27.6174897,39.2027295],[27.6282045,39.1962546],[27.6303403,39.1949169],[27.6344784,39.1924169],[27.6359932,39.1915845],[27.6371416,39.1909987],[27.6455745,39.1868588],[27.6459691,39.1865828],[27.65494,39.1820972],[27.6560235,39.1813446],[27.656874,39.180414],[27.6601489,39.1762598],[27.6606207,39.1757313],[27.6615237,39.1748872],[27.6627076,39.1742394],[27.6640426,39.1738196],[27.6681484,39.1728363],[27.6694032,39.1723292],[27.6704631,39.171618],[27.6712664,39.1707135],[27.671774,39.1696657],[27.672577,39.167478],[27.6730462,39.166441],[27.6737742,39.1655168],[27.6747591,39.1647429],[27.6768691,39.1632928],[27.6778639,39.1624945],[27.6786249,39.1615439],[27.6835804,39.1508617],[27.6840584,39.1497096],[27.6843569,39.1485005],[27.6853267,39.129492],[27.6856756,39.1210526],[27.6860645,39.1130823],[27.6861946,39.1120662],[27.6863008,39.1116109],[27.686547,39.1110572],[27.6868785,39.110539],[27.6873127,39.1100202],[27.6878827,39.1095415],[27.6885794,39.1091076],[27.7007018,39.1027929],[27.7017613,39.1021954],[27.7026856,39.1016028],[27.70434,39.1004391],[27.7080667,39.0979613],[27.7237609,39.0869338],[27.7255176,39.0857163],[27.7298265,39.0828226],[27.7407992,39.0752112],[27.7422552,39.074069],[27.7430866,39.0732394],[27.7438079,39.0723814],[27.7443655,39.0714689],[27.7445448,39.0710275],[27.7448096,39.0704967],[27.7449931,39.0699168],[27.7468944,39.0615818],[27.7472903,39.0604054],[27.7490122,39.0569769],[27.7491506,39.0564909],[27.7492137,39.0560034],[27.749234,39.0555808],[27.7491871,39.0551523],[27.7490137,39.0545384],[27.7487355,39.0539505],[27.7475077,39.0520594],[27.7473288,39.0516269],[27.7469378,39.0498134],[27.7468332,39.0491318],[27.7466531,39.0485002],[27.7458885,39.0466349],[27.7457613,39.0462196],[27.7456595,39.0457999],[27.7456254,39.0452094],[27.7459118,39.0440227],[27.7461266,39.0435374],[27.74646,39.0426186],[27.7469321,39.0419206],[27.7501213,39.0387866],[27.7509559,39.0378663],[27.7554263,39.0320446],[27.7560569,39.0314325],[27.7566143,39.0309541],[27.7573683,39.0302083],[27.757615,39.0298711],[27.7578242,39.0295067],[27.7581073,39.0287808],[27.7581975,39.0283894],[27.7582372,39.0279926],[27.7582476,39.0276514],[27.7582161,39.0273006],[27.7580911,39.0267378],[27.7572946,39.0244779],[27.7570978,39.023401],[27.7570124,39.0225249],[27.7571477,39.0212503],[27.7575791,39.0191322],[27.7575964,39.0185356],[27.7575117,39.0179475],[27.7572183,39.0166385],[27.7569859,39.0156758],[27.7567653,39.0150749],[27.7566198,39.014433],[27.756622,39.0128598],[27.7567081,39.0121487],[27.7568277,39.0117452],[27.7571877,39.0110843],[27.759015,39.0084885],[27.7594556,39.0077248],[27.759686,39.0069186],[27.7600785,39.0051524],[27.7601898,39.0047643],[27.7605171,39.0041052],[27.7609637,39.0035105],[27.7620513,39.0024896],[27.7623469,39.0021642],[27.7626086,39.0018405],[27.7631156,39.0008914],[27.763423,38.9996771],[27.7635165,38.998935],[27.7634631,38.9962828],[27.7636368,38.9951928],[27.7645984,38.9919955],[27.7647921,38.9912065],[27.7648388,38.9904227],[27.7646852,38.9897531],[27.7643945,38.9891145],[27.7626635,38.9866057],[27.7622335,38.9859364],[27.7619124,38.9852059],[27.7617235,38.9835945],[27.7615666,38.9825615],[27.7611782,38.9816856],[27.7607649,38.9811204],[27.7602737,38.9805955],[27.7583612,38.9790427],[27.7579787,38.9786719],[27.7576765,38.9783195],[27.7574498,38.9779524],[27.7572315,38.9775012],[27.7570171,38.9768356],[27.7565561,38.973094],[27.7565608,38.9726167],[27.7566858,38.9721544],[27.757033,38.9714125],[27.7575956,38.9707232],[27.7580813,38.9703405],[27.7586574,38.9699917],[27.7592808,38.969731],[27.7658272,38.9676128],[27.7878075,38.9603712],[27.7918684,38.9590884],[27.7984437,38.9569133],[27.7988876,38.9567308],[27.8002182,38.9562781],[27.8006679,38.9560866],[27.802003,38.9554376],[27.8024515,38.9551473],[27.8031126,38.9546944],[27.8035657,38.9543408],[27.8043309,38.9536331],[27.8048547,38.9530436],[27.8053107,38.9524303],[27.8056804,38.951836],[27.8059515,38.9513329],[27.8062165,38.9507338],[27.8065184,38.9497467],[27.8066787,38.9487355],[27.8066787,38.9481269],[27.8066294,38.9474559],[27.8064507,38.9463728],[27.8063397,38.9459607],[27.8061672,38.9455198],[27.7916246,38.9165478],[27.7913966,38.9160827],[27.7912179,38.9156032],[27.7909653,38.9147594],[27.7908174,38.9136902],[27.7907699,38.9120568],[27.790636,38.9027332],[27.7905872,38.9021985],[27.7905385,38.9018125],[27.790212,38.9007273],[27.7897376,38.8997149],[27.7887212,38.8984429],[27.7874789,38.8974563],[27.7868539,38.8970722],[27.7861351,38.8967048],[27.7850729,38.8962581],[27.784538,38.8959849],[27.7795094,38.8939084],[27.7637577,38.8873082],[27.7628033,38.8868743],[27.7617222,38.8862892],[27.7609076,38.8857759],[27.7599682,38.8851738],[27.7584198,38.8840079],[27.7392711,38.8680285],[27.7382321,38.867227],[27.7376163,38.8668263],[27.7369244,38.8664322],[27.7361229,38.866038],[27.7060962,38.8535345],[27.7052104,38.853114],[27.7043247,38.8525491],[27.7035801,38.8519189],[27.7027997,38.8511054],[27.7020639,38.8500067],[27.7015533,38.8488465],[27.699685,38.8449479],[27.6940701,38.832806],[27.6932402,38.8310771],[27.6930124,38.8304594],[27.6928437,38.8297168],[27.6927425,38.8289873],[27.6926834,38.8282447],[27.6928244,38.8258662],[27.6929206,38.8251379],[27.6930799,38.82442],[27.6933246,38.8237562],[27.693662,38.823053],[27.6955845,38.8201652],[27.6960466,38.8190035],[27.6963298,38.8178267],[27.6963664,38.8163747],[27.6962466,38.8153523],[27.6940926,38.8080379],[27.6936721,38.8071836],[27.6931852,38.8065188],[27.6899307,38.8032054],[27.6893234,38.8025216],[27.6845215,38.7954752],[27.6834388,38.794505],[27.6802046,38.7920583],[27.6778806,38.7905775],[27.6770526,38.7900115],[27.6762296,38.789613],[27.6754316,38.7893021],[27.6745825,38.789093],[27.6726457,38.7887494],[27.672027,38.788568],[27.6710882,38.7881194],[27.6704835,38.7876375],[27.6701225,38.7871797],[27.6697917,38.7864986],[27.6696377,38.7859858],[27.6696446,38.7852563],[27.6697833,38.784543],[27.6698086,38.7839064],[27.6697581,38.7834471],[27.6696149,38.7829549],[27.6693371,38.7824233],[27.6689583,38.7819245],[27.6683606,38.7814061],[27.6660454,38.7796866],[27.6652625,38.7790566],[27.6645132,38.7783216],[27.6586875,38.7718567],[27.6580645,38.771266],[27.6573069,38.7707015],[27.6564482,38.7701436],[27.6553085,38.7695579],[27.6274201,38.7568781],[27.6090772,38.7485763],[27.6026615,38.745615],[27.6009824,38.7448948],[27.5884452,38.7391877],[27.5830415,38.7359788],[27.5503062,38.7173321],[27.5491559,38.7166188],[27.5477256,38.7152603],[27.5469139,38.7142303],[27.5311616,38.6906018],[27.5256975,38.6823297],[27.5240708,38.679978],[27.5192451,38.6728174],[27.5100901,38.6589649],[27.5081638,38.6561126],[27.5071056,38.6549551],[27.506249,38.6543118],[27.5031459,38.6524993],[27.5007933,38.6512272],[27.4787065,38.6385279],[27.4749718,38.6364501],[27.4743882,38.6361103],[27.47127,38.6341141],[27.4700858,38.6331068],[27.4637947,38.6251519],[27.4628107,38.6241032],[27.4618804,38.6234107],[27.4606291,38.6227448],[27.4548225,38.6204182],[27.4533196,38.619873],[27.4518883,38.6195055],[27.4504409,38.6192544],[27.4493676,38.6191552],[27.4481247,38.6191319],[27.446192,38.6192483],[27.4447446,38.6194928],[27.443996,38.6196676],[27.4407641,38.6206116],[27.4394722,38.6210201],[27.4386015,38.6211888],[27.4378599,38.6212868],[27.4367678,38.6213871],[27.4257647,38.6214255],[27.4233118,38.6214071],[27.4218654,38.6214939],[27.4208174,38.6215928],[27.4187881,38.6219203],[27.4123128,38.6233492],[27.4104017,38.6238338],[27.4077597,38.6246784],[27.4062888,38.6252561],[27.3987293,38.6287783],[27.3893179,38.6330762],[27.3802284,38.637271],[27.3706803,38.641618],[27.3631915,38.6450784],[27.3607963,38.6461467],[27.3591328,38.6467092],[27.3576715,38.6470789],[27.3383727,38.6509484],[27.336509,38.6512879],[27.3353788,38.6514056],[27.3342583,38.6514734],[27.3330776,38.6514763],[27.2905225,38.6488611],[27.2715861,38.6476746],[27.2705902,38.6475375],[27.2678888,38.646943],[27.2672302,38.6468572],[27.2664817,38.6468255],[27.2633229,38.6470385],[27.2627071,38.6470554],[27.2614326,38.6470045],[27.2606126,38.6469087],[27.2599547,38.6467952],[27.2581424,38.6464202],[27.2573096,38.6463631],[27.2563449,38.6464258],[27.2555047,38.646535],[27.2547026,38.646693],[27.2538893,38.646945],[27.2518854,38.6480023],[27.251004,38.6483269],[27.2493928,38.6487498],[27.2484171,38.6489648],[27.2477881,38.6490632],[27.2471573,38.6490999],[27.2464064,38.6490896],[27.2453278,38.6489577],[27.2442517,38.6487217],[27.2412511,38.6479687],[27.2401685,38.6476191],[27.2392572,38.6472695],[27.2380745,38.6467429],[27.2367322,38.6460326],[27.2350195,38.6449533],[27.2344514,38.6445214],[27.2289844,38.6399978],[27.2282634,38.6395468],[27.2270832,38.6390365],[27.2264092,38.6388292],[27.2256696,38.6386661],[27.224945,38.6385795],[27.2240866,38.6385476],[27.2230559,38.6385652],[27.2193084,38.6386963],[27.2180914,38.6387017],[27.2172029,38.6386146],[27.2165844,38.6384764],[27.2155536,38.6380884],[27.2088628,38.6341701],[27.2080672,38.6335653],[27.2065451,38.6320121],[27.2057607,38.6312613],[27.2050819,38.6307693],[27.204423,38.6303928],[27.2023778,38.6293728],[27.201666,38.6289398],[27.2011843,38.6286063],[27.1947818,38.6231948],[27.1941533,38.6226948],[27.1935984,38.6223322],[27.1930107,38.6219927],[27.1922269,38.6216101],[27.1911485,38.6211623],[27.1858859,38.6191344],[27.1849611,38.6189726],[27.1840323,38.6190136],[27.1835905,38.619109],[27.1830693,38.6192839],[27.1825386,38.6195493],[27.181878,38.6201003],[27.1815447,38.620541],[27.1808088,38.6219917],[27.1801833,38.6227161],[27.176293,38.6261748],[27.1753178,38.6269158],[27.1740959,38.6276103],[27.1730917,38.6280181],[27.1719193,38.6283809],[27.1707399,38.6286535],[27.1696494,38.6287802],[27.1686596,38.6288216],[27.1676161,38.6287944],[27.1667317,38.6287013],[27.165834,38.6285439],[27.1638444,38.6280364],[27.1614102,38.6273078],[27.1591842,38.6266944],[27.1567097,38.6261549],[27.1541826,38.625679],[27.1363752,38.6225195],[27.1131244,38.6184296],[27.107233,38.6173546],[27.1039317,38.6167953],[27.1018945,38.6163955],[27.0999815,38.6158636],[27.0981452,38.6152167],[27.0932835,38.6133094],[27.0920603,38.6128178],[27.090936,38.6122677],[27.0890089,38.6111479],[27.087217,38.6099619],[27.0850003,38.6085928],[27.080608,38.6057387],[27.0792075,38.604849],[27.0799528,38.6054257],[27.0755338,38.6025819],[27.0751453,38.6022245],[27.0746928,38.6016382],[27.0743765,38.6011372],[27.0741684,38.6006302],[27.0741041,38.6003962],[27.0740496,38.6000531],[27.0740519,38.5993713],[27.0741209,38.5987841],[27.074223,38.5983115],[27.0745173,38.595605],[27.0745246,38.5951741],[27.0744744,38.5946473],[27.0743611,38.5941113],[27.0742137,38.5936799],[27.0740145,38.5932452],[27.0737481,38.5927873],[27.073435,38.5923482],[27.0426552,38.5588107],[27.0411497,38.5571032],[27.0395671,38.5550855],[27.0379642,38.5526971],[27.0372702,38.5514766],[27.0362924,38.549639],[27.0354509,38.5477824],[27.0350105,38.54665],[27.0344907,38.5448579],[27.0344949,38.5446901],[27.0326576,38.538418],[27.0302287,38.5299072],[27.0301098,38.5291675],[27.0300691,38.5286873],[27.0300696,38.5282011],[27.0301201,38.5276697],[27.0302203,38.5271257],[27.0303642,38.5265866],[27.0305509,38.5260538],[27.0308543,38.5253924],[27.0312255,38.5247707],[27.0316722,38.5241539],[27.0363034,38.5186219],[27.0399869,38.5143935],[27.0406633,38.5135547],[27.0445196,38.5090571],[27.0460174,38.5073789],[27.0474624,38.5055539],[27.0488497,38.5039021],[27.0524332,38.4997837],[27.0539607,38.4982775],[27.0545227,38.4977764],[27.0562742,38.4963665],[27.0582158,38.4950064],[27.0615851,38.4929095],[27.0623631,38.4923812],[27.0653697,38.490554],[27.0667388,38.4898813],[27.0676012,38.4894957],[27.0718641,38.4878948],[27.0780769,38.4854338],[27.0797428,38.4846048],[27.0807594,38.4839936],[27.0819438,38.4831637],[27.0831782,38.4820898],[27.0838658,38.4813929],[27.087392,38.4776694],[27.0898864,38.4749771],[27.0912353,38.473599],[27.0951427,38.4694132],[27.0958793,38.4686748],[27.1034177,38.4606918],[27.1043435,38.4598764],[27.1050771,38.4593224],[27.1062763,38.4586973],[27.1071717,38.4583112],[27.108371,38.457942],[27.1095866,38.4576586],[27.110359,38.4575631],[27.1111193,38.4575217],[27.112484,38.4575095],[27.1136213,38.4576397],[27.1151258,38.4578724],[27.1165456,38.4581657],[27.1174197,38.4584299],[27.1183097,38.458814],[27.1191963,38.4592958],[27.1228247,38.4614663],[27.1273554,38.4640706],[27.1281222,38.4644534],[27.1286311,38.4646608],[27.1299375,38.4650817],[27.1315038,38.4653184],[27.1325665,38.4653494],[27.1402684,38.4647368],[27.1409987,38.4647403],[27.1416514,38.4647978],[27.1423303,38.4649023],[27.1427507,38.4650105],[27.1439635,38.4653793],[27.1490401,38.466806],[27.1530378,38.4678666],[27.1547811,38.4682972],[27.1555224,38.4684117],[27.1561163,38.4684684],[27.1574025,38.4684029],[27.158773,38.4681428],[27.1594626,38.4679214],[27.1603364,38.4675385],[27.160953,38.4671723],[27.1615033,38.4667928],[27.1626786,38.465863],[27.1635592,38.464973],[27.1641983,38.4641919],[27.1648108,38.463328],[27.1668659,38.4601786],[27.1707445,38.4540438],[27.1710602,38.4535074],[27.1719102,38.4517174],[27.1726585,38.4497432],[27.1727915,38.4492177],[27.1729859,38.4481173],[27.1736326,38.4432919],[27.1736875,38.4426729],[27.1736924,38.4420653],[27.1736406,38.4414625],[27.1735313,38.4408267],[27.1732697,38.4397457],[27.1731331,38.4393922],[27.172492,38.4381955],[27.1720933,38.4375667],[27.1716696,38.4371074],[27.1709939,38.4364954],[27.1701022,38.4357969],[27.1680887,38.4346474],[27.167256,38.4342206],[27.1654603,38.4331196],[27.1639191,38.43209],[27.1571802,38.4280099],[27.1565305,38.4276769],[27.1535895,38.4258666],[27.1514602,38.4244764],[27.1498931,38.4236149],[27.1495521,38.4234498],[27.1489883,38.4232347],[27.1481838,38.4230092],[27.1478053,38.4229422],[27.1473486,38.4229143]]},"id":"shape-ankara-basmane"},{"type":"Feature","id":"st-ankara-gar","properties":{"id":"st-ankara-gar","name":"Ankara Gar","city":"Ankara","district":"Altındağ","coordinate_status":"verified","shape_index":0,"shape_offset_m":52,"shape_distance_km":0,"shape_positions":{"shape-ankara-halkali":{"index":0,"offset_m":52,"distance_km":0,"derived":false},"shape-ankara-karaman":{"index":0,"offset_m":52,"distance_km":0,"derived":false},"shape-ankara-kars":{"index":0,"offset_m":52,"distance_km":0,"derived":false},"shape-ankara-basmane":{"index":0,"offset_m":52,"distance_km":0,"derived":false}},"source_status":"catalog_or_derived","directions":[{"pattern_id":"pattern-yht-ankara-halkali","route_id":"route-yht-ankara-istanbul","base_shape_id":"shape-ankara-halkali","headsign":"İstanbul (Halkalı)","direction":"forward","sequence":1,"remaining_stations":14,"schedule_status":"official_dates_available"},{"pattern_id":"pattern-yht-halkali-ankara","route_id":"route-yht-ankara-istanbul","base_shape_id":"shape-ankara-halkali","headsign":"Ankara Gar","direction":"reverse","sequence":15,"remaining_stations":0,"schedule_status":"official_dates_available"},{"pattern_id":"pattern-yht-ankara-sogutlucesme","route_id":"route-yht-ankara-istanbul","base_shape_id":"shape-ankara-halkali","headsign":"İstanbul (Söğütlüçeşme)","direction":"forward","sequence":1,"remaining_stations":12,"schedule_status":"official_dates_available"},{"pattern_id":"pattern-yht-sogutlucesme-ankara","route_id":"route-yht-ankara-istanbul","base_shape_id":"shape-ankara-halkali","headsign":"Ankara Gar","direction":"reverse","sequence":13,"remaining_stations":0,"schedule_status":"official_dates_available"},{"pattern_id":"pattern-yht-ankara-karaman","route_id":"route-yht-konya","base_shape_id":"shape-ankara-karaman","headsign":"Karaman","direction":"forward","sequence":1,"remaining_stations":6,"schedule_status":"official_dates_available"},{"pattern_id":"pattern-yht-karaman-ankara","route_id":"route-yht-konya","base_shape_id":"shape-ankara-karaman","headsign":"Ankara Gar","direction":"reverse","sequence":7,"remaining_stations":0,"schedule_status":"official_dates_available"},{"pattern_id":"pattern-dogu-ankara-kars","route_id":"route-dogu-ekspresi","base_shape_id":"shape-ankara-kars","headsign":"Kars","direction":"forward","sequence":1,"remaining_stations":53,"schedule_status":"official_dates_available"},{"pattern_id":"pattern-dogu-kars-ankara","route_id":"route-dogu-ekspresi","base_shape_id":"shape-ankara-kars","headsign":"Ankara Gar","direction":"reverse","sequence":49,"remaining_stations":0,"schedule_status":"official_dates_available"},{"pattern_id":"pattern-yht-ankara-konya","route_id":"route-yht-konya","base_shape_id":"shape-ankara-karaman","headsign":"Konya","direction":"forward","sequence":1,"remaining_stations":4,"schedule_status":"official_dates_available"},{"pattern_id":"pattern-yht-konya-ankara","route_id":"route-yht-konya","base_shape_id":"shape-ankara-karaman","headsign":"Ankara Gar","direction":"reverse","sequence":5,"remaining_stations":0,"schedule_status":"official_dates_available"},{"pattern_id":"pattern-izmir-mavi-ankara-basmane","route_id":"route-izmir-mavi","base_shape_id":"shape-ankara-basmane","headsign":"İzmir (Basmane)","direction":"forward","sequence":1,"remaining_stations":13,"schedule_status":"official_dates_available"},{"pattern_id":"pattern-izmir-mavi-basmane-ankara","route_id":"route-izmir-mavi","base_shape_id":"shape-ankara-basmane","headsign":"Ankara Gar","direction":"reverse","sequence":15,"remaining_stations":0,"schedule_status":"official_dates_available"}]},"geometry":{"type":"Point","coordinates":[32.8430211,39.9354204]}},{"type":"Feature","id":"st-eryaman-yht","properties":{"id":"st-eryaman-yht","name":"Eryaman YHT","city":"Ankara","district":"Etimesgut","coordinate_status":"verified","shape_index":78,"shape_offset_m":72,"shape_distance_km":19.984,"shape_positions":{"shape-ankara-halkali":{"index":78,"offset_m":72,"distance_km":19.984,"derived":false},"shape-ankara-karaman":{"index":76,"offset_m":72,"distance_km":19.984,"derived":false}},"source_status":"catalog_or_derived","directions":[{"pattern_id":"pattern-yht-ankara-halkali","route_id":"route-yht-ankara-istanbul","base_shape_id":"shape-ankara-halkali","headsign":"İstanbul (Halkalı)","direction":"forward","sequence":2,"remaining_stations":13,"schedule_status":"official_dates_available"},{"pattern_id":"pattern-yht-halkali-ankara","route_id":"route-yht-ankara-istanbul","base_shape_id":"shape-ankara-halkali","headsign":"Ankara Gar","direction":"reverse","sequence":14,"remaining_stations":1,"schedule_status":"official_dates_available"},{"pattern_id":"pattern-yht-ankara-sogutlucesme","route_id":"route-yht-ankara-istanbul","base_shape_id":"shape-ankara-halkali","headsign":"İstanbul (Söğütlüçeşme)","direction":"forward","sequence":2,"remaining_stations":11,"schedule_status":"official_dates_available"},{"pattern_id":"pattern-yht-sogutlucesme-ankara","route_id":"route-yht-ankara-istanbul","base_shape_id":"shape-ankara-halkali","headsign":"Ankara Gar","direction":"reverse","sequence":12,"remaining_stations":1,"schedule_status":"official_dates_available"},{"pattern_id":"pattern-yht-ankara-karaman","route_id":"route-yht-konya","base_shape_id":"shape-ankara-karaman","headsign":"Karaman","direction":"forward","sequence":2,"remaining_stations":5,"schedule_status":"official_dates_available"},{"pattern_id":"pattern-yht-karaman-ankara","route_id":"route-yht-konya","base_shape_id":"shape-ankara-karaman","headsign":"Ankara Gar","direction":"reverse","sequence":6,"remaining_stations":1,"schedule_status":"official_dates_available"},{"pattern_id":"pattern-yht-ankara-konya","route_id":"route-yht-konya","base_shape_id":"shape-ankara-karaman","headsign":"Konya","direction":"forward","sequence":2,"remaining_stations":3,"schedule_status":"official_dates_available"},{"pattern_id":"pattern-yht-konya-ankara","route_id":"route-yht-konya","base_shape_id":"shape-ankara-karaman","headsign":"Ankara Gar","direction":"reverse","sequence":4,"remaining_stations":1,"schedule_status":"official_dates_available"}]},"geometry":{"type":"Point","coordinates":[32.63023,39.95575]}},{"type":"Feature","id":"st-polatli-yht","properties":{"id":"st-polatli-yht","name":"Polatlı YHT","city":"Ankara","district":"Polatlı","coordinate_status":"needs_review","shape_index":230,"shape_offset_m":750,"shape_distance_km":76.376,"shape_positions":{"shape-ankara-halkali":{"index":230,"offset_m":750,"distance_km":76.376,"derived":false},"shape-ankara-karaman":{"index":230,"offset_m":750,"distance_km":76.376,"derived":false}},"source_status":"catalog_or_derived","directions":[{"pattern_id":"pattern-yht-ankara-halkali","route_id":"route-yht-ankara-istanbul","base_shape_id":"shape-ankara-halkali","headsign":"İstanbul (Halkalı)","direction":"forward","sequence":3,"remaining_stations":12,"schedule_status":"official_dates_available"},{"pattern_id":"pattern-yht-halkali-ankara","route_id":"route-yht-ankara-istanbul","base_shape_id":"shape-ankara-halkali","headsign":"Ankara Gar","direction":"reverse","sequence":13,"remaining_stations":2,"schedule_status":"official_dates_available"},{"pattern_id":"pattern-yht-ankara-sogutlucesme","route_id":"route-yht-ankara-istanbul","base_shape_id":"shape-ankara-halkali","headsign":"İstanbul (Söğütlüçeşme)","direction":"forward","sequence":3,"remaining_stations":10,"schedule_status":"official_dates_available"},{"pattern_id":"pattern-yht-sogutlucesme-ankara","route_id":"route-yht-ankara-istanbul","base_shape_id":"shape-ankara-halkali","headsign":"Ankara Gar","direction":"reverse","sequence":11,"remaining_stations":2,"schedule_status":"official_dates_available"},{"pattern_id":"pattern-yht-ankara-karaman","route_id":"route-yht-konya","base_shape_id":"shape-ankara-karaman","headsign":"Karaman","direction":"forward","sequence":3,"remaining_stations":4,"schedule_status":"official_dates_available"},{"pattern_id":"pattern-yht-karaman-ankara","route_id":"route-yht-konya","base_shape_id":"shape-ankara-karaman","headsign":"Ankara Gar","direction":"reverse","sequence":5,"remaining_stations":2,"schedule_status":"official_dates_available"},{"pattern_id":"pattern-yht-ankara-konya","route_id":"route-yht-konya","base_shape_id":"shape-ankara-karaman","headsign":"Konya","direction":"forward","sequence":3,"remaining_stations":2,"schedule_status":"official_dates_available"},{"pattern_id":"pattern-yht-konya-ankara","route_id":"route-yht-konya","base_shape_id":"shape-ankara-karaman","headsign":"Ankara Gar","direction":"reverse","sequence":3,"remaining_stations":2,"schedule_status":"official_dates_available"}]},"geometry":{"type":"Point","coordinates":[32.230833333334,39.671388888889]}},{"type":"Feature","id":"st-eskisehir","properties":{"id":"st-eskisehir","name":"Eskişehir","city":"Eskişehir","district":"Tepebaşı","coordinate_status":"verified","shape_index":702,"shape_offset_m":33,"shape_distance_km":250.381,"shape_positions":{"shape-ankara-halkali":{"index":702,"offset_m":33,"distance_km":250.381,"derived":false},"shape-halkali-karaman":{"index":1778,"offset_m":33,"distance_km":356.522,"derived":false},"shape-ankara-basmane":{"index":1062,"offset_m":33,"distance_km":256.563,"derived":false}},"source_status":"catalog_or_derived","directions":[{"pattern_id":"pattern-yht-ankara-halkali","route_id":"route-yht-ankara-istanbul","base_shape_id":"shape-ankara-halkali","headsign":"İstanbul (Halkalı)","direction":"forward","sequence":4,"remaining_stations":11,"schedule_status":"official_dates_available"},{"pattern_id":"pattern-yht-halkali-ankara","route_id":"route-yht-ankara-istanbul","base_shape_id":"shape-ankara-halkali","headsign":"Ankara Gar","direction":"reverse","sequence":12,"remaining_stations":3,"schedule_status":"official_dates_available"},{"pattern_id":"pattern-yht-ankara-sogutlucesme","route_id":"route-yht-ankara-istanbul","base_shape_id":"shape-ankara-halkali","headsign":"İstanbul (Söğütlüçeşme)","direction":"forward","sequence":4,"remaining_stations":9,"schedule_status":"official_dates_available"},{"pattern_id":"pattern-yht-sogutlucesme-ankara","route_id":"route-yht-ankara-istanbul","base_shape_id":"shape-ankara-halkali","headsign":"Ankara Gar","direction":"reverse","sequence":10,"remaining_stations":3,"schedule_status":"official_dates_available"},{"pattern_id":"pattern-yht-halkali-karaman","route_id":"route-yht-konya","base_shape_id":"shape-halkali-karaman","headsign":"Karaman","direction":"forward","sequence":11,"remaining_stations":4,"schedule_status":"official_dates_available"},{"pattern_id":"pattern-yht-karaman-halkali","route_id":"route-yht-konya","base_shape_id":"shape-halkali-karaman","headsign":"İstanbul (Halkalı)","direction":"reverse","sequence":5,"remaining_stations":10,"schedule_status":"official_dates_available"},{"pattern_id":"pattern-yht-sogutlucesme-konya","route_id":"route-yht-konya","base_shape_id":"shape-halkali-karaman","headsign":"Konya","direction":"forward","sequence":10,"remaining_stations":2,"schedule_status":"official_dates_available"},{"pattern_id":"pattern-yht-konya-sogutlucesme","route_id":"route-yht-konya","base_shape_id":"shape-halkali-karaman","headsign":"İstanbul (Söğütlüçeşme)","direction":"reverse","sequence":3,"remaining_stations":9,"schedule_status":"official_dates_available"},{"pattern_id":"pattern-izmir-mavi-ankara-basmane","route_id":"route-izmir-mavi","base_shape_id":"shape-ankara-basmane","headsign":"İzmir (Basmane)","direction":"forward","sequence":9,"remaining_stations":5,"schedule_status":"official_dates_available"}]},"geometry":{"type":"Point","coordinates":[30.500833333333,39.778888888889]}},{"type":"Feature","id":"st-bozuyuk-yht","properties":{"id":"st-bozuyuk-yht","name":"Bozüyük YHT","city":"Bilecik","district":"Bozüyük","coordinate_status":"verified","shape_index":778,"shape_offset_m":486,"shape_distance_km":292.8,"shape_positions":{"shape-ankara-halkali":{"index":778,"offset_m":486,"distance_km":292.8,"derived":false},"shape-halkali-karaman":{"index":1702,"offset_m":891,"distance_km":313.696,"derived":false}},"source_status":"catalog_or_derived","directions":[{"pattern_id":"pattern-yht-ankara-halkali","route_id":"route-yht-ankara-istanbul","base_shape_id":"shape-ankara-halkali","headsign":"İstanbul (Halkalı)","direction":"forward","sequence":5,"remaining_stations":10,"schedule_status":"official_dates_available"},{"pattern_id":"pattern-yht-halkali-ankara","route_id":"route-yht-ankara-istanbul","base_shape_id":"shape-ankara-halkali","headsign":"Ankara Gar","direction":"reverse","sequence":11,"remaining_stations":4,"schedule_status":"official_dates_available"},{"pattern_id":"pattern-yht-ankara-sogutlucesme","route_id":"route-yht-ankara-istanbul","base_shape_id":"shape-ankara-halkali","headsign":"İstanbul (Söğütlüçeşme)","direction":"forward","sequence":5,"remaining_stations":8,"schedule_status":"official_dates_available"},{"pattern_id":"pattern-yht-sogutlucesme-ankara","route_id":"route-yht-ankara-istanbul","base_shape_id":"shape-ankara-halkali","headsign":"Ankara Gar","direction":"reverse","sequence":9,"remaining_stations":4,"schedule_status":"official_dates_available"},{"pattern_id":"pattern-yht-halkali-karaman","route_id":"route-yht-konya","base_shape_id":"shape-halkali-karaman","headsign":"Karaman","direction":"forward","sequence":10,"remaining_stations":5,"schedule_status":"official_dates_available"},{"pattern_id":"pattern-yht-karaman-halkali","route_id":"route-yht-konya","base_shape_id":"shape-halkali-karaman","headsign":"İstanbul (Halkalı)","direction":"reverse","sequence":6,"remaining_stations":9,"schedule_status":"official_dates_available"},{"pattern_id":"pattern-yht-sogutlucesme-konya","route_id":"route-yht-konya","base_shape_id":"shape-halkali-karaman","headsign":"Konya","direction":"forward","sequence":9,"remaining_stations":3,"schedule_status":"official_dates_available"},{"pattern_id":"pattern-yht-konya-sogutlucesme","route_id":"route-yht-konya","base_shape_id":"shape-halkali-karaman","headsign":"İstanbul (Söğütlüçeşme)","direction":"reverse","sequence":4,"remaining_stations":8,"schedule_status":"official_dates_available"}]},"geometry":{"type":"Point","coordinates":[30.043611111111,39.880555555556]}},{"type":"Feature","id":"st-bilecik-yht","properties":{"id":"st-bilecik-yht","name":"Bilecik YHT","city":"Bilecik","district":"Merkez","coordinate_status":"verified","shape_index":1013,"shape_offset_m":60,"shape_distance_km":326.757,"shape_positions":{"shape-ankara-halkali":{"index":1013,"offset_m":60,"distance_km":326.757,"derived":false},"shape-halkali-karaman":{"index":1468,"offset_m":60,"distance_km":280.146,"derived":false}},"source_status":"catalog_or_derived","directions":[{"pattern_id":"pattern-yht-ankara-halkali","route_id":"route-yht-ankara-istanbul","base_shape_id":"shape-ankara-halkali","headsign":"İstanbul (Halkalı)","direction":"forward","sequence":6,"remaining_stations":9,"schedule_status":"official_dates_available"},{"pattern_id":"pattern-yht-halkali-ankara","route_id":"route-yht-ankara-istanbul","base_shape_id":"shape-ankara-halkali","headsign":"Ankara Gar","direction":"reverse","sequence":10,"remaining_stations":5,"schedule_status":"official_dates_available"},{"pattern_id":"pattern-yht-ankara-sogutlucesme","route_id":"route-yht-ankara-istanbul","base_shape_id":"shape-ankara-halkali","headsign":"İstanbul (Söğütlüçeşme)","direction":"forward","sequence":6,"remaining_stations":7,"schedule_status":"official_dates_available"},{"pattern_id":"pattern-yht-sogutlucesme-ankara","route_id":"route-yht-ankara-istanbul","base_shape_id":"shape-ankara-halkali","headsign":"Ankara Gar","direction":"reverse","sequence":8,"remaining_stations":5,"schedule_status":"official_dates_available"},{"pattern_id":"pattern-yht-halkali-karaman","route_id":"route-yht-konya","base_shape_id":"shape-halkali-karaman","headsign":"Karaman","direction":"forward","sequence":9,"remaining_stations":6,"schedule_status":"official_dates_available"},{"pattern_id":"pattern-yht-karaman-halkali","route_id":"route-yht-konya","base_shape_id":"shape-halkali-karaman","headsign":"İstanbul (Halkalı)","direction":"reverse","sequence":7,"remaining_stations":8,"schedule_status":"official_dates_available"},{"pattern_id":"pattern-yht-sogutlucesme-konya","route_id":"route-yht-konya","base_shape_id":"shape-halkali-karaman","headsign":"Konya","direction":"forward","sequence":8,"remaining_stations":4,"schedule_status":"official_dates_available"},{"pattern_id":"pattern-yht-konya-sogutlucesme","route_id":"route-yht-konya","base_shape_id":"shape-halkali-karaman","headsign":"İstanbul (Söğütlüçeşme)","direction":"reverse","sequence":5,"remaining_stations":7,"schedule_status":"official_dates_available"}]},"geometry":{"type":"Point","coordinates":[30.00954,40.13568]}},{"type":"Feature","id":"st-pamukova-yht","properties":{"id":"st-pamukova-yht","name":"Pamukova YHT","city":"Sakarya","district":"Pamukova","coordinate_status":"verified","shape_index":1391,"shape_offset_m":711,"shape_distance_km":410.889,"shape_positions":{"shape-ankara-halkali":{"index":1391,"offset_m":711,"distance_km":410.889,"derived":false},"shape-halkali-karaman":{"index":1090,"offset_m":711,"distance_km":196.014,"derived":false}},"source_status":"catalog_or_derived","directions":[{"pattern_id":"pattern-yht-ankara-halkali","route_id":"route-yht-ankara-istanbul","base_shape_id":"shape-ankara-halkali","headsign":"İstanbul (Halkalı)","direction":"forward","sequence":7,"remaining_stations":8,"schedule_status":"official_dates_available"},{"pattern_id":"pattern-yht-halkali-ankara","route_id":"route-yht-ankara-istanbul","base_shape_id":"shape-ankara-halkali","headsign":"Ankara Gar","direction":"reverse","sequence":9,"remaining_stations":6,"schedule_status":"official_dates_available"},{"pattern_id":"pattern-yht-ankara-sogutlucesme","route_id":"route-yht-ankara-istanbul","base_shape_id":"shape-ankara-halkali","headsign":"İstanbul (Söğütlüçeşme)","direction":"forward","sequence":7,"remaining_stations":6,"schedule_status":"official_dates_available"},{"pattern_id":"pattern-yht-sogutlucesme-ankara","route_id":"route-yht-ankara-istanbul","base_shape_id":"shape-ankara-halkali","headsign":"Ankara Gar","direction":"reverse","sequence":7,"remaining_stations":6,"schedule_status":"official_dates_available"},{"pattern_id":"pattern-yht-sogutlucesme-konya","route_id":"route-yht-konya","base_shape_id":"shape-halkali-karaman","headsign":"Konya","direction":"forward","sequence":7,"remaining_stations":5,"schedule_status":"official_dates_available"},{"pattern_id":"pattern-yht-konya-sogutlucesme","route_id":"route-yht-konya","base_shape_id":"shape-halkali-karaman","headsign":"İstanbul (Söğütlüçeşme)","direction":"reverse","sequence":6,"remaining_stations":6,"schedule_status":"official_dates_available"}]},"geometry":{"type":"Point","coordinates":[30.19756809546,40.499761474293]}},{"type":"Feature","id":"st-arifiye","properties":{"id":"st-arifiye","name":"Arifiye","city":"Sakarya","district":"Arifiye","coordinate_status":"verified","shape_index":1540,"shape_offset_m":116,"shape_distance_km":443.223,"shape_positions":{"shape-ankara-halkali":{"index":1540,"offset_m":116,"distance_km":443.223,"derived":false},"shape-halkali-karaman":{"index":941,"offset_m":116,"distance_km":163.68,"derived":false}},"source_status":"catalog_or_derived","directions":[{"pattern_id":"pattern-yht-ankara-halkali","route_id":"route-yht-ankara-istanbul","base_shape_id":"shape-ankara-halkali","headsign":"İstanbul (Halkalı)","direction":"forward","sequence":8,"remaining_stations":7,"schedule_status":"official_dates_available"},{"pattern_id":"pattern-yht-halkali-ankara","route_id":"route-yht-ankara-istanbul","base_shape_id":"shape-ankara-halkali","headsign":"Ankara Gar","direction":"reverse","sequence":8,"remaining_stations":7,"schedule_status":"official_dates_available"},{"pattern_id":"pattern-yht-ankara-sogutlucesme","route_id":"route-yht-ankara-istanbul","base_shape_id":"shape-ankara-halkali","headsign":"İstanbul (Söğütlüçeşme)","direction":"forward","sequence":8,"remaining_stations":5,"schedule_status":"official_dates_available"},{"pattern_id":"pattern-yht-sogutlucesme-ankara","route_id":"route-yht-ankara-istanbul","base_shape_id":"shape-ankara-halkali","headsign":"Ankara Gar","direction":"reverse","sequence":6,"remaining_stations":7,"schedule_status":"official_dates_available"},{"pattern_id":"pattern-yht-halkali-karaman","route_id":"route-yht-konya","base_shape_id":"shape-halkali-karaman","headsign":"Karaman","direction":"forward","sequence":8,"remaining_stations":7,"schedule_status":"official_dates_available"},{"pattern_id":"pattern-yht-karaman-halkali","route_id":"route-yht-konya","base_shape_id":"shape-halkali-karaman","headsign":"İstanbul (Halkalı)","direction":"reverse","sequence":8,"remaining_stations":7,"schedule_status":"official_dates_available"},{"pattern_id":"pattern-yht-sogutlucesme-konya","route_id":"route-yht-konya","base_shape_id":"shape-halkali-karaman","headsign":"Konya","direction":"forward","sequence":6,"remaining_stations":6,"schedule_status":"official_dates_available"},{"pattern_id":"pattern-yht-konya-sogutlucesme","route_id":"route-yht-konya","base_shape_id":"shape-halkali-karaman","headsign":"İstanbul (Söğütlüçeşme)","direction":"reverse","sequence":7,"remaining_stations":5,"schedule_status":"official_dates_available"}]},"geometry":{"type":"Point","coordinates":[30.356111111111,40.713333333333]}},{"type":"Feature","id":"st-izmit-yht","properties":{"id":"st-izmit-yht","name":"İzmit YHT","city":"Kocaeli","district":"İzmit","coordinate_status":"verified","shape_index":1681,"shape_offset_m":208,"shape_distance_km":483.369,"shape_positions":{"shape-ankara-halkali":{"index":1681,"offset_m":208,"distance_km":483.369,"derived":false},"shape-halkali-karaman":{"index":800,"offset_m":208,"distance_km":123.534,"derived":false}},"source_status":"catalog_or_derived","directions":[{"pattern_id":"pattern-yht-ankara-halkali","route_id":"route-yht-ankara-istanbul","base_shape_id":"shape-ankara-halkali","headsign":"İstanbul (Halkalı)","direction":"forward","sequence":9,"remaining_stations":6,"schedule_status":"official_dates_available"},{"pattern_id":"pattern-yht-halkali-ankara","route_id":"route-yht-ankara-istanbul","base_shape_id":"shape-ankara-halkali","headsign":"Ankara Gar","direction":"reverse","sequence":7,"remaining_stations":8,"schedule_status":"official_dates_available"},{"pattern_id":"pattern-yht-ankara-sogutlucesme","route_id":"route-yht-ankara-istanbul","base_shape_id":"shape-ankara-halkali","headsign":"İstanbul (Söğütlüçeşme)","direction":"forward","sequence":9,"remaining_stations":4,"schedule_status":"official_dates_available"},{"pattern_id":"pattern-yht-sogutlucesme-ankara","route_id":"route-yht-ankara-istanbul","base_shape_id":"shape-ankara-halkali","headsign":"Ankara Gar","direction":"reverse","sequence":5,"remaining_stations":8,"schedule_status":"official_dates_available"},{"pattern_id":"pattern-yht-halkali-karaman","route_id":"route-yht-konya","base_shape_id":"shape-halkali-karaman","headsign":"Karaman","direction":"forward","sequence":7,"remaining_stations":8,"schedule_status":"official_dates_available"},{"pattern_id":"pattern-yht-karaman-halkali","route_id":"route-yht-konya","base_shape_id":"shape-halkali-karaman","headsign":"İstanbul (Halkalı)","direction":"reverse","sequence":9,"remaining_stations":6,"schedule_status":"official_dates_available"},{"pattern_id":"pattern-yht-sogutlucesme-konya","route_id":"route-yht-konya","base_shape_id":"shape-halkali-karaman","headsign":"Konya","direction":"forward","sequence":5,"remaining_stations":7,"schedule_status":"official_dates_available"},{"pattern_id":"pattern-yht-konya-sogutlucesme","route_id":"route-yht-konya","base_shape_id":"shape-halkali-karaman","headsign":"İstanbul (Söğütlüçeşme)","direction":"reverse","sequence":8,"remaining_stations":4,"schedule_status":"official_dates_available"}]},"geometry":{"type":"Point","coordinates":[29.9175,40.761944444444]}},{"type":"Feature","id":"st-gebze","properties":{"id":"st-gebze","name":"Gebze","city":"Kocaeli","district":"Gebze","coordinate_status":"verified","shape_index":1955,"shape_offset_m":91,"shape_distance_km":530.385,"shape_positions":{"shape-ankara-halkali":{"index":1955,"offset_m":91,"distance_km":530.385,"derived":false},"shape-halkali-karaman":{"index":526,"offset_m":91,"distance_km":76.519,"derived":false}},"source_status":"catalog_or_derived","directions":[{"pattern_id":"pattern-yht-ankara-halkali","route_id":"route-yht-ankara-istanbul","base_shape_id":"shape-ankara-halkali","headsign":"İstanbul (Halkalı)","direction":"forward","sequence":10,"remaining_stations":5,"schedule_status":"official_dates_available"},{"pattern_id":"pattern-yht-halkali-ankara","route_id":"route-yht-ankara-istanbul","base_shape_id":"shape-ankara-halkali","headsign":"Ankara Gar","direction":"reverse","sequence":6,"remaining_stations":9,"schedule_status":"official_dates_available"},{"pattern_id":"pattern-yht-ankara-sogutlucesme","route_id":"route-yht-ankara-istanbul","base_shape_id":"shape-ankara-halkali","headsign":"İstanbul (Söğütlüçeşme)","direction":"forward","sequence":10,"remaining_stations":3,"schedule_status":"official_dates_available"},{"pattern_id":"pattern-yht-sogutlucesme-ankara","route_id":"route-yht-ankara-istanbul","base_shape_id":"shape-ankara-halkali","headsign":"Ankara Gar","direction":"reverse","sequence":4,"remaining_stations":9,"schedule_status":"official_dates_available"},{"pattern_id":"pattern-yht-halkali-karaman","route_id":"route-yht-konya","base_shape_id":"shape-halkali-karaman","headsign":"Karaman","direction":"forward","sequence":6,"remaining_stations":9,"schedule_status":"official_dates_available"},{"pattern_id":"pattern-yht-karaman-halkali","route_id":"route-yht-konya","base_shape_id":"shape-halkali-karaman","headsign":"İstanbul (Halkalı)","direction":"reverse","sequence":10,"remaining_stations":5,"schedule_status":"official_dates_available"},{"pattern_id":"pattern-yht-sogutlucesme-konya","route_id":"route-yht-konya","base_shape_id":"shape-halkali-karaman","headsign":"Konya","direction":"forward","sequence":4,"remaining_stations":8,"schedule_status":"official_dates_available"},{"pattern_id":"pattern-yht-konya-sogutlucesme","route_id":"route-yht-konya","base_shape_id":"shape-halkali-karaman","headsign":"İstanbul (Söğütlüçeşme)","direction":"reverse","sequence":9,"remaining_stations":3,"schedule_status":"official_dates_available"}]},"geometry":{"type":"Point","coordinates":[29.405555555556,40.786388888889]}},{"type":"Feature","id":"st-istanbul-pendik","properties":{"id":"st-istanbul-pendik","name":"İstanbul (Pendik)","city":"İstanbul","district":"Pendik","coordinate_status":"verified","shape_index":2055,"shape_offset_m":56,"shape_distance_km":549.312,"shape_positions":{"shape-ankara-halkali":{"index":2055,"offset_m":56,"distance_km":549.312,"derived":false},"shape-halkali-karaman":{"index":426,"offset_m":56,"distance_km":57.591,"derived":false}},"source_status":"catalog_or_derived","directions":[{"pattern_id":"pattern-yht-ankara-halkali","route_id":"route-yht-ankara-istanbul","base_shape_id":"shape-ankara-halkali","headsign":"İstanbul (Halkalı)","direction":"forward","sequence":11,"remaining_stations":4,"schedule_status":"official_dates_available"},{"pattern_id":"pattern-yht-halkali-ankara","route_id":"route-yht-ankara-istanbul","base_shape_id":"shape-ankara-halkali","headsign":"Ankara Gar","direction":"reverse","sequence":5,"remaining_stations":10,"schedule_status":"official_dates_available"},{"pattern_id":"pattern-yht-ankara-sogutlucesme","route_id":"route-yht-ankara-istanbul","base_shape_id":"shape-ankara-halkali","headsign":"İstanbul (Söğütlüçeşme)","direction":"forward","sequence":11,"remaining_stations":2,"schedule_status":"official_dates_available"},{"pattern_id":"pattern-yht-sogutlucesme-ankara","route_id":"route-yht-ankara-istanbul","base_shape_id":"shape-ankara-halkali","headsign":"Ankara Gar","direction":"reverse","sequence":3,"remaining_stations":10,"schedule_status":"official_dates_available"},{"pattern_id":"pattern-yht-halkali-karaman","route_id":"route-yht-konya","base_shape_id":"shape-halkali-karaman","headsign":"Karaman","direction":"forward","sequence":5,"remaining_stations":10,"schedule_status":"official_dates_available"},{"pattern_id":"pattern-yht-karaman-halkali","route_id":"route-yht-konya","base_shape_id":"shape-halkali-karaman","headsign":"İstanbul (Halkalı)","direction":"reverse","sequence":11,"remaining_stations":4,"schedule_status":"official_dates_available"},{"pattern_id":"pattern-yht-sogutlucesme-konya","route_id":"route-yht-konya","base_shape_id":"shape-halkali-karaman","headsign":"Konya","direction":"forward","sequence":3,"remaining_stations":9,"schedule_status":"official_dates_available"},{"pattern_id":"pattern-yht-konya-sogutlucesme","route_id":"route-yht-konya","base_shape_id":"shape-halkali-karaman","headsign":"İstanbul (Söğütlüçeşme)","direction":"reverse","sequence":10,"remaining_stations":2,"schedule_status":"official_dates_available"}]},"geometry":{"type":"Point","coordinates":[29.230833333334,40.879722222223]}},{"type":"Feature","id":"st-istanbul-bostanci","properties":{"id":"st-istanbul-bostanci","name":"İstanbul (Bostancı)","city":"İstanbul","district":"Kadıköy","coordinate_status":"verified","shape_index":2175,"shape_offset_m":115,"shape_distance_km":564.844,"shape_positions":{"shape-ankara-halkali":{"index":2175,"offset_m":115,"distance_km":564.844,"derived":false},"shape-halkali-karaman":{"index":306,"offset_m":115,"distance_km":42.059,"derived":false}},"source_status":"verified_open","directions":[{"pattern_id":"pattern-yht-ankara-halkali","route_id":"route-yht-ankara-istanbul","base_shape_id":"shape-ankara-halkali","headsign":"İstanbul (Halkalı)","direction":"forward","sequence":12,"remaining_stations":3,"schedule_status":"official_dates_available"},{"pattern_id":"pattern-yht-halkali-ankara","route_id":"route-yht-ankara-istanbul","base_shape_id":"shape-ankara-halkali","headsign":"Ankara Gar","direction":"reverse","sequence":4,"remaining_stations":11,"schedule_status":"official_dates_available"},{"pattern_id":"pattern-yht-ankara-sogutlucesme","route_id":"route-yht-ankara-istanbul","base_shape_id":"shape-ankara-halkali","headsign":"İstanbul (Söğütlüçeşme)","direction":"forward","sequence":12,"remaining_stations":1,"schedule_status":"official_dates_available"},{"pattern_id":"pattern-yht-sogutlucesme-ankara","route_id":"route-yht-ankara-istanbul","base_shape_id":"shape-ankara-halkali","headsign":"Ankara Gar","direction":"reverse","sequence":2,"remaining_stations":11,"schedule_status":"official_dates_available"},{"pattern_id":"pattern-yht-halkali-karaman","route_id":"route-yht-konya","base_shape_id":"shape-halkali-karaman","headsign":"Karaman","direction":"forward","sequence":4,"remaining_stations":11,"schedule_status":"official_dates_available"},{"pattern_id":"pattern-yht-karaman-halkali","route_id":"route-yht-konya","base_shape_id":"shape-halkali-karaman","headsign":"İstanbul (Halkalı)","direction":"reverse","sequence":12,"remaining_stations":3,"schedule_status":"official_dates_available"},{"pattern_id":"pattern-yht-sogutlucesme-konya","route_id":"route-yht-konya","base_shape_id":"shape-halkali-karaman","headsign":"Konya","direction":"forward","sequence":2,"remaining_stations":10,"schedule_status":"official_dates_available"},{"pattern_id":"pattern-yht-konya-sogutlucesme","route_id":"route-yht-konya","base_shape_id":"shape-halkali-karaman","headsign":"İstanbul (Söğütlüçeşme)","direction":"reverse","sequence":11,"remaining_stations":1,"schedule_status":"official_dates_available"}]},"geometry":{"type":"Point","coordinates":[29.0941199,40.9541746]}},{"type":"Feature","id":"st-istanbul-sogutlucesme","properties":{"id":"st-istanbul-sogutlucesme","name":"İstanbul (Söğütlüçeşme)","city":"İstanbul","district":"Kadıköy","coordinate_status":"verified","shape_index":2232,"shape_offset_m":64,"shape_distance_km":571.981,"shape_positions":{"shape-ankara-halkali":{"index":2232,"offset_m":64,"distance_km":571.981,"derived":false},"shape-halkali-karaman":{"index":249,"offset_m":64,"distance_km":34.922,"derived":false}},"source_status":"verified_open","directions":[{"pattern_id":"pattern-yht-ankara-halkali","route_id":"route-yht-ankara-istanbul","base_shape_id":"shape-ankara-halkali","headsign":"İstanbul (Halkalı)","direction":"forward","sequence":13,"remaining_stations":2,"schedule_status":"official_dates_available"},{"pattern_id":"pattern-yht-halkali-ankara","route_id":"route-yht-ankara-istanbul","base_shape_id":"shape-ankara-halkali","headsign":"Ankara Gar","direction":"reverse","sequence":3,"remaining_stations":12,"schedule_status":"official_dates_available"},{"pattern_id":"pattern-yht-ankara-sogutlucesme","route_id":"route-yht-ankara-istanbul","base_shape_id":"shape-ankara-halkali","headsign":"İstanbul (Söğütlüçeşme)","direction":"forward","sequence":13,"remaining_stations":0,"schedule_status":"official_dates_available"},{"pattern_id":"pattern-yht-sogutlucesme-ankara","route_id":"route-yht-ankara-istanbul","base_shape_id":"shape-ankara-halkali","headsign":"Ankara Gar","direction":"reverse","sequence":1,"remaining_stations":12,"schedule_status":"official_dates_available"},{"pattern_id":"pattern-yht-halkali-karaman","route_id":"route-yht-konya","base_shape_id":"shape-halkali-karaman","headsign":"Karaman","direction":"forward","sequence":3,"remaining_stations":12,"schedule_status":"official_dates_available"},{"pattern_id":"pattern-yht-karaman-halkali","route_id":"route-yht-konya","base_shape_id":"shape-halkali-karaman","headsign":"İstanbul (Halkalı)","direction":"reverse","sequence":13,"remaining_stations":2,"schedule_status":"official_dates_available"},{"pattern_id":"pattern-yht-sogutlucesme-konya","route_id":"route-yht-konya","base_shape_id":"shape-halkali-karaman","headsign":"Konya","direction":"forward","sequence":1,"remaining_stations":11,"schedule_status":"official_dates_available"},{"pattern_id":"pattern-yht-konya-sogutlucesme","route_id":"route-yht-konya","base_shape_id":"shape-halkali-karaman","headsign":"İstanbul (Söğütlüçeşme)","direction":"reverse","sequence":12,"remaining_stations":0,"schedule_status":"official_dates_available"}]},"geometry":{"type":"Point","coordinates":[29.0379088,40.9906464]}},{"type":"Feature","id":"st-istanbul-bakirkoy","properties":{"id":"st-istanbul-bakirkoy","name":"İstanbul (Bakırköy)","city":"İstanbul","district":"Bakırköy","coordinate_status":"verified","shape_index":2333,"shape_offset_m":17,"shape_distance_km":587.935,"shape_positions":{"shape-ankara-halkali":{"index":2333,"offset_m":17,"distance_km":587.935,"derived":false},"shape-halkali-karaman":{"index":148,"offset_m":17,"distance_km":18.968,"derived":false}},"source_status":"catalog_or_derived","directions":[{"pattern_id":"pattern-yht-ankara-halkali","route_id":"route-yht-ankara-istanbul","base_shape_id":"shape-ankara-halkali","headsign":"İstanbul (Halkalı)","direction":"forward","sequence":14,"remaining_stations":1,"schedule_status":"official_dates_available"},{"pattern_id":"pattern-yht-halkali-ankara","route_id":"route-yht-ankara-istanbul","base_shape_id":"shape-ankara-halkali","headsign":"Ankara Gar","direction":"reverse","sequence":2,"remaining_stations":13,"schedule_status":"official_dates_available"},{"pattern_id":"pattern-yht-halkali-karaman","route_id":"route-yht-konya","base_shape_id":"shape-halkali-karaman","headsign":"Karaman","direction":"forward","sequence":2,"remaining_stations":13,"schedule_status":"official_dates_available"},{"pattern_id":"pattern-yht-karaman-halkali","route_id":"route-yht-konya","base_shape_id":"shape-halkali-karaman","headsign":"İstanbul (Halkalı)","direction":"reverse","sequence":14,"remaining_stations":1,"schedule_status":"official_dates_available"}]},"geometry":{"type":"Point","coordinates":[28.913888888889,40.992777777777]}},{"type":"Feature","id":"st-istanbul-halkali","properties":{"id":"st-istanbul-halkali","name":"İstanbul (Halkalı)","city":"İstanbul","district":"Küçükçekmece","coordinate_status":"verified","shape_index":2481,"shape_offset_m":19,"shape_distance_km":606.903,"shape_positions":{"shape-ankara-halkali":{"index":2481,"offset_m":19,"distance_km":606.903,"derived":false},"shape-halkali-karaman":{"index":0,"offset_m":19,"distance_km":0,"derived":false}},"source_status":"catalog_or_derived","directions":[{"pattern_id":"pattern-yht-ankara-halkali","route_id":"route-yht-ankara-istanbul","base_shape_id":"shape-ankara-halkali","headsign":"İstanbul (Halkalı)","direction":"forward","sequence":15,"remaining_stations":0,"schedule_status":"official_dates_available"},{"pattern_id":"pattern-yht-halkali-ankara","route_id":"route-yht-ankara-istanbul","base_shape_id":"shape-ankara-halkali","headsign":"Ankara Gar","direction":"reverse","sequence":1,"remaining_stations":14,"schedule_status":"official_dates_available"},{"pattern_id":"pattern-yht-halkali-karaman","route_id":"route-yht-konya","base_shape_id":"shape-halkali-karaman","headsign":"Karaman","direction":"forward","sequence":1,"remaining_stations":14,"schedule_status":"official_dates_available"},{"pattern_id":"pattern-yht-karaman-halkali","route_id":"route-yht-konya","base_shape_id":"shape-halkali-karaman","headsign":"İstanbul (Halkalı)","direction":"reverse","sequence":15,"remaining_stations":0,"schedule_status":"official_dates_available"}]},"geometry":{"type":"Point","coordinates":[28.766666666667,41.018611111111]}},{"type":"Feature","id":"st-selcuklu-yht","properties":{"id":"st-selcuklu-yht","name":"Selçuklu YHT (Konya)","city":"Konya","district":"Selçuklu","coordinate_status":"verified","shape_index":573,"shape_offset_m":192,"shape_distance_km":309.866,"shape_positions":{"shape-ankara-karaman":{"index":573,"offset_m":192,"distance_km":309.866,"derived":false},"shape-halkali-karaman":{"index":2435,"offset_m":192,"distance_km":708.809,"derived":false}},"source_status":"catalog_or_derived","directions":[{"pattern_id":"pattern-yht-ankara-karaman","route_id":"route-yht-konya","base_shape_id":"shape-ankara-karaman","headsign":"Karaman","direction":"forward","sequence":4,"remaining_stations":3,"schedule_status":"official_dates_available"},{"pattern_id":"pattern-yht-karaman-ankara","route_id":"route-yht-konya","base_shape_id":"shape-ankara-karaman","headsign":"Ankara Gar","direction":"reverse","sequence":4,"remaining_stations":3,"schedule_status":"official_dates_available"},{"pattern_id":"pattern-yht-halkali-karaman","route_id":"route-yht-konya","base_shape_id":"shape-halkali-karaman","headsign":"Karaman","direction":"forward","sequence":12,"remaining_stations":3,"schedule_status":"official_dates_available"},{"pattern_id":"pattern-yht-karaman-halkali","route_id":"route-yht-konya","base_shape_id":"shape-halkali-karaman","headsign":"İstanbul (Halkalı)","direction":"reverse","sequence":4,"remaining_stations":11,"schedule_status":"official_dates_available"},{"pattern_id":"pattern-yht-sogutlucesme-konya","route_id":"route-yht-konya","base_shape_id":"shape-halkali-karaman","headsign":"Konya","direction":"forward","sequence":11,"remaining_stations":1,"schedule_status":"official_dates_available"},{"pattern_id":"pattern-yht-konya-sogutlucesme","route_id":"route-yht-konya","base_shape_id":"shape-halkali-karaman","headsign":"İstanbul (Söğütlüçeşme)","direction":"reverse","sequence":2,"remaining_stations":10,"schedule_status":"official_dates_available"},{"pattern_id":"pattern-yht-ankara-konya","route_id":"route-yht-konya","base_shape_id":"shape-ankara-karaman","headsign":"Konya","direction":"forward","sequence":4,"remaining_stations":1,"schedule_status":"official_dates_available"},{"pattern_id":"pattern-yht-konya-ankara","route_id":"route-yht-konya","base_shape_id":"shape-ankara-karaman","headsign":"Ankara Gar","direction":"reverse","sequence":2,"remaining_stations":3,"schedule_status":"official_dates_available"}]},"geometry":{"type":"Point","coordinates":[32.498,37.89798]}},{"type":"Feature","id":"st-konya","properties":{"id":"st-konya","name":"Konya","city":"Konya","district":"Meram","coordinate_status":"verified","shape_index":599,"shape_offset_m":958,"shape_distance_km":315.574,"shape_positions":{"shape-ankara-karaman":{"index":599,"offset_m":958,"distance_km":315.574,"derived":false},"shape-halkali-karaman":{"index":2459,"offset_m":958,"distance_km":714.518,"derived":false}},"source_status":"catalog_or_derived","directions":[{"pattern_id":"pattern-yht-ankara-karaman","route_id":"route-yht-konya","base_shape_id":"shape-ankara-karaman","headsign":"Karaman","direction":"forward","sequence":5,"remaining_stations":2,"schedule_status":"official_dates_available"},{"pattern_id":"pattern-yht-karaman-ankara","route_id":"route-yht-konya","base_shape_id":"shape-ankara-karaman","headsign":"Ankara Gar","direction":"reverse","sequence":3,"remaining_stations":4,"schedule_status":"official_dates_available"},{"pattern_id":"pattern-yht-halkali-karaman","route_id":"route-yht-konya","base_shape_id":"shape-halkali-karaman","headsign":"Karaman","direction":"forward","sequence":13,"remaining_stations":2,"schedule_status":"official_dates_available"},{"pattern_id":"pattern-yht-karaman-halkali","route_id":"route-yht-konya","base_shape_id":"shape-halkali-karaman","headsign":"İstanbul (Halkalı)","direction":"reverse","sequence":3,"remaining_stations":12,"schedule_status":"official_dates_available"},{"pattern_id":"pattern-yht-sogutlucesme-konya","route_id":"route-yht-konya","base_shape_id":"shape-halkali-karaman","headsign":"Konya","direction":"forward","sequence":12,"remaining_stations":0,"schedule_status":"official_dates_available"},{"pattern_id":"pattern-yht-konya-sogutlucesme","route_id":"route-yht-konya","base_shape_id":"shape-halkali-karaman","headsign":"İstanbul (Söğütlüçeşme)","direction":"reverse","sequence":1,"remaining_stations":11,"schedule_status":"official_dates_available"},{"pattern_id":"pattern-yht-ankara-konya","route_id":"route-yht-konya","base_shape_id":"shape-ankara-karaman","headsign":"Konya","direction":"forward","sequence":5,"remaining_stations":0,"schedule_status":"official_dates_available"},{"pattern_id":"pattern-yht-konya-ankara","route_id":"route-yht-konya","base_shape_id":"shape-ankara-karaman","headsign":"Ankara Gar","direction":"reverse","sequence":1,"remaining_stations":4,"schedule_status":"official_dates_available"}]},"geometry":{"type":"Point","coordinates":[32.488333333333,37.854722222222]}},{"type":"Feature","id":"st-cumra","properties":{"id":"st-cumra","name":"Çumra","city":"Konya","district":"Çumra","coordinate_status":"verified","shape_index":627,"shape_offset_m":914,"shape_distance_km":358.339,"shape_positions":{"shape-ankara-karaman":{"index":627,"offset_m":914,"distance_km":358.339,"derived":false},"shape-halkali-karaman":{"index":2487,"offset_m":914,"distance_km":757.283,"derived":false}},"source_status":"catalog_or_derived","directions":[{"pattern_id":"pattern-yht-ankara-karaman","route_id":"route-yht-konya","base_shape_id":"shape-ankara-karaman","headsign":"Karaman","direction":"forward","sequence":6,"remaining_stations":1,"schedule_status":"official_dates_available"},{"pattern_id":"pattern-yht-karaman-ankara","route_id":"route-yht-konya","base_shape_id":"shape-ankara-karaman","headsign":"Ankara Gar","direction":"reverse","sequence":2,"remaining_stations":5,"schedule_status":"official_dates_available"},{"pattern_id":"pattern-yht-halkali-karaman","route_id":"route-yht-konya","base_shape_id":"shape-halkali-karaman","headsign":"Karaman","direction":"forward","sequence":14,"remaining_stations":1,"schedule_status":"official_dates_available"},{"pattern_id":"pattern-yht-karaman-halkali","route_id":"route-yht-konya","base_shape_id":"shape-halkali-karaman","headsign":"İstanbul (Halkalı)","direction":"reverse","sequence":2,"remaining_stations":13,"schedule_status":"official_dates_available"}]},"geometry":{"type":"Point","coordinates":[32.7775,37.571388888889]}},{"type":"Feature","id":"st-karaman","properties":{"id":"st-karaman","name":"Karaman","city":"Karaman","district":"Merkez","coordinate_status":"verified","shape_index":677,"shape_offset_m":1290,"shape_distance_km":415.779,"shape_positions":{"shape-ankara-karaman":{"index":677,"offset_m":1290,"distance_km":415.779,"derived":false},"shape-halkali-karaman":{"index":2537,"offset_m":1290,"distance_km":814.723,"derived":false}},"source_status":"catalog_or_derived","directions":[{"pattern_id":"pattern-yht-ankara-karaman","route_id":"route-yht-konya","base_shape_id":"shape-ankara-karaman","headsign":"Karaman","direction":"forward","sequence":7,"remaining_stations":0,"schedule_status":"official_dates_available"},{"pattern_id":"pattern-yht-karaman-ankara","route_id":"route-yht-konya","base_shape_id":"shape-ankara-karaman","headsign":"Ankara Gar","direction":"reverse","sequence":1,"remaining_stations":6,"schedule_status":"official_dates_available"},{"pattern_id":"pattern-yht-halkali-karaman","route_id":"route-yht-konya","base_shape_id":"shape-halkali-karaman","headsign":"Karaman","direction":"forward","sequence":15,"remaining_stations":0,"schedule_status":"official_dates_available"},{"pattern_id":"pattern-yht-karaman-halkali","route_id":"route-yht-konya","base_shape_id":"shape-halkali-karaman","headsign":"İstanbul (Halkalı)","direction":"reverse","sequence":1,"remaining_stations":14,"schedule_status":"official_dates_available"}]},"geometry":{"type":"Point","coordinates":[33.215833333334,37.181944444444]}},{"type":"Feature","id":"st-kayas","properties":{"id":"st-kayas","name":"Kayaş","city":"","district":"","coordinate_status":"verified","shape_index":108,"shape_offset_m":82,"shape_distance_km":13.286,"shape_positions":{"shape-ankara-kars":{"index":108,"offset_m":82,"distance_km":13.286,"derived":false}},"source_status":"catalog_or_derived","directions":[{"pattern_id":"pattern-dogu-ankara-kars","route_id":"route-dogu-ekspresi","base_shape_id":"shape-ankara-kars","headsign":"Kars","direction":"forward","sequence":2,"remaining_stations":52,"schedule_status":"official_dates_available"},{"pattern_id":"pattern-dogu-kars-ankara","route_id":"route-dogu-ekspresi","base_shape_id":"shape-ankara-kars","headsign":"Ankara Gar","direction":"reverse","sequence":48,"remaining_stations":1,"schedule_status":"official_dates_available"}]},"geometry":{"type":"Point","coordinates":[32.963611111111,39.914444444444]}},{"type":"Feature","id":"st-elmadag","properties":{"id":"st-elmadag","name":"Elmadağ","city":"","district":"","coordinate_status":"verified","shape_index":388,"shape_offset_m":184,"shape_distance_km":47.548,"shape_positions":{"shape-ankara-kars":{"index":388,"offset_m":184,"distance_km":47.548,"derived":false}},"source_status":"catalog_or_derived","directions":[{"pattern_id":"pattern-dogu-ankara-kars","route_id":"route-dogu-ekspresi","base_shape_id":"shape-ankara-kars","headsign":"Kars","direction":"forward","sequence":3,"remaining_stations":51,"schedule_status":"official_dates_available"},{"pattern_id":"pattern-dogu-kars-ankara","route_id":"route-dogu-ekspresi","base_shape_id":"shape-ankara-kars","headsign":"Ankara Gar","direction":"reverse","sequence":47,"remaining_stations":2,"schedule_status":"official_dates_available"}]},"geometry":{"type":"Point","coordinates":[33.228055555556,39.924166666667]}},{"type":"Feature","id":"st-irmak","properties":{"id":"st-irmak","name":"Irmak","city":"","district":"","coordinate_status":"verified","shape_index":731,"shape_offset_m":10,"shape_distance_km":73.057,"shape_positions":{"shape-ankara-kars":{"index":731,"offset_m":10,"distance_km":73.057,"derived":false}},"source_status":"catalog_or_derived","directions":[{"pattern_id":"pattern-dogu-ankara-kars","route_id":"route-dogu-ekspresi","base_shape_id":"shape-ankara-kars","headsign":"Kars","direction":"forward","sequence":4,"remaining_stations":50,"schedule_status":"official_dates_available"},{"pattern_id":"pattern-dogu-kars-ankara","route_id":"route-dogu-ekspresi","base_shape_id":"shape-ankara-kars","headsign":"Ankara Gar","direction":"reverse","sequence":46,"remaining_stations":3,"schedule_status":"official_dates_available"}]},"geometry":{"type":"Point","coordinates":[33.390277777777,39.932222222223]}},{"type":"Feature","id":"st-kirikkale","properties":{"id":"st-kirikkale","name":"Kırıkkale","city":"","district":"","coordinate_status":"verified","shape_index":907,"shape_offset_m":251,"shape_distance_km":95.969,"shape_positions":{"shape-ankara-kars":{"index":907,"offset_m":251,"distance_km":95.969,"derived":false}},"source_status":"catalog_or_derived","directions":[{"pattern_id":"pattern-dogu-ankara-kars","route_id":"route-dogu-ekspresi","base_shape_id":"shape-ankara-kars","headsign":"Kars","direction":"forward","sequence":5,"remaining_stations":49,"schedule_status":"official_dates_available"},{"pattern_id":"pattern-dogu-kars-ankara","route_id":"route-dogu-ekspresi","base_shape_id":"shape-ankara-kars","headsign":"Ankara Gar","direction":"reverse","sequence":45,"remaining_stations":4,"schedule_status":"official_dates_available"}]},"geometry":{"type":"Point","coordinates":[33.503055555556,39.837777777777]}},{"type":"Feature","id":"st-cerikli","properties":{"id":"st-cerikli","name":"Çerikli","city":"","district":"","coordinate_status":"verified","shape_index":1340,"shape_offset_m":461,"shape_distance_km":149.819,"shape_positions":{"shape-ankara-kars":{"index":1340,"offset_m":461,"distance_km":149.819,"derived":false}},"source_status":"catalog_or_derived","directions":[{"pattern_id":"pattern-dogu-ankara-kars","route_id":"route-dogu-ekspresi","base_shape_id":"shape-ankara-kars","headsign":"Kars","direction":"forward","sequence":6,"remaining_stations":48,"schedule_status":"official_dates_available"},{"pattern_id":"pattern-dogu-kars-ankara","route_id":"route-dogu-ekspresi","base_shape_id":"shape-ankara-kars","headsign":"Ankara Gar","direction":"reverse","sequence":44,"remaining_stations":5,"schedule_status":"official_dates_available"}]},"geometry":{"type":"Point","coordinates":[34.001388888889,39.891944444444]}},{"type":"Feature","id":"st-yerkoy","properties":{"id":"st-yerkoy","name":"Yerköy","city":"","district":"","coordinate_status":"verified","shape_index":1523,"shape_offset_m":419,"shape_distance_km":207.155,"shape_positions":{"shape-ankara-kars":{"index":1523,"offset_m":419,"distance_km":207.155,"derived":false}},"source_status":"catalog_or_derived","directions":[{"pattern_id":"pattern-dogu-ankara-kars","route_id":"route-dogu-ekspresi","base_shape_id":"shape-ankara-kars","headsign":"Kars","direction":"forward","sequence":7,"remaining_stations":47,"schedule_status":"official_dates_available"},{"pattern_id":"pattern-dogu-kars-ankara","route_id":"route-dogu-ekspresi","base_shape_id":"shape-ankara-kars","headsign":"Ankara Gar","direction":"reverse","sequence":43,"remaining_stations":6,"schedule_status":"official_dates_available"}]},"geometry":{"type":"Point","coordinates":[34.47,39.638333333333]}},{"type":"Feature","id":"st-sefaatli","properties":{"id":"st-sefaatli","name":"Şefaatli","city":"","district":"","coordinate_status":"verified","shape_index":1875,"shape_offset_m":239,"shape_distance_km":242.748,"shape_positions":{"shape-ankara-kars":{"index":1875,"offset_m":239,"distance_km":242.748,"derived":false}},"source_status":"catalog_or_derived","directions":[{"pattern_id":"pattern-dogu-ankara-kars","route_id":"route-dogu-ekspresi","base_shape_id":"shape-ankara-kars","headsign":"Kars","direction":"forward","sequence":8,"remaining_stations":46,"schedule_status":"official_dates_available"},{"pattern_id":"pattern-dogu-kars-ankara","route_id":"route-dogu-ekspresi","base_shape_id":"shape-ankara-kars","headsign":"Ankara Gar","direction":"reverse","sequence":42,"remaining_stations":7,"schedule_status":"official_dates_available"}]},"geometry":{"type":"Point","coordinates":[34.750833333333,39.498055555555]}},{"type":"Feature","id":"st-sarikent","properties":{"id":"st-sarikent","name":"Sarıkent","city":"","district":"","coordinate_status":"verified","shape_index":2013,"shape_offset_m":94,"shape_distance_km":260.561,"shape_positions":{"shape-ankara-kars":{"index":2013,"offset_m":94,"distance_km":260.561,"derived":false}},"source_status":"catalog_or_derived","directions":[{"pattern_id":"pattern-dogu-ankara-kars","route_id":"route-dogu-ekspresi","base_shape_id":"shape-ankara-kars","headsign":"Kars","direction":"forward","sequence":9,"remaining_stations":45,"schedule_status":"official_dates_available"},{"pattern_id":"pattern-dogu-kars-ankara","route_id":"route-dogu-ekspresi","base_shape_id":"shape-ankara-kars","headsign":"Ankara Gar","direction":"reverse","sequence":41,"remaining_stations":8,"schedule_status":"official_dates_available"}]},"geometry":{"type":"Point","coordinates":[34.782222222223,39.374722222223]}},{"type":"Feature","id":"st-yenifakili","properties":{"id":"st-yenifakili","name":"Yenifakılı","city":"","district":"","coordinate_status":"verified","shape_index":2189,"shape_offset_m":176,"shape_distance_km":293.484,"shape_positions":{"shape-ankara-kars":{"index":2189,"offset_m":176,"distance_km":293.484,"derived":false}},"source_status":"catalog_or_derived","directions":[{"pattern_id":"pattern-dogu-ankara-kars","route_id":"route-dogu-ekspresi","base_shape_id":"shape-ankara-kars","headsign":"Kars","direction":"forward","sequence":10,"remaining_stations":44,"schedule_status":"official_dates_available"},{"pattern_id":"pattern-dogu-kars-ankara","route_id":"route-dogu-ekspresi","base_shape_id":"shape-ankara-kars","headsign":"Ankara Gar","direction":"reverse","sequence":40,"remaining_stations":9,"schedule_status":"official_dates_available"}]},"geometry":{"type":"Point","coordinates":[35.0025,39.212222222222]}},{"type":"Feature","id":"st-bogazkopru","properties":{"id":"st-bogazkopru","name":"Boğazköprü","city":"","district":"","coordinate_status":"verified","shape_index":2629,"shape_offset_m":250,"shape_distance_km":368.002,"shape_positions":{"shape-ankara-kars":{"index":2629,"offset_m":250,"distance_km":368.002,"derived":false}},"source_status":"catalog_or_derived","directions":[{"pattern_id":"pattern-dogu-ankara-kars","route_id":"route-dogu-ekspresi","base_shape_id":"shape-ankara-kars","headsign":"Kars","direction":"forward","sequence":11,"remaining_stations":43,"schedule_status":"official_dates_available"},{"pattern_id":"pattern-dogu-kars-ankara","route_id":"route-dogu-ekspresi","base_shape_id":"shape-ankara-kars","headsign":"Ankara Gar","direction":"reverse","sequence":39,"remaining_stations":10,"schedule_status":"official_dates_available"}]},"geometry":{"type":"Point","coordinates":[35.3225,38.755]}},{"type":"Feature","id":"st-kayseri","properties":{"id":"st-kayseri","name":"Kayseri","city":"","district":"","coordinate_status":"verified","shape_index":2650,"shape_offset_m":124,"shape_distance_km":382.316,"shape_positions":{"shape-ankara-kars":{"index":2650,"offset_m":124,"distance_km":382.316,"derived":false}},"source_status":"catalog_or_derived","directions":[{"pattern_id":"pattern-dogu-ankara-kars","route_id":"route-dogu-ekspresi","base_shape_id":"shape-ankara-kars","headsign":"Kars","direction":"forward","sequence":12,"remaining_stations":42,"schedule_status":"official_dates_available"},{"pattern_id":"pattern-dogu-kars-ankara","route_id":"route-dogu-ekspresi","base_shape_id":"shape-ankara-kars","headsign":"Ankara Gar","direction":"reverse","sequence":38,"remaining_stations":11,"schedule_status":"official_dates_available"}]},"geometry":{"type":"Point","coordinates":[35.468611111111,38.727222222223]}},{"type":"Feature","id":"st-yenicubuk","properties":{"id":"st-yenicubuk","name":"Yeniçubuk","city":"","district":"","coordinate_status":"verified","shape_index":3092,"shape_offset_m":462,"shape_distance_km":478.369,"shape_positions":{"shape-ankara-kars":{"index":3092,"offset_m":462,"distance_km":478.369,"derived":false}},"source_status":"catalog_or_derived","directions":[{"pattern_id":"pattern-dogu-ankara-kars","route_id":"route-dogu-ekspresi","base_shape_id":"shape-ankara-kars","headsign":"Kars","direction":"forward","sequence":13,"remaining_stations":41,"schedule_status":"official_dates_available"},{"pattern_id":"pattern-dogu-kars-ankara","route_id":"route-dogu-ekspresi","base_shape_id":"shape-ankara-kars","headsign":"Ankara Gar","direction":"reverse","sequence":37,"remaining_stations":12,"schedule_status":"official_dates_available"}]},"geometry":{"type":"Point","coordinates":[36.091666666666,39.210833333333]}},{"type":"Feature","id":"st-ihsanli","properties":{"id":"st-ihsanli","name":"İhsanlı","city":"","district":"","coordinate_status":"derived","shape_index":3163,"shape_offset_m":0,"shape_distance_km":492.184,"shape_positions":{"shape-ankara-kars":{"index":3163,"offset_m":0,"distance_km":492.184,"derived":true}},"source_status":"catalog_or_derived","directions":[{"pattern_id":"pattern-dogu-ankara-kars","route_id":"route-dogu-ekspresi","base_shape_id":"shape-ankara-kars","headsign":"Kars","direction":"forward","sequence":14,"remaining_stations":40,"schedule_status":"official_dates_available"}]},"geometry":{"type":"Point","coordinates":[36.2182479,39.278436]}},{"type":"Feature","id":"st-sarkisla","properties":{"id":"st-sarkisla","name":"Şarkışla","city":"","district":"","coordinate_status":"verified","shape_index":3233,"shape_offset_m":653,"shape_distance_km":513.612,"shape_positions":{"shape-ankara-kars":{"index":3233,"offset_m":653,"distance_km":513.612,"derived":false}},"source_status":"catalog_or_derived","directions":[{"pattern_id":"pattern-dogu-ankara-kars","route_id":"route-dogu-ekspresi","base_shape_id":"shape-ankara-kars","headsign":"Kars","direction":"forward","sequence":15,"remaining_stations":39,"schedule_status":"official_dates_available"},{"pattern_id":"pattern-dogu-kars-ankara","route_id":"route-dogu-ekspresi","base_shape_id":"shape-ankara-kars","headsign":"Ankara Gar","direction":"reverse","sequence":36,"remaining_stations":13,"schedule_status":"official_dates_available"}]},"geometry":{"type":"Point","coordinates":[36.400277777778,39.365277777778]}},{"type":"Feature","id":"st-hanli","properties":{"id":"st-hanli","name":"Hanlı","city":"","district":"","coordinate_status":"verified","shape_index":3320,"shape_offset_m":386,"shape_distance_km":536.553,"shape_positions":{"shape-ankara-kars":{"index":3320,"offset_m":386,"distance_km":536.553,"derived":false}},"source_status":"catalog_or_derived","directions":[{"pattern_id":"pattern-dogu-ankara-kars","route_id":"route-dogu-ekspresi","base_shape_id":"shape-ankara-kars","headsign":"Kars","direction":"forward","sequence":16,"remaining_stations":38,"schedule_status":"official_dates_available"}]},"geometry":{"type":"Point","coordinates":[36.628055555556,39.456388888889]}},{"type":"Feature","id":"st-kalin","properties":{"id":"st-kalin","name":"Kalın","city":"","district":"","coordinate_status":"verified","shape_index":3626,"shape_offset_m":336,"shape_distance_km":581.457,"shape_positions":{"shape-ankara-kars":{"index":3626,"offset_m":336,"distance_km":581.457,"derived":false}},"source_status":"catalog_or_derived","directions":[{"pattern_id":"pattern-dogu-ankara-kars","route_id":"route-dogu-ekspresi","base_shape_id":"shape-ankara-kars","headsign":"Kars","direction":"forward","sequence":17,"remaining_stations":37,"schedule_status":"official_dates_available"}]},"geometry":{"type":"Point","coordinates":[36.760277777778,39.692222222222]}},{"type":"Feature","id":"st-sivas","properties":{"id":"st-sivas","name":"Sivas","city":"","district":"","coordinate_status":"verified","shape_index":3769,"shape_offset_m":21,"shape_distance_km":604.547,"shape_positions":{"shape-ankara-kars":{"index":3769,"offset_m":21,"distance_km":604.547,"derived":false}},"source_status":"catalog_or_derived","directions":[{"pattern_id":"pattern-dogu-ankara-kars","route_id":"route-dogu-ekspresi","base_shape_id":"shape-ankara-kars","headsign":"Kars","direction":"forward","sequence":18,"remaining_stations":36,"schedule_status":"official_dates_available"},{"pattern_id":"pattern-dogu-kars-ankara","route_id":"route-dogu-ekspresi","base_shape_id":"shape-ankara-kars","headsign":"Ankara Gar","direction":"reverse","sequence":35,"remaining_stations":14,"schedule_status":"official_dates_available"}]},"geometry":{"type":"Point","coordinates":[37.004166666667,39.737777777777]}},{"type":"Feature","id":"st-bostankaya","properties":{"id":"st-bostankaya","name":"Bostankaya","city":"","district":"","coordinate_status":"verified","shape_index":3943,"shape_offset_m":557,"shape_distance_km":633.656,"shape_positions":{"shape-ankara-kars":{"index":3943,"offset_m":557,"distance_km":633.656,"derived":false}},"source_status":"catalog_or_derived","directions":[{"pattern_id":"pattern-dogu-ankara-kars","route_id":"route-dogu-ekspresi","base_shape_id":"shape-ankara-kars","headsign":"Kars","direction":"forward","sequence":19,"remaining_stations":35,"schedule_status":"official_dates_available"},{"pattern_id":"pattern-dogu-kars-ankara","route_id":"route-dogu-ekspresi","base_shape_id":"shape-ankara-kars","headsign":"Ankara Gar","direction":"reverse","sequence":34,"remaining_stations":15,"schedule_status":"official_dates_available"}]},"geometry":{"type":"Point","coordinates":[37.009444444444,39.501944444444]}},{"type":"Feature","id":"st-yenikangal","properties":{"id":"st-yenikangal","name":"Yenikangal","city":"","district":"","coordinate_status":"derived","shape_index":4093,"shape_offset_m":0,"shape_distance_km":678.835,"shape_positions":{"shape-ankara-kars":{"index":4093,"offset_m":0,"distance_km":678.835,"derived":true}},"source_status":"catalog_or_derived","directions":[{"pattern_id":"pattern-dogu-ankara-kars","route_id":"route-dogu-ekspresi","base_shape_id":"shape-ankara-kars","headsign":"Kars","direction":"forward","sequence":20,"remaining_stations":34,"schedule_status":"official_dates_available"},{"pattern_id":"pattern-dogu-kars-ankara","route_id":"route-dogu-ekspresi","base_shape_id":"shape-ankara-kars","headsign":"Ankara Gar","direction":"reverse","sequence":33,"remaining_stations":16,"schedule_status":"official_dates_available"}]},"geometry":{"type":"Point","coordinates":[37.2648275,39.3002323]}},{"type":"Feature","id":"st-cetinkaya","properties":{"id":"st-cetinkaya","name":"Çetinkaya","city":"","district":"","coordinate_status":"verified","shape_index":4242,"shape_offset_m":112,"shape_distance_km":712.967,"shape_positions":{"shape-ankara-kars":{"index":4242,"offset_m":112,"distance_km":712.967,"derived":false}},"source_status":"catalog_or_derived","directions":[{"pattern_id":"pattern-dogu-ankara-kars","route_id":"route-dogu-ekspresi","base_shape_id":"shape-ankara-kars","headsign":"Kars","direction":"forward","sequence":21,"remaining_stations":33,"schedule_status":"official_dates_available"},{"pattern_id":"pattern-dogu-kars-ankara","route_id":"route-dogu-ekspresi","base_shape_id":"shape-ankara-kars","headsign":"Ankara Gar","direction":"reverse","sequence":32,"remaining_stations":17,"schedule_status":"official_dates_available"}]},"geometry":{"type":"Point","coordinates":[37.608611111111,39.25]}},{"type":"Feature","id":"st-avsar","properties":{"id":"st-avsar","name":"Avşar","city":"","district":"","coordinate_status":"derived","shape_index":4442,"shape_offset_m":0,"shape_distance_km":731.856,"shape_positions":{"shape-ankara-kars":{"index":4442,"offset_m":0,"distance_km":731.856,"derived":true}},"source_status":"catalog_or_derived","directions":[{"pattern_id":"pattern-dogu-ankara-kars","route_id":"route-dogu-ekspresi","base_shape_id":"shape-ankara-kars","headsign":"Kars","direction":"forward","sequence":22,"remaining_stations":32,"schedule_status":"official_dates_available"},{"pattern_id":"pattern-dogu-kars-ankara","route_id":"route-dogu-ekspresi","base_shape_id":"shape-ankara-kars","headsign":"Ankara Gar","direction":"reverse","sequence":31,"remaining_stations":18,"schedule_status":"official_dates_available"}]},"geometry":{"type":"Point","coordinates":[37.7566305,39.3403395]}},{"type":"Feature","id":"st-gunes","properties":{"id":"st-gunes","name":"Güneş","city":"","district":"","coordinate_status":"verified","shape_index":4642,"shape_offset_m":105,"shape_distance_km":745.736,"shape_positions":{"shape-ankara-kars":{"index":4642,"offset_m":105,"distance_km":745.736,"derived":false}},"source_status":"catalog_or_derived","directions":[{"pattern_id":"pattern-dogu-ankara-kars","route_id":"route-dogu-ekspresi","base_shape_id":"shape-ankara-kars","headsign":"Kars","direction":"forward","sequence":23,"remaining_stations":31,"schedule_status":"official_dates_available"},{"pattern_id":"pattern-dogu-kars-ankara","route_id":"route-dogu-ekspresi","base_shape_id":"shape-ankara-kars","headsign":"Ankara Gar","direction":"reverse","sequence":30,"remaining_stations":19,"schedule_status":"official_dates_available"}]},"geometry":{"type":"Point","coordinates":[37.878888888889,39.386944444444]}},{"type":"Feature","id":"st-gocentasi","properties":{"id":"st-gocentasi","name":"Göçentaşı","city":"","district":"","coordinate_status":"derived","shape_index":4761,"shape_offset_m":0,"shape_distance_km":754.994,"shape_positions":{"shape-ankara-kars":{"index":4761,"offset_m":0,"distance_km":754.994,"derived":true}},"source_status":"catalog_or_derived","directions":[{"pattern_id":"pattern-dogu-ankara-kars","route_id":"route-dogu-ekspresi","base_shape_id":"shape-ankara-kars","headsign":"Kars","direction":"forward","sequence":24,"remaining_stations":30,"schedule_status":"official_dates_available"},{"pattern_id":"pattern-dogu-kars-ankara","route_id":"route-dogu-ekspresi","base_shape_id":"shape-ankara-kars","headsign":"Ankara Gar","direction":"reverse","sequence":29,"remaining_stations":20,"schedule_status":"official_dates_available"}]},"geometry":{"type":"Point","coordinates":[37.9585722,39.4164019]}},{"type":"Feature","id":"st-curek","properties":{"id":"st-curek","name":"Cürek","city":"","district":"","coordinate_status":"verified","shape_index":4880,"shape_offset_m":94,"shape_distance_km":764.825,"shape_positions":{"shape-ankara-kars":{"index":4880,"offset_m":94,"distance_km":764.825,"derived":false}},"source_status":"catalog_or_derived","directions":[{"pattern_id":"pattern-dogu-ankara-kars","route_id":"route-dogu-ekspresi","base_shape_id":"shape-ankara-kars","headsign":"Kars","direction":"forward","sequence":25,"remaining_stations":29,"schedule_status":"official_dates_available"},{"pattern_id":"pattern-dogu-kars-ankara","route_id":"route-dogu-ekspresi","base_shape_id":"shape-ankara-kars","headsign":"Ankara Gar","direction":"reverse","sequence":28,"remaining_stations":21,"schedule_status":"official_dates_available"}]},"geometry":{"type":"Point","coordinates":[38.038055555555,39.441666666666]}},{"type":"Feature","id":"st-demirdag","properties":{"id":"st-demirdag","name":"Demirdağ","city":"","district":"","coordinate_status":"derived","shape_index":4958,"shape_offset_m":0,"shape_distance_km":770.562,"shape_positions":{"shape-ankara-kars":{"index":4958,"offset_m":0,"distance_km":770.562,"derived":true}},"source_status":"catalog_or_derived","directions":[{"pattern_id":"pattern-dogu-ankara-kars","route_id":"route-dogu-ekspresi","base_shape_id":"shape-ankara-kars","headsign":"Kars","direction":"forward","sequence":26,"remaining_stations":28,"schedule_status":"official_dates_available"},{"pattern_id":"pattern-dogu-kars-ankara","route_id":"route-dogu-ekspresi","base_shape_id":"shape-ankara-kars","headsign":"Ankara Gar","direction":"reverse","sequence":27,"remaining_stations":22,"schedule_status":"official_dates_available"}]},"geometry":{"type":"Point","coordinates":[38.0891348,39.4340167]}},{"type":"Feature","id":"st-divrigi","properties":{"id":"st-divrigi","name":"Divriği","city":"","district":"","coordinate_status":"verified","shape_index":5035,"shape_offset_m":53,"shape_distance_km":777.356,"shape_positions":{"shape-ankara-kars":{"index":5035,"offset_m":53,"distance_km":777.356,"derived":false}},"source_status":"catalog_or_derived","directions":[{"pattern_id":"pattern-dogu-ankara-kars","route_id":"route-dogu-ekspresi","base_shape_id":"shape-ankara-kars","headsign":"Kars","direction":"forward","sequence":27,"remaining_stations":27,"schedule_status":"official_dates_available"},{"pattern_id":"pattern-dogu-kars-ankara","route_id":"route-dogu-ekspresi","base_shape_id":"shape-ankara-kars","headsign":"Ankara Gar","direction":"reverse","sequence":26,"remaining_stations":23,"schedule_status":"official_dates_available"}]},"geometry":{"type":"Point","coordinates":[38.112222222222,39.386666666666]}},{"type":"Feature","id":"st-kemaliye-calti","properties":{"id":"st-kemaliye-calti","name":"Kemaliye Çaltı","city":"","district":"","coordinate_status":"verified","shape_index":5361,"shape_offset_m":103,"shape_distance_km":805.386,"shape_positions":{"shape-ankara-kars":{"index":5361,"offset_m":103,"distance_km":805.386,"derived":false}},"source_status":"catalog_or_derived","directions":[{"pattern_id":"pattern-dogu-ankara-kars","route_id":"route-dogu-ekspresi","base_shape_id":"shape-ankara-kars","headsign":"Kars","direction":"forward","sequence":28,"remaining_stations":26,"schedule_status":"official_dates_available"},{"pattern_id":"pattern-dogu-kars-ankara","route_id":"route-dogu-ekspresi","base_shape_id":"shape-ankara-kars","headsign":"Ankara Gar","direction":"reverse","sequence":25,"remaining_stations":24,"schedule_status":"official_dates_available"}]},"geometry":{"type":"Point","coordinates":[38.361666666667,39.3725]}},{"type":"Feature","id":"st-adatepe","properties":{"id":"st-adatepe","name":"Adatepe","city":"","district":"","coordinate_status":"derived","shape_index":5445,"shape_offset_m":0,"shape_distance_km":812.665,"shape_positions":{"shape-ankara-kars":{"index":5445,"offset_m":0,"distance_km":812.665,"derived":true}},"source_status":"catalog_or_derived","directions":[{"pattern_id":"pattern-dogu-ankara-kars","route_id":"route-dogu-ekspresi","base_shape_id":"shape-ankara-kars","headsign":"Kars","direction":"forward","sequence":29,"remaining_stations":25,"schedule_status":"official_dates_available"},{"pattern_id":"pattern-dogu-kars-ankara","route_id":"route-dogu-ekspresi","base_shape_id":"shape-ankara-kars","headsign":"Ankara Gar","direction":"reverse","sequence":24,"remaining_stations":25,"schedule_status":"official_dates_available"}]},"geometry":{"type":"Point","coordinates":[38.3928094,39.4047267]}},{"type":"Feature","id":"st-bagistas","properties":{"id":"st-bagistas","name":"Bağıştaş","city":"","district":"","coordinate_status":"verified","shape_index":5528,"shape_offset_m":403,"shape_distance_km":820.955,"shape_positions":{"shape-ankara-kars":{"index":5528,"offset_m":403,"distance_km":820.955,"derived":false}},"source_status":"catalog_or_derived","directions":[{"pattern_id":"pattern-dogu-ankara-kars","route_id":"route-dogu-ekspresi","base_shape_id":"shape-ankara-kars","headsign":"Kars","direction":"forward","sequence":30,"remaining_stations":24,"schedule_status":"official_dates_available"},{"pattern_id":"pattern-dogu-kars-ankara","route_id":"route-dogu-ekspresi","base_shape_id":"shape-ankara-kars","headsign":"Ankara Gar","direction":"reverse","sequence":23,"remaining_stations":26,"schedule_status":"official_dates_available"}]},"geometry":{"type":"Point","coordinates":[38.467777777778,39.441388888889]}},{"type":"Feature","id":"st-ilic","properties":{"id":"st-ilic","name":"İliç","city":"","district":"","coordinate_status":"verified","shape_index":5587,"shape_offset_m":284,"shape_distance_km":831.153,"shape_positions":{"shape-ankara-kars":{"index":5587,"offset_m":284,"distance_km":831.153,"derived":false}},"source_status":"catalog_or_derived","directions":[{"pattern_id":"pattern-dogu-ankara-kars","route_id":"route-dogu-ekspresi","base_shape_id":"shape-ankara-kars","headsign":"Kars","direction":"forward","sequence":31,"remaining_stations":23,"schedule_status":"official_dates_available"},{"pattern_id":"pattern-dogu-kars-ankara","route_id":"route-dogu-ekspresi","base_shape_id":"shape-ankara-kars","headsign":"Ankara Gar","direction":"reverse","sequence":22,"remaining_stations":27,"schedule_status":"official_dates_available"}]},"geometry":{"type":"Point","coordinates":[38.558888888889,39.475833333334]}},{"type":"Feature","id":"st-gullubag","properties":{"id":"st-gullubag","name":"Güllübağ","city":"","district":"","coordinate_status":"verified","shape_index":5717,"shape_offset_m":77,"shape_distance_km":850.061,"shape_positions":{"shape-ankara-kars":{"index":5717,"offset_m":77,"distance_km":850.061,"derived":false}},"source_status":"catalog_or_derived","directions":[{"pattern_id":"pattern-dogu-ankara-kars","route_id":"route-dogu-ekspresi","base_shape_id":"shape-ankara-kars","headsign":"Kars","direction":"forward","sequence":32,"remaining_stations":22,"schedule_status":"official_dates_available"},{"pattern_id":"pattern-dogu-kars-ankara","route_id":"route-dogu-ekspresi","base_shape_id":"shape-ankara-kars","headsign":"Ankara Gar","direction":"reverse","sequence":21,"remaining_stations":28,"schedule_status":"official_dates_available"}]},"geometry":{"type":"Point","coordinates":[38.744444444444,39.513611111111]}},{"type":"Feature","id":"st-yahsiler","properties":{"id":"st-yahsiler","name":"Yahşiler","city":"","district":"","coordinate_status":"derived","shape_index":5804,"shape_offset_m":0,"shape_distance_km":858.249,"shape_positions":{"shape-ankara-kars":{"index":5804,"offset_m":0,"distance_km":858.249,"derived":true}},"source_status":"catalog_or_derived","directions":[{"pattern_id":"pattern-dogu-ankara-kars","route_id":"route-dogu-ekspresi","base_shape_id":"shape-ankara-kars","headsign":"Kars","direction":"forward","sequence":33,"remaining_stations":21,"schedule_status":"official_dates_available"},{"pattern_id":"pattern-dogu-kars-ankara","route_id":"route-dogu-ekspresi","base_shape_id":"shape-ankara-kars","headsign":"Ankara Gar","direction":"reverse","sequence":20,"remaining_stations":29,"schedule_status":"official_dates_available"}]},"geometry":{"type":"Point","coordinates":[38.802162,39.5466065]}},{"type":"Feature","id":"st-eric","properties":{"id":"st-eric","name":"Eriç","city":"","district":"","coordinate_status":"verified","shape_index":5891,"shape_offset_m":79,"shape_distance_km":866.546,"shape_positions":{"shape-ankara-kars":{"index":5891,"offset_m":79,"distance_km":866.546,"derived":false}},"source_status":"catalog_or_derived","directions":[{"pattern_id":"pattern-dogu-ankara-kars","route_id":"route-dogu-ekspresi","base_shape_id":"shape-ankara-kars","headsign":"Kars","direction":"forward","sequence":34,"remaining_stations":20,"schedule_status":"official_dates_available"},{"pattern_id":"pattern-dogu-kars-ankara","route_id":"route-dogu-ekspresi","base_shape_id":"shape-ankara-kars","headsign":"Ankara Gar","direction":"reverse","sequence":19,"remaining_stations":30,"schedule_status":"official_dates_available"}]},"geometry":{"type":"Point","coordinates":[38.871388888889,39.571666666667]}},{"type":"Feature","id":"st-kemah","properties":{"id":"st-kemah","name":"Kemah","city":"","district":"","coordinate_status":"verified","shape_index":6071,"shape_offset_m":26,"shape_distance_km":883.436,"shape_positions":{"shape-ankara-kars":{"index":6071,"offset_m":26,"distance_km":883.436,"derived":false}},"source_status":"catalog_or_derived","directions":[{"pattern_id":"pattern-dogu-ankara-kars","route_id":"route-dogu-ekspresi","base_shape_id":"shape-ankara-kars","headsign":"Kars","direction":"forward","sequence":35,"remaining_stations":19,"schedule_status":"official_dates_available"},{"pattern_id":"pattern-dogu-kars-ankara","route_id":"route-dogu-ekspresi","base_shape_id":"shape-ankara-kars","headsign":"Ankara Gar","direction":"reverse","sequence":18,"remaining_stations":31,"schedule_status":"official_dates_available"}]},"geometry":{"type":"Point","coordinates":[39.033611111111,39.604444444444]}},{"type":"Feature","id":"st-erzincan","properties":{"id":"st-erzincan","name":"Erzincan","city":"","district":"","coordinate_status":"verified","shape_index":6429,"shape_offset_m":609,"shape_distance_km":930.745,"shape_positions":{"shape-ankara-kars":{"index":6429,"offset_m":609,"distance_km":930.745,"derived":false}},"source_status":"catalog_or_derived","directions":[{"pattern_id":"pattern-dogu-ankara-kars","route_id":"route-dogu-ekspresi","base_shape_id":"shape-ankara-kars","headsign":"Kars","direction":"forward","sequence":36,"remaining_stations":18,"schedule_status":"official_dates_available"},{"pattern_id":"pattern-dogu-kars-ankara","route_id":"route-dogu-ekspresi","base_shape_id":"shape-ankara-kars","headsign":"Ankara Gar","direction":"reverse","sequence":17,"remaining_stations":32,"schedule_status":"official_dates_available"}]},"geometry":{"type":"Point","coordinates":[39.493333333333,39.733611111111]}},{"type":"Feature","id":"st-tanyeri","properties":{"id":"st-tanyeri","name":"Tanyeri","city":"","district":"","coordinate_status":"verified","shape_index":6494,"shape_offset_m":140,"shape_distance_km":964.116,"shape_positions":{"shape-ankara-kars":{"index":6494,"offset_m":140,"distance_km":964.116,"derived":false}},"source_status":"catalog_or_derived","directions":[{"pattern_id":"pattern-dogu-ankara-kars","route_id":"route-dogu-ekspresi","base_shape_id":"shape-ankara-kars","headsign":"Kars","direction":"forward","sequence":37,"remaining_stations":17,"schedule_status":"official_dates_available"}]},"geometry":{"type":"Point","coordinates":[39.828611111111,39.610555555556]}},{"type":"Feature","id":"st-mercan","properties":{"id":"st-mercan","name":"Mercan","city":"","district":"","coordinate_status":"verified","shape_index":6893,"shape_offset_m":291,"shape_distance_km":1018.81,"shape_positions":{"shape-ankara-kars":{"index":6893,"offset_m":291,"distance_km":1018.81,"derived":false}},"source_status":"catalog_or_derived","directions":[{"pattern_id":"pattern-dogu-ankara-kars","route_id":"route-dogu-ekspresi","base_shape_id":"shape-ankara-kars","headsign":"Kars","direction":"forward","sequence":38,"remaining_stations":16,"schedule_status":"official_dates_available"},{"pattern_id":"pattern-dogu-kars-ankara","route_id":"route-dogu-ekspresi","base_shape_id":"shape-ankara-kars","headsign":"Ankara Gar","direction":"reverse","sequence":16,"remaining_stations":33,"schedule_status":"official_dates_available"}]},"geometry":{"type":"Point","coordinates":[40.258333333333,39.749166666666]}},{"type":"Feature","id":"st-cadirkaya","properties":{"id":"st-cadirkaya","name":"Çadırkaya","city":"","district":"","coordinate_status":"verified","shape_index":6948,"shape_offset_m":194,"shape_distance_km":1031.136,"shape_positions":{"shape-ankara-kars":{"index":6948,"offset_m":194,"distance_km":1031.136,"derived":false}},"source_status":"catalog_or_derived","directions":[{"pattern_id":"pattern-dogu-ankara-kars","route_id":"route-dogu-ekspresi","base_shape_id":"shape-ankara-kars","headsign":"Kars","direction":"forward","sequence":39,"remaining_stations":15,"schedule_status":"official_dates_available"},{"pattern_id":"pattern-dogu-kars-ankara","route_id":"route-dogu-ekspresi","base_shape_id":"shape-ankara-kars","headsign":"Ankara Gar","direction":"reverse","sequence":15,"remaining_stations":34,"schedule_status":"official_dates_available"}]},"geometry":{"type":"Point","coordinates":[40.184166666666,39.830277777778]}},{"type":"Feature","id":"st-erbas","properties":{"id":"st-erbas","name":"Erbaş","city":"","district":"","coordinate_status":"verified","shape_index":7053,"shape_offset_m":275,"shape_distance_km":1045.23,"shape_positions":{"shape-ankara-kars":{"index":7053,"offset_m":275,"distance_km":1045.23,"derived":false}},"source_status":"catalog_or_derived","directions":[{"pattern_id":"pattern-dogu-ankara-kars","route_id":"route-dogu-ekspresi","base_shape_id":"shape-ankara-kars","headsign":"Kars","direction":"forward","sequence":40,"remaining_stations":14,"schedule_status":"official_dates_available"},{"pattern_id":"pattern-dogu-kars-ankara","route_id":"route-dogu-ekspresi","base_shape_id":"shape-ankara-kars","headsign":"Ankara Gar","direction":"reverse","sequence":14,"remaining_stations":35,"schedule_status":"official_dates_available"}]},"geometry":{"type":"Point","coordinates":[40.203333333333,39.915277777778]}},{"type":"Feature","id":"st-karasu","properties":{"id":"st-karasu","name":"Karasu","city":"","district":"","coordinate_status":"verified","shape_index":7189,"shape_offset_m":158,"shape_distance_km":1059.175,"shape_positions":{"shape-ankara-kars":{"index":7189,"offset_m":158,"distance_km":1059.175,"derived":false}},"source_status":"catalog_or_derived","directions":[{"pattern_id":"pattern-dogu-ankara-kars","route_id":"route-dogu-ekspresi","base_shape_id":"shape-ankara-kars","headsign":"Kars","direction":"forward","sequence":41,"remaining_stations":13,"schedule_status":"official_dates_available"},{"pattern_id":"pattern-dogu-kars-ankara","route_id":"route-dogu-ekspresi","base_shape_id":"shape-ankara-kars","headsign":"Ankara Gar","direction":"reverse","sequence":13,"remaining_stations":36,"schedule_status":"official_dates_available"}]},"geometry":{"type":"Point","coordinates":[40.352222222222,39.932222222223]}},{"type":"Feature","id":"st-askale","properties":{"id":"st-askale","name":"Aşkale","city":"","district":"","coordinate_status":"verified","shape_index":7414,"shape_offset_m":114,"shape_distance_km":1090.325,"shape_positions":{"shape-ankara-kars":{"index":7414,"offset_m":114,"distance_km":1090.325,"derived":false}},"source_status":"catalog_or_derived","directions":[{"pattern_id":"pattern-dogu-ankara-kars","route_id":"route-dogu-ekspresi","base_shape_id":"shape-ankara-kars","headsign":"Kars","direction":"forward","sequence":42,"remaining_stations":12,"schedule_status":"official_dates_available"},{"pattern_id":"pattern-dogu-kars-ankara","route_id":"route-dogu-ekspresi","base_shape_id":"shape-ankara-kars","headsign":"Ankara Gar","direction":"reverse","sequence":12,"remaining_stations":37,"schedule_status":"official_dates_available"}]},"geometry":{"type":"Point","coordinates":[40.683888888889,39.9225]}},{"type":"Feature","id":"st-kandilli","properties":{"id":"st-kandilli","name":"Kandilli","city":"","district":"","coordinate_status":"verified","shape_index":7490,"shape_offset_m":503,"shape_distance_km":1106.517,"shape_positions":{"shape-ankara-kars":{"index":7490,"offset_m":503,"distance_km":1106.517,"derived":false}},"source_status":"catalog_or_derived","directions":[{"pattern_id":"pattern-dogu-ankara-kars","route_id":"route-dogu-ekspresi","base_shape_id":"shape-ankara-kars","headsign":"Kars","direction":"forward","sequence":43,"remaining_stations":11,"schedule_status":"official_dates_available"},{"pattern_id":"pattern-dogu-kars-ankara","route_id":"route-dogu-ekspresi","base_shape_id":"shape-ankara-kars","headsign":"Ankara Gar","direction":"reverse","sequence":11,"remaining_stations":38,"schedule_status":"official_dates_available"}]},"geometry":{"type":"Point","coordinates":[40.841111111111,39.911944444444]}},{"type":"Feature","id":"st-ilica","properties":{"id":"st-ilica","name":"Ilıca","city":"","district":"","coordinate_status":"verified","shape_index":7632,"shape_offset_m":163,"shape_distance_km":1130.941,"shape_positions":{"shape-ankara-kars":{"index":7632,"offset_m":163,"distance_km":1130.941,"derived":false}},"source_status":"catalog_or_derived","directions":[{"pattern_id":"pattern-dogu-ankara-kars","route_id":"route-dogu-ekspresi","base_shape_id":"shape-ankara-kars","headsign":"Kars","direction":"forward","sequence":44,"remaining_stations":10,"schedule_status":"official_dates_available"},{"pattern_id":"pattern-dogu-kars-ankara","route_id":"route-dogu-ekspresi","base_shape_id":"shape-ankara-kars","headsign":"Ankara Gar","direction":"reverse","sequence":10,"remaining_stations":39,"schedule_status":"official_dates_available"}]},"geometry":{"type":"Point","coordinates":[41.105277777778,39.950277777778]}},{"type":"Feature","id":"st-palandoken","properties":{"id":"st-palandoken","name":"Palandöken","city":"","district":"","coordinate_status":"verified","shape_index":7638,"shape_offset_m":1956,"shape_distance_km":1139.775,"shape_positions":{"shape-ankara-kars":{"index":7638,"offset_m":1956,"distance_km":1139.775,"derived":false}},"source_status":"catalog_or_derived","directions":[{"pattern_id":"pattern-dogu-ankara-kars","route_id":"route-dogu-ekspresi","base_shape_id":"shape-ankara-kars","headsign":"Kars","direction":"forward","sequence":45,"remaining_stations":9,"schedule_status":"official_dates_available"}]},"geometry":{"type":"Point","coordinates":[41.186388888889,39.911944444444]}},{"type":"Feature","id":"st-erzurum","properties":{"id":"st-erzurum","name":"Erzurum","city":"","district":"","coordinate_status":"verified","shape_index":7665,"shape_offset_m":88,"shape_distance_km":1145.888,"shape_positions":{"shape-ankara-kars":{"index":7665,"offset_m":88,"distance_km":1145.888,"derived":false}},"source_status":"catalog_or_derived","directions":[{"pattern_id":"pattern-dogu-ankara-kars","route_id":"route-dogu-ekspresi","base_shape_id":"shape-ankara-kars","headsign":"Kars","direction":"forward","sequence":46,"remaining_stations":8,"schedule_status":"official_dates_available"},{"pattern_id":"pattern-dogu-kars-ankara","route_id":"route-dogu-ekspresi","base_shape_id":"shape-ankara-kars","headsign":"Ankara Gar","direction":"reverse","sequence":9,"remaining_stations":40,"schedule_status":"official_dates_available"}]},"geometry":{"type":"Point","coordinates":[41.269444444445,39.917222222223]}},{"type":"Feature","id":"st-hasankale","properties":{"id":"st-hasankale","name":"Hasankale","city":"","district":"","coordinate_status":"verified","shape_index":7853,"shape_offset_m":276,"shape_distance_km":1186.318,"shape_positions":{"shape-ankara-kars":{"index":7853,"offset_m":276,"distance_km":1186.318,"derived":false}},"source_status":"catalog_or_derived","directions":[{"pattern_id":"pattern-dogu-ankara-kars","route_id":"route-dogu-ekspresi","base_shape_id":"shape-ankara-kars","headsign":"Kars","direction":"forward","sequence":47,"remaining_stations":7,"schedule_status":"official_dates_available"},{"pattern_id":"pattern-dogu-kars-ankara","route_id":"route-dogu-ekspresi","base_shape_id":"shape-ankara-kars","headsign":"Ankara Gar","direction":"reverse","sequence":8,"remaining_stations":41,"schedule_status":"official_dates_available"}]},"geometry":{"type":"Point","coordinates":[41.683611111111,39.978055555556]}},{"type":"Feature","id":"st-koprukoy","properties":{"id":"st-koprukoy","name":"Köprüköy","city":"","district":"","coordinate_status":"verified","shape_index":7884,"shape_offset_m":324,"shape_distance_km":1204.252,"shape_positions":{"shape-ankara-kars":{"index":7884,"offset_m":324,"distance_km":1204.252,"derived":false}},"source_status":"catalog_or_derived","directions":[{"pattern_id":"pattern-dogu-ankara-kars","route_id":"route-dogu-ekspresi","base_shape_id":"shape-ankara-kars","headsign":"Kars","direction":"forward","sequence":48,"remaining_stations":6,"schedule_status":"official_dates_available"},{"pattern_id":"pattern-dogu-kars-ankara","route_id":"route-dogu-ekspresi","base_shape_id":"shape-ankara-kars","headsign":"Ankara Gar","direction":"reverse","sequence":7,"remaining_stations":42,"schedule_status":"official_dates_available"}]},"geometry":{"type":"Point","coordinates":[41.872222222223,39.970277777778]}},{"type":"Feature","id":"st-horasan","properties":{"id":"st-horasan","name":"Horasan","city":"","district":"","coordinate_status":"verified","shape_index":7945,"shape_offset_m":381,"shape_distance_km":1231.196,"shape_positions":{"shape-ankara-kars":{"index":7945,"offset_m":381,"distance_km":1231.196,"derived":false}},"source_status":"catalog_or_derived","directions":[{"pattern_id":"pattern-dogu-ankara-kars","route_id":"route-dogu-ekspresi","base_shape_id":"shape-ankara-kars","headsign":"Kars","direction":"forward","sequence":49,"remaining_stations":5,"schedule_status":"official_dates_available"},{"pattern_id":"pattern-dogu-kars-ankara","route_id":"route-dogu-ekspresi","base_shape_id":"shape-ankara-kars","headsign":"Ankara Gar","direction":"reverse","sequence":6,"remaining_stations":43,"schedule_status":"official_dates_available"}]},"geometry":{"type":"Point","coordinates":[42.161111111111,40.040555555555]}},{"type":"Feature","id":"st-sungutasi","properties":{"id":"st-sungutasi","name":"Süngütaşı","city":"","district":"","coordinate_status":"verified","shape_index":8153,"shape_offset_m":71,"shape_distance_km":1257.147,"shape_positions":{"shape-ankara-kars":{"index":8153,"offset_m":71,"distance_km":1257.147,"derived":false}},"source_status":"catalog_or_derived","directions":[{"pattern_id":"pattern-dogu-ankara-kars","route_id":"route-dogu-ekspresi","base_shape_id":"shape-ankara-kars","headsign":"Kars","direction":"forward","sequence":50,"remaining_stations":4,"schedule_status":"official_dates_available"},{"pattern_id":"pattern-dogu-kars-ankara","route_id":"route-dogu-ekspresi","base_shape_id":"shape-ankara-kars","headsign":"Ankara Gar","direction":"reverse","sequence":5,"remaining_stations":44,"schedule_status":"official_dates_available"}]},"geometry":{"type":"Point","coordinates":[42.251388888889,40.216111111111]}},{"type":"Feature","id":"st-karaurgan","properties":{"id":"st-karaurgan","name":"Karaurgan","city":"","district":"","coordinate_status":"derived","shape_index":8229,"shape_offset_m":0,"shape_distance_km":1264.451,"shape_positions":{"shape-ankara-kars":{"index":8229,"offset_m":0,"distance_km":1264.451,"derived":true}},"source_status":"catalog_or_derived","directions":[{"pattern_id":"pattern-dogu-ankara-kars","route_id":"route-dogu-ekspresi","base_shape_id":"shape-ankara-kars","headsign":"Kars","direction":"forward","sequence":51,"remaining_stations":3,"schedule_status":"official_dates_available"},{"pattern_id":"pattern-dogu-kars-ankara","route_id":"route-dogu-ekspresi","base_shape_id":"shape-ankara-kars","headsign":"Ankara Gar","direction":"reverse","sequence":4,"remaining_stations":45,"schedule_status":"official_dates_available"}]},"geometry":{"type":"Point","coordinates":[42.2920022,40.265646]}},{"type":"Feature","id":"st-topdagi","properties":{"id":"st-topdagi","name":"Topdağı","city":"","district":"","coordinate_status":"verified","shape_index":8304,"shape_offset_m":126,"shape_distance_km":1270.638,"shape_positions":{"shape-ankara-kars":{"index":8304,"offset_m":126,"distance_km":1270.638,"derived":false}},"source_status":"catalog_or_derived","directions":[{"pattern_id":"pattern-dogu-ankara-kars","route_id":"route-dogu-ekspresi","base_shape_id":"shape-ankara-kars","headsign":"Kars","direction":"forward","sequence":52,"remaining_stations":2,"schedule_status":"official_dates_available"},{"pattern_id":"pattern-dogu-kars-ankara","route_id":"route-dogu-ekspresi","base_shape_id":"shape-ankara-kars","headsign":"Ankara Gar","direction":"reverse","sequence":3,"remaining_stations":46,"schedule_status":"official_dates_available"}]},"geometry":{"type":"Point","coordinates":[42.301944444444,40.314166666667]}},{"type":"Feature","id":"st-sarikamis","properties":{"id":"st-sarikamis","name":"Sarıkamış","city":"","district":"","coordinate_status":"verified","shape_index":8582,"shape_offset_m":299,"shape_distance_km":1302.144,"shape_positions":{"shape-ankara-kars":{"index":8582,"offset_m":299,"distance_km":1302.144,"derived":false}},"source_status":"catalog_or_derived","directions":[{"pattern_id":"pattern-dogu-ankara-kars","route_id":"route-dogu-ekspresi","base_shape_id":"shape-ankara-kars","headsign":"Kars","direction":"forward","sequence":53,"remaining_stations":1,"schedule_status":"official_dates_available"},{"pattern_id":"pattern-dogu-kars-ankara","route_id":"route-dogu-ekspresi","base_shape_id":"shape-ankara-kars","headsign":"Ankara Gar","direction":"reverse","sequence":2,"remaining_stations":47,"schedule_status":"official_dates_available"}]},"geometry":{"type":"Point","coordinates":[42.576944444445,40.336666666666]}},{"type":"Feature","id":"st-kars","properties":{"id":"st-kars","name":"Kars","city":"","district":"","coordinate_status":"verified","shape_index":8903,"shape_offset_m":93,"shape_distance_km":1362.04,"shape_positions":{"shape-ankara-kars":{"index":8903,"offset_m":93,"distance_km":1362.04,"derived":false}},"source_status":"catalog_or_derived","directions":[{"pattern_id":"pattern-dogu-ankara-kars","route_id":"route-dogu-ekspresi","base_shape_id":"shape-ankara-kars","headsign":"Kars","direction":"forward","sequence":54,"remaining_stations":0,"schedule_status":"official_dates_available"},{"pattern_id":"pattern-dogu-kars-ankara","route_id":"route-dogu-ekspresi","base_shape_id":"shape-ankara-kars","headsign":"Ankara Gar","direction":"reverse","sequence":1,"remaining_stations":48,"schedule_status":"official_dates_available"}]},"geometry":{"type":"Point","coordinates":[43.109444444444,40.609166666667]}},{"type":"Feature","id":"st-sincan","properties":{"id":"st-sincan","name":"Sincan","city":"Ankara","district":"Sincan","coordinate_status":"verified","shape_index":95,"shape_offset_m":102,"shape_distance_km":24.161,"shape_positions":{"shape-ankara-basmane":{"index":95,"offset_m":102,"distance_km":24.161,"derived":false}},"source_status":"catalog_or_derived","directions":[{"pattern_id":"pattern-izmir-mavi-ankara-basmane","route_id":"route-izmir-mavi","base_shape_id":"shape-ankara-basmane","headsign":"İzmir (Basmane)","direction":"forward","sequence":2,"remaining_stations":12,"schedule_status":"official_dates_available"}]},"geometry":{"type":"Point","coordinates":[32.582777777778,39.964444444444]}},{"type":"Feature","id":"st-polatli","properties":{"id":"st-polatli","name":"Polatlı","city":"Ankara","district":"Polatlı","coordinate_status":"verified","shape_index":396,"shape_offset_m":231,"shape_distance_km":88.539,"shape_positions":{"shape-ankara-basmane":{"index":396,"offset_m":231,"distance_km":88.539,"derived":false}},"source_status":"catalog_or_derived","directions":[{"pattern_id":"pattern-izmir-mavi-ankara-basmane","route_id":"route-izmir-mavi","base_shape_id":"shape-ankara-basmane","headsign":"İzmir (Basmane)","direction":"forward","sequence":3,"remaining_stations":11,"schedule_status":"official_dates_available"}]},"geometry":{"type":"Point","coordinates":[32.142777777777,39.585833333333]}},{"type":"Feature","id":"st-beylikkopru","properties":{"id":"st-beylikkopru","name":"Beylikköprü","city":"Ankara","district":"Polatlı","coordinate_status":"verified","shape_index":538,"shape_offset_m":233,"shape_distance_km":108.374,"shape_positions":{"shape-ankara-basmane":{"index":538,"offset_m":233,"distance_km":108.374,"derived":false}},"source_status":"catalog_or_derived","directions":[{"pattern_id":"pattern-izmir-mavi-ankara-basmane","route_id":"route-izmir-mavi","base_shape_id":"shape-ankara-basmane","headsign":"İzmir (Basmane)","direction":"forward","sequence":4,"remaining_stations":10,"schedule_status":"official_dates_available"}]},"geometry":{"type":"Point","coordinates":[31.958055555556,39.600833333333]}},{"type":"Feature","id":"st-bicer","properties":{"id":"st-bicer","name":"Biçer","city":"Eskişehir","district":"Sivrihisar","coordinate_status":"verified","shape_index":665,"shape_offset_m":64,"shape_distance_km":139.738,"shape_positions":{"shape-ankara-basmane":{"index":665,"offset_m":64,"distance_km":139.738,"derived":false}},"source_status":"catalog_or_derived","directions":[{"pattern_id":"pattern-izmir-mavi-ankara-basmane","route_id":"route-izmir-mavi","base_shape_id":"shape-ankara-basmane","headsign":"İzmir (Basmane)","direction":"forward","sequence":5,"remaining_stations":9,"schedule_status":"official_dates_available"}]},"geometry":{"type":"Point","coordinates":[31.694444444444,39.695555555555]}},{"type":"Feature","id":"st-yunusemre","properties":{"id":"st-yunusemre","name":"Yunusemre","city":"Eskişehir","district":"Mihalıççık","coordinate_status":"verified","shape_index":809,"shape_offset_m":285,"shape_distance_km":165.094,"shape_positions":{"shape-ankara-basmane":{"index":809,"offset_m":285,"distance_km":165.094,"derived":false}},"source_status":"catalog_or_derived","directions":[{"pattern_id":"pattern-izmir-mavi-ankara-basmane","route_id":"route-izmir-mavi","base_shape_id":"shape-ankara-basmane","headsign":"İzmir (Basmane)","direction":"forward","sequence":6,"remaining_stations":8,"schedule_status":"official_dates_available"}]},"geometry":{"type":"Point","coordinates":[31.478333333334,39.700555555556]}},{"type":"Feature","id":"st-beylikova","properties":{"id":"st-beylikova","name":"Beylikova","city":"Eskişehir","district":"Beylikova","coordinate_status":"verified","shape_index":952,"shape_offset_m":360,"shape_distance_km":193.719,"shape_positions":{"shape-ankara-basmane":{"index":952,"offset_m":360,"distance_km":193.719,"derived":false}},"source_status":"catalog_or_derived","directions":[{"pattern_id":"pattern-izmir-mavi-ankara-basmane","route_id":"route-izmir-mavi","base_shape_id":"shape-ankara-basmane","headsign":"İzmir (Basmane)","direction":"forward","sequence":7,"remaining_stations":7,"schedule_status":"official_dates_available"}]},"geometry":{"type":"Point","coordinates":[31.189444444444,39.705]}},{"type":"Feature","id":"st-alpu","properties":{"id":"st-alpu","name":"Alpu","city":"Eskişehir","district":"Alpu","coordinate_status":"verified","shape_index":1014,"shape_offset_m":237,"shape_distance_km":215.706,"shape_positions":{"shape-ankara-basmane":{"index":1014,"offset_m":237,"distance_km":215.706,"derived":false}},"source_status":"catalog_or_derived","directions":[{"pattern_id":"pattern-izmir-mavi-ankara-basmane","route_id":"route-izmir-mavi","base_shape_id":"shape-ankara-basmane","headsign":"İzmir (Basmane)","direction":"forward","sequence":8,"remaining_stations":6,"schedule_status":"official_dates_available"}]},"geometry":{"type":"Point","coordinates":[30.955,39.766944444445]}},{"type":"Feature","id":"st-alayunt","properties":{"id":"st-alayunt","name":"Alayunt","city":"Kütahya","district":"Merkez","coordinate_status":"verified","shape_index":1496,"shape_offset_m":309,"shape_distance_km":324.489,"shape_positions":{"shape-ankara-basmane":{"index":1496,"offset_m":309,"distance_km":324.489,"derived":false}},"source_status":"catalog_or_derived","directions":[{"pattern_id":"pattern-izmir-mavi-ankara-basmane","route_id":"route-izmir-mavi","base_shape_id":"shape-ankara-basmane","headsign":"İzmir (Basmane)","direction":"forward","sequence":10,"remaining_stations":4,"schedule_status":"official_dates_available"}]},"geometry":{"type":"Point","coordinates":[30.105833333333,39.395833333333]}},{"type":"Feature","id":"st-kutahya","properties":{"id":"st-kutahya","name":"Kütahya","city":"Kütahya","district":"Merkez","coordinate_status":"verified","shape_index":1534,"shape_offset_m":83,"shape_distance_km":334.29,"shape_positions":{"shape-ankara-basmane":{"index":1534,"offset_m":83,"distance_km":334.29,"derived":false}},"source_status":"catalog_or_derived","directions":[{"pattern_id":"pattern-izmir-mavi-ankara-basmane","route_id":"route-izmir-mavi","base_shape_id":"shape-ankara-basmane","headsign":"İzmir (Basmane)","direction":"forward","sequence":11,"remaining_stations":3,"schedule_status":"official_dates_available"}]},"geometry":{"type":"Point","coordinates":[30.000277777778,39.421111111111]}},{"type":"Feature","id":"st-tavsanli","properties":{"id":"st-tavsanli","name":"Tavşanlı","city":"Kütahya","district":"Tavşanlı","coordinate_status":"verified","shape_index":1797,"shape_offset_m":281,"shape_distance_km":384.124,"shape_positions":{"shape-ankara-basmane":{"index":1797,"offset_m":281,"distance_km":384.124,"derived":false}},"source_status":"catalog_or_derived","directions":[{"pattern_id":"pattern-izmir-mavi-ankara-basmane","route_id":"route-izmir-mavi","base_shape_id":"shape-ankara-basmane","headsign":"İzmir (Basmane)","direction":"forward","sequence":12,"remaining_stations":2,"schedule_status":"official_dates_available"}]},"geometry":{"type":"Point","coordinates":[29.486666666666,39.540833333333]}},{"type":"Feature","id":"st-balikoy","properties":{"id":"st-balikoy","name":"Balıköy","city":"Kütahya","district":"Tavşanlı","coordinate_status":"verified","shape_index":2282,"shape_offset_m":536,"shape_distance_km":433.385,"shape_positions":{"shape-ankara-basmane":{"index":2282,"offset_m":536,"distance_km":433.385,"derived":false}},"source_status":"catalog_or_derived","directions":[{"pattern_id":"pattern-izmir-mavi-ankara-basmane","route_id":"route-izmir-mavi","base_shape_id":"shape-ankara-basmane","headsign":"İzmir (Basmane)","direction":"forward","sequence":13,"remaining_stations":1,"schedule_status":"official_dates_available"},{"pattern_id":"pattern-izmir-mavi-basmane-ankara","route_id":"route-izmir-mavi","base_shape_id":"shape-ankara-basmane","headsign":"Ankara Gar","direction":"reverse","sequence":14,"remaining_stations":1,"schedule_status":"official_dates_available"}]},"geometry":{"type":"Point","coordinates":[29.096944444444,39.522777777778]}},{"type":"Feature","id":"st-dursunbey","properties":{"id":"st-dursunbey","name":"Dursunbey","city":"Balıkesir","district":"Dursunbey","coordinate_status":"needs_review","shape_index":3038,"shape_offset_m":0,"shape_distance_km":498.96,"shape_positions":{"shape-ankara-basmane":{"index":3038,"offset_m":0,"distance_km":498.96,"derived":false}},"source_status":"catalog_or_derived","directions":[{"pattern_id":"pattern-izmir-mavi-basmane-ankara","route_id":"route-izmir-mavi","base_shape_id":"shape-ankara-basmane","headsign":"Ankara Gar","direction":"reverse","sequence":13,"remaining_stations":2,"schedule_status":"official_dates_available"}]},"geometry":{"type":"Point","coordinates":[28.6337745,39.5570912]}},{"type":"Feature","id":"st-balikesir","properties":{"id":"st-balikesir","name":"Balıkesir","city":"Balıkesir","district":"Altıeylül","coordinate_status":"verified","shape_index":3921,"shape_offset_m":72,"shape_distance_km":586.066,"shape_positions":{"shape-ankara-basmane":{"index":3921,"offset_m":72,"distance_km":586.066,"derived":false}},"source_status":"catalog_or_derived","directions":[{"pattern_id":"pattern-izmir-mavi-basmane-ankara","route_id":"route-izmir-mavi","base_shape_id":"shape-ankara-basmane","headsign":"Ankara Gar","direction":"reverse","sequence":12,"remaining_stations":3,"schedule_status":"official_dates_available"}]},"geometry":{"type":"Point","coordinates":[27.89138174,39.64846903]}},{"type":"Feature","id":"st-savastepe","properties":{"id":"st-savastepe","name":"Savaştepe","city":"Balıkesir","district":"Savaştepe","coordinate_status":"verified","shape_index":4387,"shape_offset_m":1421,"shape_distance_km":641.908,"shape_positions":{"shape-ankara-basmane":{"index":4387,"offset_m":1421,"distance_km":641.908,"derived":false}},"source_status":"catalog_or_derived","directions":[{"pattern_id":"pattern-izmir-mavi-basmane-ankara","route_id":"route-izmir-mavi","base_shape_id":"shape-ankara-basmane","headsign":"Ankara Gar","direction":"reverse","sequence":11,"remaining_stations":4,"schedule_status":"official_dates_available"}]},"geometry":{"type":"Point","coordinates":[27.650833333333,39.389722222222]}},{"type":"Feature","id":"st-soma","properties":{"id":"st-soma","name":"Soma","city":"Manisa","district":"Soma","coordinate_status":"verified","shape_index":4571,"shape_offset_m":99,"shape_distance_km":667.957,"shape_positions":{"shape-ankara-basmane":{"index":4571,"offset_m":99,"distance_km":667.957,"derived":false}},"source_status":"catalog_or_derived","directions":[{"pattern_id":"pattern-izmir-mavi-basmane-ankara","route_id":"route-izmir-mavi","base_shape_id":"shape-ankara-basmane","headsign":"Ankara Gar","direction":"reverse","sequence":10,"remaining_stations":5,"schedule_status":"official_dates_available"}]},"geometry":{"type":"Point","coordinates":[27.618333333334,39.203333333333]}},{"type":"Feature","id":"st-kirkagac","properties":{"id":"st-kirkagac","name":"Kırkağaç","city":"Manisa","district":"Kırkağaç","coordinate_status":"verified","shape_index":4613,"shape_offset_m":115,"shape_distance_km":682.485,"shape_positions":{"shape-ankara-basmane":{"index":4613,"offset_m":115,"distance_km":682.485,"derived":false}},"source_status":"catalog_or_derived","directions":[{"pattern_id":"pattern-izmir-mavi-basmane-ankara","route_id":"route-izmir-mavi","base_shape_id":"shape-ankara-basmane","headsign":"Ankara Gar","direction":"reverse","sequence":9,"remaining_stations":6,"schedule_status":"official_dates_available"}]},"geometry":{"type":"Point","coordinates":[27.7025,39.103055555556]}},{"type":"Feature","id":"st-akhisar","properties":{"id":"st-akhisar","name":"Akhisar","city":"Manisa","district":"Akhisar","coordinate_status":"needs_review","shape_index":4744,"shape_offset_m":0,"shape_distance_km":704.97,"shape_positions":{"shape-ankara-basmane":{"index":4744,"offset_m":0,"distance_km":704.97,"derived":false}},"source_status":"catalog_or_derived","directions":[{"pattern_id":"pattern-izmir-mavi-basmane-ankara","route_id":"route-izmir-mavi","base_shape_id":"shape-ankara-basmane","headsign":"Ankara Gar","direction":"reverse","sequence":8,"remaining_stations":7,"schedule_status":"official_dates_available"}]},"geometry":{"type":"Point","coordinates":[27.8061672,38.9455198]}},{"type":"Feature","id":"st-saruhanli","properties":{"id":"st-saruhanli","name":"Saruhanlı","city":"Manisa","district":"Saruhanlı","coordinate_status":"verified","shape_index":4839,"shape_offset_m":560,"shape_distance_km":737.679,"shape_positions":{"shape-ankara-basmane":{"index":4839,"offset_m":560,"distance_km":737.679,"derived":false}},"source_status":"catalog_or_derived","directions":[{"pattern_id":"pattern-izmir-mavi-basmane-ankara","route_id":"route-izmir-mavi","base_shape_id":"shape-ankara-basmane","headsign":"Ankara Gar","direction":"reverse","sequence":7,"remaining_stations":8,"schedule_status":"official_dates_available"}]},"geometry":{"type":"Point","coordinates":[27.577777777778,38.733055555556]}},{"type":"Feature","id":"st-manisa","properties":{"id":"st-manisa","name":"Manisa","city":"Manisa","district":"Şehzadeler","coordinate_status":"verified","shape_index":4872,"shape_offset_m":117,"shape_distance_km":756.395,"shape_positions":{"shape-ankara-basmane":{"index":4872,"offset_m":117,"distance_km":756.395,"derived":false}},"source_status":"catalog_or_derived","directions":[{"pattern_id":"pattern-izmir-mavi-basmane-ankara","route_id":"route-izmir-mavi","base_shape_id":"shape-ankara-basmane","headsign":"Ankara Gar","direction":"reverse","sequence":6,"remaining_stations":9,"schedule_status":"official_dates_available"}]},"geometry":{"type":"Point","coordinates":[27.440833333333,38.621666666667]}},{"type":"Feature","id":"st-muradiye","properties":{"id":"st-muradiye","name":"Muradiye","city":"Manisa","district":"Yunusemre","coordinate_status":"verified","shape_index":4898,"shape_offset_m":350,"shape_distance_km":766.542,"shape_positions":{"shape-ankara-basmane":{"index":4898,"offset_m":350,"distance_km":766.542,"derived":false}},"source_status":"catalog_or_derived","directions":[{"pattern_id":"pattern-izmir-mavi-basmane-ankara","route_id":"route-izmir-mavi","base_shape_id":"shape-ankara-basmane","headsign":"Ankara Gar","direction":"reverse","sequence":5,"remaining_stations":10,"schedule_status":"official_dates_available"}]},"geometry":{"type":"Point","coordinates":[27.329166666667,38.652222222222]}},{"type":"Feature","id":"st-emiralem","properties":{"id":"st-emiralem","name":"Emiralem","city":"İzmir","district":"Menemen","coordinate_status":"verified","shape_index":4985,"shape_offset_m":364,"shape_distance_km":783.908,"shape_positions":{"shape-ankara-basmane":{"index":4985,"offset_m":364,"distance_km":783.908,"derived":false}},"source_status":"catalog_or_derived","directions":[{"pattern_id":"pattern-izmir-mavi-basmane-ankara","route_id":"route-izmir-mavi","base_shape_id":"shape-ankara-basmane","headsign":"Ankara Gar","direction":"reverse","sequence":4,"remaining_stations":11,"schedule_status":"official_dates_available"}]},"geometry":{"type":"Point","coordinates":[27.15,38.625833333334]}},{"type":"Feature","id":"st-menemen","properties":{"id":"st-menemen","name":"Menemen","city":"İzmir","district":"Menemen","coordinate_status":"verified","shape_index":5002,"shape_offset_m":31,"shape_distance_km":791.525,"shape_positions":{"shape-ankara-basmane":{"index":5002,"offset_m":31,"distance_km":791.525,"derived":false}},"source_status":"catalog_or_derived","directions":[{"pattern_id":"pattern-izmir-mavi-basmane-ankara","route_id":"route-izmir-mavi","base_shape_id":"shape-ankara-basmane","headsign":"Ankara Gar","direction":"reverse","sequence":3,"remaining_stations":12,"schedule_status":"official_dates_available"}]},"geometry":{"type":"Point","coordinates":[27.075277777778,38.602777777778]}},{"type":"Feature","id":"st-cigli","properties":{"id":"st-cigli","name":"Çiğli","city":"İzmir","district":"Çiğli","coordinate_status":"verified","shape_index":5055,"shape_offset_m":77,"shape_distance_km":805.85,"shape_positions":{"shape-ankara-basmane":{"index":5055,"offset_m":77,"distance_km":805.85,"derived":false}},"source_status":"catalog_or_derived","directions":[{"pattern_id":"pattern-izmir-mavi-basmane-ankara","route_id":"route-izmir-mavi","base_shape_id":"shape-ankara-basmane","headsign":"Ankara Gar","direction":"reverse","sequence":2,"remaining_stations":13,"schedule_status":"official_dates_available"}]},"geometry":{"type":"Point","coordinates":[27.063055555556,38.491944444444]}},{"type":"Feature","id":"st-izmir-basmane","properties":{"id":"st-izmir-basmane","name":"İzmir (Basmane)","city":"İzmir","district":"Konak","coordinate_status":"verified","shape_index":5147,"shape_offset_m":78,"shape_distance_km":822.756,"shape_positions":{"shape-ankara-basmane":{"index":5147,"offset_m":78,"distance_km":822.756,"derived":false}},"source_status":"catalog_or_derived","directions":[{"pattern_id":"pattern-izmir-mavi-ankara-basmane","route_id":"route-izmir-mavi","base_shape_id":"shape-ankara-basmane","headsign":"İzmir (Basmane)","direction":"forward","sequence":14,"remaining_stations":0,"schedule_status":"official_dates_available"},{"pattern_id":"pattern-izmir-mavi-basmane-ankara","route_id":"route-izmir-mavi","base_shape_id":"shape-ankara-basmane","headsign":"Ankara Gar","direction":"reverse","sequence":1,"remaining_stations":14,"schedule_status":"official_dates_available"}]},"geometry":{"type":"Point","coordinates":[27.147222222222,38.423611111111]}}]}